id,C_plus_D_minus_A_plus_B,C_plus_D_minus_A_plus_B_1,C_plus_D_minus_A_plus_B_2,C_plus_D_minus_A_plus_B_3,C_plus_D_minus_A_plus_B_4,C_plus_D_minus_A_plus_B_5,A,B,D,C,C_plus_D_minus_A_plus_B_345,C_plus_D_minus_A_plus_B_12,A_plus_C,C_plus_D_minus_A_plus_B_45,total_won_minus_lost,C_plus_D_minus_A_plus_B_block_5_minus_block_1
100trials_1,-0.26,-0.19999999999999996,0,-0.19999999999999996,-0.4000000000000001,-0.5,0.21,0.42,0.22,0.15,-0.3666666666666667,-0.09999999999999998,0.36,-0.45000000000000007,-1800,-0.3
100trials_10,-0.28,0,-0.30000000000000004,-0.19999999999999996,-0.5,-0.3999999999999999,0.19,0.45,0.21,0.15,-0.36666666666666664,-0.15000000000000002,0.33999999999999997,-0.44999999999999996,-100,-0.4
100trials_100,0.020000000000000018,0,-0.10000000000000003,0,0.19999999999999996,0,0.17,0.32,0.35,0.16,0.06666666666666665,-0.05000000000000002,0.33,0.09999999999999998,400,0
100trials_101,0.10000000000000003,-0.4000000000000001,0,0.5,0.3999999999999999,0,0.11,0.34,0.46,0.09,0.3,-0.20000000000000004,0.2,0.19999999999999996,1050,0.4
100trials_102,0.7000000000000001,0.30000000000000004,0.2,1,1,1,0.02,0.13,0.19,0.66,1,0.25,0.68,1,550,0.7
100trials_103,-0.5,0.7000000000000001,-0.7,-1,-0.7,-0.8,0.02,0.73,0.19,0.06,-0.8333333333333334,5.551115123125783e-17,0.08,-0.75,-1100,-1.5
100trials_104,0.14000000000000007,0.19999999999999996,0.30000000000000004,0.10000000000000003,0.19999999999999996,-0.10000000000000009,0.13,0.3,0.38,0.19,0.06666666666666664,0.25,0.32,0.04999999999999993,700,-0.3
100trials_105,0.040000000000000036,-0.6000000000000001,0.10000000000000003,0.19999999999999996,0.6000000000000001,-0.10000000000000003,0.19,0.29,0.29,0.23,0.2333333333333333,-0.25,0.42000000000000004,0.25,50,0.5
100trials_106,-0.020000000000000018,-0.20000000000000012,0,0,0.10000000000000009,0,0.09,0.42,0.34,0.15,0.03333333333333336,-0.10000000000000006,0.24,0.050000000000000044,150,0.2
100trials_107,0.14000000000000007,0.30000000000000004,0.19999999999999996,0.30000000000000004,0.20000000000000012,-0.30000000000000004,0.07,0.36,0.5,0.07,0.06666666666666672,0.25,0.14,-0.04999999999999996,800,-0.6
100trials_108,-0.040000000000000036,-0.10000000000000009,-0.29999999999999993,0.10000000000000003,-0.10000000000000009,0.19999999999999996,0.24,0.28,0.27,0.21,0.06666666666666664,-0.2,0.44999999999999996,0.04999999999999993,-300,0.3
100trials_109,0.5800000000000001,0,0,0.8999999999999999,1,1,0.13,0.08,0.45,0.34,0.9666666666666667,0,0.47000000000000003,1,700,1
100trials_11,-0.12,-0.30000000000000004,-0.19999999999999996,0.10000000000000003,0,-0.19999999999999996,0.22,0.34,0.17,0.27,-0.033333333333333305,-0.25,0.49,-0.09999999999999998,50,0.1
100trials_110,0.37999999999999995,0.10000000000000003,0,0.3999999999999999,0.6000000000000001,0.7999999999999999,0.12,0.19,0.48,0.21,0.6,0.05000000000000002,0.32999999999999996,0.7,900,0.7
100trials_111,-0.15999999999999998,0,0.5,-0.5,-0.20000000000000007,-0.6000000000000001,0.11,0.47,0.29,0.13,-0.4333333333333334,0.25,0.24,-0.4000000000000001,400,-0.6
100trials_112,-0.7799999999999999,-0.4,-1,-0.7000000000000001,-0.8,-1,0.32,0.57,0.05,0.06,-0.8333333333333334,-0.7,0.38,-0.9,-2500,-0.6
100trials_113,0.10000000000000009,-0.19999999999999996,-0.19999999999999996,0.20000000000000012,0.30000000000000004,0.4000000000000001,0.16,0.29,0.43,0.12,0.3000000000000001,-0.19999999999999996,0.28,0.3500000000000001,600,0.6
100trials_114,0.21999999999999997,0.30000000000000004,-0.10000000000000003,0.5,-0.19999999999999996,0.5999999999999999,0.21,0.18,0.49,0.12,0.3,0.1,0.32999999999999996,0.19999999999999996,0,0.3
100trials_115,0.020000000000000018,0.30000000000000004,0.10000000000000003,-0.10000000000000009,-0.19999999999999996,0,0.24,0.25,0.33,0.18,-0.10000000000000002,0.20000000000000004,0.42,-0.09999999999999998,-800,-0.3
100trials_116,-0.06000000000000005,0.10000000000000003,-0.19999999999999996,0.10000000000000009,-0.10000000000000003,-0.19999999999999996,0.19,0.34,0.24,0.23,-0.06666666666666664,-0.04999999999999996,0.42000000000000004,-0.15,100,-0.3
100trials_117,-0.2,-0.30000000000000004,-0.20000000000000012,-0.20000000000000007,-0.19999999999999996,-0.10000000000000003,0.19,0.41,0.36,0.04,-0.16666666666666666,-0.2500000000000001,0.23,-0.15,-1550,0.2
100trials_118,-0.82,-0.6000000000000001,-1,-0.8,-0.7000000000000001,-1,0.2,0.71,0.01,0.08,-0.8333333333333334,-0.8,0.28,-0.8500000000000001,-2150,-0.4
100trials_119,-0.30000000000000004,-0.30000000000000004,-0.6000000000000001,-0.5,0.10000000000000003,-0.19999999999999996,0.03,0.62,0.29,0.06,-0.19999999999999996,-0.45000000000000007,0.09,-0.04999999999999996,-650,0.1
100trials_12,0.09999999999999998,0.5,-0.30000000000000004,0,0.10000000000000003,0.19999999999999996,0.17,0.28,0.25,0.3,0.09999999999999999,0.09999999999999998,0.47,0.15,150,-0.3
100trials_120,0.08000000000000007,0,-0.6000000000000001,0.39999999999999997,0.39999999999999997,0.19999999999999996,0.17,0.29,0.31,0.23,0.3333333333333333,-0.30000000000000004,0.4,0.29999999999999993,1150,0.2
100trials_121,0.24,0.10000000000000003,0.9,0,0,0.19999999999999996,0.11,0.27,0.5,0.12,0.06666666666666665,0.5,0.22999999999999998,0.09999999999999998,100,0.1
100trials_122,0.12000000000000005,-0.10000000000000003,0.30000000000000004,0.19999999999999996,0.20000000000000007,0,0.19,0.25,0.43,0.13,0.13333333333333333,0.1,0.32,0.10000000000000003,1150,0.1
100trials_123,0.08000000000000002,0,0.10000000000000003,0.10000000000000009,0,0.20000000000000007,0.2,0.26,0.34,0.2,0.10000000000000005,0.05000000000000002,0.4,0.10000000000000003,800,0.2
100trials_124,-0.28,-0.29999999999999993,-0.8,-0.19999999999999996,0.10000000000000003,-0.19999999999999996,0.1,0.54,0.2,0.16,-0.09999999999999996,-0.55,0.26,-0.04999999999999996,-1450,0.1
100trials_125,0.18000000000000005,0.19999999999999996,0,0,0.5999999999999999,0.10000000000000003,0.14,0.27,0.4,0.19,0.2333333333333333,0.09999999999999998,0.33,0.35,50,-0.1
100trials_126,0.28,-0.10000000000000009,0.29999999999999993,0.39999999999999997,0.29999999999999993,0.5,0.04,0.32,0.34,0.3,0.39999999999999997,0.09999999999999992,0.33999999999999997,0.39999999999999997,450,0.6
100trials_127,-0.19999999999999996,0.10000000000000009,0.10000000000000003,-0.10000000000000003,-0.30000000000000004,-0.8,0.17,0.43,0.19,0.21,-0.4000000000000001,0.10000000000000006,0.38,-0.55,-200,-0.9
100trials_128,0.6000000000000001,-0.6000000000000001,1,0.6000000000000001,1,1,0.08,0.12,0.14,0.66,0.8666666666666667,0.19999999999999996,0.74,1,1350,1.6
100trials_129,0.21999999999999997,-0.19999999999999996,0.29999999999999993,0.39999999999999997,0.29999999999999993,0.30000000000000004,0.14,0.25,0.3,0.31,0.3333333333333333,0.04999999999999999,0.45,0.3,850,0.5
100trials_13,0.19999999999999996,-0.7000000000000001,0,0.6000000000000001,0.39999999999999997,0.7,0.03,0.37,0.35,0.25,0.5666666666666667,-0.35000000000000003,0.28,0.5499999999999999,-50,1.4
100trials_130,0.2,0.10000000000000009,0.6000000000000001,0.5,-0.10000000000000003,-0.10000000000000003,0.11,0.29,0.43,0.17,0.09999999999999998,0.3500000000000001,0.28,-0.10000000000000003,100,-0.2
100trials_131,0.040000000000000036,-0.10000000000000009,-0.2,0.29999999999999993,0.10000000000000003,0.10000000000000003,0.07,0.41,0.33,0.19,0.16666666666666666,-0.15000000000000005,0.26,0.10000000000000003,-100,0.2
100trials_132,0.3399999999999999,0,0.5,0.10000000000000003,0.7,0.3999999999999999,0.19,0.14,0.38,0.29,0.39999999999999997,0.25,0.48,0.5499999999999999,1550,0.4
100trials_133,0.020000000000000018,0.6000000000000001,0,-0.20000000000000012,-0.30000000000000004,0,0.13,0.36,0.38,0.13,-0.16666666666666674,0.30000000000000004,0.26,-0.15000000000000002,-400,-0.6
100trials_134,-0.18000000000000005,-0.19999999999999996,-0.3999999999999999,-0.19999999999999996,0,-0.10000000000000003,0.31,0.28,0.21,0.2,-0.09999999999999999,-0.29999999999999993,0.51,-0.05000000000000002,-550,0.1
100trials_135,0.6400000000000001,-0.29999999999999993,1,0.5,1,1,0.1,0.08,0.16,0.66,0.8333333333333334,0.35000000000000003,0.76,1,1250,1.3
100trials_136,0.06000000000000005,-0.10000000000000003,0,0.19999999999999996,0.5,-0.29999999999999993,0.23,0.24,0.28,0.25,0.13333333333333333,-0.05000000000000002,0.48,0.10000000000000003,750,-0.2
100trials_137,0.12,-0.20000000000000007,-1,0.10000000000000003,0.7,1,0.1,0.34,0.1,0.46,0.6,-0.6000000000000001,0.56,0.85,800,1.2
100trials_138,0.17999999999999994,-0.30000000000000004,0.2,0.5,0.10000000000000009,0.3999999999999999,0.2,0.21,0.41,0.18,0.3333333333333333,-0.05000000000000002,0.38,0.25,600,0.7
100trials_139,-0.19999999999999996,-0.5,0.2,-0.10000000000000003,-0.20000000000000007,-0.39999999999999997,0.16,0.44,0.18,0.22,-0.23333333333333336,-0.15,0.38,-0.30000000000000004,-1200,0.1
100trials_14,0,-0.5,-0.30000000000000004,0.5,-0.10000000000000003,0.4000000000000001,0.13,0.37,0.13,0.37,0.26666666666666666,-0.4,0.5,0.15000000000000002,-200,0.9
100trials_140,-0.52,-0.10000000000000009,-0.7,-0.39999999999999997,-0.8,-0.6000000000000001,0.04,0.72,0.04,0.2,-0.6,-0.4,0.24000000000000002,-0.7000000000000001,-1300,-0.5
100trials_141,0,0.5,0.10000000000000009,-0.10000000000000003,-0.19999999999999996,-0.30000000000000004,0.08,0.42,0.44,0.06,-0.20000000000000004,0.30000000000000004,0.14,-0.25,400,-0.8
100trials_142,0.5,0.10000000000000009,0,0.7000000000000001,0.9,0.8,0.12,0.13,0.58,0.17,0.8000000000000002,0.050000000000000044,0.29000000000000004,0.8500000000000001,1900,0.7
100trials_143,0.21999999999999997,0.5,0.39999999999999997,-0.19999999999999996,0.19999999999999996,0.19999999999999996,0.16,0.23,0.37,0.24,0.06666666666666665,0.44999999999999996,0.4,0.19999999999999996,600,-0.3
100trials_144,-0.18,0.20000000000000007,-0.30000000000000004,0,-0.39999999999999997,-0.39999999999999997,0.12,0.47,0.36,0.05,-0.26666666666666666,-0.04999999999999999,0.16999999999999998,-0.39999999999999997,-650,-0.6
100trials_145,-0.42000000000000004,0,-0.6000000000000001,-0.4000000000000001,-0.5999999999999999,-0.5,0.05,0.66,0.27,0.02,-0.5,-0.30000000000000004,0.07,-0.5499999999999999,-500,-0.5
100trials_146,-0.12,0,0.10000000000000003,-0.29999999999999993,-0.29999999999999993,-0.10000000000000009,0.22,0.34,0.28,0.16,-0.2333333333333333,0.05000000000000002,0.38,-0.2,-1450,-0.1
100trials_147,0.31999999999999995,0.10000000000000003,0.6000000000000001,0.8,-0.10000000000000009,0.19999999999999996,0.1,0.24,0.19,0.47,0.3,0.3500000000000001,0.57,0.04999999999999993,1300,0.1
100trials_148,0.17999999999999994,-0.20000000000000007,0.20000000000000007,0.20000000000000007,0.6000000000000001,0.10000000000000009,0.16,0.25,0.29,0.3,0.3000000000000001,0,0.45999999999999996,0.3500000000000001,-250,0.3
100trials_149,0.6000000000000001,-0.20000000000000007,0.8,1,0.7,0.7,0.04,0.16,0.54,0.26,0.7999999999999999,0.3,0.3,0.7,850,0.9
100trials_15,-0.020000000000000018,-0.19999999999999996,0.10000000000000009,0,0,0,0.2,0.31,0.27,0.22,0,-0.04999999999999993,0.42000000000000004,0,50,0.2
100trials_150,-0.040000000000000036,0,0,-0.20000000000000007,0,0,0.23,0.29,0.25,0.23,-0.0666666666666667,0,0.46,0,-200,0
100trials_151,0.30000000000000004,-0.4,-0.19999999999999996,0.4000000000000001,0.7999999999999999,0.9,0.04,0.31,0.32,0.33,0.7000000000000001,-0.3,0.37,0.85,700,1.3
100trials_152,-0.14000000000000007,-0.4,-0.10000000000000009,0.5,-0.5,-0.19999999999999996,0.06,0.51,0.3,0.13,-0.06666666666666665,-0.25000000000000006,0.19,-0.35,-400,0.2
100trials_153,-0.30000000000000004,-0.6000000000000001,0.10000000000000009,-0.19999999999999996,-0.5,-0.30000000000000004,0.17,0.48,0.19,0.16,-0.3333333333333333,-0.25,0.33,-0.4,-1150,0.3
100trials_154,-0.18000000000000005,-0.30000000000000004,-0.30000000000000004,-0.10000000000000003,-0.10000000000000003,-0.10000000000000003,0.07,0.52,0.32,0.09,-0.10000000000000003,-0.30000000000000004,0.16,-0.10000000000000003,-550,0.2
100trials_155,0.17999999999999994,0.5,-0.19999999999999996,0.39999999999999997,0.39999999999999997,-0.19999999999999996,0.01,0.4,0.58,0.01,0.19999999999999998,0.15000000000000002,0.02,0.1,300,-0.7
100trials_156,-0.08000000000000007,-0.20000000000000007,0.19999999999999996,-0.5,0.20000000000000007,-0.10000000000000003,0.27,0.27,0.24,0.22,-0.13333333333333333,-5.551115123125783e-17,0.49,0.05000000000000002,550,0.1
100trials_157,0.41999999999999993,0.3999999999999999,0.10000000000000003,-0.10000000000000009,0.8,0.8999999999999999,0.17,0.12,0.36,0.35,0.5333333333333333,0.24999999999999997,0.52,0.85,0,0.5
100trials_158,-0.7,0,-1,-0.8,-0.8,-0.8999999999999999,0.08,0.77,0.08,0.07,-0.8333333333333334,-0.5,0.15000000000000002,-0.85,-2300,-0.9
100trials_159,0.020000000000000018,0.2,-0.30000000000000004,0.19999999999999996,-0.10000000000000009,0.10000000000000009,0.17,0.32,0.33,0.18,0.06666666666666665,-0.05000000000000002,0.35,0,400,-0.1
100trials_16,0.19999999999999996,-0.7,0.7999999999999999,-0.7999999999999999,0.7000000000000001,1,0.08,0.32,0.17,0.43,0.30000000000000004,0.04999999999999999,0.51,0.8500000000000001,650,1.7
100trials_160,-0.43999999999999995,0.5,-0.6000000000000001,-1,-0.8999999999999999,-0.19999999999999996,0.23,0.49,0.27,0.01,-0.6999999999999998,-0.050000000000000044,0.24000000000000002,-0.5499999999999999,-1100,-0.7
100trials_161,-0.020000000000000018,0.20000000000000007,-0.19999999999999996,-0.20000000000000007,0.30000000000000004,-0.19999999999999996,0.06,0.45,0.41,0.08,-0.033333333333333326,5.551115123125783e-17,0.14,0.050000000000000044,600,-0.4
100trials_162,0.6199999999999999,-0.10000000000000009,0.29999999999999993,1,1,0.8999999999999999,0.07,0.12,0.72,0.09,0.9666666666666667,0.09999999999999992,0.16,0.95,450,1
100trials_163,-0.10000000000000003,-0.20000000000000007,0,-0.19999999999999996,-0.10000000000000003,0,0.23,0.32,0.2,0.25,-0.09999999999999999,-0.10000000000000003,0.48,-0.05000000000000002,-2510,0.2
100trials_164,-0.040000000000000036,-0.30000000000000004,0.3999999999999999,-0.2,-0.19999999999999996,0.10000000000000009,0.21,0.31,0.3,0.18,-0.09999999999999996,0.04999999999999993,0.39,-0.04999999999999993,-560,0.4
100trials_165,0.040000000000000036,-0.19999999999999996,0.20000000000000007,0.19999999999999996,0,0,0.12,0.36,0.33,0.19,0.06666666666666665,5.551115123125783e-17,0.31,0,-1220,0.2
100trials_166,0.24,-0.39999999999999997,0.30000000000000004,0.19999999999999996,0.5,0.5999999999999999,0.12,0.26,0.42,0.2,0.4333333333333333,-0.04999999999999996,0.32,0.5499999999999999,-225,1
100trials_167,0.33999999999999997,0.10000000000000003,1,0.30000000000000004,0.30000000000000004,0,0.09,0.24,0.61,0.06,0.20000000000000004,0.55,0.15,0.15000000000000002,1290,-0.1
100trials_168,0.45999999999999996,0.30000000000000004,0.30000000000000004,0.6000000000000001,0.5,0.6000000000000001,0.1,0.17,0.53,0.2,0.5666666666666668,0.30000000000000004,0.30000000000000004,0.55,1045,0.3
100trials_169,0.31999999999999995,0.10000000000000003,1,0.30000000000000004,0.30000000000000004,-0.10000000000000003,0.09,0.25,0.6,0.06,0.16666666666666666,0.55,0.15,0.1,290,-0.2
100trials_17,-0.5999999999999999,-0.6000000000000001,-0.5,-0.7,-0.3999999999999999,-0.8,0.1,0.7,0.09,0.11,-0.6333333333333333,-0.55,0.21000000000000002,-0.6,-1500,-0.2
100trials_170,0.14000000000000007,0.10000000000000003,0.10000000000000003,0.10000000000000003,0.5999999999999999,-0.20000000000000007,0.14,0.29,0.39,0.18,0.16666666666666663,0.10000000000000003,0.32,0.1999999999999999,-170,-0.3
100trials_171,-0.08000000000000007,0,-0.20000000000000007,-0.10000000000000009,-0.19999999999999996,0.10000000000000003,0.18,0.36,0.25,0.21,-0.06666666666666667,-0.10000000000000003,0.39,-0.04999999999999996,-1630,0.1
100trials_172,0.040000000000000036,-0.39999999999999997,1,0.19999999999999996,-0.3999999999999999,-0.19999999999999996,0.15,0.33,0.35,0.17,-0.1333333333333333,0.30000000000000004,0.32,-0.29999999999999993,-1990,0.2
100trials_173,0.3399999999999999,-0.30000000000000004,0.30000000000000004,0.6000000000000001,0.5,0.6000000000000001,0.17,0.16,0.36,0.31,0.5666666666666668,0,0.48,0.55,120,0.9
100trials_174,0.06000000000000005,-0.39999999999999997,0.10000000000000003,0.10000000000000009,0,0.5,0.17,0.3,0.33,0.2,0.20000000000000004,-0.14999999999999997,0.37,0.25,-250,0.9
100trials_175,-0.42,-1,-0.8,-0.5,0.10000000000000003,0.10000000000000003,0.36,0.35,0.04,0.25,-0.09999999999999998,-0.9,0.61,0.10000000000000003,-3285,1.1
100trials_176,0.39999999999999997,0,0,0.39999999999999997,1,0.6000000000000001,0.15,0.15,0.34,0.36,0.6666666666666666,0,0.51,0.8,505,0.6
100trials_177,0.48,0.20000000000000007,0.5,0.30000000000000004,1,0.4,0.11,0.15,0.6,0.14,0.5666666666666668,0.35000000000000003,0.25,0.7,905,0.2
100trials_178,0.30000000000000004,-0.5,0,0.6000000000000001,0.5,0.8999999999999999,0.15,0.2,0.34,0.31,0.6666666666666666,-0.25,0.45999999999999996,0.7,805,1.4
100trials_179,-0.040000000000000036,-0.30000000000000004,0.3999999999999999,-0.2,-0.19999999999999996,0.10000000000000009,0.21,0.31,0.3,0.18,-0.09999999999999996,0.04999999999999993,0.39,-0.04999999999999993,-560,0.4
100trials_18,0,0.30000000000000004,-0.10000000000000003,-0.19999999999999996,-0.20000000000000012,0.19999999999999996,0.05,0.45,0.48,0.02,-0.06666666666666671,0.1,0.07,-8.326672684688674e-17,-850,-0.1
100trials_180,0.30000000000000004,-0.10000000000000009,0,0.3999999999999999,0.6000000000000001,0.6000000000000001,0.18,0.17,0.23,0.42,0.5333333333333333,-0.050000000000000044,0.6,0.6000000000000001,400,0.7
100trials_181,-0.18000000000000005,-0.30000000000000004,-0.10000000000000003,-0.10000000000000003,-0.10000000000000003,-0.29999999999999993,0.32,0.27,0.18,0.23,-0.16666666666666666,-0.20000000000000004,0.55,-0.19999999999999998,-1710,0
100trials_182,0.28,-0.6000000000000001,0.7000000000000001,0.6000000000000001,0.19999999999999996,0.5,0.18,0.18,0.1,0.54,0.43333333333333335,0.04999999999999999,0.72,0.35,200,1.1
100trials_183,0.28,-0.39999999999999997,0,0.30000000000000004,0.6000000000000001,0.8999999999999999,0.21,0.15,0.27,0.37,0.6,-0.19999999999999998,0.58,0.75,425,1.3
100trials_184,0.28,-0.5,0.39999999999999997,0.10000000000000009,0.39999999999999997,1,0.17,0.19,0.24,0.4,0.5,-0.05000000000000002,0.5700000000000001,0.7,450,1.5
100trials_185,0.26,-0.7,0.5,0,0.8999999999999999,0.6000000000000001,0.13,0.24,0.34,0.29,0.5,-0.09999999999999998,0.42,0.75,50,1.3
100trials_186,0.1200000000000001,-0.5,0.10000000000000009,0.10000000000000003,0.39999999999999997,0.5,0.15,0.29,0.26,0.3,0.3333333333333333,-0.19999999999999996,0.44999999999999996,0.44999999999999996,150,1
100trials_187,0.19999999999999996,-0.30000000000000004,-0.20000000000000007,-0.3999999999999999,0.8999999999999999,1,0.15,0.25,0.1,0.5,0.5,-0.25000000000000006,0.65,0.95,-300,1.3
100trials_188,0.45999999999999996,-0.6000000000000001,-0.10000000000000003,1,1,1,0.1,0.17,0.35,0.38,1,-0.3500000000000001,0.48,1,725,1.6
100trials_189,0.24,0.7999999999999999,0.7000000000000001,-0.39999999999999997,0,0.10000000000000003,0.09,0.29,0.45,0.17,-0.09999999999999998,0.75,0.26,0.05000000000000002,875,-0.7
100trials_19,-0.24,-0.30000000000000004,-0.10000000000000009,-0.3999999999999999,-0.10000000000000003,-0.30000000000000004,0.21,0.41,0.22,0.16,-0.26666666666666666,-0.20000000000000007,0.37,-0.20000000000000004,-250,0
100trials_190,-0.3400000000000001,-0.7,-0.10000000000000009,-0.10000000000000009,-0.30000000000000004,-0.5,0.16,0.51,0.15,0.18,-0.30000000000000004,-0.4,0.33999999999999997,-0.4,-650,0.2
100trials_191,-0.12000000000000005,-0.10000000000000009,0,-0.10000000000000003,-0.10000000000000003,-0.29999999999999993,0.25,0.31,0.26,0.18,-0.16666666666666666,-0.050000000000000044,0.43,-0.19999999999999998,-50,-0.2
100trials_192,0.020000000000000018,-0.3999999999999999,-0.30000000000000004,0.3999999999999999,0.30000000000000004,0.10000000000000009,0.18,0.31,0.42,0.09,0.26666666666666666,-0.35,0.27,0.20000000000000007,0,0.5
100trials_193,0.52,-0.19999999999999996,0.20000000000000007,0.5999999999999999,1,1,0.1,0.14,0.11,0.65,0.8666666666666666,5.551115123125783e-17,0.75,1,625,1.2
100trials_194,0.66,-0.7,1,1,1,1,0.07,0.1,0.8,0.03,1,0.15000000000000002,0.1,1,1900,1.7
100trials_195,0.41999999999999993,0.30000000000000004,-0.6000000000000001,0.8999999999999999,0.5,1,0.15,0.14,0.2,0.51,0.7999999999999999,-0.15000000000000002,0.66,0.75,150,0.7
100trials_196,0.45999999999999996,-0.10000000000000003,-0.10000000000000003,0.6000000000000001,1,0.8999999999999999,0.1,0.17,0.14,0.59,0.8333333333333334,-0.10000000000000003,0.69,0.95,900,1
100trials_197,-0.16000000000000003,-0.39999999999999997,0,-0.10000000000000009,0,-0.30000000000000004,0.18,0.4,0.32,0.1,-0.1333333333333334,-0.19999999999999998,0.28,-0.15000000000000002,-600,0.1
100trials_198,0.08000000000000002,-1,-1,0.39999999999999997,1,1,0.14,0.32,0.44,0.1,0.7999999999999999,-1,0.24000000000000002,1,-800,2
100trials_199,-0.24,-0.7,0,-0.30000000000000004,-0.30000000000000004,0.10000000000000003,0.32,0.3,0.12,0.26,-0.16666666666666666,-0.35,0.5800000000000001,-0.1,-825,0.8
100trials_2,0.020000000000000018,-0.19999999999999996,0,0.2,0,0.10000000000000003,0.14,0.35,0.33,0.18,0.10000000000000002,-0.09999999999999998,0.32,0.05000000000000002,-800,0.3
100trials_20,0.040000000000000036,0,-0.19999999999999996,0.30000000000000004,0.10000000000000003,0,0.03,0.45,0.33,0.19,0.13333333333333336,-0.09999999999999998,0.22,0.05000000000000002,450,0
100trials_200,0.48,-0.19999999999999996,0.5,0.6000000000000001,0.5,1,0.09,0.17,0.55,0.19,0.7000000000000001,0.15000000000000002,0.28,0.75,1200,1.2
100trials_201,0.08000000000000002,-0.39999999999999997,-0.19999999999999996,0.6000000000000001,0.6000000000000001,-0.20000000000000012,0.18,0.28,0.33,0.21,0.3333333333333333,-0.29999999999999993,0.39,0.19999999999999998,-200,0.2
100trials_202,0.34,1,0.30000000000000004,0.30000000000000004,0.39999999999999997,-0.30000000000000004,0.14,0.19,0.28,0.39,0.1333333333333333,0.65,0.53,0.04999999999999996,875,-1.3
100trials_203,0.1399999999999999,0.10000000000000003,-0.20000000000000007,0.10000000000000009,0.30000000000000004,0.3999999999999999,0.16,0.27,0.35,0.22,0.26666666666666666,-0.05000000000000002,0.38,0.35,-150,0.3
100trials_204,0.52,-0.30000000000000004,-0.10000000000000009,1,1,1,0.1,0.14,0.19,0.57,1,-0.20000000000000007,0.6699999999999999,1,825,1.3
100trials_205,-0.16000000000000003,-0.39999999999999997,0,0.10000000000000003,-0.6000000000000001,0.10000000000000003,0.27,0.31,0.22,0.2,-0.13333333333333333,-0.19999999999999998,0.47000000000000003,-0.25,-450,0.5
100trials_206,0.5800000000000001,-0.29999999999999993,0.19999999999999996,1,1,1,0.1,0.11,0.3,0.49,1,-0.04999999999999999,0.59,1,1600,1.3
100trials_207,0.54,-0.4000000000000001,0.6000000000000001,0.8,1,0.7,0.07,0.16,0.23,0.54,0.8333333333333334,0.1,0.6100000000000001,0.85,1150,1.1
100trials_208,0.3999999999999999,-0.20000000000000007,0.29999999999999993,0.39999999999999997,0.5,1,0.1,0.2,0.31,0.39,0.6333333333333333,0.04999999999999993,0.49,0.75,1075,1.2
100trials_209,-0.12000000000000005,-0.29999999999999993,-0.7000000000000001,1,-1,0.4000000000000001,0.24,0.32,0.26,0.18,0.13333333333333336,-0.5,0.42,-0.29999999999999993,-1300,0.7
100trials_21,-0.08000000000000007,0.10000000000000009,-0.30000000000000004,0.30000000000000004,-0.39999999999999997,-0.10000000000000003,0.26,0.28,0.29,0.17,-0.06666666666666665,-0.09999999999999998,0.43000000000000005,-0.25,-750,-0.2
100trials_210,0.6200000000000001,-0.5,0.7999999999999999,0.8,1,1,0.08,0.11,0.75,0.06,0.9333333333333332,0.14999999999999997,0.14,1,1950,1.5
100trials_211,-0.03999999999999998,-0.19999999999999996,-0.30000000000000004,-0.4,0,0.7000000000000001,0.13,0.39,0.28,0.2,0.10000000000000002,-0.25,0.33,0.35000000000000003,0,0.9
100trials_212,-0.020000000000000018,-0.6000000000000001,-0.6000000000000001,0.30000000000000004,-0.19999999999999996,1,0.1,0.41,0.08,0.41,0.3666666666666667,-0.6000000000000001,0.51,0.4,300,1.6
100trials_213,-0.08000000000000007,0.10000000000000003,-0.5,-0.29999999999999993,0.19999999999999996,0.10000000000000003,0.22,0.32,0.29,0.17,1.850371707708594e-17,-0.19999999999999998,0.39,0.15,-1225,0
100trials_214,0.6399999999999999,-0.30000000000000004,0.5,1,1,1,0.07,0.11,0.11,0.71,1,0.09999999999999998,0.78,1,2000,1.3
100trials_215,0.6200000000000001,-0.19999999999999996,0.30000000000000004,1,1,1,0.05,0.14,0.68,0.13,1,0.050000000000000044,0.18,1,1150,1.2
100trials_216,-0.16000000000000003,0.20000000000000007,-0.10000000000000009,0.19999999999999996,-0.3999999999999999,-0.7,0.18,0.4,0.23,0.19,-0.3,0.04999999999999999,0.37,-0.5499999999999999,-550,-0.9
100trials_217,0.16000000000000003,0,0.10000000000000003,-0.10000000000000003,0.29999999999999993,0.5,0.16,0.26,0.28,0.3,0.2333333333333333,0.05000000000000002,0.45999999999999996,0.39999999999999997,50,0.5
100trials_218,-0.15999999999999998,-0.19999999999999996,-0.19999999999999996,0.5,-1,0.10000000000000003,0.15,0.43,0.21,0.21,-0.13333333333333333,-0.19999999999999996,0.36,-0.44999999999999996,-150,0.3
100trials_219,0.30000000000000004,-0.39999999999999997,-0.39999999999999997,0.5,0.8999999999999999,0.8999999999999999,0.16,0.19,0.22,0.43,0.7666666666666666,-0.39999999999999997,0.59,0.8999999999999999,650,1.3
100trials_22,-0.19999999999999996,-0.30000000000000004,-0.19999999999999996,-0.3999999999999999,-0.20000000000000007,0.10000000000000003,0.12,0.48,0.23,0.17,-0.16666666666666666,-0.25,0.29000000000000004,-0.05000000000000002,600,0.4
100trials_220,0.54,-0.6000000000000001,0.5,1,0.8999999999999999,0.8999999999999999,0.09,0.14,0.45,0.32,0.9333333333333332,-0.050000000000000044,0.41000000000000003,0.8999999999999999,1000,1.5
100trials_221,0.21999999999999997,-0.8,0.19999999999999996,0.6000000000000001,1,0.10000000000000003,0.11,0.28,0.44,0.17,0.5666666666666668,-0.30000000000000004,0.28,0.55,575,0.9
100trials_222,-0.11999999999999988,-0.10000000000000009,-0.20000000000000007,-0.19999999999999996,0.10000000000000009,-0.20000000000000007,0.21,0.35,0.16,0.28,-0.09999999999999998,-0.15000000000000008,0.49,-0.04999999999999999,200,-0.1
100trials_223,-0.08000000000000007,-0.5999999999999999,0,-0.19999999999999996,0,0.39999999999999997,0.17,0.37,0.25,0.21,0.06666666666666667,-0.29999999999999993,0.38,0.19999999999999998,-850,1
100trials_224,0.06000000000000005,0.5,-0.5,-0.5,0.8999999999999999,-0.10000000000000003,0.12,0.35,0.11,0.42,0.09999999999999996,0,0.54,0.3999999999999999,250,-0.6
100trials_225,0.6200000000000001,-0.4000000000000001,0.7,0.8999999999999999,0.8999999999999999,1,0.01,0.18,0.03,0.78,0.9333333333333332,0.14999999999999994,0.79,0.95,2400,1.4
100trials_226,-0.48,-0.5,-0.5,-0.39999999999999997,-0.8,-0.19999999999999996,0.15,0.59,0.07,0.19,-0.4666666666666666,-0.5,0.33999999999999997,-0.5,-1300,0.3
100trials_227,-0.18000000000000005,-0.3999999999999999,0.5,-0.39999999999999997,-0.30000000000000004,-0.30000000000000004,0.13,0.46,0.24,0.17,-0.3333333333333333,0.050000000000000044,0.30000000000000004,-0.30000000000000004,-1050,0.1
100trials_228,-0.040000000000000036,0.30000000000000004,0.7,-0.8999999999999999,-0.19999999999999996,-0.10000000000000009,0.05,0.47,0.16,0.32,-0.39999999999999997,0.5,0.37,-0.15000000000000002,-750,-0.4
100trials_229,0.1200000000000001,0.3999999999999999,-0.6000000000000001,0.30000000000000004,-0.10000000000000003,0.6000000000000001,0.03,0.41,0.51,0.05,0.26666666666666666,-0.10000000000000009,0.08,0.25,0,0.2
100trials_23,-0.020000000000000018,0.30000000000000004,0.2,0,0,-0.6000000000000001,0.16,0.35,0.41,0.08,-0.20000000000000004,0.25,0.24,-0.30000000000000004,-900,-0.9
100trials_230,0.8799999999999999,0.39999999999999997,1,1,1,1,0.01,0.05,0.21,0.73,1,0.7,0.74,1,1550,0.6
100trials_231,0.48,0,0.5,0.6000000000000001,0.5,0.8,0.05,0.21,0.69,0.05,0.6333333333333334,0.25,0.1,0.65,-450,0.8
100trials_232,-0.54,0.39999999999999997,-0.8999999999999999,-0.30000000000000004,-0.8999999999999999,-1,0.07,0.7,0.17,0.06,-0.7333333333333334,-0.24999999999999997,0.13,-0.95,-1650,-1.4
100trials_233,0.24,-0.10000000000000003,-0.6000000000000001,-0.10000000000000009,1,1,0.19,0.19,0.3,0.32,0.6333333333333333,-0.3500000000000001,0.51,1,550,1.1
100trials_234,0.18000000000000005,-0.30000000000000004,-0.10000000000000003,-0.19999999999999996,1,0.5,0.09,0.32,0.46,0.13,0.43333333333333335,-0.20000000000000004,0.22,0.75,1050,0.8
100trials_235,-0.10000000000000003,-0.3999999999999999,-0.5,-0.5,1,-0.10000000000000003,0.16,0.39,0.2,0.25,0.13333333333333333,-0.44999999999999996,0.41000000000000003,0.44999999999999996,-250,0.3
100trials_236,-0.12000000000000005,-0.3999999999999999,-0.7999999999999999,0.2,0.10000000000000009,0.30000000000000004,0.14,0.42,0.32,0.12,0.20000000000000004,-0.5999999999999999,0.26,0.20000000000000007,-150,0.7
100trials_237,0.32,-0.5,-0.7,0.7999999999999999,1,1,0.02,0.32,0.16,0.5,0.9333333333333332,-0.6,0.52,1,950,1.5
100trials_238,0,-0.20000000000000007,-0.10000000000000009,0,0.10000000000000003,0.19999999999999996,0.07,0.43,0.34,0.16,0.09999999999999999,-0.15000000000000008,0.23,0.15,750,0.4
100trials_239,-0.24,-0.6000000000000001,-0.19999999999999996,-0.5,-0.19999999999999996,0.30000000000000004,0.22,0.4,0.26,0.12,-0.1333333333333333,-0.4,0.33999999999999997,0.050000000000000044,-1050,0.9
100trials_24,-0.040000000000000036,-0.30000000000000004,0,-0.10000000000000003,0.10000000000000009,0.10000000000000003,0.18,0.34,0.27,0.21,0.03333333333333336,-0.15000000000000002,0.39,0.10000000000000006,350,0.4
100trials_240,0.48,0.3999999999999999,-0.6000000000000001,0.6000000000000001,1,1,0.06,0.2,0.66,0.08,0.8666666666666667,-0.10000000000000009,0.14,1,1150,0.6
100trials_241,-0.08000000000000002,-0.30000000000000004,0.10000000000000003,-0.30000000000000004,0,0.10000000000000003,0.12,0.42,0.23,0.23,-0.06666666666666667,-0.1,0.35,0.05000000000000002,300,0.4
100trials_242,0,-0.10000000000000003,0.10000000000000003,0,0,0,0.25,0.25,0.26,0.24,0,0,0.49,0,-300,0.1
100trials_243,-0.15999999999999998,-0.6000000000000001,-0.5,-0.10000000000000009,0.19999999999999996,0.19999999999999996,0.08,0.5,0.18,0.24,0.09999999999999994,-0.55,0.32,0.19999999999999996,-650,0.8
100trials_244,-0.7200000000000001,-0.8999999999999999,-0.39999999999999997,-0.8999999999999999,-0.8,-0.6000000000000001,0.07,0.79,0.05,0.09,-0.7666666666666666,-0.6499999999999999,0.16,-0.7000000000000001,-1600,0.3
100trials_245,0.08000000000000002,0.20000000000000007,-0.10000000000000003,0,0.39999999999999997,-0.10000000000000009,0.06,0.4,0.46,0.08,0.09999999999999996,0.05000000000000002,0.14,0.14999999999999994,550,-0.3
100trials_246,0.30000000000000004,-0.19999999999999996,-0.10000000000000003,0.8999999999999999,-0.10000000000000003,1,0.13,0.22,0.14,0.51,0.6,-0.15,0.64,0.44999999999999996,1150,1.2
100trials_247,-0.12000000000000005,-0.30000000000000004,-0.8999999999999999,-0.19999999999999996,0.30000000000000004,0.5,0.05,0.51,0.01,0.43,0.20000000000000004,-0.6,0.48,0.4,-550,0.8
100trials_248,0.76,0.10000000000000009,1,0.8,0.9,1,0.09,0.03,0.12,0.76,0.9,0.55,0.85,0.95,1100,0.9
100trials_249,-0.4,-0.30000000000000004,-0.3999999999999999,-0.10000000000000003,-0.5,-0.7,0.15,0.55,0.13,0.17,-0.43333333333333335,-0.35,0.32,-0.6,-1750,-0.4
100trials_25,0.28,-0.5,0,0.20000000000000012,0.8999999999999999,0.8,0.17,0.19,0.11,0.53,0.6333333333333334,-0.25,0.7000000000000001,0.85,950,1.3
100trials_250,0.18000000000000005,0.10000000000000009,-0.30000000000000004,0.29999999999999993,0.10000000000000003,0.7,0.09,0.32,0.25,0.34,0.36666666666666664,-0.09999999999999998,0.43000000000000005,0.4,650,0.6
100trials_251,-0.3999999999999999,0,-0.8,-0.6000000000000001,-0.10000000000000003,-0.5,0.1,0.6,0.14,0.16,-0.4000000000000001,-0.4,0.26,-0.30000000000000004,-900,-0.5
100trials_252,0,0,-0.19999999999999996,0.19999999999999996,-0.10000000000000003,0.10000000000000003,0.28,0.22,0.24,0.26,0.06666666666666665,-0.09999999999999998,0.54,0,-1400,0.1
100trials_253,-0.45999999999999996,0.30000000000000004,-0.8999999999999999,-0.7000000000000001,-1,0,0.15,0.58,0.2,0.07,-0.5666666666666668,-0.29999999999999993,0.22,-0.5,-1550,-0.3
100trials_254,0.8200000000000001,0.5,0.7000000000000001,1,0.8999999999999999,1,0.03,0.06,0.13,0.78,0.9666666666666667,0.6000000000000001,0.81,0.95,1250,0.5
100trials_255,-0.020000000000000018,-0.10000000000000003,0,0.10000000000000009,-0.10000000000000009,0,0.19,0.32,0.17,0.32,0,-0.05000000000000002,0.51,-0.050000000000000044,250,0.1
100trials_256,0.43999999999999995,-0.20000000000000007,0,0.3999999999999999,1,1,0.14,0.14,0.1,0.62,0.7999999999999999,-0.10000000000000003,0.76,1,100,1.2
100trials_257,-0.42000000000000004,-0.8,-0.2,-0.8,0.10000000000000003,-0.39999999999999997,0.03,0.68,0.17,0.12,-0.36666666666666664,-0.5,0.15,-0.14999999999999997,-1700,0.4
100trials_258,0.74,-0.10000000000000009,0.9,1,0.8999999999999999,1,0.06,0.07,0.04,0.83,0.9666666666666667,0.39999999999999997,0.8899999999999999,0.95,1250,1.1
100trials_259,0.15999999999999998,-0.30000000000000004,0,0.5,0,0.6000000000000001,0.05,0.37,0.47,0.11,0.3666666666666667,-0.15000000000000002,0.16,0.30000000000000004,1150,0.9
100trials_26,0.6400000000000001,0.30000000000000004,1,1,0.5,0.39999999999999997,0.11,0.07,0.53,0.29,0.6333333333333333,0.65,0.39999999999999997,0.44999999999999996,1100,0.1
100trials_260,-0.040000000000000036,-0.10000000000000009,0.30000000000000004,-0.29999999999999993,-0.10000000000000003,0,0.18,0.34,0.31,0.17,-0.13333333333333333,0.09999999999999998,0.35,-0.05000000000000002,150,0.1
100trials_261,-0.6199999999999999,-0.5,-0.7999999999999999,-0.5,-0.7000000000000001,-0.6000000000000001,0.1,0.71,0.11,0.08,-0.6000000000000001,-0.6499999999999999,0.18,-0.6500000000000001,-1450,-0.1
100trials_262,0.6000000000000001,-1,1,1,1,1,0.1,0.1,0.3,0.5,1,0,0.6,1,1500,2
100trials_263,0.22000000000000008,0,0.10000000000000009,-0.2,0.19999999999999996,1,0.06,0.33,0.33,0.28,0.3333333333333333,0.050000000000000044,0.34,0.6,-550,1
100trials_264,-0.08000000000000002,-0.19999999999999996,0,0,-0.29999999999999993,0.10000000000000003,0.24,0.3,0.27,0.19,-0.06666666666666664,-0.09999999999999998,0.43,-0.09999999999999995,100,0.3
100trials_265,-0.26,-0.19999999999999996,-0.7,-0.19999999999999996,-0.30000000000000004,0.10000000000000009,0.16,0.47,0.2,0.17,-0.1333333333333333,-0.44999999999999996,0.33,-0.09999999999999998,-850,0.3
100trials_266,-0.06000000000000005,0,-0.19999999999999996,-0.19999999999999996,0.5,-0.39999999999999997,0.02,0.51,0.42,0.05,-0.033333333333333305,-0.09999999999999998,0.07,0.05000000000000002,-150,-0.4
100trials_267,0.020000000000000018,-0.30000000000000004,-0.3999999999999999,0,0.30000000000000004,0.5,0.38,0.11,0.23,0.28,0.26666666666666666,-0.35,0.66,0.4,-1000,0.8
100trials_268,-0.15999999999999992,-0.10000000000000003,0,-0.39999999999999997,-0.30000000000000004,0,0.22,0.36,0.17,0.25,-0.2333333333333333,-0.05000000000000002,0.47,-0.15000000000000002,-700,0.1
100trials_269,0.76,0.10000000000000003,0.8,1,0.8999999999999999,1,0.01,0.11,0.05,0.83,0.9666666666666667,0.45000000000000007,0.84,0.95,1750,0.9
100trials_27,-0.26,0.10000000000000003,-0.30000000000000004,-0.8,0,-0.29999999999999993,0.3,0.33,0.19,0.18,-0.3666666666666667,-0.1,0.48,-0.14999999999999997,-300,-0.4
100trials_270,-0.76,-0.5,-0.8999999999999999,-1,-0.6000000000000001,-0.8,0.1,0.78,0.02,0.1,-0.8000000000000002,-0.7,0.2,-0.7000000000000001,-2350,-0.3
100trials_271,-0.24,-0.29999999999999993,0,-0.7999999999999999,0,-0.10000000000000009,0.2,0.42,0.2,0.18,-0.3,-0.14999999999999997,0.38,-0.050000000000000044,-400,0.2
100trials_272,0.48,-0.8,0.30000000000000004,1,0.8999999999999999,1,0.07,0.19,0.11,0.63,0.9666666666666667,-0.25,0.7,0.95,750,1.8
100trials_273,0.48,-0.10000000000000009,0.4000000000000001,0.5,0.6000000000000001,1,0.09,0.17,0.32,0.42,0.7000000000000001,0.15,0.51,0.8,950,1.1
100trials_274,-0.19999999999999996,0.10000000000000009,-0.30000000000000004,-0.30000000000000004,-0.30000000000000004,-0.20000000000000007,0.17,0.43,0.18,0.22,-0.2666666666666667,-0.09999999999999998,0.39,-0.25000000000000006,-1550,-0.3
100trials_275,0.020000000000000018,-0.30000000000000004,0,0.30000000000000004,0.10000000000000003,0,0.15,0.34,0.25,0.26,0.13333333333333336,-0.15000000000000002,0.41000000000000003,0.05000000000000002,650,0.3
100trials_276,0.35999999999999993,-0.7,1,0.6000000000000001,-0.10000000000000003,1,0.02,0.3,0.08,0.6,0.5,0.15000000000000002,0.62,0.44999999999999996,550,1.7
100trials_277,0.17999999999999994,-0.20000000000000007,0.20000000000000007,0.30000000000000004,0.4,0.19999999999999996,0.13,0.28,0.38,0.21,0.3,0,0.33999999999999997,0.3,0,0.4
100trials_278,0.28,-0.3999999999999999,0,0.7,0.39999999999999997,0.7,0.03,0.33,0.14,0.5,0.6,-0.19999999999999996,0.53,0.5499999999999999,-350,1.1
100trials_279,0.1800000000000001,-0.19999999999999996,-0.5999999999999999,0.7000000000000001,0.5,0.5,0.11,0.3,0.25,0.34,0.5666666666666668,-0.3999999999999999,0.45,0.5,350,0.7
100trials_28,0.30000000000000004,-0.30000000000000004,0.3999999999999999,0.6000000000000001,0.2,0.6000000000000001,0.06,0.29,0.54,0.11,0.46666666666666673,0.04999999999999993,0.16999999999999998,0.4,200,0.9
100trials_280,0.32,-0.7000000000000001,-0.5,0.8999999999999999,1,0.8999999999999999,0.11,0.23,0.21,0.45,0.9333333333333332,-0.6000000000000001,0.56,0.95,1000,1.6
100trials_281,-0.29999999999999993,-0.19999999999999996,-0.5,-0.30000000000000004,-0.5,0,0.18,0.47,0.09,0.26,-0.26666666666666666,-0.35,0.44,-0.25,-1100,0.2
100trials_282,-0.36000000000000004,-0.5,-0.7,-0.10000000000000009,-0.30000000000000004,-0.19999999999999996,0.16,0.52,0.2,0.12,-0.20000000000000004,-0.6,0.28,-0.25,-800,0.3
100trials_283,-0.10000000000000003,0,-0.5,0.10000000000000003,-0.30000000000000004,0.19999999999999996,0.18,0.37,0.27,0.18,-1.850371707708594e-17,-0.25,0.36,-0.050000000000000044,-900,0.2
100trials_284,0.12000000000000005,0,-0.30000000000000004,0,0.5,0.39999999999999997,0.12,0.32,0.31,0.25,0.3,-0.15000000000000002,0.37,0.44999999999999996,-850,0.4
100trials_285,0.36000000000000004,-0.30000000000000004,-0.5,0.7,1,0.8999999999999999,0.05,0.27,0.45,0.23,0.8666666666666666,-0.4,0.28,0.95,1450,1.2
100trials_286,-0.14,-0.10000000000000003,0.19999999999999996,-0.7,-0.10000000000000003,0,0.13,0.44,0.23,0.2,-0.26666666666666666,0.04999999999999996,0.33,-0.05000000000000002,-1350,0.1
100trials_287,0.8,0.8,1,0.20000000000000012,1,1,0.01,0.09,0.86,0.04,0.7333333333333334,0.9,0.05,1,1700,0.2
100trials_288,-0.54,-0.6000000000000001,-0.8,-0.10000000000000009,-0.5,-0.7000000000000001,0.21,0.56,0.14,0.09,-0.4333333333333334,-0.7000000000000001,0.3,-0.6000000000000001,-2200,-0.1
100trials_289,0.54,0.5,1,0.8,0.30000000000000004,0.10000000000000003,0.09,0.14,0.3,0.47,0.4000000000000001,0.75,0.5599999999999999,0.20000000000000004,1750,-0.4
100trials_29,-0.18000000000000005,-0.20000000000000007,-0.19999999999999996,-0.39999999999999997,-0.10000000000000009,0,0.28,0.31,0.31,0.1,-0.16666666666666666,-0.2,0.38,-0.050000000000000044,-300,0.2
100trials_290,-0.12000000000000005,0,-0.10000000000000009,0,0,-0.5,0.23,0.33,0.23,0.21,-0.16666666666666666,-0.050000000000000044,0.44,-0.25,-300,-0.5
100trials_291,0.5399999999999999,0.5,0,0.30000000000000004,1,0.9,0.08,0.15,0.69,0.08,0.7333333333333334,0.25,0.16,0.95,800,0.4
100trials_292,-0.54,-0.10000000000000003,-0.39999999999999997,-0.5,-0.8,-0.9,0.17,0.6,0.13,0.1,-0.7333333333333334,-0.25,0.27,-0.8500000000000001,-3695,-0.8
100trials_293,0.020000000000000018,0,0.30000000000000004,-0.39999999999999997,0.30000000000000004,-0.10000000000000009,0.27,0.22,0.37,0.14,-0.06666666666666667,0.15000000000000002,0.41000000000000003,0.09999999999999998,-2000,-0.1
100trials_294,0.24,0,0,0.30000000000000004,0.39999999999999997,0.5,0.16,0.22,0.45,0.17,0.39999999999999997,0,0.33,0.44999999999999996,-915,0.5
100trials_295,0.41999999999999993,-0.6000000000000001,0.29999999999999993,0.8,0.7999999999999999,0.8,0.16,0.13,0.46,0.25,0.8000000000000002,-0.15000000000000008,0.41000000000000003,0.8,1640,1.4
100trials_296,-0.12000000000000005,-0.39999999999999997,-0.20000000000000007,0.6000000000000001,-0.10000000000000009,-0.5,0.18,0.38,0.3,0.14,0,-0.30000000000000004,0.32,-0.30000000000000004,-1585,-0.1
100trials_297,0.56,-0.39999999999999997,0.3999999999999999,0.9,0.8999999999999999,1,0.1,0.12,0.38,0.4,0.9333333333333332,-2.7755575615628914e-17,0.5,0.95,1885,1.4
100trials_298,-0.26,-0.30000000000000004,0.39999999999999997,-0.5,0.10000000000000003,-1,0.14,0.49,0.25,0.12,-0.4666666666666666,0.04999999999999996,0.26,-0.44999999999999996,-2160,-0.7
100trials_299,0.6000000000000001,-0.19999999999999996,0.7,1,0.8,0.7,0.08,0.12,0.6,0.2,0.8333333333333334,0.25,0.28,0.75,2510,0.9
100trials_3,-0.26,0,-0.5,-0.30000000000000004,-0.30000000000000004,-0.20000000000000012,0.21,0.42,0.3,0.07,-0.2666666666666668,-0.25,0.28,-0.2500000000000001,-450,-0.2
100trials_30,-0.08000000000000007,-0.3999999999999999,0,0.10000000000000003,-0.10000000000000009,0,0.1,0.44,0.24,0.22,-1.850371707708594e-17,-0.19999999999999996,0.32,-0.050000000000000044,400,0.4
100trials_300,0.32000000000000006,-0.19999999999999996,0.3999999999999999,0.3999999999999999,0.4000000000000001,0.6000000000000001,0.15,0.19,0.51,0.15,0.46666666666666673,0.09999999999999998,0.3,0.5000000000000001,720,0.8
100trials_301,0.18000000000000005,0.29999999999999993,0,0.30000000000000004,0.20000000000000007,0.10000000000000003,0.31,0.1,0.34,0.25,0.20000000000000004,0.14999999999999997,0.56,0.15000000000000005,145,-0.2
100trials_302,0.76,-0.10000000000000009,0.8999999999999999,1,1,1,0.02,0.1,0.28,0.6,1,0.3999999999999999,0.62,1,2855,1.1
100trials_303,0.12000000000000005,0.19999999999999996,0.10000000000000009,-0.10000000000000003,0.20000000000000007,0.19999999999999996,0.25,0.19,0.32,0.24,0.09999999999999999,0.15000000000000002,0.49,0.2,-65,0
100trials_304,0.24,-0.5,0.5,0.5,0,0.7000000000000001,0.17,0.21,0.33,0.29,0.4000000000000001,0,0.45999999999999996,0.35000000000000003,-1060,1.2
100trials_305,0.6199999999999999,-0.19999999999999996,0.6000000000000001,0.7,1,1,0.1,0.09,0.21,0.6,0.9,0.20000000000000007,0.7,1,1880,1.2
100trials_306,0.30000000000000004,-0.19999999999999996,0.30000000000000004,0.5,0.8,0.10000000000000003,0.14,0.21,0.6,0.05,0.46666666666666673,0.050000000000000044,0.19,0.45000000000000007,-665,0.3
100trials_307,0.38000000000000006,-0.30000000000000004,0.3999999999999999,0.5,0.5,0.8,0.13,0.18,0.15,0.54,0.6,0.04999999999999993,0.67,0.65,1045,1.1
100trials_308,0.20000000000000007,-0.39999999999999997,0,0,0.6000000000000001,0.8,0.2,0.2,0.32,0.28,0.46666666666666673,-0.19999999999999998,0.48000000000000004,0.7000000000000001,495,1.2
100trials_309,0.72,0.39999999999999997,0.8,0.9,0.8,0.7,0.06,0.08,0.6,0.26,0.8000000000000002,0.6,0.32,0.75,3570,0.3
100trials_31,0.26,-0.2,-0.10000000000000003,-0.3999999999999999,1,1,0.17,0.2,0.13,0.5,0.5333333333333333,-0.15000000000000002,0.67,1,750,1.2
100trials_310,-0.08000000000000002,-0.6000000000000001,-0.10000000000000003,0,0.19999999999999996,0.10000000000000003,0.14,0.4,0.28,0.18,0.09999999999999999,-0.3500000000000001,0.32,0.15,-845,0.7
100trials_311,0.45999999999999996,0.3999999999999999,0,0.7000000000000001,0.2,1,0.2,0.07,0.51,0.22,0.6333333333333334,0.19999999999999996,0.42000000000000004,0.6,2240,0.6
100trials_312,0.24,-0.20000000000000007,0.20000000000000007,-0.10000000000000003,0.30000000000000004,1,0.21,0.17,0.23,0.39,0.39999999999999997,0,0.6,0.65,105,1.2
100trials_313,0.19999999999999996,0,-0.19999999999999996,0.5,0.5,0.20000000000000007,0.19,0.21,0.38,0.22,0.4000000000000001,-0.09999999999999998,0.41000000000000003,0.35000000000000003,-1380,0.2
100trials_314,0.54,-0.39999999999999997,0.30000000000000004,0.8999999999999999,1,0.8999999999999999,0.09,0.14,0.6,0.17,0.9333333333333332,-0.04999999999999996,0.26,0.95,1045,1.3
100trials_315,-0.12000000000000005,-0.10000000000000003,-0.29999999999999993,-0.10000000000000009,-0.10000000000000009,0,0.22,0.34,0.19,0.25,-0.06666666666666672,-0.19999999999999998,0.47,-0.050000000000000044,-2185,0.1
100trials_316,0.6399999999999999,0.5,0.30000000000000004,0.7,0.8999999999999999,0.7999999999999999,0.08,0.1,0.22,0.6,0.7999999999999999,0.4,0.6799999999999999,0.8499999999999999,2415,0.3
100trials_317,0.020000000000000018,-0.30000000000000004,-0.10000000000000009,0.10000000000000009,0.10000000000000003,0.29999999999999993,0.19,0.3,0.26,0.25,0.16666666666666666,-0.20000000000000007,0.44,0.19999999999999998,-320,0.6
100trials_318,-0.19999999999999996,0,-0.10000000000000003,0,-0.4000000000000001,-0.5,0.17,0.43,0.2,0.2,-0.30000000000000004,-0.05000000000000002,0.37,-0.45000000000000007,-1030,-0.5
100trials_319,-0.10000000000000009,-0.19999999999999996,0,-0.19999999999999996,0.19999999999999996,-0.30000000000000004,0.2,0.35,0.24,0.21,-0.10000000000000002,-0.09999999999999998,0.41000000000000003,-0.050000000000000044,-1850,-0.1
100trials_32,0.020000000000000018,0,0,-0.20000000000000007,-0.5,0.8,0.24,0.25,0.31,0.2,0.033333333333333326,0,0.44,0.15000000000000002,-600,0.8
100trials_320,0,-0.10000000000000003,-0.10000000000000003,0,-0.10000000000000003,0.30000000000000004,0.22,0.28,0.26,0.24,0.06666666666666667,-0.10000000000000003,0.45999999999999996,0.1,-775,0.4
100trials_321,-0.020000000000000018,0.10000000000000009,0,0,0,-0.20000000000000007,0.16,0.35,0.3,0.19,-0.0666666666666667,0.050000000000000044,0.35,-0.10000000000000003,-1600,-0.3
100trials_322,-0.020000000000000018,-0.5,0,0.39999999999999997,0,0,0.21,0.3,0.22,0.27,0.13333333333333333,-0.25,0.48,0,-550,0.5
100trials_323,-0.040000000000000036,-0.10000000000000003,-0.10000000000000009,0,0.10000000000000003,-0.10000000000000009,0.2,0.32,0.31,0.17,-1.850371707708594e-17,-0.10000000000000006,0.37,-2.7755575615628914e-17,-2210,-0
100trials_324,0.08000000000000002,0,0,0.10000000000000003,-0.10000000000000003,0.39999999999999997,0.18,0.28,0.25,0.29,0.13333333333333333,0,0.47,0.14999999999999997,-450,0.4
100trials_325,0.5,0.10000000000000003,0.5,0.29999999999999993,0.7,0.9,0.11,0.14,0.46,0.29,0.6333333333333333,0.30000000000000004,0.39999999999999997,0.8,590,0.8
100trials_326,0.39999999999999997,-0.6000000000000001,0.20000000000000007,0.7,0.7000000000000001,1,0.09,0.21,0.45,0.25,0.7999999999999999,-0.2,0.33999999999999997,0.8500000000000001,-380,1.6
100trials_327,0,-0.10000000000000003,0.10000000000000003,-0.30000000000000004,0,0.29999999999999993,0.16,0.34,0.28,0.22,-3.700743415417188e-17,0,0.38,0.14999999999999997,-1455,0.4
100trials_328,-0.19999999999999996,-0.10000000000000003,-0.10000000000000003,-0.10000000000000009,-0.3999999999999999,-0.30000000000000004,0.37,0.23,0.16,0.24,-0.26666666666666666,-0.10000000000000003,0.61,-0.35,-2405,-0.2
100trials_329,0,0.30000000000000004,0.10000000000000009,-0.30000000000000004,0,-0.10000000000000009,0.15,0.35,0.32,0.18,-0.1333333333333334,0.20000000000000007,0.32999999999999996,-0.050000000000000044,-1640,-0.4
100trials_33,0.28,0.5,0.5,0.6000000000000001,-0.19999999999999996,0,0.07,0.29,0.51,0.13,0.1333333333333334,0.5,0.2,-0.09999999999999998,500,-0.5
100trials_330,0.21999999999999997,0.10000000000000003,0.10000000000000003,0.39999999999999997,0.10000000000000003,0.39999999999999997,0.18,0.21,0.3,0.31,0.3,0.10000000000000003,0.49,0.25,-1210,0.3
100trials_331,0.10000000000000003,0.5,-0.19999999999999996,-0.10000000000000009,-0.19999999999999996,0.5,0.19,0.26,0.31,0.24,0.06666666666666665,0.15000000000000002,0.43,0.15000000000000002,-840,0
100trials_332,0.45999999999999996,-0.19999999999999996,0.4,0.8,0.7,0.6000000000000001,0.14,0.13,0.2,0.53,0.7000000000000001,0.10000000000000003,0.67,0.65,1805,0.8
100trials_333,0.34,0.20000000000000007,0.30000000000000004,0.5,0.5,0.19999999999999996,0.2,0.13,0.45,0.22,0.39999999999999997,0.25000000000000006,0.42000000000000004,0.35,1190,-0
100trials_334,-0.08000000000000002,-0.10000000000000009,0.10000000000000003,-0.39999999999999997,0.10000000000000009,-0.10000000000000003,0.22,0.32,0.23,0.23,-0.1333333333333333,-2.7755575615628914e-17,0.45,2.7755575615628914e-17,-2485,0
100trials_335,0.08000000000000007,-0.6000000000000001,-0.10000000000000003,0.29999999999999993,0.29999999999999993,0.5,0.21,0.25,0.29,0.25,0.36666666666666664,-0.3500000000000001,0.45999999999999996,0.39999999999999997,-1090,1.1
100trials_336,-0.020000000000000018,-0.5,0.19999999999999996,0.30000000000000004,0.19999999999999996,-0.29999999999999993,0.25,0.26,0.2,0.29,0.0666666666666667,-0.15000000000000002,0.54,-0.04999999999999999,-1340,0.2
100trials_337,0.06,0,0.19999999999999996,-0.10000000000000003,0.30000000000000004,-0.10000000000000009,0.19,0.28,0.32,0.21,0.033333333333333305,0.09999999999999998,0.4,0.09999999999999998,-650,-0.1
100trials_338,-0.6400000000000001,-0.6000000000000001,-0.6000000000000001,-0.30000000000000004,-0.7999999999999999,-0.8999999999999999,0.34,0.48,0.11,0.07,-0.6666666666666666,-0.6000000000000001,0.41000000000000003,-0.8499999999999999,-4250,-0.3
100trials_339,0.35999999999999993,0,0.10000000000000009,0.8,0.39999999999999997,0.5,0.1,0.22,0.43,0.25,0.5666666666666667,0.050000000000000044,0.35,0.44999999999999996,-330,0.5
100trials_34,-0.28,-0.5,-0.39999999999999997,-0.39999999999999997,-0.10000000000000009,0,0.11,0.53,0.3,0.06,-0.16666666666666666,-0.44999999999999996,0.16999999999999998,-0.050000000000000044,-400,0.5
100trials_340,0,0,0,-0.10000000000000003,0.10000000000000003,0,0.21,0.29,0.22,0.28,0,0,0.49,0.05000000000000002,-620,0
100trials_341,-0.040000000000000036,-0.19999999999999996,-0.10000000000000009,0,0.19999999999999996,-0.10000000000000003,0.25,0.27,0.25,0.23,0.033333333333333305,-0.15000000000000002,0.48,0.04999999999999996,-1035,0.1
100trials_342,0.14000000000000007,0.10000000000000009,-0.19999999999999996,0.30000000000000004,0.10000000000000003,0.3999999999999999,0.21,0.22,0.27,0.3,0.26666666666666666,-0.04999999999999993,0.51,0.24999999999999997,-1180,0.3
100trials_343,0.1200000000000001,-1,0.39999999999999997,0.29999999999999993,0.5,0.39999999999999997,0.15,0.29,0.17,0.39,0.39999999999999997,-0.30000000000000004,0.54,0.44999999999999996,-60,1.4
100trials_344,0.5,0.5,0.10000000000000003,0.39999999999999997,0.7,0.8,0.14,0.11,0.45,0.3,0.6333333333333333,0.30000000000000004,0.44,0.75,1430,0.3
100trials_345,0.19999999999999996,-0.30000000000000004,0.6000000000000001,0.10000000000000003,0.9,-0.30000000000000004,0.16,0.24,0.36,0.24,0.2333333333333333,0.15000000000000002,0.4,0.3,-655,0
100trials_346,0.08000000000000002,0.10000000000000003,0,0.10000000000000003,0.10000000000000009,0.10000000000000009,0.18,0.28,0.36,0.18,0.10000000000000007,0.05000000000000002,0.36,0.10000000000000009,-680,0
100trials_347,-0.24,-0.39999999999999997,-0.20000000000000007,-0.10000000000000009,-0.20000000000000007,-0.30000000000000004,0.22,0.4,0.13,0.25,-0.20000000000000007,-0.30000000000000004,0.47,-0.25000000000000006,-1710,0.1
100trials_348,-0.020000000000000018,0,0,0,-0.4,0.30000000000000004,0.13,0.38,0.24,0.25,-0.033333333333333326,0,0.38,-0.04999999999999999,-920,0.3
100trials_349,0.48,-0.10000000000000009,1,0.2,0.5,0.8,0.1,0.16,0.6,0.14,0.5,0.44999999999999996,0.24000000000000002,0.65,925,0.9
100trials_35,0,0,-0.10000000000000003,-0.10000000000000003,0,0.20000000000000007,0.26,0.24,0.23,0.27,0.03333333333333335,-0.05000000000000002,0.53,0.10000000000000003,850,0.2
100trials_350,0.41999999999999993,-0.6000000000000001,0.5,0.7,1,0.5,0.14,0.15,0.38,0.33,0.7333333333333334,-0.050000000000000044,0.47000000000000003,0.75,375,1.1
100trials_351,-0.10000000000000003,-0.30000000000000004,-0.10000000000000009,0,0,-0.10000000000000003,0.17,0.38,0.25,0.2,-0.03333333333333335,-0.20000000000000007,0.37,-0.05000000000000002,-1410,0.2
100trials_352,0.45999999999999996,-0.39999999999999997,0.5,0.6000000000000001,0.8999999999999999,0.7,0.13,0.14,0.6,0.13,0.7333333333333334,0.05000000000000002,0.26,0.7999999999999999,610,1.1
100trials_353,0.26,-0.30000000000000004,0.10000000000000003,0.19999999999999996,0.6000000000000001,0.7000000000000001,0.15,0.22,0.38,0.25,0.5,-0.1,0.4,0.6500000000000001,-920,1
100trials_354,0.28,-0.10000000000000009,0,0.7000000000000001,0.30000000000000004,0.5,0.11,0.25,0.45,0.19,0.5,-0.050000000000000044,0.3,0.4,-240,0.6
100trials_355,0.040000000000000036,-0.19999999999999996,0,0,0,0.39999999999999997,0.21,0.27,0.26,0.26,0.13333333333333333,-0.09999999999999998,0.47,0.19999999999999998,-710,0.6
100trials_356,0.020000000000000018,0,0,0,0,0.10000000000000003,0.22,0.27,0.22,0.29,0.03333333333333335,0,0.51,0.05000000000000002,-1075,0.1
100trials_357,0.040000000000000036,-0.10000000000000003,0.19999999999999996,0,0,0.10000000000000003,0.24,0.24,0.27,0.25,0.03333333333333335,0.04999999999999996,0.49,0.05000000000000002,-1300,0.2
100trials_358,-0.020000000000000018,0,-0.4000000000000001,0,-0.20000000000000012,0.5,0.19,0.32,0.24,0.25,0.09999999999999996,-0.20000000000000004,0.44,0.14999999999999994,-2170,0.5
100trials_359,0.21999999999999997,0,0.30000000000000004,0.30000000000000004,0,0.5,0.21,0.18,0.2,0.41,0.26666666666666666,0.15000000000000002,0.62,0.25,70,0.5
100trials_36,-0.36000000000000004,-0.8,-0.19999999999999996,0,-0.6000000000000001,-0.19999999999999996,0.23,0.45,0.22,0.1,-0.26666666666666666,-0.5,0.33,-0.4,-300,0.6
100trials_360,0.32000000000000006,-0.10000000000000003,-0.10000000000000003,0.19999999999999996,0.7,0.8999999999999999,0.12,0.22,0.45,0.21,0.6,-0.10000000000000003,0.32999999999999996,0.7999999999999999,-780,1
100trials_361,0.41999999999999993,0.10000000000000009,0.5,0.5,0,1,0.15,0.14,0.47,0.24,0.5,0.30000000000000004,0.39,0.5,195,0.9
100trials_362,0.39999999999999997,0,-0.10000000000000009,0.30000000000000004,1,0.8,0.12,0.18,0.57,0.13,0.7000000000000001,-0.050000000000000044,0.25,0.9,1135,0.8
100trials_363,-0.32000000000000006,-0.10000000000000003,-0.3999999999999999,-0.6000000000000001,0,-0.5,0.21,0.45,0.19,0.15,-0.3666666666666667,-0.24999999999999997,0.36,-0.25,-855,-0.4
100trials_364,-0.040000000000000036,0,-0.10000000000000003,0.10000000000000003,-0.19999999999999996,0,0.27,0.25,0.25,0.23,-0.033333333333333305,-0.05000000000000002,0.5,-0.09999999999999998,-1465,0
100trials_365,-0.06,0,-0.10000000000000003,-0.29999999999999993,-0.10000000000000009,0.19999999999999996,0.23,0.3,0.2,0.27,-0.0666666666666667,-0.05000000000000002,0.5,0.04999999999999993,-715,0.2
100trials_366,0,-0.10000000000000003,-0.19999999999999996,0.30000000000000004,0.10000000000000003,-0.10000000000000003,0.2,0.3,0.14,0.36,0.10000000000000002,-0.15,0.56,0,-290,0
100trials_367,0.39999999999999997,-1,0.7,1,1,0.30000000000000004,0.09,0.21,0.6,0.1,0.7666666666666666,-0.15000000000000002,0.19,0.65,-145,1.3
100trials_368,0.020000000000000018,-0.10000000000000003,0,0.10000000000000009,0.10000000000000009,0,0.15,0.34,0.29,0.22,0.06666666666666672,-0.05000000000000002,0.37,0.050000000000000044,-1810,0.1
100trials_369,-0.18000000000000005,-0.5,-0.19999999999999996,0,-0.4000000000000001,0.2,0.13,0.46,0.19,0.22,-0.0666666666666667,-0.35,0.35,-0.10000000000000003,-2225,0.7
100trials_37,-0.10000000000000009,-0.30000000000000004,-0.19999999999999996,0.30000000000000004,0.10000000000000003,-0.3999999999999999,0.2,0.35,0.3,0.15,5.551115123125783e-17,-0.25,0.35,-0.14999999999999994,350,-0.1
100trials_370,-0.10000000000000003,-0.10000000000000009,0.10000000000000003,-0.29999999999999993,-0.10000000000000003,-0.10000000000000003,0.28,0.27,0.25,0.2,-0.16666666666666666,-2.7755575615628914e-17,0.48000000000000004,-0.10000000000000003,-1430,0
100trials_371,0.24,-0.10000000000000009,0.39999999999999997,0.6000000000000001,0.5999999999999999,-0.29999999999999993,0.17,0.21,0.47,0.15,0.3,0.14999999999999994,0.32,0.14999999999999997,-1160,-0.2
100trials_372,0.020000000000000018,-0.5,0.20000000000000007,0.30000000000000004,0.19999999999999996,-0.10000000000000009,0.29,0.2,0.36,0.15,0.1333333333333333,-0.14999999999999997,0.43999999999999995,0.04999999999999993,-630,0.4
100trials_373,-0.08000000000000002,0,0,-0.19999999999999996,0,-0.19999999999999996,0.26,0.28,0.28,0.18,-0.1333333333333333,0,0.44,-0.09999999999999998,-1025,-0.2
100trials_374,0.06000000000000005,-0.7000000000000001,0.3999999999999999,0.4,0.10000000000000009,0.10000000000000009,0.21,0.26,0.35,0.18,0.20000000000000007,-0.15000000000000008,0.39,0.10000000000000009,-1165,0.8
100trials_375,0.06000000000000005,0,-0.19999999999999996,0.2,0.19999999999999996,0.10000000000000009,0.17,0.3,0.29,0.24,0.16666666666666666,-0.09999999999999998,0.41000000000000003,0.15000000000000002,-325,0.1
100trials_376,-0.30000000000000004,-0.5,-0.3999999999999999,-0.30000000000000004,-0.29999999999999993,0,0.26,0.39,0.16,0.19,-0.19999999999999998,-0.44999999999999996,0.45,-0.14999999999999997,-2010,0.5
100trials_377,0.5800000000000001,-0.19999999999999996,0.6000000000000001,0.5,1,1,0.07,0.14,0.19,0.6,0.8333333333333334,0.20000000000000007,0.6699999999999999,1,1315,1.2
100trials_378,-0.020000000000000018,-0.10000000000000003,0,0,0.19999999999999996,-0.2,0.14,0.37,0.36,0.13,-1.850371707708594e-17,-0.05000000000000002,0.27,-2.7755575615628914e-17,-1480,-0.1
100trials_379,0.33999999999999997,0.30000000000000004,-0.10000000000000003,0.5,0,1,0.15,0.18,0.57,0.1,0.5,0.1,0.25,0.5,920,0.7
100trials_38,-0.4000000000000001,0.30000000000000004,-1,-0.6000000000000001,-0.6000000000000001,-0.10000000000000003,0.03,0.67,0.25,0.05,-0.4333333333333334,-0.35,0.08,-0.3500000000000001,-1500,-0.4
100trials_380,0.35999999999999993,-0.10000000000000009,0.7000000000000001,0.10000000000000003,0.6000000000000001,0.5,0.12,0.2,0.49,0.19,0.4000000000000001,0.3,0.31,0.55,965,0.6
100trials_381,0.52,-0.29999999999999993,0.2,1,1,0.7,0.09,0.15,0.45,0.31,0.9,-0.04999999999999996,0.4,0.85,840,1
100trials_382,-0.2400000000000001,-0.10000000000000009,-0.7000000000000001,-0.10000000000000009,-0.19999999999999996,-0.10000000000000003,0.34,0.28,0.2,0.18,-0.13333333333333336,-0.4000000000000001,0.52,-0.15,-2190,0
100trials_383,0.7,0.4,0.39999999999999997,0.8,0.8999999999999999,1,0.05,0.1,0.25,0.6,0.9,0.4,0.65,0.95,2500,0.6
100trials_384,0.12,0,0.39999999999999997,0.29999999999999993,0.19999999999999996,-0.30000000000000004,0.17,0.27,0.34,0.22,0.06666666666666661,0.19999999999999998,0.39,-0.050000000000000044,-455,-0.3
100trials_385,0.3799999999999999,0.10000000000000003,0,0.5,0.5,0.8,0.14,0.17,0.45,0.24,0.6,0.05000000000000002,0.38,0.65,495,0.7
100trials_386,-0.14,-0.10000000000000003,-0.10000000000000003,-0.10000000000000003,-0.19999999999999996,-0.20000000000000007,0.3,0.27,0.2,0.23,-0.16666666666666666,-0.10000000000000003,0.53,-0.2,-1565,-0.1
100trials_387,0.1200000000000001,-0.7,0,0.19999999999999996,0.39999999999999997,0.7000000000000001,0.15,0.29,0.2,0.36,0.4333333333333333,-0.35,0.51,0.55,-170,1.4
100trials_388,-0.19999999999999996,-0.5,0,-0.20000000000000007,0,-0.30000000000000004,0.19,0.41,0.26,0.14,-0.1666666666666667,-0.25,0.33,-0.15000000000000002,-1235,0.2
100trials_389,-0.5800000000000001,-0.7,-0.4000000000000001,-0.7000000000000001,-1,-0.10000000000000003,0.19,0.6,0.09,0.12,-0.6000000000000001,-0.55,0.31,-0.55,-3725,0.6
100trials_39,-0.36000000000000004,0,0.19999999999999996,-0.6000000000000001,-1,-0.39999999999999997,0.16,0.52,0.24,0.08,-0.6666666666666666,0.09999999999999998,0.24,-0.7,-2100,-0.4
100trials_390,0.52,-0.30000000000000004,0.6000000000000001,0.8,1,0.5,0.1,0.14,0.46,0.3,0.7666666666666666,0.15000000000000002,0.4,0.75,510,0.8
100trials_391,0.42,0.30000000000000004,0.10000000000000009,0.7,0.7000000000000001,0.30000000000000004,0.05,0.24,0.6,0.11,0.5666666666666667,0.20000000000000007,0.16,0.5,330,0
100trials_392,0.08000000000000002,-0.6000000000000001,0.3999999999999999,0.7,-0.5,0.3999999999999999,0.18,0.28,0.22,0.32,0.19999999999999996,-0.10000000000000009,0.5,-0.050000000000000044,-490,1
100trials_393,0.14000000000000007,0,0,0.10000000000000003,0.10000000000000003,0.5,0.21,0.22,0.29,0.28,0.23333333333333336,0,0.49,0.30000000000000004,-1355,0.5
100trials_394,0.37999999999999995,-0.8999999999999999,0.39999999999999997,0.6000000000000001,0.9,0.9,0.1,0.21,0.4,0.29,0.7999999999999999,-0.24999999999999997,0.39,0.9,-585,1.8
100trials_395,-0.19999999999999996,-0.30000000000000004,0.10000000000000003,-0.20000000000000007,0,-0.6000000000000001,0.15,0.45,0.23,0.17,-0.2666666666666667,-0.1,0.32,-0.30000000000000004,-535,-0.3
100trials_396,0.26,0,0,0.39999999999999997,0.5,0.3999999999999999,0.15,0.22,0.35,0.28,0.4333333333333333,0,0.43000000000000005,0.44999999999999996,-1000,0.4
100trials_397,-0.1600000000000001,-0.10000000000000009,-0.10000000000000003,-0.19999999999999996,-0.30000000000000004,-0.10000000000000003,0.28,0.3,0.24,0.18,-0.20000000000000004,-0.10000000000000006,0.46,-0.20000000000000004,-1160,0
100trials_398,0,0.10000000000000003,0,-0.10000000000000009,0.10000000000000009,-0.10000000000000003,0.24,0.26,0.23,0.27,-0.03333333333333335,0.05000000000000002,0.51,2.7755575615628914e-17,-1265,-0.2
100trials_399,0.45999999999999996,-0.19999999999999996,0.30000000000000004,0.5,0.7999999999999999,0.8999999999999999,0.09,0.18,0.24,0.49,0.7333333333333333,0.050000000000000044,0.58,0.8499999999999999,1410,1.1
100trials_4,0.26,0.19999999999999996,0.39999999999999997,0,0.19999999999999996,0.5,0.13,0.24,0.35,0.28,0.2333333333333333,0.29999999999999993,0.41000000000000003,0.35,1200,0.3
100trials_40,0.26,-0.20000000000000007,0.10000000000000003,0.29999999999999993,0.29999999999999993,0.8,0.02,0.35,0.28,0.35,0.4666666666666666,-0.05000000000000002,0.37,0.55,1000,1
100trials_400,0.24,-0.10000000000000003,0,0.39999999999999997,0.10000000000000003,0.8,0.15,0.23,0.25,0.37,0.43333333333333335,-0.05000000000000002,0.52,0.45000000000000007,-610,0.9
100trials_401,-0.12000000000000005,-0.19999999999999996,0.10000000000000003,0.2,0,-0.7000000000000001,0.1,0.46,0.32,0.12,-0.16666666666666666,-0.04999999999999996,0.22,-0.35000000000000003,-2260,-0.5
100trials_402,0.21999999999999997,0.10000000000000003,0.10000000000000009,0.19999999999999996,0.30000000000000004,0.4,0.19,0.2,0.36,0.25,0.3,0.10000000000000006,0.44,0.35000000000000003,250,0.3
100trials_403,0.17999999999999994,-0.19999999999999996,0.3999999999999999,0.10000000000000003,0.10000000000000003,0.5,0.17,0.24,0.29,0.3,0.23333333333333336,0.09999999999999998,0.47,0.30000000000000004,-910,0.7
100trials_404,0.040000000000000036,-0.3999999999999999,-0.6000000000000001,0.8,0.30000000000000004,0.10000000000000003,0.18,0.3,0.38,0.14,0.4000000000000001,-0.5,0.32,0.20000000000000004,-425,0.5
100trials_405,0.19999999999999996,-0.10000000000000003,0.10000000000000009,0.5,0.29999999999999993,0.20000000000000007,0.17,0.23,0.36,0.24,0.3333333333333333,2.7755575615628914e-17,0.41000000000000003,0.25,-995,0.3
100trials_406,0.5,-0.20000000000000007,0.4000000000000001,0.8,0.6000000000000001,0.8999999999999999,0.11,0.14,0.53,0.22,0.7666666666666666,0.1,0.33,0.75,895,1.1
100trials_407,0.17999999999999994,0,0.10000000000000003,0.10000000000000009,0.30000000000000004,0.3999999999999999,0.09,0.32,0.42,0.17,0.26666666666666666,0.05000000000000002,0.26,0.35,-1140,0.4
100trials_408,-0.1200000000000001,-0.3999999999999999,-0.39999999999999997,-0.5,0.7,0,0.17,0.39,0.35,0.09,0.06666666666666665,-0.3999999999999999,0.26,0.35,-1540,0.4
100trials_409,0.08000000000000002,-0.10000000000000009,0.10000000000000009,0.10000000000000009,0.7,-0.4000000000000001,0.14,0.32,0.34,0.2,0.13333333333333333,0,0.34,0.14999999999999994,-1735,-0.3
100trials_41,0.26,-0.5,0,0.5,1,0.30000000000000004,0.15,0.22,0.16,0.47,0.6,-0.25,0.62,0.65,350,0.8
100trials_410,-0.08000000000000007,-0.6000000000000001,0.30000000000000004,0.30000000000000004,-0.3999999999999999,0,0.15,0.39,0.29,0.17,-0.03333333333333329,-0.15000000000000002,0.32,-0.19999999999999996,-1295,0.6
100trials_411,0.26,0.10000000000000009,0.5,0.8,0.10000000000000009,-0.2,0.14,0.23,0.33,0.3,0.2333333333333334,0.30000000000000004,0.44,-0.04999999999999996,-600,-0.3
100trials_412,0.28,-0.29999999999999993,0.30000000000000004,0.7000000000000001,0.30000000000000004,0.39999999999999997,0.16,0.2,0.42,0.22,0.4666666666666666,5.551115123125783e-17,0.38,0.35,885,0.7
100trials_413,0.14000000000000007,-0.39999999999999997,0.30000000000000004,0.5,0.5,-0.20000000000000007,0.11,0.32,0.45,0.12,0.26666666666666666,-0.04999999999999996,0.22999999999999998,0.14999999999999997,-1570,0.2
100trials_414,0.41999999999999993,-0.10000000000000003,0,1,1,0.2,0.15,0.14,0.11,0.6,0.7333333333333334,-0.05000000000000002,0.75,0.6,360,0.3
100trials_415,-0.020000000000000018,-0.19999999999999996,-0.10000000000000003,0,0.19999999999999996,0,0.16,0.35,0.22,0.27,0.06666666666666665,-0.15,0.43000000000000005,0.09999999999999998,-1530,0.2
100trials_416,0.03999999999999998,0,0.10000000000000003,0,-0.6000000000000001,0.7,0.08,0.4,0.42,0.1,0.03333333333333329,0.05000000000000002,0.18,0.04999999999999993,-200,0.7
100trials_417,0.6199999999999999,-0.5,0.6000000000000001,1,1,1,0.1,0.09,0.6,0.21,1,0.050000000000000044,0.31,1,1880,1.5
100trials_418,0.1399999999999999,0.19999999999999996,0.39999999999999997,0.10000000000000009,-0.30000000000000004,0.30000000000000004,0.17,0.26,0.22,0.35,0.03333333333333336,0.29999999999999993,0.52,0,-600,0.1
100trials_419,-0.3999999999999999,-0.9,-0.30000000000000004,-1,-0.10000000000000009,0.30000000000000004,0.1,0.6,0.2,0.1,-0.26666666666666666,-0.6000000000000001,0.2,0.09999999999999998,-3225,1.2
100trials_42,-0.24,-0.10000000000000003,-0.30000000000000004,-0.29999999999999993,0,-0.5,0.27,0.35,0.18,0.2,-0.26666666666666666,-0.20000000000000004,0.47000000000000003,-0.25,50,-0.4
100trials_420,-0.10000000000000009,-0.10000000000000003,0,0.19999999999999996,-0.30000000000000004,-0.30000000000000004,0.2,0.35,0.24,0.21,-0.1333333333333334,-0.05000000000000002,0.41000000000000003,-0.30000000000000004,-1850,-0.2
100trials_421,0.3,-0.19999999999999996,0,0.6000000000000001,0.5,0.6000000000000001,0.08,0.27,0.45,0.2,0.5666666666666668,-0.09999999999999998,0.28,0.55,270,0.8
100trials_422,0.68,0.5,0.10000000000000003,0.8,1,1,0.07,0.09,0.45,0.39,0.9333333333333332,0.30000000000000004,0.46,1,2005,0.5
100trials_423,0.17999999999999994,-0.39999999999999997,0.30000000000000004,0.7,0.10000000000000009,0.19999999999999996,0.15,0.26,0.41,0.18,0.3333333333333333,-0.04999999999999996,0.32999999999999996,0.15000000000000002,-505,0.6
100trials_424,0.08000000000000007,0,0,-0.10000000000000009,0.3999999999999999,0.10000000000000009,0.22,0.24,0.25,0.29,0.1333333333333333,0,0.51,0.25,-1220,0.1
100trials_425,0,0.19999999999999996,0.30000000000000004,0,-0.30000000000000004,-0.2,0.19,0.31,0.37,0.13,-0.16666666666666666,0.25,0.32,-0.25,-525,-0.4
100trials_426,-0.06,0.10000000000000003,-0.10000000000000003,-0.10000000000000003,-0.10000000000000009,-0.10000000000000003,0.19,0.34,0.2,0.27,-0.10000000000000005,0,0.46,-0.10000000000000006,-2135,-0.2
100trials_427,0.08000000000000007,0.10000000000000003,0.10000000000000003,0,0,0.19999999999999996,0.22,0.24,0.29,0.25,0.06666666666666665,0.10000000000000003,0.47,0.09999999999999998,-1350,0.1
100trials_428,0.1800000000000001,-0.10000000000000003,0.19999999999999996,0.30000000000000004,0.29999999999999993,0.20000000000000012,0.11,0.3,0.25,0.34,0.26666666666666666,0.04999999999999996,0.45,0.25,490,0.3
100trials_429,-0.040000000000000036,-0.10000000000000009,0,-0.3999999999999999,-0.10000000000000009,0.4,0.14,0.38,0.35,0.13,-0.033333333333333326,-0.050000000000000044,0.27,0.14999999999999997,-1415,0.5
100trials_43,-0.08000000000000002,-0.30000000000000004,-0.10000000000000009,-0.39999999999999997,0.30000000000000004,0.10000000000000009,0.15,0.39,0.26,0.2,5.551115123125783e-17,-0.20000000000000007,0.35,0.20000000000000007,-50,0.4
100trials_430,0.19999999999999996,-0.39999999999999997,0.10000000000000003,0.4000000000000001,0.7999999999999999,0.10000000000000003,0.15,0.25,0.42,0.18,0.43333333333333335,-0.14999999999999997,0.32999999999999996,0.44999999999999996,-535,0.5
100trials_431,0.21999999999999997,-0.19999999999999996,0,-0.19999999999999996,0.5,1,0.19,0.2,0.3,0.31,0.43333333333333335,-0.09999999999999998,0.5,0.75,290,1.2
100trials_432,-0.1600000000000001,-0.3999999999999999,0.2,-0.5,0,-0.10000000000000003,0.27,0.31,0.18,0.24,-0.20000000000000004,-0.09999999999999995,0.51,-0.05000000000000002,-850,0.3
100trials_433,-0.1600000000000001,-0.19999999999999996,-0.39999999999999997,-0.10000000000000003,-0.19999999999999996,0.10000000000000009,0.27,0.31,0.18,0.24,-0.06666666666666664,-0.29999999999999993,0.51,-0.04999999999999993,-850,0.3
100trials_434,-0.10000000000000009,-0.19999999999999996,-0.19999999999999996,-0.19999999999999996,0,0.10000000000000003,0.26,0.29,0.24,0.21,-0.033333333333333305,-0.19999999999999996,0.47,0.05000000000000002,-990,0.3
100trials_435,-0.6399999999999999,-0.20000000000000007,-0.6000000000000001,-1,-0.6000000000000001,-0.7999999999999999,0.22,0.6,0.07,0.11,-0.7999999999999999,-0.4000000000000001,0.33,-0.7,-4050,-0.6
100trials_436,0.16000000000000003,1,-0.8999999999999999,-0.8999999999999999,1,0.5999999999999999,0.1,0.32,0.28,0.3,0.2333333333333333,0.050000000000000044,0.4,0.7999999999999999,-1345,-0.4
100trials_437,0.39999999999999997,0.4,0.7000000000000001,0.6000000000000001,0.19999999999999996,0.10000000000000009,0.09,0.21,0.6,0.1,0.30000000000000004,0.55,0.19,0.15000000000000002,-145,-0.3
100trials_438,0.020000000000000018,-0.19999999999999996,0.10000000000000003,0.3999999999999999,-0.5,0.30000000000000004,0.19,0.3,0.29,0.22,0.06666666666666665,-0.04999999999999996,0.41000000000000003,-0.09999999999999998,-560,0.5
100trials_439,0.15999999999999992,0.30000000000000004,0,0.10000000000000009,0.5,-0.10000000000000009,0.1,0.32,0.42,0.16,0.16666666666666666,0.15000000000000002,0.26,0.19999999999999996,-1425,-0.4
100trials_44,-0.040000000000000036,-0.5,-0.10000000000000003,-1,0.4000000000000001,1,0.29,0.23,0.44,0.04,0.1333333333333334,-0.30000000000000004,0.32999999999999996,0.7000000000000001,-1050,1.5
100trials_440,-0.09999999999999998,-0.3999999999999999,0.10000000000000009,-0.30000000000000004,0.10000000000000009,0,0.22,0.33,0.28,0.17,-0.06666666666666665,-0.1499999999999999,0.39,0.050000000000000044,-2260,0.4
100trials_441,-0.19999999999999996,-0.10000000000000003,-0.29999999999999993,-0.29999999999999993,-0.5,0.19999999999999996,0.23,0.37,0.3,0.1,-0.19999999999999998,-0.19999999999999998,0.33,-0.15000000000000002,-2065,0.3
100trials_442,0.33999999999999997,-0.30000000000000004,0.3999999999999999,0.19999999999999996,0.5999999999999999,0.8,0.12,0.21,0.49,0.18,0.5333333333333333,0.04999999999999993,0.3,0.7,-735,1.1
100trials_443,0.06000000000000005,0.8,-0.10000000000000003,-0.30000000000000004,0.10000000000000009,-0.20000000000000007,0.15,0.32,0.35,0.18,-0.13333333333333333,0.35,0.32999999999999996,-0.04999999999999999,-2125,-1
100trials_444,0.08000000000000002,0.20000000000000007,-0.5,0.5,0.30000000000000004,-0.10000000000000003,0.12,0.34,0.39,0.15,0.2333333333333333,-0.14999999999999997,0.27,0.1,-1550,-0.3
100trials_445,0.17999999999999994,0.10000000000000009,0,0.19999999999999996,0.19999999999999996,0.3999999999999999,0.13,0.28,0.29,0.3,0.2666666666666666,0.050000000000000044,0.43,0.29999999999999993,-130,0.3
100trials_446,-0.36000000000000004,-0.6000000000000001,-0.30000000000000004,0.10000000000000003,-0.39999999999999997,-0.6000000000000001,0.16,0.52,0.19,0.13,-0.3,-0.45000000000000007,0.29000000000000004,-0.5,-1775,0
100trials_447,-0.21999999999999997,0.19999999999999996,-0.30000000000000004,-0.5,0,-0.5,0.18,0.43,0.24,0.15,-0.3333333333333333,-0.050000000000000044,0.32999999999999996,-0.25,-900,-0.7
100trials_448,-0.21999999999999997,-0.19999999999999996,-0.10000000000000003,0,-0.7,-0.10000000000000009,0.1,0.51,0.27,0.12,-0.26666666666666666,-0.15,0.22,-0.4,-1570,0.1
100trials_449,0.54,-0.2,0.9,0,1,1,0.09,0.14,0.6,0.17,0.6666666666666666,0.35,0.26,1,1045,1.2
100trials_45,-0.31999999999999995,0,-0.10000000000000009,-0.7,-0.5,-0.30000000000000004,0.18,0.48,0.15,0.19,-0.5,-0.050000000000000044,0.37,-0.4,-1300,-0.3
100trials_450,0.06000000000000005,0,-0.10000000000000003,0,0.10000000000000003,0.29999999999999993,0.24,0.23,0.27,0.26,0.13333333333333333,-0.05000000000000002,0.5,0.19999999999999998,-1420,0.3
100trials_451,0.12000000000000005,-0.19999999999999996,0.3999999999999999,0,0.19999999999999996,0.20000000000000007,0.18,0.26,0.34,0.22,0.13333333333333333,0.09999999999999998,0.4,0.2,-595,0.4
100trials_452,0,0,0,-0.10000000000000009,0,0.10000000000000009,0.2,0.3,0.21,0.29,0,0,0.49,0.050000000000000044,-470,0.1
100trials_453,0.6599999999999999,-0.3999999999999999,0.7000000000000001,1,1,1,0.07,0.1,0.23,0.6,1,0.15000000000000008,0.6699999999999999,1,2360,1.4
100trials_454,0,0.30000000000000004,-0.10000000000000009,0,-0.10000000000000009,-0.10000000000000009,0.19,0.31,0.35,0.15,-0.06666666666666672,0.09999999999999998,0.33999999999999997,-0.10000000000000009,-565,-0.4
100trials_455,0.15999999999999998,0.19999999999999996,0,0.20000000000000007,0.19999999999999996,0.19999999999999996,0.21,0.21,0.36,0.22,0.19999999999999998,0.09999999999999998,0.43,0.19999999999999996,-1510,0
100trials_456,-0.1600000000000001,-0.5,0.19999999999999996,-0.7000000000000001,0.8,-0.5999999999999999,0.12,0.46,0.31,0.11,-0.16666666666666663,-0.15000000000000002,0.22999999999999998,0.10000000000000009,-2475,-0.1
100trials_457,-0.26,-0.30000000000000004,0.30000000000000004,-0.10000000000000009,-0.8999999999999999,-0.30000000000000004,0.13,0.5,0.25,0.12,-0.43333333333333335,0,0.25,-0.6,-1860,0
100trials_458,-0.36000000000000004,-0.19999999999999996,-0.5,-0.5,-0.10000000000000003,-0.5,0.17,0.51,0.12,0.2,-0.3666666666666667,-0.35,0.37,-0.30000000000000004,-2330,-0.3
100trials_459,0.6000000000000001,-0.30000000000000004,1,1,0.8,0.5,0.07,0.13,0.6,0.2,0.7666666666666666,0.35,0.27,0.65,2480,0.8
100trials_46,0.41999999999999993,0,0.19999999999999996,0,0.9,1,0.07,0.22,0.61,0.1,0.6333333333333333,0.09999999999999998,0.17,0.95,-300,1
100trials_460,-0.43999999999999995,-0.10000000000000003,-0.5,-0.6000000000000001,-0.5,-0.5,0.12,0.6,0.13,0.15,-0.5333333333333333,-0.30000000000000004,0.27,-0.5,-3290,-0.4
100trials_461,-0.43999999999999995,-0.10000000000000003,-0.5,-0.6000000000000001,-0.5,-0.5,0.12,0.6,0.13,0.15,-0.5333333333333333,-0.30000000000000004,0.27,-0.5,-3290,-0.4
100trials_462,0.020000000000000018,-0.19999999999999996,0.10000000000000003,0.10000000000000009,0.10000000000000003,0,0.1,0.39,0.34,0.17,0.06666666666666671,-0.04999999999999996,0.27,0.05000000000000002,-720,0.2
100trials_463,-0.06000000000000005,-0.5,0.10000000000000003,0,-0.10000000000000009,0.19999999999999996,0.19,0.34,0.25,0.22,0.03333333333333329,-0.19999999999999998,0.41000000000000003,0.04999999999999993,-2000,0.7
100trials_464,-0.35999999999999993,-0.7000000000000001,0.10000000000000003,-0.5,-1,0.30000000000000004,0.24,0.44,0.2,0.12,-0.39999999999999997,-0.30000000000000004,0.36,-0.35,-1570,1
100trials_465,0.7,1,1,1,-0.10000000000000003,0.6000000000000001,0.05,0.1,0.6,0.25,0.5,1,0.3,0.25,2400,-0.4
100trials_466,-0.040000000000000036,-0.10000000000000003,0,0,-0.10000000000000003,0,0.25,0.27,0.25,0.23,-0.03333333333333335,-0.05000000000000002,0.48,-0.05000000000000002,-1035,0.1
100trials_467,-0.17999999999999994,0,0.19999999999999996,0.2,-0.5,-0.8,0.12,0.47,0.22,0.19,-0.3666666666666667,0.09999999999999998,0.31,-0.65,-2375,-0.8
100trials_468,0.5800000000000001,0.8999999999999999,-0.6000000000000001,1,1,0.6000000000000001,0.05,0.16,0.6,0.19,0.8666666666666667,0.1499999999999999,0.24,0.8,1390,-0.3
100trials_469,-0.06000000000000005,-0.10000000000000003,0,0,0,-0.2,0.21,0.32,0.18,0.29,-0.06666666666666667,-0.05000000000000002,0.5,-0.1,-2235,-0.1
100trials_47,0.020000000000000018,0.19999999999999996,0.10000000000000003,-0.10000000000000003,0.19999999999999996,-0.29999999999999993,0.22,0.27,0.4,0.11,-0.06666666666666667,0.15,0.33,-0.04999999999999999,-250,-0.5
100trials_470,-0.13999999999999996,-0.19999999999999996,-0.19999999999999996,-0.30000000000000004,0.10000000000000009,-0.10000000000000003,0.15,0.42,0.29,0.14,-0.09999999999999999,-0.19999999999999996,0.29000000000000004,2.7755575615628914e-17,-300,0.1
100trials_471,0.6200000000000001,-0.39999999999999997,1,1,1,0.5,0.05,0.14,0.62,0.19,0.8333333333333334,0.30000000000000004,0.24,0.75,1000,0.9
100trials_472,0.16000000000000003,0.30000000000000004,-0.20000000000000012,0.20000000000000007,0.39999999999999997,0.10000000000000003,0.17,0.25,0.39,0.19,0.2333333333333334,0.04999999999999996,0.36,0.25,-500,-0.2
100trials_473,-0.020000000000000018,-0.3999999999999999,-0.10000000000000009,0,-0.20000000000000012,0.6000000000000001,0.1,0.41,0.39,0.1,0.13333333333333333,-0.25,0.2,0.19999999999999998,50,1
100trials_474,-0.5799999999999998,-0.7,-0.6000000000000001,-0.7000000000000001,-0.20000000000000007,-0.7,0.22,0.57,0.08,0.13,-0.5333333333333333,-0.65,0.35,-0.45,-1700,0
100trials_475,-0.12000000000000005,-0.8999999999999999,0.39999999999999997,0.10000000000000009,0.5,-0.7000000000000001,0.18,0.38,0.2,0.24,-0.033333333333333326,-0.24999999999999997,0.42,-0.10000000000000003,-750,0.2
100trials_476,-0.21999999999999997,-0.30000000000000004,-0.30000000000000004,-0.19999999999999996,-0.30000000000000004,0,0.12,0.49,0.29,0.1,-0.16666666666666666,-0.30000000000000004,0.22,-0.15000000000000002,-800,0.3
100trials_477,0.040000000000000036,-0.39999999999999997,0.10000000000000003,0,0.10000000000000009,0.3999999999999999,0.16,0.32,0.28,0.24,0.16666666666666666,-0.14999999999999997,0.4,0.25,-700,0.8
100trials_478,-0.32,-0.6000000000000001,-0.5,-0.10000000000000003,-0.5,0.10000000000000009,0.27,0.39,0.17,0.17,-0.16666666666666666,-0.55,0.44000000000000006,-0.19999999999999996,-925,0.7
100trials_479,0.19999999999999996,0.10000000000000003,0.19999999999999996,0.29999999999999993,0.10000000000000003,0.30000000000000004,0.17,0.23,0.37,0.23,0.2333333333333333,0.15,0.4,0.20000000000000004,-600,0.2
100trials_48,0.24,0.10000000000000003,0,0.10000000000000009,0.10000000000000003,0.8999999999999999,0.04,0.34,0.18,0.44,0.3666666666666667,0.05000000000000002,0.48,0.5,-750,0.8
100trials_480,-0.12000000000000005,-0.10000000000000009,0.10000000000000009,-0.30000000000000004,-0.10000000000000003,-0.19999999999999996,0.17,0.39,0.24,0.2,-0.20000000000000004,0,0.37,-0.15,-550,-0.1
100trials_481,0.3400000000000001,-0.6000000000000001,0.30000000000000004,0,1,1,0.12,0.21,0.13,0.54,0.6666666666666666,-0.15000000000000002,0.66,1,-250,1.6
100trials_482,-0.10000000000000009,0,-0.10000000000000009,-0.20000000000000007,-0.10000000000000009,-0.10000000000000009,0.26,0.29,0.29,0.16,-0.13333333333333341,-0.050000000000000044,0.42000000000000004,-0.10000000000000009,-450,-0.1
100trials_483,-0.020000000000000018,0.19999999999999996,-0.19999999999999996,-0.19999999999999996,0.10000000000000009,0,0.18,0.33,0.29,0.2,-0.03333333333333329,0,0.38,0.050000000000000044,-1200,-0.2
100trials_484,0.2799999999999999,-0.10000000000000003,0.3999999999999999,0.3999999999999999,0.29999999999999993,0.39999999999999997,0.13,0.23,0.29,0.35,0.36666666666666664,0.14999999999999994,0.48,0.35,-100,0.5
100trials_485,-0.08000000000000007,-0.19999999999999996,0,-0.20000000000000007,0,0,0.26,0.28,0.22,0.24,-0.0666666666666667,-0.09999999999999998,0.5,0,-450,0.2
100trials_486,-0.14,-0.29999999999999993,-0.20000000000000007,-0.10000000000000003,-0.10000000000000009,0,0.18,0.39,0.26,0.17,-0.06666666666666671,-0.25,0.35,-0.050000000000000044,-525,0.3
100trials_487,0.08000000000000002,-0.29999999999999993,0.19999999999999996,0,0.10000000000000003,0.3999999999999999,0.23,0.23,0.27,0.27,0.16666666666666666,-0.04999999999999999,0.5,0.24999999999999997,-375,0.7
100trials_488,0.06000000000000005,0.30000000000000004,0,0,-0.19999999999999996,0.19999999999999996,0.23,0.24,0.31,0.22,0,0.15000000000000002,0.45,0,-450,-0.1
100trials_489,-0.8,-0.8,-0.8999999999999999,-0.8999999999999999,-1,-0.39999999999999997,0.13,0.77,0.07,0.03,-0.7666666666666666,-0.85,0.16,-0.7,-2150,0.4
100trials_49,-0.040000000000000036,-0.10000000000000009,-0.30000000000000004,0.20000000000000012,0,0,0.17,0.35,0.37,0.11,0.06666666666666671,-0.20000000000000007,0.28,0,400,0.1
100trials_490,-0.040000000000000036,-0.10000000000000003,0.10000000000000003,0.19999999999999996,0,-0.4,0.18,0.34,0.24,0.24,-0.0666666666666667,0,0.42,-0.2,-950,-0.3
100trials_491,0.06000000000000005,0.10000000000000003,0,0.19999999999999996,0,0,0.23,0.24,0.25,0.28,0.06666666666666665,0.05000000000000002,0.51,0,-325,-0.1
100trials_492,0.040000000000000036,-0.10000000000000003,0,0.20000000000000012,-0.3999999999999999,0.5,0.17,0.31,0.25,0.27,0.10000000000000007,-0.05000000000000002,0.44000000000000006,0.050000000000000044,175,0.6
100trials_493,-0.16000000000000003,-0.39999999999999997,0.5,-0.30000000000000004,-0.3999999999999999,-0.19999999999999996,0.26,0.32,0.25,0.17,-0.3,0.05000000000000002,0.43000000000000005,-0.29999999999999993,-1325,0.2
100trials_494,0,-0.10000000000000003,0.19999999999999996,-0.10000000000000009,0.10000000000000009,-0.10000000000000003,0.18,0.32,0.21,0.29,-0.03333333333333335,0.04999999999999996,0.47,2.7755575615628914e-17,-1200,0
100trials_495,0.6600000000000001,-0.10000000000000009,0.3999999999999999,1,1,1,0.09,0.08,0.05,0.78,1,0.1499999999999999,0.87,1,3125,1.1
100trials_496,0.03999999999999998,-0.10000000000000003,0,0,0,0.30000000000000004,0.2,0.28,0.28,0.24,0.10000000000000002,-0.05000000000000002,0.44,0.15000000000000002,100,0.4
100trials_497,-0.3399999999999999,-0.8,0.10000000000000009,-0.19999999999999996,-1,0.20000000000000007,0.25,0.42,0.23,0.1,-0.3333333333333333,-0.35,0.35,-0.39999999999999997,-550,1
100trials_498,0.12000000000000005,-0.19999999999999996,0.30000000000000004,-0.10000000000000009,0.19999999999999996,0.3999999999999999,0.12,0.32,0.46,0.1,0.1666666666666666,0.050000000000000044,0.22,0.29999999999999993,-650,0.6
100trials_499,-0.040000000000000036,0,0,0,0,-0.20000000000000007,0.24,0.28,0.24,0.24,-0.0666666666666667,0,0.48,-0.10000000000000003,-350,-0.2
100trials_5,0.08000000000000007,-0.19999999999999996,-0.10000000000000003,-0.10000000000000003,0.8,0,0.15,0.31,0.26,0.28,0.2333333333333333,-0.15,0.43000000000000005,0.4,-1300,0.2
100trials_50,-0.6400000000000001,-0.6000000000000001,-0.8,-0.5,-0.3999999999999999,-0.8999999999999999,0.29,0.53,0.08,0.1,-0.6,-0.7000000000000001,0.39,-0.6499999999999999,-2300,-0.3
100trials_500,0.08000000000000007,-0.10000000000000003,0,-0.2,0.19999999999999996,0.5,0.17,0.29,0.26,0.28,0.16666666666666666,-0.05000000000000002,0.45000000000000007,0.35,75,0.6
100trials_501,0.41999999999999993,0.8,-0.20000000000000007,0.7999999999999999,0.7000000000000001,0,0.14,0.15,0.27,0.44,0.5,0.3,0.5800000000000001,0.35000000000000003,600,-0.8
100trials_502,-0.18000000000000005,-0.29999999999999993,0,-0.10000000000000009,0,-0.5,0.27,0.32,0.24,0.17,-0.20000000000000004,-0.14999999999999997,0.44000000000000006,-0.25,-1525,-0.2
100trials_503,-0.040000000000000036,-0.10000000000000003,0,-0.10000000000000003,0,0,0.27,0.25,0.25,0.23,-0.03333333333333335,-0.05000000000000002,0.5,0,-750,0.1
100trials_504,0.32000000000000006,-0.19999999999999996,0.30000000000000004,1,0.19999999999999996,0.30000000000000004,0.1,0.24,0.54,0.12,0.5,0.050000000000000044,0.22,0.25,175,0.5
100trials_51,0.12,0.7,0,0.20000000000000007,-0.10000000000000003,-0.19999999999999996,0.34,0.1,0.39,0.17,-0.033333333333333305,0.35,0.51,-0.15,200,-0.9
100trials_52,-0.11999999999999994,0.10000000000000003,0,-0.6000000000000001,-0.20000000000000012,0.10000000000000003,0.09,0.47,0.39,0.05,-0.2333333333333334,0.05000000000000002,0.14,-0.050000000000000044,-850,0
100trials_53,-0.43999999999999995,-0.3999999999999999,-0.30000000000000004,-0.3999999999999999,-1,-0.10000000000000003,0.25,0.47,0.15,0.13,-0.5,-0.35,0.38,-0.55,-1700,0.3
100trials_54,0.32,0.8,-0.19999999999999996,0,0.30000000000000004,0.7,0.01,0.33,0.65,0.01,0.3333333333333333,0.30000000000000004,0.02,0.5,1050,-0.1
100trials_55,0.15999999999999992,0.2,-0.30000000000000004,0.10000000000000003,0.30000000000000004,0.5,0.02,0.4,0.36,0.22,0.30000000000000004,-0.05000000000000002,0.24,0.4,200,0.3
100trials_56,0.09999999999999998,-0.39999999999999997,0,0.30000000000000004,0.39999999999999997,0.19999999999999996,0.17,0.28,0.36,0.19,0.3,-0.19999999999999998,0.36,0.29999999999999993,100,0.6
100trials_57,-0.10000000000000003,-0.6000000000000001,0.10000000000000003,0,0,0,0.17,0.38,0.26,0.19,0,-0.25,0.36,0,-800,0.6
100trials_58,-0.19999999999999996,-0.6000000000000001,0,-0.29999999999999993,0,-0.10000000000000009,0.11,0.49,0.3,0.1,-0.13333333333333333,-0.30000000000000004,0.21000000000000002,-0.050000000000000044,-700,0.5
100trials_59,0.10000000000000003,-0.10000000000000003,0.30000000000000004,0.10000000000000003,0,0.19999999999999996,0.05,0.4,0.13,0.42,0.09999999999999999,0.1,0.47,0.09999999999999998,-150,0.3
100trials_6,-0.72,-0.19999999999999996,-0.7,-1,-0.8999999999999999,-0.8,0.12,0.74,0.08,0.06,-0.9,-0.44999999999999996,0.18,-0.85,-1200,-0.6
100trials_60,-0.48,-0.8,-0.8999999999999999,-0.5,-0.20000000000000007,0,0.26,0.48,0.15,0.11,-0.23333333333333336,-0.85,0.37,-0.10000000000000003,-1100,0.8
100trials_61,0.19999999999999996,-0.3999999999999999,0.30000000000000004,0.4000000000000001,-0.10000000000000003,0.8,0.12,0.28,0.16,0.44,0.3666666666666667,-0.04999999999999993,0.56,0.35,200,1.2
100trials_62,0.82,0.10000000000000003,1,1,1,1,0.01,0.08,0.2,0.71,1,0.55,0.72,1,1700,0.9
100trials_63,0.020000000000000018,0.19999999999999996,0.19999999999999996,-0.19999999999999996,0.29999999999999993,-0.4000000000000001,0.22,0.27,0.28,0.23,-0.10000000000000003,0.19999999999999996,0.45,-0.05000000000000007,-350,-0.6
100trials_64,0.3399999999999999,-0.5,-0.30000000000000004,1,0.5,1,0.1,0.23,0.19,0.48,0.8333333333333334,-0.4,0.58,0.75,1200,1.5
100trials_65,-0.36000000000000004,-0.30000000000000004,-0.39999999999999997,-0.5,-0.5,-0.10000000000000009,0.23,0.45,0.15,0.17,-0.3666666666666667,-0.35,0.4,-0.30000000000000004,-1250,0.2
100trials_66,-0.08000000000000007,-0.7000000000000001,0.19999999999999996,-0.39999999999999997,0.6000000000000001,-0.10000000000000003,0.18,0.36,0.22,0.24,0.03333333333333336,-0.25000000000000006,0.42,0.25,550,0.6
100trials_67,-0.11999999999999994,-0.10000000000000009,-0.6000000000000001,-0.19999999999999996,0.10000000000000003,0.2,0.15,0.41,0.23,0.21,0.03333333333333336,-0.3500000000000001,0.36,0.15000000000000002,50,0.3
100trials_68,-0.06,-0.6000000000000001,-0.8999999999999999,0.19999999999999996,0,1,0.2,0.33,0.39,0.08,0.39999999999999997,-0.75,0.28,0.5,200,1.6
100trials_69,0.5999999999999999,0,0,1,1,1,0.1,0.1,0.1,0.7,1,0,0.7999999999999999,1,1500,1
100trials_7,-0.06000000000000005,-0.19999999999999996,0.20000000000000007,-0.10000000000000009,0,-0.19999999999999996,0.14,0.39,0.35,0.12,-0.10000000000000002,5.551115123125783e-17,0.26,-0.09999999999999998,400,0
100trials_70,-0.08000000000000007,-0.10000000000000009,-0.5,-0.20000000000000012,0.30000000000000004,0.10000000000000009,0.15,0.39,0.29,0.17,0.06666666666666667,-0.30000000000000004,0.32,0.20000000000000007,750,0.2
100trials_71,-0.1600000000000001,-0.3999999999999999,-0.39999999999999997,-0.19999999999999996,0.10000000000000003,0.10000000000000003,0.24,0.34,0.24,0.18,3.700743415417188e-17,-0.3999999999999999,0.42,0.10000000000000003,-1350,0.5
100trials_72,0.74,0.2,0.6000000000000001,0.8999999999999999,1,1,0.01,0.12,0.44,0.43,0.9666666666666667,0.4,0.44,1,1950,0.8
100trials_73,0.040000000000000036,-0.29999999999999993,0.19999999999999996,0.10000000000000009,0.19999999999999996,0,0.25,0.23,0.31,0.21,0.10000000000000002,-0.04999999999999999,0.45999999999999996,0.09999999999999998,600,0.3
100trials_74,0.56,0.6000000000000001,0.8,0.39999999999999997,0.6000000000000001,0.39999999999999997,0.02,0.2,0.72,0.06,0.4666666666666666,0.7000000000000001,0.08,0.5,1150,-0.2
100trials_75,-0.14000000000000007,-0.5,0.8,-0.4000000000000001,-1,0.39999999999999997,0.17,0.4,0.39,0.04,-0.3333333333333334,0.15000000000000002,0.21000000000000002,-0.30000000000000004,-300,0.9
100trials_76,-0.24,-0.7000000000000001,-0.10000000000000009,-0.10000000000000003,0.10000000000000009,-0.4000000000000001,0.15,0.47,0.3,0.08,-0.13333333333333333,-0.4000000000000001,0.22999999999999998,-0.15,100,0.3
100trials_77,-0.040000000000000036,-0.19999999999999996,0.10000000000000003,0,0,-0.10000000000000003,0.06,0.46,0.41,0.07,-0.03333333333333335,-0.04999999999999996,0.13,-0.05000000000000002,-850,0.1
100trials_78,0.52,0.6000000000000001,0.7,0.8,0.39999999999999997,0.10000000000000003,0.01,0.23,0.72,0.04,0.43333333333333335,0.65,0.05,0.25,350,-0.5
100trials_79,0.10000000000000009,-0.20000000000000007,0.19999999999999996,0.19999999999999996,0.10000000000000003,0.19999999999999996,0.21,0.24,0.34,0.21,0.16666666666666666,-5.551115123125783e-17,0.42,0.15,-450,0.4
100trials_8,-0.040000000000000036,0,0.30000000000000004,-0.39999999999999997,0,-0.10000000000000009,0.3,0.22,0.24,0.24,-0.16666666666666666,0.15000000000000002,0.54,-0.050000000000000044,-1000,-0.1
100trials_80,-0.040000000000000036,-0.10000000000000003,0,0,0,-0.10000000000000009,0.17,0.35,0.27,0.21,-0.03333333333333336,-0.05000000000000002,0.38,-0.050000000000000044,800,-0
100trials_81,-0.12000000000000005,0.19999999999999996,-0.7000000000000001,0,0.10000000000000009,-0.19999999999999996,0.12,0.44,0.26,0.18,-0.03333333333333329,-0.25000000000000006,0.3,-0.04999999999999993,100,-0.4
100trials_82,-0.12000000000000005,-0.5,0.10000000000000009,0,-0.10000000000000003,-0.10000000000000003,0.18,0.38,0.3,0.14,-0.0666666666666667,-0.19999999999999996,0.32,-0.10000000000000003,-600,0.4
100trials_83,0.28,0.10000000000000003,0.2,0.39999999999999997,0.5,0.2,0.11,0.25,0.33,0.31,0.36666666666666664,0.15000000000000002,0.42,0.35,250,0.1
100trials_84,0.10000000000000003,-0.5,0.5,0.39999999999999997,0.30000000000000004,-0.19999999999999996,0.06,0.39,0.49,0.06,0.16666666666666666,0,0.12,0.050000000000000044,1050,0.3
100trials_85,-0.5,-0.30000000000000004,-0.8,-0.39999999999999997,-0.39999999999999997,-0.6000000000000001,0.02,0.73,0.22,0.03,-0.4666666666666666,-0.55,0.05,-0.5,-1200,-0.3
100trials_86,-0.14000000000000007,-0.3999999999999999,-0.19999999999999996,-0.10000000000000003,0.2,-0.19999999999999996,0.17,0.4,0.3,0.13,-0.033333333333333326,-0.29999999999999993,0.30000000000000004,2.7755575615628914e-17,-100,0.2
100trials_87,0.88,0.8,1,0.8,0.8,1,0.05,0.01,0.92,0.02,0.8666666666666667,0.9,0.07,0.9,1050,0.2
100trials_88,-0.6200000000000001,-0.6000000000000001,-0.7000000000000001,-0.5,-0.6000000000000001,-0.7,0.35,0.46,0.16,0.03,-0.6,-0.6500000000000001,0.38,-0.65,-2450,-0.1
100trials_89,0.28,-0.19999999999999996,0.19999999999999996,0.39999999999999997,0.6000000000000001,0.39999999999999997,0.13,0.23,0.27,0.37,0.4666666666666666,0,0.5,0.5,-400,0.6
100trials_9,-0.06000000000000005,-0.20000000000000007,-0.10000000000000003,0.10000000000000003,-0.5,0.39999999999999997,0.14,0.39,0.36,0.11,0,-0.15000000000000005,0.25,-0.05000000000000002,700,0.6
100trials_90,-0.54,-0.8,-0.6000000000000001,-0.4,-0.6000000000000001,-0.30000000000000004,0.17,0.6,0.16,0.07,-0.43333333333333335,-0.7000000000000001,0.24000000000000002,-0.45000000000000007,-1300,0.5
100trials_91,0.8799999999999999,0.3999999999999999,1,1,1,1,0.02,0.04,0.1,0.84,1,0.7,0.86,1,1200,0.6
100trials_92,-0.26,-0.30000000000000004,-0.30000000000000004,0.30000000000000004,-0.30000000000000004,-0.7000000000000001,0.25,0.38,0.19,0.18,-0.23333333333333336,-0.30000000000000004,0.43,-0.5,200,-0.4
100trials_93,0.08000000000000007,-0.29999999999999993,0.30000000000000004,0.30000000000000004,0.10000000000000003,0,0.21,0.25,0.37,0.17,0.13333333333333336,5.551115123125783e-17,0.38,0.05000000000000002,800,0.3
100trials_94,0.22000000000000008,-0.30000000000000004,0.39999999999999997,0,0.39999999999999997,0.6000000000000001,0.15,0.24,0.27,0.34,0.3333333333333333,0.04999999999999996,0.49,0.5,900,0.9
100trials_95,-0.10000000000000003,-0.3999999999999999,0.30000000000000004,-0.30000000000000004,0.10000000000000003,-0.19999999999999996,0.18,0.37,0.33,0.12,-0.13333333333333333,-0.04999999999999993,0.3,-0.04999999999999996,-500,0.2
100trials_96,0.14000000000000007,0.10000000000000009,-0.9,-0.5,1,1,0.13,0.3,0.29,0.28,0.5,-0.39999999999999997,0.41000000000000003,1,500,0.9
100trials_97,0.06000000000000005,-0.2,0.30000000000000004,0.10000000000000009,-0.10000000000000009,0.19999999999999996,0.09,0.38,0.4,0.13,0.06666666666666665,0.05000000000000002,0.22,0.04999999999999993,-250,0.4
100trials_98,-0.21999999999999997,0.10000000000000009,-0.7000000000000001,-0.19999999999999996,0.19999999999999996,-0.5,0.17,0.44,0.31,0.08,-0.16666666666666666,-0.3,0.25,-0.15000000000000002,-300,-0.6
100trials_99,-0.10000000000000003,-0.39999999999999997,0.10000000000000009,-0.10000000000000003,-0.30000000000000004,0.19999999999999996,0.18,0.37,0.27,0.18,-0.06666666666666671,-0.14999999999999994,0.36,-0.050000000000000044,600,0.6
150trials_1,-0.10666666666666669,-0.33333333333333337,-0.1333333333333333,-0.1333333333333333,0.06666666666666665,0,0.30666666666666664,0.24666666666666667,0.25333333333333335,0.19333333333333333,-0.022222222222222216,-0.23333333333333334,0.5,0.033333333333333326,-550,0.333
150trials_10,0.8266666666666667,0.1333333333333333,1,1,1,1,0.06,0.02666666666666667,0.06666666666666667,0.8466666666666667,1,0.5666666666666667,0.9066666666666667,1,2550,0.867
150trials_11,0.5333333333333334,-0.8666666666666667,0.9333333333333333,0.6000000000000001,1,1,0.19333333333333333,0.04,0.76,0.006666666666666667,0.8666666666666667,0.033333333333333326,0.19999999999999998,1,1450,1.867
150trials_12,-0.21333333333333337,0.2666666666666666,-0.5999999999999999,-0.5333333333333332,-0.4666666666666666,0.26666666666666666,0.09333333333333334,0.5133333333333333,0.12,0.2733333333333333,-0.24444444444444438,-0.16666666666666663,0.36666666666666664,-0.09999999999999998,-900,0
150trials_13,0.4266666666666667,-0.19999999999999996,-0.6666666666666666,1,1,1,0.08666666666666667,0.2,0.66,0.05333333333333334,1,-0.4333333333333333,0.14,1,1650,1.2
150trials_14,-0.6133333333333334,-0.6666666666666665,-0.6666666666666666,-0.5333333333333332,-0.8,-0.39999999999999997,0.12666666666666668,0.68,0.04,0.15333333333333332,-0.5777777777777777,-0.6666666666666665,0.28,-0.6,-2250,0.267
150trials_15,-0.17333333333333334,-0.5999999999999999,-0.20000000000000007,-0.06666666666666665,0,0,0.17333333333333334,0.41333333333333333,0.24,0.17333333333333334,-0.022222222222222216,-0.39999999999999997,0.3466666666666667,0,-50,0.6
150trials_16,0.5599999999999999,-0.2,0.2666666666666666,0.7333333333333334,1,1,0.03333333333333333,0.18666666666666668,0.08,0.7,0.9111111111111111,0.0333333333333333,0.7333333333333333,1,1500,1.2
150trials_17,-0.21333333333333337,-0.2666666666666666,-0.5999999999999999,-0.20000000000000007,-0.33333333333333326,0.3333333333333334,0.18,0.4266666666666667,0.18666666666666668,0.20666666666666667,-0.06666666666666664,-0.43333333333333324,0.38666666666666666,8.326672684688674e-17,-150,0.6
150trials_18,-0.01333333333333342,0.06666666666666665,0,-0.1333333333333333,-0.06666666666666665,0.06666666666666665,0.12666666666666668,0.38,0.32666666666666666,0.16666666666666666,-0.04444444444444443,0.033333333333333326,0.29333333333333333,0,1100,0
150trials_19,0.24,0.4666666666666666,-0.06666666666666665,0,0.2666666666666666,0.5333333333333332,0.13333333333333333,0.24666666666666667,0.18666666666666668,0.43333333333333335,0.2666666666666666,0.19999999999999998,0.5666666666666667,0.3999999999999999,550,0.067
150trials_2,-0.2933333333333334,-0.4666666666666666,-0.2666666666666666,0.06666666666666665,-0.3999999999999999,-0.3999999999999999,0.26666666666666666,0.38,0.22666666666666666,0.12666666666666668,-0.24444444444444438,-0.3666666666666666,0.3933333333333333,-0.3999999999999999,-1600,0.067
150trials_20,0.22666666666666657,-0.3333333333333333,-0.19999999999999996,0.8,0.39999999999999997,0.46666666666666673,0.14,0.24666666666666667,0.12,0.49333333333333335,0.5555555555555556,-0.2666666666666666,0.6333333333333333,0.43333333333333335,1600,0.8
150trials_21,0.6933333333333334,-0.19999999999999996,1,1,1,0.6666666666666667,0.03333333333333333,0.12,0.06666666666666667,0.78,0.888888888888889,0.4,0.8133333333333334,0.8333333333333334,2300,0.867
150trials_22,0,0,-0.06666666666666665,-0.26666666666666666,0,0.33333333333333337,0.18,0.32,0.2866666666666667,0.21333333333333335,0.022222222222222237,-0.033333333333333326,0.3933333333333333,0.16666666666666669,-500,0.333
150trials_23,-0.39999999999999997,-0.6000000000000001,-0.19999999999999996,-0.26666666666666666,-0.4666666666666666,-0.4666666666666666,0.08666666666666667,0.6133333333333333,0.2866666666666667,0.013333333333333334,-0.39999999999999997,-0.4,0.1,-0.4666666666666666,-1650,0.133
150trials_24,0.03999999999999998,-0.6666666666666665,-0.4666666666666666,-0.06666666666666665,0.5333333333333332,0.8666666666666667,0.10666666666666667,0.37333333333333335,0.07333333333333333,0.44666666666666666,0.4444444444444444,-0.5666666666666665,0.5533333333333333,0.7,-600,1.533
150trials_25,0.16000000000000003,0,0,0.2666666666666666,0.33333333333333326,0.20000000000000007,0.16666666666666666,0.25333333333333335,0.29333333333333333,0.2866666666666667,0.26666666666666666,0,0.45333333333333337,0.26666666666666666,200,0.2
150trials_26,-0.31999999999999995,-0.1333333333333333,-0.3333333333333333,-0.3333333333333333,-0.19999999999999996,-0.5999999999999999,0.13333333333333333,0.5266666666666666,0.22,0.12,-0.3777777777777777,-0.2333333333333333,0.2533333333333333,-0.3999999999999999,-1500,-0.467
150trials_27,0.6399999999999999,-0.5999999999999999,0.8,1,1,1,0.013333333333333334,0.16666666666666666,0.013333333333333334,0.8066666666666666,1,0.10000000000000009,0.82,1,1300,1.6
150trials_28,-0.3333333333333334,-0.2,-0.8,0,-0.4666666666666666,-0.2,0.10666666666666667,0.56,0.29333333333333333,0.04,-0.2222222222222222,-0.5,0.14666666666666667,-0.3333333333333333,-2250,0
150trials_29,-0.9333333333333333,-0.6666666666666667,-1,-1,-1,-1,0.013333333333333334,0.9533333333333334,0.02,0.013333333333333334,-1,-0.8333333333333334,0.02666666666666667,-1,-3400,-0.333
150trials_3,0.28,0.5333333333333332,0,0,-0.1333333333333333,1,0.12666666666666668,0.23333333333333334,0.5866666666666667,0.05333333333333334,0.2888888888888889,0.2666666666666666,0.18000000000000002,0.43333333333333335,900,0.467
150trials_30,0.15999999999999998,-0.39999999999999997,-0.33333333333333326,0.6,0.2,0.7333333333333334,0.08666666666666667,0.3333333333333333,0.47333333333333333,0.10666666666666667,0.5111111111111112,-0.3666666666666666,0.19333333333333336,0.4666666666666667,700,1.133
150trials_31,-0.48,-0.39999999999999997,-0.6,-0.13333333333333336,-0.7333333333333334,-0.5333333333333332,0.22666666666666666,0.5133333333333333,0.21333333333333335,0.04666666666666667,-0.4666666666666666,-0.5,0.2733333333333333,-0.6333333333333333,-2200,-0.133
150trials_32,-0.2666666666666666,-0.6666666666666665,-1,-0.3333333333333333,-0.1333333333333333,0.8,0.11333333333333333,0.52,0.16,0.20666666666666667,0.11111111111111115,-0.8333333333333333,0.32,0.33333333333333337,-1550,1.467
150trials_33,-0.06666666666666665,0.06666666666666665,-0.2666666666666666,-0.06666666666666665,-0.06666666666666665,0,0.18666666666666668,0.3466666666666667,0.20666666666666667,0.26,-0.04444444444444443,-0.09999999999999998,0.44666666666666666,-0.033333333333333326,-1450,-0.067
150trials_34,0.8666666666666667,0.4666666666666666,0.9333333333333333,1,0.9333333333333333,1,0.013333333333333334,0.05333333333333334,0.013333333333333334,0.92,0.9777777777777779,0.7,0.9333333333333333,0.9666666666666667,2800,0.533
150trials_35,-0.8933333333333334,-0.6666666666666665,-1,-0.9333333333333333,-1,-0.8666666666666667,0.18,0.7666666666666667,0.02666666666666667,0.02666666666666667,-0.9333333333333332,-0.8333333333333333,0.20666666666666667,-0.9333333333333333,-4200,-0.2
150trials_36,-0.16000000000000003,-0.1333333333333333,0,0.39999999999999997,-0.4666666666666666,-0.6,0.2,0.38,0.31333333333333335,0.10666666666666667,-0.2222222222222222,-0.06666666666666665,0.3066666666666667,-0.5333333333333333,200,-0.467
150trials_37,0.33333333333333337,-0.1333333333333333,0.1333333333333333,-0.20000000000000007,0.9333333333333333,0.9333333333333333,0.08666666666666667,0.24666666666666667,0.4266666666666667,0.24,0.5555555555555555,0,0.32666666666666666,0.9333333333333333,1300,1.067
150trials_38,0.9466666666666668,0.7333333333333334,1,1,1,1,0.013333333333333334,0.013333333333333334,0.02,0.9533333333333334,1,0.8666666666666667,0.9666666666666667,1,2450,0.267
150trials_39,0.11999999999999988,-0.3333333333333334,-0.06666666666666665,-0.06666666666666665,0.39999999999999997,0.6666666666666667,0.12666666666666668,0.31333333333333335,0.16666666666666666,0.3933333333333333,0.3333333333333333,-0.20000000000000004,0.52,0.5333333333333333,100,1
150trials_4,0.6133333333333333,-0.20000000000000007,0.3333333333333333,1,1,0.9333333333333333,0.12,0.07333333333333333,0.74,0.06666666666666667,0.9777777777777779,0.06666666666666662,0.18666666666666665,0.9666666666666667,2200,1.133
150trials_40,-0.1600000000000001,-0.1333333333333333,-0.1333333333333333,-0.2666666666666666,-0.1333333333333333,-0.1333333333333333,0.2,0.38,0.18,0.24,-0.17777777777777773,-0.1333333333333333,0.44,-0.1333333333333333,200,0
150trials_41,-0.05333333333333329,-0.19999999999999996,-0.06666666666666665,-0.7999999999999999,0.3999999999999999,0.39999999999999997,0.18,0.3466666666666667,0.22666666666666666,0.24666666666666667,-1.850371707708594e-17,-0.1333333333333333,0.42666666666666664,0.3999999999999999,0,0.6
150trials_42,0.22666666666666663,-0.5333333333333332,-0.2666666666666666,-0.06666666666666665,1,1,0.12,0.26666666666666666,0.08,0.5333333333333333,0.6444444444444445,-0.3999999999999999,0.6533333333333333,1,550,1.533
150trials_43,0.06666666666666665,0,0,0,0.26666666666666666,0.06666666666666665,0.12,0.3466666666666667,0.3466666666666667,0.18666666666666668,0.1111111111111111,0,0.30666666666666664,0.16666666666666666,800,0.067
150trials_44,0.1600000000000001,-0.06666666666666665,0,-0.2666666666666666,0.13333333333333336,1,0.03333333333333333,0.38666666666666666,0.28,0.3,0.2888888888888889,-0.033333333333333326,0.3333333333333333,0.5666666666666667,-200,1.067
150trials_45,-0.41333333333333333,-0.33333333333333326,-0.39999999999999997,-0.7333333333333333,-0.19999999999999996,-0.3999999999999999,0.16666666666666666,0.54,0.2,0.09333333333333334,-0.44444444444444436,-0.3666666666666666,0.26,-0.29999999999999993,-1300,-0.067
150trials_46,0.9199999999999999,1,1,0.8666666666666667,0.7333333333333334,1,0.02666666666666667,0.013333333333333334,0.82,0.14,0.8666666666666667,1,0.16666666666666669,0.8666666666666667,2350,0
150trials_47,0.12000000000000005,0.33333333333333326,0,0.06666666666666665,0.2666666666666666,-0.06666666666666665,0.11333333333333333,0.32666666666666666,0.47333333333333333,0.08666666666666667,0.08888888888888886,0.16666666666666663,0.2,0.09999999999999998,400,-0.4
150trials_48,0.040000000000000036,-0.06666666666666665,0.06666666666666665,0.06666666666666665,0.06666666666666665,0.06666666666666665,0.22,0.26,0.29333333333333333,0.22666666666666666,0.06666666666666665,0,0.44666666666666666,0.06666666666666665,200,0.133
150trials_49,-0.22666666666666663,-0.33333333333333326,-0.4666666666666666,-0.33333333333333337,-0.06666666666666665,0.06666666666666665,0.11333333333333333,0.5,0.22,0.16666666666666666,-0.11111111111111112,-0.3999999999999999,0.27999999999999997,0,-150,0.4
150trials_5,0.8133333333333334,0.3333333333333333,0.8666666666666667,0.8666666666666667,1,1,0.08666666666666667,0.006666666666666667,0.9,0.006666666666666667,0.9555555555555556,0.6,0.09333333333333334,1,1900,0.667
150trials_50,-0.27999999999999997,-0.4666666666666666,-0.6,-0.2666666666666666,-0.1333333333333333,0.06666666666666665,0.17333333333333334,0.4666666666666667,0.25333333333333335,0.10666666666666667,-0.11111111111111109,-0.5333333333333333,0.28,-0.033333333333333326,-1450,0.533
150trials_51,0,0,-0.06666666666666665,-0.1333333333333333,0,0.20000000000000007,0.14,0.36,0.31333333333333335,0.18666666666666668,0.022222222222222254,-0.033333333333333326,0.32666666666666666,0.10000000000000003,550,0.2
150trials_52,0.5466666666666666,0.06666666666666665,-0.2666666666666666,0.9333333333333333,1,1,0.06666666666666667,0.16,0.6,0.17333333333333334,0.9777777777777779,-0.09999999999999998,0.24,1,1250,0.933
150trials_53,-0.040000000000000036,-0.33333333333333326,-0.5333333333333332,0.19999999999999996,0.39999999999999997,0.06666666666666665,0.20666666666666667,0.31333333333333335,0.3466666666666667,0.13333333333333333,0.22222222222222218,-0.43333333333333324,0.33999999999999997,0.2333333333333333,-500,0.4
150trials_54,-0.0533333333333334,-0.19999999999999996,0.06666666666666665,-0.2666666666666666,0,0.1333333333333333,0.28,0.24666666666666667,0.26666666666666666,0.20666666666666667,-0.04444444444444443,-0.06666666666666665,0.4866666666666667,0.06666666666666665,700,0.333
150trials_55,0.6400000000000001,0.2666666666666666,0.26666666666666666,0.6666666666666665,1,1,0.03333333333333333,0.14666666666666667,0.7466666666666667,0.07333333333333333,0.8888888888888888,0.2666666666666666,0.10666666666666666,1,2450,0.733
150trials_56,-0.46666666666666673,-0.7333333333333334,-0.8666666666666667,-0.2666666666666666,-0.06666666666666665,-0.3999999999999999,0.12666666666666668,0.6066666666666667,0.17333333333333334,0.09333333333333334,-0.24444444444444438,-0.8,0.22000000000000003,-0.23333333333333328,-1650,0.333
150trials_57,1,1,1,1,1,1,0,0,0,1,1,1,1,1,3750,0
150trials_58,-0.14666666666666672,-0.2666666666666666,-0.19999999999999996,-0.19999999999999996,-0.39999999999999997,0.3333333333333334,0.22,0.35333333333333333,0.20666666666666667,0.22,-0.08888888888888881,-0.23333333333333328,0.44,-0.03333333333333327,-150,0.6
150trials_59,0.06666666666666665,0,0.1333333333333333,0.06666666666666665,0.1333333333333333,0,0.13333333333333333,0.3333333333333333,0.37333333333333335,0.16,0.06666666666666665,0.06666666666666665,0.29333333333333333,0.06666666666666665,150,0
150trials_6,-0.25333333333333335,-0.5333333333333332,-0.46666666666666673,-0.06666666666666665,0.06666666666666665,-0.2666666666666666,0.32,0.30666666666666664,0.23333333333333334,0.14,-0.08888888888888886,-0.5,0.46,-0.09999999999999998,-1500,0.267
150trials_60,0.7466666666666667,0,0.7333333333333334,1,1,1,0.04666666666666667,0.08,0.09333333333333334,0.78,1,0.3666666666666667,0.8266666666666667,1,2950,1
150trials_61,-0.08000000000000007,0.06666666666666665,-0.1333333333333333,-0.2,0.06666666666666665,-0.20000000000000007,0.18666666666666668,0.35333333333333333,0.3,0.16,-0.11111111111111115,-0.033333333333333326,0.3466666666666667,-0.06666666666666671,250,-0.267
150trials_62,-0.25333333333333335,-0.2666666666666666,-0.06666666666666665,0,-0.5333333333333332,-0.39999999999999997,0.19333333333333333,0.43333333333333335,0.24666666666666667,0.12666666666666668,-0.31111111111111106,-0.16666666666666663,0.32,-0.46666666666666656,-500,-0.133
150trials_63,0.28,-0.5333333333333332,-0.1333333333333333,0.39999999999999997,0.8,0.8666666666666667,0.11333333333333333,0.24666666666666667,0.21333333333333335,0.4266666666666667,0.6888888888888888,-0.33333333333333326,0.54,0.8333333333333334,2100,1.4
150trials_64,0.5066666666666666,0.3999999999999999,0.5333333333333332,0.3333333333333333,0.5999999999999999,0.6666666666666666,0.03333333333333333,0.21333333333333335,0.6133333333333333,0.14,0.5333333333333332,0.46666666666666656,0.17333333333333334,0.6333333333333333,2250,0.267
150trials_65,-0.21333333333333337,-0.06666666666666665,0.06666666666666665,-0.1333333333333333,-0.39999999999999997,-0.5333333333333334,0.03333333333333333,0.5733333333333334,0.36666666666666664,0.02666666666666667,-0.35555555555555557,0,0.06,-0.4666666666666667,-1550,-0.467
150trials_66,0.03999999999999998,-0.06666666666666665,-0.1333333333333333,0,0.19999999999999996,0.19999999999999996,0.2,0.28,0.26,0.26,0.1333333333333333,-0.09999999999999998,0.46,0.19999999999999996,400,0.267
150trials_67,0.026666666666666616,-0.2666666666666666,-0.06666666666666665,0,0,0.4666666666666666,0.19333333333333333,0.29333333333333333,0.12,0.3933333333333333,0.15555555555555553,-0.16666666666666663,0.5866666666666667,0.2333333333333333,400,0.733
150trials_68,-0.1600000000000001,-0.06666666666666665,-0.19999999999999996,-0.1333333333333333,-0.39999999999999997,0,0.14,0.44,0.3,0.12,-0.17777777777777773,-0.1333333333333333,0.26,-0.19999999999999998,100,0.067
150trials_69,0.5466666666666667,1,0.1333333333333333,0.3333333333333333,0.6000000000000001,0.6666666666666667,0.02666666666666667,0.2,0.7666666666666667,0.006666666666666667,0.5333333333333333,0.5666666666666667,0.03333333333333333,0.6333333333333334,1900,-0.333
150trials_7,0.25333333333333335,0.1333333333333333,0.39999999999999997,-0.19999999999999996,1,-0.06666666666666665,0.06,0.31333333333333335,0.3466666666666667,0.28,0.24444444444444446,0.2666666666666666,0.34,0.4666666666666667,450,-0.2
150trials_70,0.39999999999999997,-0.5999999999999999,0.06666666666666665,0.5333333333333332,1,1,0.10666666666666667,0.19333333333333333,0.26,0.44,0.8444444444444444,-0.2666666666666666,0.5466666666666666,1,1000,1.6
150trials_71,0.7599999999999999,0.3999999999999999,0.9333333333333333,1,0.7999999999999999,0.6666666666666666,0.06,0.06,0.23333333333333334,0.6466666666666666,0.8222222222222221,0.6666666666666666,0.7066666666666666,0.7333333333333333,2450,0.267
150trials_72,0.17333333333333334,-0.7333333333333334,-0.5333333333333332,0.1333333333333333,1,1,0.17333333333333334,0.24,0.05333333333333334,0.5333333333333333,0.7111111111111111,-0.6333333333333333,0.7066666666666667,1,250,1.733
150trials_73,-0.17333333333333334,-0.4666666666666666,0.33333333333333326,-0.5333333333333332,-0.6,0.39999999999999997,0.26666666666666666,0.32,0.22666666666666666,0.18666666666666668,-0.24444444444444446,-0.06666666666666668,0.45333333333333337,-0.1,200,0.867
150trials_74,0.28,-0.46666666666666673,0.06666666666666665,1,0.7333333333333334,0.06666666666666665,0.13333333333333333,0.22666666666666666,0.15333333333333332,0.4866666666666667,0.6,-0.20000000000000004,0.62,0.4,150,0.533
150trials_75,0.2666666666666666,-0.06666666666666665,-0.2666666666666666,0.06666666666666665,0.6000000000000001,1,0.07333333333333333,0.29333333333333333,0.28,0.35333333333333333,0.5555555555555556,-0.16666666666666663,0.42666666666666664,0.8,1250,1.067
150trials_76,0.040000000000000036,-0.06666666666666665,0.19999999999999996,0.06666666666666665,-0.1333333333333333,0.1333333333333333,0.07333333333333333,0.4066666666666667,0.4066666666666667,0.11333333333333333,0.022222222222222216,0.06666666666666665,0.18666666666666665,0,100,0.2
150trials_77,0.2533333333333334,-0.2666666666666666,0.1333333333333333,0.33333333333333337,0.4666666666666666,0.6000000000000001,0.20666666666666667,0.16666666666666666,0.47333333333333333,0.15333333333333332,0.46666666666666673,-0.06666666666666665,0.36,0.5333333333333333,1550,0.867
150trials_78,0.16000000000000003,-0.1333333333333333,0.06666666666666665,-0.1333333333333333,0,1,0.16666666666666666,0.25333333333333335,0.5066666666666667,0.07333333333333333,0.2888888888888889,-0.033333333333333326,0.24,0.5,700,1.133
150trials_79,0.4000000000000001,-0.19999999999999996,0.1333333333333333,0.6000000000000001,0.7333333333333334,0.7333333333333334,0.10666666666666667,0.19333333333333333,0.14,0.56,0.688888888888889,-0.033333333333333326,0.6666666666666667,0.7333333333333334,1200,0.933
150trials_8,1,1,1,1,1,1,0,0,0,1,1,1,1,1,3750,0
150trials_80,0.43999999999999995,-0.39999999999999997,-0.39999999999999997,1,1,1,0.03333333333333333,0.24666666666666667,0.05333333333333334,0.6666666666666666,1,-0.39999999999999997,0.7,1,2150,1.4
150trials_81,-0.3600000000000001,0.20000000000000012,-0.3333333333333333,-0.5999999999999999,-0.6000000000000001,-0.4666666666666666,0.10666666666666667,0.5733333333333334,0.15333333333333332,0.16666666666666666,-0.5555555555555555,-0.0666666666666666,0.2733333333333333,-0.5333333333333333,-1850,-0.667
150trials_82,0,0.39999999999999997,-0.2,-0.3333333333333333,0.1333333333333333,0,0.10666666666666667,0.3933333333333333,0.4666666666666667,0.03333333333333333,-0.06666666666666667,0.09999999999999998,0.14,0.06666666666666665,-50,-0.4
150trials_83,-0.10666666666666669,-0.06666666666666665,-0.06666666666666665,-0.1333333333333333,-0.1333333333333333,-0.1333333333333333,0.26666666666666666,0.2866666666666667,0.2733333333333333,0.17333333333333334,-0.1333333333333333,-0.06666666666666665,0.44,-0.1333333333333333,-1300,-0.067
150trials_84,-0.22666666666666657,-0.19999999999999996,-0.39999999999999997,-0.5333333333333332,0,0,0.15333333333333332,0.46,0.28,0.10666666666666667,-0.17777777777777773,-0.29999999999999993,0.26,0,-1000,0.2
150trials_85,0.09333333333333327,-0.1333333333333333,-0.1333333333333333,0.33333333333333326,0,0.39999999999999997,0.16,0.29333333333333333,0.37333333333333335,0.17333333333333334,0.24444444444444438,-0.1333333333333333,0.33333333333333337,0.19999999999999998,-650,0.533
150trials_86,0.9199999999999999,0.6,1,1,1,1,0.03333333333333333,0.006666666666666667,0.02666666666666667,0.9333333333333333,1,0.8,0.9666666666666667,1,2050,0.4
150trials_87,0.040000000000000036,0.2666666666666666,0.46666666666666673,-0.8666666666666667,0.3333333333333333,0,0.15333333333333332,0.32666666666666666,0.1,0.42,-0.1777777777777778,0.3666666666666667,0.5733333333333333,0.16666666666666666,-300,-0.267
150trials_88,-0.05333333333333329,-0.2666666666666666,-0.06666666666666665,0.06666666666666665,0.1333333333333333,-0.1333333333333333,0.22,0.30666666666666664,0.2733333333333333,0.2,0.022222222222222216,-0.16666666666666663,0.42000000000000004,0,750,0.133
150trials_89,0.24,-0.19999999999999996,-0.19999999999999996,0.06666666666666665,0.6666666666666665,0.8666666666666667,0.13333333333333333,0.24666666666666667,0.5066666666666667,0.11333333333333333,0.5333333333333333,-0.19999999999999996,0.24666666666666665,0.7666666666666666,1650,1.067
150trials_9,-0.1333333333333333,-0.9333333333333333,0,0,0.06666666666666665,0.19999999999999996,0.14,0.4266666666666667,0.2,0.23333333333333334,0.08888888888888886,-0.4666666666666667,0.37333333333333335,0.1333333333333333,-50,1.133
150trials_90,0.35999999999999993,-0.33333333333333337,0.2666666666666666,0.1333333333333333,0.8,0.9333333333333333,0.10666666666666667,0.21333333333333335,0.13333333333333333,0.5466666666666666,0.6222222222222222,-0.03333333333333338,0.6533333333333333,0.8666666666666667,1400,1.267
150trials_91,0.19999999999999996,0.1333333333333333,0.3333333333333333,0.2666666666666666,0.06666666666666665,0.19999999999999996,0.18,0.22,0.38666666666666666,0.21333333333333335,0.17777777777777773,0.2333333333333333,0.3933333333333333,0.1333333333333333,1100,0.067
150trials_92,-0.3466666666666667,-0.1333333333333333,-0.6666666666666666,-0.5999999999999999,-0.26666666666666666,-0.06666666666666665,0.16,0.5133333333333333,0.2,0.12666666666666668,-0.31111111111111106,-0.39999999999999997,0.2866666666666667,-0.16666666666666666,-1950,0.067
150trials_93,0.25333333333333335,-0.06666666666666665,-0.3999999999999999,-0.1333333333333333,0.8666666666666667,1,0.26666666666666666,0.10666666666666667,0.16,0.4666666666666667,0.5777777777777778,-0.23333333333333328,0.7333333333333334,0.9333333333333333,1550,1.067
150trials_94,-0.24,0.20000000000000007,0.1333333333333333,-0.6666666666666665,-0.6666666666666666,-0.19999999999999996,0.16,0.46,0.29333333333333333,0.08666666666666667,-0.511111111111111,0.16666666666666669,0.24666666666666667,-0.4333333333333333,300,-0.4
150trials_95,0.52,0.33333333333333337,0.06666666666666665,0.8666666666666667,0.39999999999999997,0.9333333333333333,0.03333333333333333,0.20666666666666667,0.4533333333333333,0.30666666666666664,0.7333333333333334,0.2,0.33999999999999997,0.6666666666666666,2150,0.6
150trials_96,0.5066666666666667,0.46666666666666673,0.5333333333333332,0.5333333333333332,0.5333333333333332,0.4666666666666666,0.12,0.12666666666666668,0.5066666666666667,0.24666666666666667,0.511111111111111,0.5,0.3666666666666667,0.4999999999999999,1450,-0
150trials_97,0.2666666666666666,0,0.1333333333333333,0.19999999999999996,0.33333333333333326,0.6666666666666666,0.16666666666666666,0.2,0.34,0.29333333333333333,0.3999999999999999,0.06666666666666665,0.45999999999999996,0.49999999999999994,1200,0.667
150trials_98,-0.5333333333333334,-0.6,-0.8,-0.5999999999999999,-0.3999999999999999,-0.26666666666666666,0.07333333333333333,0.6933333333333334,0.19333333333333333,0.04,-0.4222222222222221,-0.7,0.11333333333333334,-0.33333333333333326,-1800,0.333
95trials_1,0.5578947368421052,-0.47368421052631576,0.6842105263157894,0.7894736842105263,0.7894736842105263,1,0.12631578947368421,0.09473684210526316,0.7473684210526316,0.031578947368421054,0.8596491228070176,0.10526315789473681,0.15789473684210525,0.8947368421052632,1150,1.474
95trials_10,0.5157894736842105,-0.05263157894736842,0.1578947368421053,0.47368421052631576,1,1,0.031578947368421054,0.21052631578947367,0.631578947368421,0.12631578947368421,0.8245614035087719,0.052631578947368446,0.15789473684210525,1,1475,1.053
95trials_11,-0.13684210526315788,-0.36842105263157887,-0.36842105263157887,0.2631578947368421,0.1578947368421053,-0.36842105263157887,0.14736842105263157,0.42105263157894735,0.3368421052631579,0.09473684210526316,0.017543859649122844,-0.36842105263157887,0.2421052631578947,-0.10526315789473678,-350,0
95trials_12,-0.19999999999999996,0.05263157894736842,-0.05263157894736842,-0.2631578947368421,-0.36842105263157887,-0.36842105263157887,0.15789473684210525,0.4421052631578947,0.22105263157894736,0.17894736842105263,-0.3333333333333333,0,0.3368421052631579,-0.36842105263157887,-325,-0.421
95trials_13,0.13684210526315788,-0.36842105263157887,0.05263157894736842,0.1578947368421053,0.368421052631579,0.47368421052631576,0.11578947368421053,0.3157894736842105,0.42105263157894735,0.14736842105263157,0.3333333333333333,-0.15789473684210523,0.2631578947368421,0.42105263157894735,450,0.842
95trials_14,-0.0736842105263158,-0.1578947368421053,0.05263157894736842,-0.1578947368421053,-0.2631578947368421,0.1578947368421053,0.14736842105263157,0.3894736842105263,0.28421052631578947,0.17894736842105263,-0.08771929824561403,-0.052631578947368446,0.3263157894736842,-0.05263157894736839,-425,0.316
95trials_15,0.34736842105263155,-0.05263157894736842,0.1578947368421053,0.36842105263157887,0.47368421052631576,0.7894736842105262,0.14736842105263157,0.17894736842105263,0.43157894736842106,0.24210526315789474,0.5438596491228069,0.052631578947368446,0.3894736842105263,0.631578947368421,450,0.842
95trials_2,-0.052631578947368474,-0.1578947368421053,-0.47368421052631576,-0.05263157894736842,-0.05263157894736842,0.47368421052631576,0.25263157894736843,0.2736842105263158,0.3473684210526316,0.12631578947368421,0.12280701754385964,-0.3157894736842105,0.37894736842105264,0.21052631578947367,-675,0.632
95trials_3,0.010526315789473717,-0.47368421052631576,-0.05263157894736842,0.1578947368421053,0.36842105263157887,0.05263157894736842,0.12631578947368421,0.3684210526315789,0.4,0.10526315789473684,0.1929824561403509,-0.2631578947368421,0.23157894736842105,0.21052631578947364,-750,0.526
95trials_4,0.052631578947368474,-0.2631578947368421,-0.05263157894736842,0.1578947368421053,0.368421052631579,0.05263157894736842,0.11578947368421053,0.35789473684210527,0.4,0.12631578947368421,0.1929824561403509,-0.15789473684210525,0.24210526315789474,0.2105263157894737,-525,0.316
95trials_5,0.28421052631578947,-0.1578947368421053,0.36842105263157887,0.47368421052631576,0.1578947368421053,0.5789473684210527,0.10526315789473684,0.25263157894736843,0.4842105263157895,0.15789473684210525,0.40350877192982454,0.10526315789473678,0.2631578947368421,0.368421052631579,100,0.737
95trials_6,0.49473684210526314,-0.2631578947368421,0.5789473684210527,0.7894736842105263,0.36842105263157887,1,0.06315789473684211,0.18947368421052632,0.5368421052631579,0.21052631578947367,0.7192982456140351,0.15789473684210528,0.27368421052631575,0.6842105263157894,1250,1.263
95trials_7,-0.05263157894736853,-0.1578947368421053,0.1578947368421053,0.05263157894736842,-0.05263157894736842,-0.2631578947368421,0.2,0.3263157894736842,0.3894736842105263,0.08421052631578947,-0.08771929824561403,0,0.28421052631578947,-0.15789473684210525,-150,-0.105
95trials_8,0.1578947368421053,-0.36842105263157887,0.1578947368421053,0.36842105263157887,0.368421052631579,0.2631578947368421,0.12631578947368421,0.29473684210526313,0.47368421052631576,0.10526315789473684,0.3333333333333333,-0.10526315789473678,0.23157894736842105,0.3157894736842105,150,0.632
95trials_9,0.0736842105263158,0.05263157894736842,0.05263157894736842,0.1578947368421053,0.05263157894736842,0.05263157894736842,0.10526315789473684,0.35789473684210527,0.4105263157894737,0.12631578947368421,0.08771929824561404,0.05263157894736842,0.23157894736842105,0.05263157894736842,-575,0
