id,total_won,total_lost,total_won_minus_lost,A,B,C,D,C_plus_A,C_minus_A,D_plus_B,D_minus_B,C_plus_D,A_plus_B,C_plus_D_minus_A_plus_B,C_plus_D_divided_by_A_plus_B,A_early,A_late,B_early,B_late,C_early,C_late,D_early,D_late,C_plus_A_early,C_plus_A_late,C_minus_A_early,C_minus_A_late,D_plus_B_early,D_plus_B_late,D_minus_B_early,D_minus_B_late,C_plus_D_early,C_plus_D_late,A_plus_B_early,A_plus_B_late,C_plus_D_minus_A_plus_B_early,C_plus_D_minus_A_plus_B_late,diff_A,diff_B,diff_C,diff_D,diff_C_plus_A,diff_C_minus_A,diff_D_plus_B,diff_D_minus_B,diff_C_plus_D,diff_A_plus_B,diff_C_plus_D_minus_A_plus_B,proportion_switch_any,proportion_switch_after_loss,proportion_switch_from_a_after_loss_on_a,proportion_switch_to_cd_after_loss_on_ab
100trials_1,8150,-9950,-1800,0.21,0.42,0.15,0.22,0.36,-0.06,0.64,-0.19999999999999998,0.37,0.63,-0.26,0.5873015873015873,0.25,0.18333333333333332,0.3,0.5,0.2,0.11666666666666667,0.25,0.2,0.45,0.3,-0.04999999999999999,-0.06666666666666665,0.55,0.7,-0.04999999999999999,-0.3,0.45,0.31666666666666665,0.55,0.6833333333333333,-0.10000000000000003,-0.3666666666666667,-0.06666666666666668,0.2,-0.08333333333333334,-0.04999999999999999,-0.15000000000000002,-0.016666666666666663,0.1499999999999999,-0.25,-0.13333333333333336,0.1333333333333333,-0.26666666666666666,0.2222222222222222,0.25,0.7272727272727273,0.2
100trials_10,8200,-8300,-100,0.19,0.45,0.15,0.21,0.33999999999999997,-0.04000000000000001,0.66,-0.24000000000000002,0.36,0.64,-0.28,0.5625,0.125,0.23333333333333334,0.45,0.45,0.175,0.13333333333333333,0.25,0.18333333333333332,0.3,0.3666666666666667,0.04999999999999999,-0.1,0.7,0.6333333333333333,-0.2,-0.2666666666666667,0.425,0.31666666666666665,0.575,0.6833333333333333,-0.14999999999999997,-0.3666666666666667,0.10833333333333334,0,-0.04166666666666666,-0.06666666666666668,0.06666666666666671,-0.15,-0.06666666666666665,-0.06666666666666671,-0.10833333333333334,0.10833333333333339,-0.21666666666666673,0.43434343434343436,0.08695652173913043,1,0.8461538461538461
100trials_100,7450,-7050,400,0.17,0.32,0.16,0.35,0.33,-0.010000000000000009,0.6699999999999999,0.02999999999999997,0.51,0.49,0.020000000000000018,1.0408163265306123,0.225,0.13333333333333333,0.3,0.3333333333333333,0.075,0.21666666666666667,0.4,0.31666666666666665,0.3,0.35,-0.15000000000000002,0.08333333333333334,0.7,0.6499999999999999,0.10000000000000003,-0.016666666666666663,0.47500000000000003,0.5333333333333333,0.525,0.4666666666666667,-0.04999999999999999,0.06666666666666665,-0.09166666666666667,0.033333333333333326,0.14166666666666666,-0.08333333333333337,0.04999999999999999,0.23333333333333336,-0.050000000000000044,-0.1166666666666667,0.05833333333333329,-0.05833333333333335,0.11666666666666664,0.06060606060606061,0.22727272727272727,1,0.6666666666666666
100trials_101,7250,-6200,1050,0.11,0.34,0.09,0.46,0.2,-0.020000000000000004,0.8,0.12,0.55,0.45,0.10000000000000003,1.2222222222222223,0.025,0.16666666666666666,0.575,0.18333333333333332,0.025,0.13333333333333333,0.375,0.5166666666666667,0.05,0.3,0,-0.033333333333333326,0.95,0.7000000000000001,-0.19999999999999996,0.33333333333333337,0.4,0.65,0.6,0.35,-0.19999999999999996,0.30000000000000004,0.14166666666666666,-0.3916666666666666,0.10833333333333334,0.14166666666666672,0.25,-0.033333333333333326,-0.2499999999999999,0.5333333333333333,0.25,-0.25,0.5,0.8282828282828283,0.5333333333333333,0.4,0.25
100trials_102,5750,-5200,550,0.02,0.13,0.66,0.19,0.68,0.64,0.32,0.06,0.8500000000000001,0.15,0.7000000000000001,5.666666666666668,0.05,0,0.325,0,0.15,1,0.475,0,0.2,1,0.09999999999999999,1,0.8,0,0.14999999999999997,0,0.625,1,0.375,0,0.25,1,-0.05,-0.325,0.85,-0.475,0.8,0.9,-0.8,-0.14999999999999997,0.375,-0.375,0.75,0.9090909090909091,0.7894736842105263,1,0.5
100trials_103,8750,-9850,-1100,0.02,0.73,0.06,0.19,0.08,0.039999999999999994,0.9199999999999999,-0.54,0.25,0.75,-0.5,0.3333333333333333,0.05,0,0.45,0.9166666666666666,0.1,0.03333333333333333,0.4,0.05,0.15000000000000002,0.03333333333333333,0.05,0.03333333333333333,0.8500000000000001,0.9666666666666667,-0.04999999999999999,-0.8666666666666666,0.5,0.08333333333333334,0.5,0.9166666666666666,0,-0.8333333333333333,-0.05,0.4666666666666666,-0.06666666666666668,-0.35000000000000003,-0.1166666666666667,-0.01666666666666667,0.11666666666666659,-0.8166666666666667,-0.41666666666666663,0.41666666666666663,-0.8333333333333333,0.8484848484848485,0.5,1,0.3333333333333333
100trials_104,7150,-6450,700,0.13,0.3,0.19,0.38,0.32,0.06,0.6799999999999999,0.08000000000000002,0.5700000000000001,0.43,0.14000000000000007,1.3255813953488373,0.125,0.13333333333333333,0.25,0.3333333333333333,0.225,0.16666666666666666,0.4,0.36666666666666664,0.35,0.3,0.1,0.033333333333333326,0.65,0.7,0.15000000000000002,0.033333333333333326,0.625,0.5333333333333333,0.375,0.4666666666666667,0.25,0.06666666666666665,0.008333333333333331,0.08333333333333331,-0.05833333333333335,-0.03333333333333338,-0.04999999999999999,-0.06666666666666668,0.04999999999999993,-0.1166666666666667,-0.09166666666666667,0.09166666666666667,-0.18333333333333335,0.5353535353535354,0.14285714285714285,1,0.8888888888888888
100trials_105,7400,-7350,50,0.19,0.29,0.23,0.29,0.42000000000000004,0.04000000000000001,0.58,0,0.52,0.48,0.040000000000000036,1.0833333333333335,0.125,0.23333333333333334,0.5,0.15,0.175,0.26666666666666666,0.2,0.35,0.3,0.5,0.04999999999999999,0.033333333333333326,0.7,0.5,-0.3,0.19999999999999998,0.375,0.6166666666666667,0.625,0.3833333333333333,-0.25,0.2333333333333334,0.10833333333333334,-0.35,0.09166666666666667,0.14999999999999997,0.2,-0.016666666666666663,-0.19999999999999996,0.5,0.2416666666666667,-0.2416666666666667,0.4833333333333334,0.6565656565656566,0.2692307692307692,0.7777777777777778,0.6666666666666666
100trials_106,7550,-7400,150,0.09,0.42,0.15,0.34,0.24,0.06,0.76,-0.07999999999999996,0.49,0.51,-0.020000000000000018,0.9607843137254901,0.05,0.11666666666666667,0.5,0.36666666666666664,0.125,0.16666666666666666,0.325,0.35,0.175,0.2833333333333333,0.075,0.04999999999999999,0.825,0.7166666666666666,-0.175,-0.016666666666666663,0.45,0.5166666666666666,0.55,0.4833333333333333,-0.10000000000000003,0.033333333333333326,0.06666666666666667,-0.13333333333333336,0.04166666666666666,0.024999999999999967,0.10833333333333334,-0.02500000000000001,-0.10833333333333339,0.15833333333333333,0.0666666666666666,-0.06666666666666676,0.13333333333333336,0.2727272727272727,0.1111111111111111,1,0.875
100trials_107,7150,-6350,800,0.07,0.36,0.07,0.5,0.14,0,0.86,0.14,0.5700000000000001,0.43,0.14000000000000007,1.3255813953488373,0.125,0.03333333333333333,0.25,0.43333333333333335,0.125,0.03333333333333333,0.5,0.5,0.25,0.06666666666666667,0,0,0.75,0.9333333333333333,0.25,0.06666666666666665,0.625,0.5333333333333333,0.375,0.4666666666666667,0.25,0.06666666666666665,-0.09166666666666667,0.18333333333333335,-0.09166666666666667,0,-0.18333333333333335,0,0.18333333333333335,-0.18333333333333335,-0.09166666666666667,0.09166666666666667,-0.18333333333333335,0.5959595959595959,0.125,1,0.7142857142857143
100trials_108,7600,-7900,-300,0.24,0.28,0.21,0.27,0.44999999999999996,-0.03,0.55,-0.010000000000000009,0.48,0.52,-0.040000000000000036,0.923076923076923,0.2,0.26666666666666666,0.4,0.2,0.075,0.3,0.325,0.23333333333333334,0.275,0.5666666666666667,-0.125,0.033333333333333326,0.7250000000000001,0.43333333333333335,-0.07500000000000001,0.033333333333333326,0.4,0.5333333333333333,0.6000000000000001,0.4666666666666667,-0.20000000000000007,0.06666666666666665,0.06666666666666665,-0.2,0.22499999999999998,-0.09166666666666667,0.29166666666666663,0.15833333333333333,-0.29166666666666674,0.10833333333333334,0.1333333333333333,-0.13333333333333341,0.2666666666666667,0.5353535353535354,0.4444444444444444,0.5833333333333334,0.26666666666666666
100trials_109,6050,-5350,700,0.13,0.08,0.34,0.45,0.47000000000000003,0.21000000000000002,0.53,0.37,0.79,0.21000000000000002,0.5800000000000001,3.761904761904762,0.3,0.016666666666666666,0.2,0,0.325,0.35,0.175,0.6333333333333333,0.625,0.36666666666666664,0.025000000000000022,0.3333333333333333,0.375,0.6333333333333333,-0.025000000000000022,0.6333333333333333,0.5,0.9833333333333333,0.5,0.016666666666666666,0,0.9666666666666666,-0.2833333333333333,-0.2,0.024999999999999967,0.4583333333333333,-0.25833333333333336,0.3083333333333333,0.2583333333333333,0.6583333333333333,0.4833333333333333,-0.48333333333333334,0.9666666666666666,0.45454545454545453,0.5161290322580645,0.625,0.6666666666666666
100trials_11,7800,-7750,50,0.22,0.34,0.27,0.17,0.49,0.05000000000000002,0.51,-0.17,0.44000000000000006,0.56,-0.12,0.7857142857142857,0.25,0.2,0.375,0.31666666666666665,0.3,0.25,0.075,0.23333333333333334,0.55,0.45,0.04999999999999999,0.04999999999999999,0.45,0.55,-0.3,-0.08333333333333331,0.375,0.48333333333333334,0.625,0.5166666666666666,-0.25,-0.03333333333333327,-0.04999999999999999,-0.05833333333333335,-0.04999999999999999,0.15833333333333333,-0.10000000000000003,0,0.10000000000000003,0.21666666666666667,0.10833333333333334,-0.10833333333333339,0.21666666666666673,0.25252525252525254,0.20689655172413793,0.9090909090909091,0.35714285714285715
100trials_110,6550,-5650,900,0.12,0.19,0.21,0.48,0.32999999999999996,0.09,0.6699999999999999,0.29,0.69,0.31,0.37999999999999995,2.225806451612903,0.225,0.05,0.25,0.15,0.225,0.2,0.3,0.6,0.45,0.25,0,0.15000000000000002,0.55,0.75,0.04999999999999999,0.44999999999999996,0.525,0.8,0.475,0.2,0.050000000000000044,0.6000000000000001,-0.175,-0.1,-0.024999999999999994,0.3,-0.2,0.15000000000000002,0.19999999999999996,0.39999999999999997,0.275,-0.27499999999999997,0.55,0.6060606060606061,0.3181818181818182,0.3333333333333333,0.375
100trials_111,7900,-7500,400,0.11,0.47,0.13,0.29,0.24,0.020000000000000004,0.76,-0.18,0.42,0.58,-0.15999999999999998,0.7241379310344828,0.05,0.15,0.325,0.5666666666666667,0.175,0.1,0.45,0.18333333333333332,0.22499999999999998,0.25,0.12499999999999999,-0.04999999999999999,0.775,0.75,0.125,-0.3833333333333333,0.625,0.2833333333333333,0.375,0.7166666666666667,0.25,-0.43333333333333335,0.09999999999999999,0.24166666666666664,-0.07499999999999998,-0.2666666666666667,0.025000000000000022,-0.175,-0.025000000000000022,-0.5083333333333333,-0.3416666666666667,0.3416666666666667,-0.6833333333333333,0.7575757575757576,0.17647058823529413,0.8333333333333334,0.5
100trials_112,9450,-11950,-2500,0.32,0.57,0.06,0.05,0.38,-0.26,0.62,-0.5199999999999999,0.11,0.8899999999999999,-0.7799999999999999,0.12359550561797754,0.25,0.36666666666666664,0.6,0.55,0.1,0.03333333333333333,0.05,0.05,0.35,0.39999999999999997,-0.15,-0.3333333333333333,0.65,0.6000000000000001,-0.5499999999999999,-0.5,0.15000000000000002,0.08333333333333334,0.85,0.9166666666666667,-0.7,-0.8333333333333334,0.11666666666666664,-0.04999999999999993,-0.06666666666666668,0,0.04999999999999999,-0.18333333333333332,-0.04999999999999993,0.04999999999999993,-0.06666666666666668,0.06666666666666676,-0.13333333333333341,0.696969696969697,0.48,0.4117647058823529,0.043478260869565216
100trials_113,7250,-6650,600,0.16,0.29,0.12,0.43,0.28,-0.04000000000000001,0.72,0.14,0.55,0.44999999999999996,0.10000000000000009,1.2222222222222225,0.2,0.13333333333333333,0.4,0.21666666666666667,0.15,0.1,0.25,0.55,0.35,0.23333333333333334,-0.05000000000000002,-0.033333333333333326,0.65,0.7666666666666667,-0.15000000000000002,0.33333333333333337,0.4,0.65,0.6000000000000001,0.35,-0.20000000000000007,0.30000000000000004,-0.06666666666666668,-0.18333333333333335,-0.04999999999999999,0.30000000000000004,-0.11666666666666664,0.01666666666666669,0.1166666666666667,0.4833333333333334,0.25,-0.2500000000000001,0.5000000000000001,0.42424242424242425,0.1111111111111111,0.8571428571428571,0.4
100trials_114,6950,-6950,0,0.21,0.18,0.12,0.49,0.32999999999999996,-0.09,0.6699999999999999,0.31,0.61,0.39,0.21999999999999997,1.564102564102564,0.15,0.25,0.3,0.1,0.2,0.06666666666666667,0.35,0.5833333333333334,0.35,0.31666666666666665,0.05000000000000002,-0.18333333333333335,0.6499999999999999,0.6833333333333333,0.04999999999999999,0.4833333333333334,0.55,0.65,0.44999999999999996,0.35,0.10000000000000009,0.30000000000000004,0.1,-0.19999999999999998,-0.13333333333333336,0.2333333333333334,-0.033333333333333326,-0.23333333333333336,0.03333333333333344,0.4333333333333334,0.09999999999999998,-0.09999999999999998,0.19999999999999996,0.7777777777777778,0.3333333333333333,0.45454545454545453,0.38461538461538464
100trials_115,7450,-8250,-800,0.24,0.25,0.18,0.33,0.42,-0.06,0.5800000000000001,0.08000000000000002,0.51,0.49,0.020000000000000018,1.0408163265306123,0.275,0.21666666666666667,0.125,0.3333333333333333,0.25,0.13333333333333333,0.35,0.31666666666666665,0.525,0.35,-0.025000000000000022,-0.08333333333333334,0.475,0.6499999999999999,0.22499999999999998,-0.016666666666666663,0.6,0.44999999999999996,0.4,0.55,0.19999999999999996,-0.10000000000000009,-0.05833333333333335,0.20833333333333331,-0.11666666666666667,-0.033333333333333326,-0.17500000000000004,-0.05833333333333332,0.17499999999999993,-0.24166666666666664,-0.15000000000000002,0.15000000000000002,-0.30000000000000004,0.06060606060606061,0.14814814814814814,1,0.8
100trials_116,7650,-7550,100,0.19,0.34,0.23,0.24,0.42000000000000004,0.04000000000000001,0.5800000000000001,-0.10000000000000003,0.47,0.53,-0.06000000000000005,0.8867924528301886,0.225,0.16666666666666666,0.3,0.36666666666666664,0.2,0.25,0.275,0.21666666666666667,0.42500000000000004,0.41666666666666663,-0.024999999999999994,0.08333333333333334,0.575,0.5833333333333333,-0.024999999999999967,-0.14999999999999997,0.47500000000000003,0.4666666666666667,0.525,0.5333333333333333,-0.04999999999999999,-0.06666666666666665,-0.05833333333333335,0.06666666666666665,0.04999999999999999,-0.05833333333333335,-0.008333333333333415,0.10833333333333334,0.008333333333333304,-0.125,-0.00833333333333336,0.008333333333333304,-0.016666666666666663,0.2222222222222222,0.15384615384615385,0.8888888888888888,0.5
100trials_117,8000,-9550,-1550,0.19,0.41,0.04,0.36,0.23,-0.15,0.77,-0.04999999999999999,0.39999999999999997,0.6,-0.2,0.6666666666666666,0.225,0.16666666666666666,0.4,0.4166666666666667,0.1,0,0.275,0.4166666666666667,0.325,0.16666666666666666,-0.125,-0.16666666666666666,0.675,0.8333333333333334,-0.125,0,0.375,0.4166666666666667,0.625,0.5833333333333334,-0.25,-0.16666666666666669,-0.05833333333333335,0.016666666666666663,-0.1,0.14166666666666666,-0.15833333333333335,-0.04166666666666666,0.15833333333333333,0.125,0.041666666666666685,-0.04166666666666663,0.08333333333333331,0.31313131313131315,0.1,0.8888888888888888,0.42857142857142855
100trials_118,9550,-11700,-2150,0.2,0.71,0.08,0.01,0.28,-0.12000000000000001,0.72,-0.7,0.09,0.9099999999999999,-0.82,0.09890109890109891,0.2,0.2,0.7,0.7166666666666667,0.075,0.08333333333333333,0.025,0,0.275,0.2833333333333333,-0.125,-0.11666666666666668,0.725,0.7166666666666667,-0.6749999999999999,-0.7166666666666667,0.1,0.08333333333333333,0.8999999999999999,0.9166666666666667,-0.7999999999999999,-0.8333333333333334,0,0.01666666666666672,0.008333333333333331,-0.025,0.008333333333333304,0.008333333333333318,-0.008333333333333304,-0.04166666666666674,-0.016666666666666677,0.01666666666666683,-0.03333333333333344,0.8181818181818182,0.47619047619047616,0.5454545454545454,0.1111111111111111
100trials_119,8250,-8900,-650,0.03,0.62,0.06,0.29,0.09,0.03,0.9099999999999999,-0.33,0.35,0.65,-0.30000000000000004,0.5384615384615384,0.075,0,0.65,0.6,0.05,0.06666666666666667,0.225,0.3333333333333333,0.125,0.06666666666666667,-0.024999999999999994,0.06666666666666667,0.875,0.9333333333333333,-0.42500000000000004,-0.26666666666666666,0.275,0.39999999999999997,0.725,0.6,-0.44999999999999996,-0.2,-0.075,-0.050000000000000044,0.016666666666666663,0.10833333333333331,-0.058333333333333334,0.09166666666666666,0.05833333333333335,0.15833333333333338,0.12499999999999994,-0.125,0.24999999999999994,0.5050505050505051,0.21428571428571427,1,0.875
100trials_12,7250,-7100,150,0.17,0.28,0.3,0.25,0.47,0.12999999999999998,0.53,-0.030000000000000027,0.55,0.45000000000000007,0.09999999999999998,1.222222222222222,0.1,0.21666666666666667,0.35,0.23333333333333334,0.275,0.31666666666666665,0.275,0.23333333333333334,0.375,0.5333333333333333,0.17500000000000002,0.09999999999999998,0.625,0.4666666666666667,-0.07499999999999996,0,0.55,0.55,0.44999999999999996,0.45,0.10000000000000009,0.10000000000000003,0.11666666666666667,-0.11666666666666664,0.04166666666666663,-0.041666666666666685,0.15833333333333333,-0.07500000000000004,-0.15833333333333333,0.07499999999999996,0,5.551115123125783e-17,-5.551115123125783e-17,0.43434343434343436,0.21428571428571427,1,0.6
100trials_120,7300,-6150,1150,0.17,0.29,0.23,0.31,0.4,0.06,0.6,0.020000000000000018,0.54,0.45999999999999996,0.08000000000000007,1.173913043478261,0.25,0.11666666666666667,0.4,0.21666666666666667,0.15,0.2833333333333333,0.2,0.38333333333333336,0.4,0.4,-0.1,0.16666666666666666,0.6000000000000001,0.6000000000000001,-0.2,0.16666666666666669,0.35,0.6666666666666667,0.65,0.33333333333333337,-0.30000000000000004,0.33333333333333337,-0.13333333333333333,-0.18333333333333335,0.13333333333333333,0.18333333333333335,0,0.26666666666666666,0,0.3666666666666667,0.31666666666666676,-0.31666666666666665,0.6333333333333334,0.46464646464646464,0.2,1,0.8
100trials_121,6900,-6800,100,0.11,0.27,0.12,0.5,0.22999999999999998,0.009999999999999995,0.77,0.22999999999999998,0.62,0.38,0.24,1.631578947368421,0.125,0.1,0.125,0.36666666666666664,0.175,0.08333333333333333,0.575,0.45,0.3,0.18333333333333335,0.04999999999999999,-0.016666666666666677,0.7,0.8166666666666667,0.44999999999999996,0.08333333333333337,0.75,0.5333333333333333,0.25,0.4666666666666667,0.5,0.06666666666666665,-0.024999999999999994,0.24166666666666664,-0.09166666666666666,-0.12499999999999994,-0.11666666666666664,-0.06666666666666667,0.1166666666666667,-0.3666666666666666,-0.21666666666666667,0.21666666666666667,-0.43333333333333335,0.24242424242424243,0.1,1,0.8888888888888888
100trials_122,7200,-6050,1150,0.19,0.25,0.13,0.43,0.32,-0.06,0.6799999999999999,0.18,0.56,0.44,0.12000000000000005,1.272727272727273,0.225,0.16666666666666666,0.225,0.26666666666666666,0.175,0.1,0.375,0.4666666666666667,0.4,0.26666666666666666,-0.05000000000000002,-0.06666666666666665,0.6,0.7333333333333334,0.15,0.2,0.55,0.5666666666666667,0.45,0.43333333333333335,0.10000000000000003,0.1333333333333333,-0.05833333333333335,0.04166666666666666,-0.07499999999999998,0.09166666666666667,-0.13333333333333336,-0.016666666666666635,0.13333333333333341,0.05000000000000002,0.016666666666666607,-0.016666666666666663,0.03333333333333327,0.3333333333333333,0.14285714285714285,0.7777777777777778,0.6363636363636364
100trials_123,7300,-6500,800,0.2,0.26,0.2,0.34,0.4,0,0.6000000000000001,0.08000000000000002,0.54,0.46,0.08000000000000002,1.173913043478261,0.2,0.2,0.275,0.25,0.225,0.18333333333333332,0.3,0.36666666666666664,0.42500000000000004,0.3833333333333333,0.024999999999999994,-0.01666666666666669,0.575,0.6166666666666667,0.024999999999999967,0.11666666666666664,0.525,0.5499999999999999,0.47500000000000003,0.45,0.04999999999999999,0.09999999999999992,0,-0.025000000000000022,-0.041666666666666685,0.06666666666666665,-0.04166666666666674,-0.041666666666666685,0.04166666666666674,0.09166666666666667,0.02499999999999991,-0.025000000000000022,0.04999999999999993,0.030303030303030304,0.2,0.9,0.6666666666666666
100trials_124,8200,-9650,-1450,0.1,0.54,0.16,0.2,0.26,0.06,0.74,-0.34,0.36,0.64,-0.28,0.5625,0.175,0.05,0.6,0.5,0.175,0.15,0.05,0.3,0.35,0.2,0,0.09999999999999999,0.65,0.8,-0.5499999999999999,-0.2,0.22499999999999998,0.44999999999999996,0.7749999999999999,0.55,-0.5499999999999999,-0.10000000000000009,-0.12499999999999999,-0.09999999999999998,-0.024999999999999994,0.25,-0.14999999999999997,0.09999999999999999,0.15000000000000002,0.3499999999999999,0.22499999999999998,-0.22499999999999987,0.44999999999999984,0.7070707070707071,0.2,0.6,0.6363636363636364
100trials_125,7050,-7000,50,0.14,0.27,0.19,0.4,0.33,0.04999999999999999,0.67,0.13,0.5900000000000001,0.41000000000000003,0.18000000000000005,1.4390243902439026,0.25,0.06666666666666667,0.2,0.31666666666666665,0.275,0.13333333333333333,0.275,0.48333333333333334,0.525,0.2,0.025000000000000022,0.06666666666666667,0.47500000000000003,0.8,0.07500000000000001,0.16666666666666669,0.55,0.6166666666666667,0.45,0.3833333333333333,0.10000000000000003,0.2333333333333334,-0.18333333333333335,0.11666666666666664,-0.1416666666666667,0.20833333333333331,-0.325,0.041666666666666644,0.325,0.09166666666666667,0.06666666666666665,-0.06666666666666671,0.13333333333333336,0.2727272727272727,0.22727272727272727,0.8571428571428571,0.6666666666666666
100trials_126,6800,-6350,450,0.04,0.32,0.3,0.34,0.33999999999999997,0.26,0.66,0.020000000000000018,0.64,0.36,0.28,1.777777777777778,0.075,0.016666666666666666,0.375,0.2833333333333333,0.225,0.35,0.325,0.35,0.3,0.36666666666666664,0.15000000000000002,0.3333333333333333,0.7,0.6333333333333333,-0.04999999999999999,0.06666666666666665,0.55,0.7,0.45,0.3,0.10000000000000003,0.39999999999999997,-0.058333333333333334,-0.09166666666666667,0.12499999999999997,0.024999999999999967,0.06666666666666665,0.1833333333333333,-0.06666666666666665,0.11666666666666664,0.1499999999999999,-0.15000000000000002,0.29999999999999993,0.0707070707070707,0.3333333333333333,1,0.75
100trials_127,8000,-8200,-200,0.17,0.43,0.21,0.19,0.38,0.03999999999999998,0.62,-0.24,0.4,0.6,-0.19999999999999996,0.6666666666666667,0.25,0.11666666666666667,0.2,0.5833333333333334,0.3,0.15,0.25,0.15,0.55,0.26666666666666666,0.04999999999999999,0.033333333333333326,0.45,0.7333333333333334,0.04999999999999999,-0.43333333333333335,0.55,0.3,0.45,0.7000000000000001,0.10000000000000003,-0.4000000000000001,-0.13333333333333333,0.38333333333333336,-0.15,-0.1,-0.2833333333333334,-0.016666666666666663,0.2833333333333334,-0.48333333333333334,-0.25000000000000006,0.25000000000000006,-0.5000000000000001,0.3434343434343434,0.24,1,0.6923076923076923
100trials_128,6000,-4650,1350,0.08,0.12,0.66,0.14,0.74,0.5800000000000001,0.26,0.020000000000000018,0.8,0.2,0.6000000000000001,4,0.125,0.05,0.275,0.016666666666666666,0.275,0.9166666666666666,0.325,0.016666666666666666,0.4,0.9666666666666667,0.15000000000000002,0.8666666666666666,0.6000000000000001,0.03333333333333333,0.04999999999999999,0,0.6000000000000001,0.9333333333333333,0.4,0.06666666666666667,0.20000000000000007,0.8666666666666667,-0.075,-0.25833333333333336,0.6416666666666666,-0.30833333333333335,0.5666666666666667,0.7166666666666666,-0.5666666666666668,-0.04999999999999999,0.33333333333333326,-0.33333333333333337,0.6666666666666666,0.8282828282828283,0.75,0.8,0.16666666666666666
100trials_129,6950,-6100,850,0.14,0.25,0.31,0.3,0.45,0.16999999999999998,0.55,0.04999999999999999,0.61,0.39,0.21999999999999997,1.564102564102564,0.2,0.1,0.275,0.23333333333333334,0.275,0.3333333333333333,0.25,0.3333333333333333,0.47500000000000003,0.43333333333333335,0.07500000000000001,0.2333333333333333,0.525,0.5666666666666667,-0.025000000000000022,0.09999999999999998,0.525,0.6666666666666666,0.47500000000000003,0.33333333333333337,0.04999999999999999,0.33333333333333326,-0.1,-0.041666666666666685,0.05833333333333329,0.08333333333333331,-0.041666666666666685,0.1583333333333333,0.04166666666666663,0.125,0.1416666666666666,-0.14166666666666666,0.28333333333333327,0.15151515151515152,0.21428571428571427,1,0.8
100trials_13,7000,-7050,-50,0.03,0.37,0.25,0.35,0.28,0.22,0.72,-0.020000000000000018,0.6,0.4,0.19999999999999996,1.4999999999999998,0.025,0.03333333333333333,0.65,0.18333333333333332,0.3,0.21666666666666667,0.025,0.5666666666666667,0.325,0.25,0.27499999999999997,0.18333333333333335,0.675,0.75,-0.625,0.3833333333333333,0.325,0.7833333333333333,0.675,0.21666666666666665,-0.35000000000000003,0.5666666666666667,0.008333333333333331,-0.4666666666666667,-0.08333333333333331,0.5416666666666666,-0.07500000000000001,-0.09166666666666662,0.07499999999999996,1.0083333333333333,0.4583333333333333,-0.45833333333333337,0.9166666666666667,0.7070707070707071,0.38095238095238093,0.75,0.5
100trials_130,7000,-6900,100,0.11,0.29,0.17,0.43,0.28,0.06000000000000001,0.72,0.14,0.6,0.39999999999999997,0.2,1.5,0.175,0.06666666666666667,0.15,0.38333333333333336,0.1,0.21666666666666667,0.575,0.3333333333333333,0.275,0.2833333333333333,-0.07499999999999998,0.15000000000000002,0.725,0.7166666666666667,0.42499999999999993,-0.050000000000000044,0.6749999999999999,0.55,0.32499999999999996,0.45,0.35,0.10000000000000003,-0.10833333333333332,0.23333333333333336,0.11666666666666667,-0.24166666666666664,0.008333333333333304,0.225,-0.008333333333333304,-0.475,-0.12499999999999989,0.12500000000000006,-0.24999999999999994,0.8080808080808081,0.36363636363636365,0.6666666666666666,0.375
100trials_131,7400,-7500,-100,0.07,0.41,0.19,0.33,0.26,0.12,0.74,-0.07999999999999996,0.52,0.48,0.040000000000000036,1.0833333333333335,0.175,0,0.4,0.4166666666666667,0.1,0.25,0.325,0.3333333333333333,0.275,0.25,-0.07499999999999998,0.25,0.7250000000000001,0.75,-0.07500000000000001,-0.08333333333333337,0.42500000000000004,0.5833333333333333,0.575,0.4166666666666667,-0.1499999999999999,0.16666666666666657,-0.175,0.016666666666666663,0.15,0.008333333333333304,-0.025000000000000022,0.32499999999999996,0.02499999999999991,-0.00833333333333336,0.15833333333333321,-0.15833333333333327,0.3166666666666665,0.21212121212121213,0.2857142857142857,1,0.6
100trials_132,6650,-5100,1550,0.19,0.14,0.29,0.38,0.48,0.09999999999999998,0.52,0.24,0.6699999999999999,0.33,0.3399999999999999,2.03030303030303,0.25,0.15,0.125,0.15,0.15,0.38333333333333336,0.475,0.31666666666666665,0.4,0.5333333333333333,-0.1,0.23333333333333336,0.6,0.4666666666666667,0.35,0.16666666666666666,0.625,0.7,0.375,0.3,0.25,0.39999999999999997,-0.1,0.024999999999999994,0.23333333333333336,-0.15833333333333333,0.1333333333333333,0.33333333333333337,-0.1333333333333333,-0.18333333333333332,0.07499999999999996,-0.07500000000000001,0.14999999999999997,0.2222222222222222,0.3333333333333333,0.8888888888888888,0.7
100trials_133,7450,-7850,-400,0.13,0.36,0.13,0.38,0.26,0,0.74,0.020000000000000018,0.51,0.49,0.020000000000000018,1.0408163265306123,0.125,0.13333333333333333,0.225,0.45,0.15,0.11666666666666667,0.5,0.3,0.275,0.25,0.024999999999999994,-0.016666666666666663,0.725,0.75,0.275,-0.15000000000000002,0.65,0.41666666666666663,0.35,0.5833333333333334,0.30000000000000004,-0.16666666666666674,0.008333333333333331,0.225,-0.033333333333333326,-0.2,-0.025000000000000022,-0.04166666666666666,0.025000000000000022,-0.42500000000000004,-0.2333333333333334,0.2333333333333334,-0.4666666666666668,0.6262626262626263,0.05263157894736842,1,0.6
100trials_134,7950,-8500,-550,0.31,0.28,0.2,0.21,0.51,-0.10999999999999999,0.49,-0.07000000000000003,0.41000000000000003,0.5900000000000001,-0.18000000000000005,0.6949152542372881,0.375,0.26666666666666666,0.275,0.2833333333333333,0.175,0.21666666666666667,0.175,0.23333333333333334,0.55,0.48333333333333334,-0.2,-0.04999999999999999,0.45,0.5166666666666666,-0.10000000000000003,-0.04999999999999999,0.35,0.45,0.65,0.55,-0.30000000000000004,-0.10000000000000003,-0.10833333333333334,0.008333333333333304,0.041666666666666685,0.05833333333333335,-0.06666666666666671,0.15000000000000002,0.0666666666666666,0.050000000000000044,0.10000000000000003,-0.09999999999999998,0.2,0.10101010101010101,0.3448275862068966,0.9333333333333333,0.6111111111111112
100trials_135,5900,-4650,1250,0.1,0.08,0.66,0.16,0.76,0.56,0.24,0.08,0.8200000000000001,0.18,0.6400000000000001,4.555555555555556,0.175,0.05,0.15,0.03333333333333333,0.375,0.85,0.3,0.06666666666666667,0.55,0.9,0.2,0.7999999999999999,0.44999999999999996,0.1,0.15,0.03333333333333333,0.675,0.9166666666666666,0.32499999999999996,0.08333333333333334,0.3500000000000001,0.8333333333333333,-0.12499999999999999,-0.11666666666666667,0.475,-0.23333333333333334,0.35,0.5999999999999999,-0.35,-0.11666666666666667,0.24166666666666659,-0.2416666666666666,0.48333333333333317,0.8282828282828283,0.8,0.6,0.3333333333333333
100trials_136,7350,-6600,750,0.23,0.24,0.25,0.28,0.48,0.01999999999999999,0.52,0.040000000000000036,0.53,0.47,0.06000000000000005,1.1276595744680853,0.2,0.25,0.325,0.18333333333333332,0.25,0.25,0.225,0.31666666666666665,0.45,0.5,0.04999999999999999,0,0.55,0.5,-0.1,0.13333333333333333,0.475,0.5666666666666667,0.525,0.43333333333333335,-0.050000000000000044,0.1333333333333333,0.04999999999999999,-0.1416666666666667,0,0.09166666666666665,0.04999999999999999,-0.04999999999999999,-0.050000000000000044,0.23333333333333334,0.09166666666666667,-0.09166666666666667,0.18333333333333335,0.6161616161616161,0.32142857142857145,0.8181818181818182,0.7692307692307693
100trials_137,7200,-6400,800,0.1,0.34,0.46,0.1,0.56,0.36,0.44000000000000006,-0.24000000000000002,0.56,0.44000000000000006,0.12,1.2727272727272727,0.1,0.1,0.7,0.1,0.125,0.6833333333333333,0.075,0.11666666666666667,0.225,0.7833333333333333,0.024999999999999994,0.5833333333333334,0.7749999999999999,0.21666666666666667,-0.625,0.016666666666666663,0.2,0.8,0.7999999999999999,0.2,-0.5999999999999999,0.6000000000000001,0,-0.6,0.5583333333333333,0.04166666666666667,0.5583333333333333,0.5583333333333333,-0.5583333333333332,0.6416666666666666,0.6000000000000001,-0.5999999999999999,1.2,0.7171717171717171,0.7096774193548387,1,0.75
100trials_138,7050,-6450,600,0.2,0.21,0.18,0.41,0.38,-0.020000000000000018,0.62,0.19999999999999998,0.59,0.41000000000000003,0.17999999999999994,1.4390243902439022,0.25,0.16666666666666666,0.275,0.16666666666666666,0.125,0.21666666666666667,0.35,0.45,0.375,0.3833333333333333,-0.125,0.05000000000000002,0.625,0.6166666666666667,0.07499999999999996,0.2833333333333333,0.475,0.6666666666666667,0.525,0.3333333333333333,-0.050000000000000044,0.3333333333333334,-0.08333333333333334,-0.10833333333333336,0.09166666666666667,0.10000000000000003,0.008333333333333304,0.17500000000000002,-0.008333333333333304,0.20833333333333337,0.19166666666666676,-0.1916666666666667,0.38333333333333347,0.31313131313131315,0.125,1,0.9166666666666666
100trials_139,8000,-9200,-1200,0.16,0.44,0.22,0.18,0.38,0.06,0.62,-0.26,0.4,0.6,-0.19999999999999996,0.6666666666666667,0.125,0.18333333333333332,0.45,0.43333333333333335,0.275,0.18333333333333332,0.15,0.2,0.4,0.36666666666666664,0.15000000000000002,0,0.6,0.6333333333333333,-0.30000000000000004,-0.23333333333333334,0.42500000000000004,0.3833333333333333,0.575,0.6166666666666667,-0.1499999999999999,-0.2333333333333334,0.05833333333333332,-0.016666666666666663,-0.0916666666666667,0.05000000000000002,-0.03333333333333338,-0.15000000000000002,0.033333333333333326,0.06666666666666671,-0.04166666666666674,0.04166666666666674,-0.08333333333333348,0.42424242424242425,0.2,1,0.3333333333333333
100trials_14,7500,-7700,-200,0.13,0.37,0.37,0.13,0.5,0.24,0.5,-0.24,0.5,0.5,0,1,0.175,0.1,0.525,0.26666666666666666,0.125,0.5333333333333333,0.175,0.1,0.3,0.6333333333333333,-0.04999999999999999,0.43333333333333335,0.7,0.3666666666666667,-0.35000000000000003,-0.16666666666666666,0.3,0.6333333333333333,0.7,0.3666666666666667,-0.39999999999999997,0.2666666666666666,-0.07499999999999998,-0.25833333333333336,0.4083333333333333,-0.07499999999999998,0.3333333333333333,0.48333333333333334,-0.33333333333333326,0.18333333333333338,0.3333333333333333,-0.33333333333333326,0.6666666666666665,0.696969696969697,0.48148148148148145,0.8333333333333334,0.6
100trials_140,8800,-10100,-1300,0.04,0.72,0.2,0.04,0.24000000000000002,0.16,0.76,-0.6799999999999999,0.24000000000000002,0.76,-0.52,0.31578947368421056,0.025,0.05,0.675,0.75,0.225,0.18333333333333332,0.075,0.016666666666666666,0.25,0.23333333333333334,0.2,0.1333333333333333,0.75,0.7666666666666667,-0.6000000000000001,-0.7333333333333333,0.3,0.19999999999999998,0.7000000000000001,0.8,-0.4000000000000001,-0.6000000000000001,0.025,0.07499999999999996,-0.041666666666666685,-0.058333333333333334,-0.016666666666666663,-0.06666666666666671,0.01666666666666672,-0.1333333333333332,-0.1,0.09999999999999998,-0.2,0.5858585858585859,0.3157894736842105,0.6666666666666666,0.5
100trials_141,7500,-7100,400,0.08,0.42,0.06,0.44,0.14,-0.020000000000000004,0.86,0.020000000000000018,0.5,0.5,0,1,0.075,0.08333333333333333,0.275,0.5166666666666667,0.025,0.08333333333333333,0.625,0.31666666666666665,0.1,0.16666666666666666,-0.049999999999999996,0,0.9,0.8333333333333334,0.35,-0.20000000000000007,0.65,0.39999999999999997,0.35000000000000003,0.6000000000000001,0.3,-0.20000000000000012,0.008333333333333331,0.2416666666666667,0.05833333333333333,-0.30833333333333335,0.06666666666666665,0.049999999999999996,-0.06666666666666665,-0.55,-0.25000000000000006,0.25000000000000006,-0.5000000000000001,0.7676767676767676,0.2,0,0.125
100trials_142,6250,-4350,1900,0.12,0.13,0.17,0.58,0.29000000000000004,0.05000000000000002,0.71,0.44999999999999996,0.75,0.25,0.5,3,0.225,0.05,0.25,0.05,0.175,0.16666666666666666,0.35,0.7333333333333333,0.4,0.21666666666666667,-0.05000000000000002,0.11666666666666665,0.6,0.7833333333333333,0.09999999999999998,0.6833333333333332,0.5249999999999999,0.8999999999999999,0.475,0.1,0.04999999999999993,0.7999999999999999,-0.175,-0.2,-0.008333333333333331,0.3833333333333333,-0.18333333333333335,0.16666666666666669,0.18333333333333335,0.5833333333333333,0.375,-0.375,0.75,0.5353535353535354,0.25,0.8333333333333334,0.8571428571428571
100trials_143,6950,-6350,600,0.16,0.23,0.24,0.37,0.4,0.07999999999999999,0.6,0.13999999999999999,0.61,0.39,0.21999999999999997,1.564102564102564,0.15,0.16666666666666666,0.125,0.3,0.225,0.25,0.5,0.2833333333333333,0.375,0.41666666666666663,0.07500000000000001,0.08333333333333334,0.625,0.5833333333333333,0.375,-0.016666666666666663,0.725,0.5333333333333333,0.275,0.4666666666666667,0.44999999999999996,0.06666666666666665,0.016666666666666663,0.175,0.024999999999999994,-0.21666666666666667,0.04166666666666663,0.008333333333333331,-0.04166666666666674,-0.39166666666666666,-0.19166666666666665,0.19166666666666665,-0.3833333333333333,0.23232323232323232,0.1111111111111111,1,0.9090909090909091
100trials_144,7950,-8600,-650,0.12,0.47,0.05,0.36,0.16999999999999998,-0.06999999999999999,0.83,-0.10999999999999999,0.41,0.59,-0.18,0.6949152542372882,0.15,0.1,0.375,0.5333333333333333,0.1,0.016666666666666666,0.375,0.35,0.25,0.11666666666666667,-0.04999999999999999,-0.08333333333333334,0.75,0.8833333333333333,0,-0.18333333333333335,0.475,0.36666666666666664,0.525,0.6333333333333333,-0.050000000000000044,-0.26666666666666666,-0.04999999999999999,0.15833333333333333,-0.08333333333333334,-0.025000000000000022,-0.13333333333333333,-0.033333333333333354,0.1333333333333333,-0.18333333333333335,-0.10833333333333334,0.10833333333333328,-0.21666666666666662,0.42424242424242425,0.13333333333333333,1,0.7
100trials_145,8550,-9050,-500,0.05,0.66,0.02,0.27,0.07,-0.030000000000000002,0.93,-0.39,0.29000000000000004,0.7100000000000001,-0.42000000000000004,0.4084507042253521,0.05,0.05,0.6,0.7,0.025,0.016666666666666666,0.325,0.23333333333333334,0.07500000000000001,0.06666666666666667,-0.025,-0.03333333333333334,0.925,0.9333333333333333,-0.27499999999999997,-0.4666666666666666,0.35000000000000003,0.25,0.65,0.75,-0.3,-0.5,0,0.09999999999999998,-0.008333333333333335,-0.09166666666666667,-0.008333333333333345,-0.008333333333333338,0.008333333333333304,-0.19166666666666665,-0.10000000000000003,0.09999999999999998,-0.2,0.5151515151515151,0.18181818181818182,0.6666666666666666,0.2222222222222222
100trials_146,7800,-9250,-1450,0.22,0.34,0.16,0.28,0.38,-0.06,0.6200000000000001,-0.06,0.44000000000000006,0.56,-0.12,0.7857142857142857,0.15,0.26666666666666666,0.325,0.35,0.175,0.15,0.35,0.23333333333333334,0.32499999999999996,0.41666666666666663,0.024999999999999994,-0.11666666666666667,0.675,0.5833333333333333,0.024999999999999967,-0.11666666666666664,0.5249999999999999,0.3833333333333333,0.475,0.6166666666666667,0.04999999999999993,-0.2333333333333334,0.11666666666666667,0.024999999999999967,-0.024999999999999994,-0.11666666666666664,0.09166666666666667,-0.14166666666666666,-0.09166666666666679,-0.1416666666666666,-0.1416666666666666,0.14166666666666672,-0.2833333333333333,0.5050505050505051,0.14814814814814814,0.8333333333333334,0.375
100trials_147,6700,-5400,1300,0.1,0.24,0.47,0.19,0.57,0.37,0.43,-0.04999999999999999,0.6599999999999999,0.33999999999999997,0.31999999999999995,1.9411764705882353,0.025,0.15,0.3,0.2,0.375,0.5333333333333333,0.3,0.11666666666666667,0.4,0.6833333333333333,0.35,0.3833333333333333,0.6,0.31666666666666665,0,-0.08333333333333334,0.675,0.65,0.325,0.35,0.35000000000000003,0.30000000000000004,0.125,-0.09999999999999998,0.15833333333333333,-0.18333333333333332,0.2833333333333333,0.033333333333333326,-0.2833333333333333,-0.08333333333333334,-0.025000000000000022,0.024999999999999967,-0.04999999999999999,0.6060606060606061,0.7096774193548387,0.4,0.2857142857142857
100trials_148,7050,-7300,-250,0.16,0.25,0.3,0.29,0.45999999999999996,0.13999999999999999,0.54,0.03999999999999998,0.59,0.41000000000000003,0.17999999999999994,1.4390243902439022,0.3,0.06666666666666667,0.2,0.2833333333333333,0.275,0.31666666666666665,0.225,0.3333333333333333,0.575,0.3833333333333333,-0.024999999999999967,0.25,0.42500000000000004,0.6166666666666667,0.024999999999999994,0.04999999999999999,0.5,0.6499999999999999,0.5,0.35,0,0.29999999999999993,-0.23333333333333334,0.08333333333333331,0.04166666666666663,0.10833333333333331,-0.19166666666666665,0.27499999999999997,0.19166666666666665,0.024999999999999994,0.1499999999999999,-0.15000000000000002,0.29999999999999993,0.15151515151515152,0.39285714285714285,0.75,0.8181818181818182
100trials_149,6000,-5150,850,0.04,0.16,0.26,0.54,0.3,0.22,0.7000000000000001,0.38,0.8,0.2,0.6000000000000001,4,0.1,0,0.25,0.1,0.175,0.31666666666666665,0.475,0.5833333333333334,0.275,0.31666666666666665,0.07499999999999998,0.31666666666666665,0.725,0.6833333333333333,0.22499999999999998,0.4833333333333334,0.6499999999999999,0.9,0.35,0.1,0.29999999999999993,0.8,-0.1,-0.15,0.14166666666666666,0.10833333333333339,0.04166666666666663,0.24166666666666667,-0.04166666666666663,0.2583333333333334,0.2500000000000001,-0.24999999999999997,0.5000000000000001,0.7373737373737373,0.4090909090909091,0,0.25
100trials_15,7550,-7500,50,0.2,0.31,0.22,0.27,0.42000000000000004,0.01999999999999999,0.5800000000000001,-0.03999999999999998,0.49,0.51,-0.020000000000000018,0.9607843137254901,0.125,0.25,0.4,0.25,0.175,0.25,0.3,0.25,0.3,0.5,0.04999999999999999,0,0.7,0.5,-0.10000000000000003,0,0.475,0.5,0.525,0.5,-0.050000000000000044,0,0.125,-0.15000000000000002,0.07500000000000001,-0.04999999999999999,0.2,-0.04999999999999999,-0.19999999999999996,0.10000000000000003,0.025000000000000022,-0.025000000000000022,0.050000000000000044,0.12121212121212122,0.24,1,0.46153846153846156
100trials_150,7600,-7800,-200,0.23,0.29,0.23,0.25,0.46,0,0.54,-0.03999999999999998,0.48,0.52,-0.040000000000000036,0.923076923076923,0.25,0.21666666666666667,0.25,0.31666666666666665,0.225,0.23333333333333334,0.275,0.23333333333333334,0.475,0.45,-0.024999999999999994,0.016666666666666663,0.525,0.55,0.025000000000000022,-0.08333333333333331,0.5,0.4666666666666667,0.5,0.5333333333333333,0,-0.06666666666666665,-0.033333333333333326,0.06666666666666665,0.008333333333333331,-0.041666666666666685,-0.024999999999999967,0.04166666666666666,0.025000000000000022,-0.10833333333333334,-0.033333333333333326,0.033333333333333326,-0.06666666666666665,0.04040404040404041,0.17857142857142858,1,0.6
100trials_151,6750,-6050,700,0.04,0.31,0.33,0.32,0.37,0.29000000000000004,0.63,0.010000000000000009,0.65,0.35,0.30000000000000004,1.8571428571428574,0.075,0.016666666666666666,0.575,0.13333333333333333,0.05,0.5166666666666667,0.3,0.3333333333333333,0.125,0.5333333333333334,-0.024999999999999994,0.5,0.875,0.4666666666666667,-0.27499999999999997,0.19999999999999998,0.35,0.8500000000000001,0.6499999999999999,0.15,-0.29999999999999993,0.7000000000000001,-0.058333333333333334,-0.44166666666666665,0.46666666666666673,0.033333333333333326,0.40833333333333344,0.525,-0.4083333333333333,0.475,0.5000000000000001,-0.4999999999999999,1,0.48484848484848486,0.625,1,0.3333333333333333
100trials_152,7850,-8250,-400,0.06,0.51,0.13,0.3,0.19,0.07,0.81,-0.21000000000000002,0.43,0.5700000000000001,-0.14000000000000007,0.7543859649122806,0.025,0.08333333333333333,0.6,0.45,0.125,0.13333333333333333,0.25,0.3333333333333333,0.15,0.21666666666666667,0.1,0.05,0.85,0.7833333333333333,-0.35,-0.1166666666666667,0.375,0.4666666666666667,0.625,0.5333333333333333,-0.25,-0.06666666666666665,0.05833333333333333,-0.14999999999999997,0.008333333333333331,0.08333333333333331,0.06666666666666668,-0.05,-0.06666666666666665,0.23333333333333328,0.09166666666666667,-0.09166666666666667,0.18333333333333335,0.7171717171717171,0.3888888888888889,0.5,0.1111111111111111
100trials_153,8250,-9400,-1150,0.17,0.48,0.16,0.19,0.33,-0.010000000000000009,0.6699999999999999,-0.29,0.35,0.65,-0.30000000000000004,0.5384615384615384,0.1,0.21666666666666667,0.525,0.45,0.15,0.16666666666666666,0.225,0.16666666666666666,0.25,0.3833333333333333,0.04999999999999999,-0.05000000000000002,0.75,0.6166666666666667,-0.30000000000000004,-0.2833333333333333,0.375,0.3333333333333333,0.625,0.6666666666666667,-0.25,-0.3333333333333334,0.11666666666666667,-0.07500000000000001,0.016666666666666663,-0.05833333333333335,0.1333333333333333,-0.1,-0.1333333333333333,0.01666666666666672,-0.041666666666666685,0.04166666666666674,-0.08333333333333343,0.5252525252525253,0.2608695652173913,1,0.6428571428571429
100trials_154,7950,-8500,-550,0.07,0.52,0.09,0.32,0.16,0.01999999999999999,0.8400000000000001,-0.2,0.41000000000000003,0.5900000000000001,-0.18000000000000005,0.6949152542372881,0.075,0.06666666666666667,0.575,0.48333333333333334,0.075,0.1,0.275,0.35,0.15,0.16666666666666669,0,0.03333333333333334,0.85,0.8333333333333333,-0.29999999999999993,-0.13333333333333336,0.35000000000000003,0.44999999999999996,0.6499999999999999,0.55,-0.2999999999999999,-0.10000000000000009,-0.008333333333333331,-0.09166666666666662,0.02500000000000001,0.07499999999999996,0.01666666666666669,0.03333333333333334,-0.01666666666666672,0.16666666666666657,0.09999999999999992,-0.09999999999999987,0.1999999999999998,0.36363636363636365,0,1,0.6
100trials_155,7050,-6750,300,0.01,0.4,0.01,0.58,0.02,0,0.98,0.17999999999999994,0.59,0.41000000000000003,0.17999999999999994,1.4390243902439022,0.025,0,0.4,0.4,0.025,0,0.55,0.6,0.05,0,0,0,0.9500000000000001,1,0.15000000000000002,0.19999999999999996,0.5750000000000001,0.6,0.42500000000000004,0.4,0.15000000000000002,0.19999999999999996,-0.025,0,-0.025,0.04999999999999993,-0.05,0,0.04999999999999993,0.04999999999999993,0.02499999999999991,-0.025000000000000022,0.04999999999999993,0.47474747474747475,0.09090909090909091,1,1
100trials_156,7700,-7150,550,0.27,0.27,0.22,0.24,0.49,-0.05000000000000002,0.51,-0.030000000000000027,0.45999999999999996,0.54,-0.08000000000000007,0.8518518518518517,0.3,0.25,0.2,0.31666666666666665,0.275,0.18333333333333332,0.225,0.25,0.575,0.43333333333333335,-0.024999999999999967,-0.06666666666666668,0.42500000000000004,0.5666666666666667,0.024999999999999994,-0.06666666666666665,0.5,0.43333333333333335,0.5,0.5666666666666667,0,-0.1333333333333333,-0.04999999999999999,0.11666666666666664,-0.0916666666666667,0.024999999999999994,-0.1416666666666666,-0.04166666666666671,0.1416666666666666,-0.09166666666666665,-0.06666666666666665,0.06666666666666665,-0.1333333333333333,0.3939393939393939,0.39285714285714285,0.6428571428571429,0.3125
100trials_157,6450,-6450,0,0.17,0.12,0.35,0.36,0.52,0.17999999999999997,0.48,0.24,0.71,0.29000000000000004,0.41999999999999993,2.4482758620689653,0.075,0.23333333333333334,0.3,0,0.3,0.38333333333333336,0.325,0.38333333333333336,0.375,0.6166666666666667,0.22499999999999998,0.15000000000000002,0.625,0.38333333333333336,0.025000000000000022,0.38333333333333336,0.625,0.7666666666666667,0.375,0.23333333333333334,0.25,0.5333333333333334,0.15833333333333333,-0.3,0.08333333333333337,0.05833333333333335,0.2416666666666667,-0.07499999999999996,-0.24166666666666664,0.35833333333333334,0.14166666666666672,-0.14166666666666666,0.28333333333333344,0.3333333333333333,0.23333333333333334,0.8888888888888888,0.6363636363636364
100trials_158,9250,-11550,-2300,0.08,0.77,0.07,0.08,0.15000000000000002,-0.009999999999999995,0.85,-0.6900000000000001,0.15000000000000002,0.85,-0.7,0.17647058823529416,0.125,0.05,0.625,0.8666666666666667,0.125,0.03333333333333333,0.125,0.05,0.25,0.08333333333333334,0,-0.01666666666666667,0.75,0.9166666666666667,-0.5,-0.8166666666666667,0.25,0.08333333333333334,0.75,0.9166666666666667,-0.5,-0.8333333333333334,-0.075,0.2416666666666667,-0.09166666666666667,-0.075,-0.16666666666666666,-0.01666666666666667,0.16666666666666674,-0.31666666666666665,-0.16666666666666666,0.16666666666666674,-0.33333333333333337,0.8383838383838383,0.4375,0.5,0.16666666666666666
100trials_159,7450,-7050,400,0.17,0.32,0.18,0.33,0.35,0.009999999999999981,0.65,0.010000000000000009,0.51,0.49,0.020000000000000018,1.0408163265306123,0.125,0.2,0.4,0.26666666666666666,0.125,0.21666666666666667,0.35,0.31666666666666665,0.25,0.4166666666666667,0,0.016666666666666663,0.75,0.5833333333333333,-0.050000000000000044,0.04999999999999999,0.475,0.5333333333333333,0.525,0.4666666666666667,-0.050000000000000044,0.06666666666666665,0.07500000000000001,-0.13333333333333336,0.09166666666666667,-0.033333333333333326,0.16666666666666669,0.016666666666666663,-0.16666666666666674,0.10000000000000003,0.05833333333333335,-0.05833333333333335,0.1166666666666667,0.37373737373737376,0.13636363636363635,1,1
100trials_16,7000,-6350,650,0.08,0.32,0.43,0.17,0.51,0.35,0.49,-0.15,0.6,0.4,0.19999999999999996,1.4999999999999998,0.05,0.1,0.425,0.25,0.125,0.6333333333333333,0.4,0.016666666666666666,0.175,0.7333333333333333,0.075,0.5333333333333333,0.825,0.26666666666666666,-0.024999999999999967,-0.23333333333333334,0.525,0.65,0.475,0.35,0.050000000000000044,0.30000000000000004,0.05,-0.175,0.5083333333333333,-0.38333333333333336,0.5583333333333333,0.4583333333333333,-0.5583333333333333,-0.20833333333333337,0.125,-0.125,0.25,0.8484848484848485,0.6333333333333333,0.5,0.2857142857142857
100trials_160,8600,-9700,-1100,0.23,0.49,0.01,0.27,0.24000000000000002,-0.22,0.76,-0.21999999999999997,0.28,0.72,-0.43999999999999995,0.38888888888888895,0.225,0.23333333333333334,0.3,0.6166666666666667,0.025,0,0.45,0.15,0.25,0.23333333333333334,-0.2,-0.23333333333333334,0.75,0.7666666666666667,0.15000000000000002,-0.4666666666666667,0.47500000000000003,0.15,0.525,0.8500000000000001,-0.04999999999999999,-0.7000000000000001,0.008333333333333331,0.3166666666666667,-0.025,-0.30000000000000004,-0.016666666666666663,-0.033333333333333326,0.01666666666666672,-0.6166666666666667,-0.32500000000000007,0.32500000000000007,-0.6500000000000001,0.8686868686868687,0.47368421052631576,0.2727272727272727,0.125
100trials_161,7550,-6950,600,0.06,0.45,0.08,0.41,0.14,0.020000000000000004,0.86,-0.040000000000000036,0.49,0.51,-0.020000000000000018,0.9607843137254901,0.1,0.03333333333333333,0.4,0.48333333333333334,0.1,0.06666666666666667,0.4,0.4166666666666667,0.2,0.1,0,0.03333333333333333,0.8,0.9,0,-0.06666666666666665,0.5,0.48333333333333334,0.5,0.5166666666666667,0,-0.03333333333333338,-0.06666666666666668,0.08333333333333331,-0.03333333333333334,0.016666666666666663,-0.1,0.03333333333333333,0.09999999999999998,-0.06666666666666665,-0.016666666666666663,0.01666666666666672,-0.03333333333333338,0.41414141414141414,0,1,0.8571428571428571
100trials_162,5950,-5500,450,0.07,0.12,0.09,0.72,0.16,0.01999999999999999,0.84,0.6,0.8099999999999999,0.19,0.6199999999999999,4.263157894736842,0.175,0,0.275,0.016666666666666666,0.225,0,0.325,0.9833333333333333,0.4,0,0.05000000000000002,0,0.6000000000000001,1,0.04999999999999999,0.9666666666666666,0.55,0.9833333333333333,0.45,0.016666666666666666,0.10000000000000003,0.9666666666666666,-0.175,-0.25833333333333336,-0.225,0.6583333333333332,-0.4,-0.05000000000000002,0.3999999999999999,0.9166666666666665,0.43333333333333324,-0.43333333333333335,0.8666666666666665,0.8282828282828283,0.4375,0.75,0.3333333333333333
100trials_163,8440,-10950,-2510,0.23,0.32,0.25,0.2,0.48,0.01999999999999999,0.52,-0.12,0.45,0.55,-0.10000000000000003,0.8181818181818181,0.175,0.26666666666666666,0.375,0.2833333333333333,0.25,0.25,0.2,0.2,0.425,0.5166666666666666,0.07500000000000001,-0.016666666666666663,0.575,0.48333333333333334,-0.175,-0.08333333333333331,0.45,0.45,0.55,0.55,-0.10000000000000003,-0.10000000000000003,0.09166666666666667,-0.09166666666666667,0,0,0.09166666666666662,-0.09166666666666667,-0.09166666666666662,0.09166666666666667,0,0,0,0.12121212121212122,0.1875,0.9230769230769231,0.5882352941176471
100trials_164,8240,-8800,-560,0.21,0.31,0.18,0.3,0.39,-0.03,0.61,-0.010000000000000009,0.48,0.52,-0.040000000000000036,0.923076923076923,0.15,0.25,0.325,0.3,0.225,0.15,0.3,0.3,0.375,0.4,0.07500000000000001,-0.1,0.625,0.6,-0.025000000000000022,0,0.525,0.44999999999999996,0.475,0.55,0.050000000000000044,-0.10000000000000009,0.1,-0.025000000000000022,-0.07500000000000001,0,0.025000000000000022,-0.17500000000000002,-0.025000000000000022,0.025000000000000022,-0.07500000000000007,0.07500000000000007,-0.15000000000000013,0.5050505050505051,0.25925925925925924,0.6666666666666666,0.26666666666666666
100trials_165,8180,-9400,-1220,0.12,0.36,0.19,0.33,0.31,0.07,0.69,-0.02999999999999997,0.52,0.48,0.040000000000000036,1.0833333333333335,0.175,0.08333333333333333,0.325,0.38333333333333336,0.175,0.2,0.325,0.3333333333333333,0.35,0.2833333333333333,0,0.11666666666666668,0.65,0.7166666666666667,0,-0.050000000000000044,0.5,0.5333333333333333,0.5,0.4666666666666667,0,0.06666666666666665,-0.09166666666666666,0.05833333333333335,0.025000000000000022,0.008333333333333304,-0.06666666666666665,0.11666666666666668,0.06666666666666665,-0.050000000000000044,0.033333333333333326,-0.033333333333333326,0.06666666666666665,0.10101010101010101,0.13636363636363635,1,0.3
100trials_166,7550,-7775,-225,0.12,0.26,0.2,0.42,0.32,0.08000000000000002,0.6799999999999999,0.15999999999999998,0.62,0.38,0.24,1.631578947368421,0.175,0.08333333333333333,0.35,0.2,0.175,0.21666666666666667,0.3,0.5,0.35,0.3,0,0.13333333333333336,0.6499999999999999,0.7,-0.04999999999999999,0.3,0.475,0.7166666666666667,0.5249999999999999,0.2833333333333333,-0.04999999999999993,0.43333333333333335,-0.09166666666666666,-0.14999999999999997,0.041666666666666685,0.2,-0.04999999999999999,0.13333333333333336,0.050000000000000044,0.35,0.2416666666666667,-0.24166666666666659,0.4833333333333333,0.31313131313131315,0.2608695652173913,1,0.6666666666666666
100trials_167,7665,-6375,1290,0.09,0.24,0.06,0.61,0.15,-0.03,0.85,0.37,0.6699999999999999,0.32999999999999996,0.33999999999999997,2.0303030303030303,0.2,0.016666666666666666,0.025,0.38333333333333336,0.025,0.08333333333333333,0.75,0.5166666666666667,0.225,0.09999999999999999,-0.17500000000000002,0.06666666666666667,0.775,0.9000000000000001,0.725,0.13333333333333336,0.775,0.6000000000000001,0.225,0.4,0.55,0.20000000000000007,-0.18333333333333335,0.35833333333333334,0.05833333333333333,-0.23333333333333328,-0.125,0.2416666666666667,0.1250000000000001,-0.5916666666666666,-0.17499999999999993,0.17500000000000002,-0.35,0.8080808080808081,0.5,0.25,0.3333333333333333
100trials_168,7070,-6025,1045,0.1,0.17,0.2,0.53,0.30000000000000004,0.1,0.7000000000000001,0.36,0.73,0.27,0.45999999999999996,2.7037037037037033,0.1,0.1,0.25,0.11666666666666667,0.175,0.21666666666666667,0.475,0.5666666666666667,0.275,0.31666666666666665,0.07499999999999998,0.11666666666666667,0.725,0.6833333333333333,0.22499999999999998,0.44999999999999996,0.6499999999999999,0.7833333333333333,0.35,0.21666666666666667,0.29999999999999993,0.5666666666666667,0,-0.13333333333333333,0.041666666666666685,0.09166666666666667,0.04166666666666663,0.041666666666666685,-0.04166666666666663,0.22499999999999998,0.13333333333333341,-0.1333333333333333,0.2666666666666667,0.1919191919191919,0.22727272727272727,1,1
100trials_169,7665,-7375,290,0.09,0.25,0.06,0.6,0.15,-0.03,0.85,0.35,0.6599999999999999,0.33999999999999997,0.31999999999999995,1.9411764705882353,0.2,0.016666666666666666,0.025,0.4,0.025,0.08333333333333333,0.75,0.5,0.225,0.09999999999999999,-0.17500000000000002,0.06666666666666667,0.775,0.9,0.725,0.09999999999999998,0.775,0.5833333333333334,0.225,0.4166666666666667,0.55,0.16666666666666669,-0.18333333333333335,0.375,0.05833333333333333,-0.25,-0.125,0.2416666666666667,0.125,-0.625,-0.19166666666666665,0.19166666666666668,-0.38333333333333336,0.8282828282828283,0.42857142857142855,0.25,0.2857142857142857
100trials_17,9000,-10500,-1500,0.1,0.7,0.11,0.09,0.21000000000000002,0.009999999999999995,0.7899999999999999,-0.61,0.2,0.7999999999999999,-0.5999999999999999,0.25000000000000006,0,0.16666666666666666,0.775,0.65,0.125,0.1,0.1,0.08333333333333333,0.125,0.26666666666666666,0.125,-0.06666666666666665,0.875,0.7333333333333334,-0.675,-0.5666666666666667,0.225,0.18333333333333335,0.775,0.8166666666666667,-0.55,-0.6333333333333333,0.16666666666666666,-0.125,-0.024999999999999994,-0.016666666666666677,0.14166666666666666,-0.19166666666666665,-0.1416666666666666,0.10833333333333339,-0.04166666666666666,0.04166666666666663,-0.08333333333333326,0.7070707070707071,0.35294117647058826,0.4,0.3333333333333333
100trials_170,7805,-7975,-170,0.14,0.29,0.18,0.39,0.32,0.03999999999999998,0.6799999999999999,0.10000000000000003,0.5700000000000001,0.43,0.14000000000000007,1.3255813953488373,0.125,0.15,0.325,0.26666666666666666,0.25,0.13333333333333333,0.3,0.45,0.375,0.2833333333333333,0.125,-0.016666666666666663,0.625,0.7166666666666667,-0.025000000000000022,0.18333333333333335,0.55,0.5833333333333334,0.45,0.41666666666666663,0.10000000000000003,0.16666666666666674,0.024999999999999994,-0.05833333333333335,-0.11666666666666667,0.15000000000000002,-0.09166666666666667,-0.14166666666666666,0.09166666666666667,0.20833333333333337,0.033333333333333326,-0.03333333333333338,0.06666666666666671,0.7373737373737373,0.2608695652173913,1,0.6
100trials_171,8420,-10050,-1630,0.18,0.36,0.21,0.25,0.39,0.03,0.61,-0.10999999999999999,0.45999999999999996,0.54,-0.08000000000000007,0.8518518518518517,0.175,0.18333333333333332,0.375,0.35,0.175,0.23333333333333334,0.275,0.23333333333333334,0.35,0.41666666666666663,0,0.05000000000000002,0.65,0.5833333333333333,-0.09999999999999998,-0.11666666666666664,0.45,0.4666666666666667,0.55,0.5333333333333333,-0.10000000000000003,-0.06666666666666665,0.008333333333333331,-0.025000000000000022,0.05833333333333335,-0.041666666666666685,0.06666666666666665,0.05000000000000002,-0.06666666666666676,-0.016666666666666663,0.016666666666666663,-0.01666666666666672,0.03333333333333338,0.26262626262626265,0.19230769230769232,1,0.38461538461538464
100trials_172,8110,-10100,-1990,0.15,0.33,0.17,0.35,0.32,0.020000000000000018,0.6799999999999999,0.019999999999999962,0.52,0.48,0.040000000000000036,1.0833333333333335,0.125,0.16666666666666666,0.225,0.4,0.15,0.18333333333333332,0.5,0.25,0.275,0.35,0.024999999999999994,0.016666666666666663,0.725,0.65,0.275,-0.15000000000000002,0.65,0.43333333333333335,0.35,0.5666666666666667,0.30000000000000004,-0.1333333333333333,0.04166666666666666,0.17500000000000002,0.033333333333333326,-0.25,0.07499999999999996,-0.008333333333333331,-0.07499999999999996,-0.42500000000000004,-0.21666666666666667,0.21666666666666667,-0.43333333333333335,0.5858585858585859,0.2916666666666667,0.75,0.3333333333333333
100trials_173,7220,-7100,120,0.17,0.16,0.31,0.36,0.48,0.13999999999999999,0.52,0.19999999999999998,0.6699999999999999,0.33,0.3399999999999999,2.03030303030303,0.2,0.15,0.3,0.06666666666666667,0.175,0.4,0.325,0.38333333333333336,0.375,0.55,-0.025000000000000022,0.25,0.625,0.45,0.025000000000000022,0.3166666666666667,0.5,0.7833333333333334,0.5,0.21666666666666667,0,0.5666666666666668,-0.05000000000000002,-0.23333333333333334,0.22500000000000003,0.05833333333333335,0.17500000000000004,0.275,-0.175,0.2916666666666667,0.28333333333333344,-0.2833333333333333,0.5666666666666668,0.45454545454545453,0.3333333333333333,0.9,0.5
100trials_174,7950,-8200,-250,0.17,0.3,0.2,0.33,0.37,0.03,0.63,0.030000000000000027,0.53,0.47,0.06000000000000005,1.1276595744680853,0.225,0.13333333333333333,0.35,0.26666666666666666,0.175,0.21666666666666667,0.25,0.38333333333333336,0.4,0.35,-0.05000000000000002,0.08333333333333334,0.6,0.65,-0.09999999999999998,0.1166666666666667,0.425,0.6000000000000001,0.575,0.4,-0.14999999999999997,0.20000000000000007,-0.09166666666666667,-0.08333333333333331,0.041666666666666685,0.13333333333333336,-0.050000000000000044,0.13333333333333336,0.050000000000000044,0.21666666666666667,0.1750000000000001,-0.17499999999999993,0.35000000000000003,0.2727272727272727,0.08,1,0.5454545454545454
100trials_175,9540,-12825,-3285,0.36,0.35,0.25,0.04,0.61,-0.10999999999999999,0.38999999999999996,-0.31,0.29,0.71,-0.42,0.4084507042253521,0.525,0.25,0.425,0.3,0.05,0.38333333333333336,0,0.06666666666666667,0.5750000000000001,0.6333333333333333,-0.47500000000000003,0.13333333333333336,0.425,0.36666666666666664,-0.425,-0.23333333333333334,0.05,0.45,0.95,0.55,-0.8999999999999999,-0.10000000000000003,-0.275,-0.125,0.33333333333333337,0.06666666666666667,0.05833333333333324,0.6083333333333334,-0.05833333333333335,0.19166666666666665,0.4,-0.3999999999999999,0.7999999999999998,0.18181818181818182,0.425,0.7916666666666666,0.2857142857142857
100trials_176,7055,-6550,505,0.15,0.15,0.36,0.34,0.51,0.21,0.49,0.19000000000000003,0.7,0.3,0.39999999999999997,2.3333333333333335,0.225,0.1,0.275,0.06666666666666667,0.325,0.38333333333333336,0.175,0.45,0.55,0.4833333333333334,0.1,0.2833333333333333,0.45,0.5166666666666667,-0.10000000000000003,0.38333333333333336,0.5,0.8333333333333334,0.5,0.16666666666666669,0,0.6666666666666667,-0.125,-0.20833333333333337,0.05833333333333335,0.275,-0.06666666666666665,0.18333333333333332,0.06666666666666671,0.4833333333333334,0.33333333333333337,-0.3333333333333333,0.6666666666666667,0.1111111111111111,0.2647058823529412,1,0.9
100trials_177,7130,-6225,905,0.11,0.15,0.14,0.6,0.25,0.030000000000000013,0.75,0.44999999999999996,0.74,0.26,0.48,2.846153846153846,0.125,0.1,0.2,0.11666666666666667,0.05,0.2,0.625,0.5833333333333334,0.175,0.30000000000000004,-0.075,0.1,0.825,0.7000000000000001,0.425,0.4666666666666667,0.675,0.7833333333333334,0.325,0.21666666666666667,0.35000000000000003,0.5666666666666668,-0.024999999999999994,-0.08333333333333334,0.15000000000000002,-0.04166666666666663,0.12500000000000006,0.175,-0.12499999999999989,0.041666666666666685,0.10833333333333339,-0.10833333333333334,0.21666666666666673,0.5757575757575758,0.42105263157894735,0.8,0.5714285714285714
100trials_178,7280,-6475,805,0.15,0.2,0.31,0.34,0.45999999999999996,0.16,0.54,0.14,0.65,0.35,0.30000000000000004,1.8571428571428574,0.275,0.06666666666666667,0.35,0.1,0.175,0.4,0.2,0.43333333333333335,0.45,0.4666666666666667,-0.10000000000000003,0.33333333333333337,0.55,0.5333333333333333,-0.14999999999999997,0.33333333333333337,0.375,0.8333333333333334,0.625,0.16666666666666669,-0.25,0.6666666666666667,-0.20833333333333337,-0.24999999999999997,0.22500000000000003,0.23333333333333334,0.016666666666666663,0.4333333333333334,-0.01666666666666672,0.48333333333333334,0.45833333333333337,-0.4583333333333333,0.9166666666666667,0.13131313131313133,0.3225806451612903,1,0.5
100trials_179,8240,-8800,-560,0.21,0.31,0.18,0.3,0.39,-0.03,0.61,-0.010000000000000009,0.48,0.52,-0.040000000000000036,0.923076923076923,0.15,0.25,0.325,0.3,0.225,0.15,0.3,0.3,0.375,0.4,0.07500000000000001,-0.1,0.625,0.6,-0.025000000000000022,0,0.525,0.44999999999999996,0.475,0.55,0.050000000000000044,-0.10000000000000009,0.1,-0.025000000000000022,-0.07500000000000001,0,0.025000000000000022,-0.17500000000000002,-0.025000000000000022,0.025000000000000022,-0.07500000000000007,0.07500000000000007,-0.15000000000000013,0.5050505050505051,0.25925925925925924,0.6666666666666666,0.26666666666666666
100trials_18,7500,-8350,-850,0.05,0.45,0.02,0.48,0.07,-0.030000000000000002,0.9299999999999999,0.02999999999999997,0.5,0.5,0,1,0.1,0.016666666666666666,0.35,0.5166666666666667,0.025,0.016666666666666666,0.525,0.45,0.125,0.03333333333333333,-0.07500000000000001,0,0.875,0.9666666666666668,0.17500000000000004,-0.06666666666666671,0.55,0.4666666666666667,0.44999999999999996,0.5333333333333334,0.10000000000000009,-0.06666666666666676,-0.08333333333333334,0.16666666666666674,-0.008333333333333335,-0.07500000000000001,-0.09166666666666667,0.07500000000000001,0.09166666666666679,-0.24166666666666675,-0.08333333333333337,0.08333333333333348,-0.16666666666666685,0.7878787878787878,0.15384615384615385,1,0.5
100trials_180,7350,-6950,400,0.18,0.17,0.42,0.23,0.6,0.24,0.4,0.06,0.65,0.35,0.30000000000000004,1.8571428571428574,0.25,0.13333333333333333,0.275,0.1,0.3,0.5,0.175,0.26666666666666666,0.55,0.6333333333333333,0.04999999999999999,0.3666666666666667,0.45,0.3666666666666667,-0.10000000000000003,0.16666666666666666,0.475,0.7666666666666666,0.525,0.23333333333333334,-0.050000000000000044,0.5333333333333332,-0.11666666666666667,-0.17500000000000002,0.2,0.09166666666666667,0.08333333333333326,0.3166666666666667,-0.08333333333333331,0.2666666666666667,0.29166666666666663,-0.2916666666666667,0.5833333333333333,0.25252525252525254,0.525,0.7,0.3333333333333333
100trials_181,8640,-10350,-1710,0.32,0.27,0.23,0.18,0.55,-0.09,0.45,-0.09000000000000002,0.41000000000000003,0.5900000000000001,-0.18000000000000005,0.6949152542372881,0.425,0.25,0.175,0.3333333333333333,0.225,0.23333333333333334,0.175,0.18333333333333332,0.65,0.48333333333333334,-0.19999999999999998,-0.016666666666666663,0.35,0.5166666666666666,0,-0.15,0.4,0.41666666666666663,0.6,0.5833333333333333,-0.19999999999999996,-0.16666666666666663,-0.175,0.15833333333333333,0.008333333333333331,0.008333333333333331,-0.16666666666666669,0.18333333333333332,0.16666666666666663,-0.15,0.016666666666666607,-0.01666666666666672,0.033333333333333326,0.23232323232323232,0.34285714285714286,0.5,0.17391304347826086
100trials_182,6800,-6600,200,0.18,0.18,0.54,0.1,0.72,0.36000000000000004,0.28,-0.07999999999999999,0.64,0.36,0.28,1.777777777777778,0.15,0.2,0.325,0.08333333333333333,0.275,0.7166666666666667,0.25,0,0.42500000000000004,0.9166666666666667,0.12500000000000003,0.5166666666666666,0.575,0.08333333333333333,-0.07500000000000001,-0.08333333333333333,0.525,0.7166666666666667,0.475,0.2833333333333333,0.050000000000000044,0.43333333333333335,0.05000000000000002,-0.2416666666666667,0.44166666666666665,-0.25,0.4916666666666667,0.3916666666666666,-0.49166666666666664,-0.008333333333333318,0.19166666666666665,-0.19166666666666665,0.3833333333333333,0.7777777777777778,0.6410256410256411,0.4,0.16666666666666666
100trials_183,6800,-6375,425,0.21,0.15,0.37,0.27,0.58,0.16,0.42000000000000004,0.12000000000000002,0.64,0.36,0.28,1.777777777777778,0.3,0.15,0.3,0.05,0.15,0.5166666666666667,0.25,0.2833333333333333,0.44999999999999996,0.6666666666666667,-0.15,0.3666666666666667,0.55,0.3333333333333333,-0.04999999999999999,0.23333333333333334,0.4,0.8,0.6,0.2,-0.19999999999999996,0.6000000000000001,-0.15,-0.25,0.3666666666666667,0.033333333333333326,0.21666666666666679,0.5166666666666667,-0.21666666666666673,0.2833333333333333,0.4,-0.39999999999999997,0.8,0.5757575757575758,0.5483870967741935,0.7,0.5833333333333334
100trials_184,6800,-6350,450,0.17,0.19,0.4,0.24,0.5700000000000001,0.23,0.43,0.04999999999999999,0.64,0.36,0.28,1.777777777777778,0.25,0.11666666666666667,0.275,0.13333333333333333,0.2,0.5333333333333333,0.275,0.21666666666666667,0.45,0.65,-0.04999999999999999,0.41666666666666663,0.55,0.35,0,0.08333333333333334,0.47500000000000003,0.75,0.525,0.25,-0.04999999999999999,0.5,-0.13333333333333333,-0.1416666666666667,0.3333333333333333,-0.05833333333333335,0.2,0.4666666666666666,-0.20000000000000007,0.08333333333333334,0.27499999999999997,-0.275,0.55,0.6262626262626263,0.59375,0.5555555555555556,0.36363636363636365
100trials_185,6850,-6800,50,0.13,0.24,0.29,0.34,0.42,0.15999999999999998,0.5800000000000001,0.10000000000000003,0.63,0.37,0.26,1.7027027027027026,0.15,0.11666666666666667,0.4,0.13333333333333333,0.35,0.25,0.1,0.5,0.5,0.3666666666666667,0.19999999999999998,0.13333333333333333,0.5,0.6333333333333333,-0.30000000000000004,0.3666666666666667,0.44999999999999996,0.75,0.55,0.25,-0.10000000000000009,0.5,-0.033333333333333326,-0.2666666666666667,-0.09999999999999998,0.4,-0.1333333333333333,-0.06666666666666665,0.1333333333333333,0.6666666666666667,0.30000000000000004,-0.30000000000000004,0.6000000000000001,0.5858585858585859,0.36,0.8333333333333334,0.4444444444444444
100trials_186,7200,-7050,150,0.15,0.29,0.3,0.26,0.44999999999999996,0.15,0.55,-0.02999999999999997,0.56,0.43999999999999995,0.1200000000000001,1.272727272727273,0.15,0.15,0.45,0.18333333333333332,0.2,0.36666666666666664,0.2,0.3,0.35,0.5166666666666666,0.05000000000000002,0.21666666666666665,0.65,0.4833333333333333,-0.25,0.11666666666666667,0.4,0.6666666666666666,0.6,0.3333333333333333,-0.19999999999999996,0.3333333333333333,0,-0.2666666666666667,0.16666666666666663,0.09999999999999998,0.16666666666666663,0.16666666666666663,-0.16666666666666674,0.3666666666666667,0.2666666666666666,-0.26666666666666666,0.5333333333333332,0.42424242424242425,0.25925925925925924,0.875,0.6363636363636364
100trials_187,7000,-7300,-300,0.15,0.25,0.5,0.1,0.65,0.35,0.35,-0.15,0.6,0.4,0.19999999999999996,1.4999999999999998,0.175,0.13333333333333333,0.45,0.11666666666666667,0.175,0.7166666666666667,0.2,0.03333333333333333,0.35,0.85,0,0.5833333333333334,0.65,0.15,-0.25,-0.08333333333333334,0.375,0.75,0.625,0.25,-0.25,0.5,-0.04166666666666666,-0.33333333333333337,0.5416666666666667,-0.16666666666666669,0.5,0.5833333333333334,-0.5,0.16666666666666666,0.375,-0.375,0.75,0.7373737373737373,0.6666666666666666,0.75,0.2727272727272727
100trials_188,6350,-5625,725,0.1,0.17,0.38,0.35,0.48,0.28,0.52,0.17999999999999997,0.73,0.27,0.45999999999999996,2.7037037037037033,0.25,0,0.425,0,0.05,0.6,0.275,0.4,0.3,0.6,-0.2,0.6,0.7,0.4,-0.14999999999999997,0.4,0.325,1,0.675,0,-0.35000000000000003,1,-0.25,-0.425,0.5499999999999999,0.125,0.3,0.8,-0.29999999999999993,0.55,0.675,-0.675,1.35,0.8181818181818182,0.6785714285714286,0.6,0
100trials_189,6900,-6025,875,0.09,0.29,0.17,0.45,0.26,0.08000000000000002,0.74,0.16000000000000003,0.62,0.38,0.24,1.631578947368421,0.05,0.11666666666666667,0.075,0.43333333333333335,0.25,0.11666666666666667,0.625,0.3333333333333333,0.3,0.23333333333333334,0.2,0,0.7,0.7666666666666666,0.55,-0.10000000000000003,0.875,0.44999999999999996,0.125,0.55,0.75,-0.10000000000000009,0.06666666666666667,0.35833333333333334,-0.13333333333333333,-0.2916666666666667,-0.06666666666666665,-0.2,0.06666666666666665,-0.6500000000000001,-0.42500000000000004,0.42500000000000004,-0.8500000000000001,0.6868686868686869,0.3333333333333333,0.5,0.2857142857142857
100trials_19,8100,-8350,-250,0.21,0.41,0.16,0.22,0.37,-0.04999999999999999,0.63,-0.18999999999999997,0.38,0.62,-0.24,0.6129032258064516,0.2,0.21666666666666667,0.4,0.4166666666666667,0.175,0.15,0.225,0.21666666666666667,0.375,0.3666666666666667,-0.025000000000000022,-0.06666666666666668,0.625,0.6333333333333333,-0.17500000000000002,-0.2,0.4,0.3666666666666667,0.6000000000000001,0.6333333333333333,-0.20000000000000007,-0.2666666666666666,0.016666666666666663,0.016666666666666663,-0.024999999999999994,-0.008333333333333331,-0.008333333333333304,-0.04166666666666666,0.008333333333333304,-0.024999999999999994,-0.033333333333333326,0.033333333333333215,-0.06666666666666654,0.1414141414141414,0.18181818181818182,1,0.6428571428571429
100trials_190,8350,-9000,-650,0.16,0.51,0.18,0.15,0.33999999999999997,0.01999999999999999,0.66,-0.36,0.32999999999999996,0.67,-0.3400000000000001,0.49253731343283574,0.25,0.1,0.45,0.55,0.075,0.25,0.225,0.1,0.325,0.35,-0.175,0.15,0.675,0.65,-0.225,-0.45000000000000007,0.3,0.35,0.7,0.65,-0.39999999999999997,-0.30000000000000004,-0.15,0.10000000000000003,0.175,-0.125,0.024999999999999967,0.32499999999999996,-0.025000000000000022,-0.22500000000000006,0.04999999999999999,-0.04999999999999993,0.09999999999999992,0.40404040404040403,0.2727272727272727,0.75,0.3076923076923077
100trials_191,7800,-7850,-50,0.25,0.31,0.18,0.26,0.43,-0.07,0.5700000000000001,-0.04999999999999999,0.44,0.56,-0.12000000000000005,0.7857142857142857,0.2,0.2833333333333333,0.325,0.3,0.2,0.16666666666666666,0.275,0.25,0.4,0.44999999999999996,0,-0.11666666666666667,0.6000000000000001,0.55,-0.04999999999999999,-0.04999999999999999,0.47500000000000003,0.41666666666666663,0.525,0.5833333333333333,-0.04999999999999999,-0.16666666666666663,0.08333333333333331,-0.025000000000000022,-0.033333333333333354,-0.025000000000000022,0.04999999999999993,-0.11666666666666667,-0.050000000000000044,0,-0.058333333333333404,0.05833333333333324,-0.11666666666666664,0.26262626262626265,0.08,1,0.9333333333333333
100trials_192,7450,-7450,0,0.18,0.31,0.09,0.42,0.27,-0.09,0.73,0.10999999999999999,0.51,0.49,0.020000000000000018,1.0408163265306123,0.3,0.1,0.375,0.26666666666666666,0.175,0.03333333333333333,0.15,0.6,0.475,0.13333333333333333,-0.125,-0.06666666666666668,0.525,0.8666666666666667,-0.225,0.3333333333333333,0.32499999999999996,0.6333333333333333,0.675,0.3666666666666667,-0.3500000000000001,0.2666666666666666,-0.19999999999999998,-0.10833333333333334,-0.14166666666666666,0.44999999999999996,-0.3416666666666667,0.05833333333333332,0.3416666666666667,0.5583333333333333,0.30833333333333335,-0.30833333333333335,0.6166666666666667,0.3939393939393939,0.25,1,0.3076923076923077
100trials_193,6200,-5575,625,0.1,0.14,0.65,0.11,0.75,0.55,0.25,-0.030000000000000013,0.76,0.24000000000000002,0.52,3.1666666666666665,0.225,0.016666666666666666,0.275,0.05,0.275,0.9,0.225,0.03333333333333333,0.5,0.9166666666666667,0.05000000000000002,0.8833333333333333,0.5,0.08333333333333334,-0.05000000000000002,-0.01666666666666667,0.5,0.9333333333333333,0.5,0.06666666666666667,0,0.8666666666666667,-0.20833333333333334,-0.22500000000000003,0.625,-0.19166666666666668,0.41666666666666674,0.8333333333333333,-0.41666666666666663,0.03333333333333335,0.43333333333333335,-0.43333333333333335,0.8666666666666667,0.6666666666666666,0.6666666666666666,0.6,0.7142857142857143
100trials_194,5850,-3950,1900,0.07,0.1,0.03,0.8,0.1,-0.04000000000000001,0.9,0.7000000000000001,0.8300000000000001,0.17,0.66,4.882352941176471,0.175,0,0.25,0,0.075,0,0.5,1,0.25,0,-0.09999999999999999,0,0.75,1,0.25,1,0.575,1,0.425,0,0.14999999999999997,1,-0.175,-0.25,-0.075,0.5,-0.25,0.09999999999999999,0.25,0.75,0.42500000000000004,-0.425,0.8500000000000001,0.9393939393939394,0.75,0.3333333333333333,0.25
100trials_195,6450,-6300,150,0.15,0.14,0.51,0.2,0.66,0.36,0.34,0.06,0.71,0.29000000000000004,0.41999999999999993,2.4482758620689653,0.225,0.1,0.35,0,0.125,0.7666666666666667,0.3,0.13333333333333333,0.35,0.8666666666666667,-0.1,0.6666666666666667,0.6499999999999999,0.13333333333333333,-0.04999999999999999,0.13333333333333333,0.425,0.9,0.575,0.1,-0.14999999999999997,0.8,-0.125,-0.35,0.6416666666666667,-0.16666666666666666,0.5166666666666667,0.7666666666666667,-0.5166666666666666,0.18333333333333332,0.47500000000000003,-0.475,0.95,0.7474747474747475,0.6388888888888888,0.5,0.5
100trials_196,6350,-5450,900,0.1,0.17,0.59,0.14,0.69,0.49,0.31000000000000005,-0.03,0.73,0.27,0.45999999999999996,2.7037037037037033,0.125,0.08333333333333333,0.425,0,0.2,0.85,0.25,0.06666666666666667,0.325,0.9333333333333333,0.07500000000000001,0.7666666666666666,0.675,0.06666666666666667,-0.175,0.06666666666666667,0.45,0.9166666666666666,0.55,0.08333333333333333,-0.10000000000000003,0.8333333333333333,-0.04166666666666667,-0.425,0.6499999999999999,-0.18333333333333335,0.6083333333333334,0.6916666666666667,-0.6083333333333334,0.24166666666666664,0.4666666666666666,-0.46666666666666673,0.9333333333333333,0.5959595959595959,0.6111111111111112,0.8,0.5714285714285714
100trials_197,7900,-8500,-600,0.18,0.4,0.1,0.32,0.28,-0.07999999999999999,0.72,-0.08000000000000002,0.42000000000000004,0.5800000000000001,-0.16000000000000003,0.7241379310344828,0.25,0.13333333333333333,0.35,0.43333333333333335,0.15,0.06666666666666667,0.25,0.36666666666666664,0.4,0.2,-0.1,-0.06666666666666667,0.6,0.8,-0.09999999999999998,-0.06666666666666671,0.4,0.4333333333333333,0.6,0.5666666666666667,-0.19999999999999996,-0.13333333333333336,-0.11666666666666667,0.08333333333333337,-0.08333333333333333,0.11666666666666664,-0.2,0.03333333333333334,0.20000000000000007,0.03333333333333327,0.03333333333333327,-0.033333333333333326,0.0666666666666666,0.5252525252525253,0.19047619047619047,0.9,0.5
100trials_198,7300,-8100,-800,0.14,0.32,0.1,0.44,0.24000000000000002,-0.04000000000000001,0.76,0.12,0.54,0.46,0.08000000000000002,1.173913043478261,0.2,0.1,0.8,0,0,0.16666666666666666,0,0.7333333333333333,0.2,0.26666666666666666,-0.2,0.06666666666666665,0.8,0.7333333333333333,-0.8,0.7333333333333333,0,0.8999999999999999,1,0.1,-1,0.7999999999999999,-0.1,-0.8,0.16666666666666666,0.7333333333333333,0.06666666666666665,0.26666666666666666,-0.06666666666666676,1.5333333333333332,0.8999999999999999,-0.9,1.7999999999999998,0.9494949494949495,0.7368421052631579,0.2857142857142857,0.09090909090909091
100trials_199,8100,-8925,-825,0.32,0.3,0.26,0.12,0.5800000000000001,-0.06,0.42,-0.18,0.38,0.62,-0.24,0.6129032258064516,0.175,0.4166666666666667,0.5,0.16666666666666666,0.075,0.38333333333333336,0.25,0.03333333333333333,0.25,0.8,-0.09999999999999999,-0.033333333333333326,0.75,0.19999999999999998,-0.25,-0.13333333333333333,0.325,0.4166666666666667,0.675,0.5833333333333334,-0.35000000000000003,-0.16666666666666669,0.2416666666666667,-0.33333333333333337,0.30833333333333335,-0.21666666666666667,0.55,0.06666666666666667,-0.55,0.11666666666666667,0.09166666666666667,-0.09166666666666667,0.18333333333333335,0.5050505050505051,0.42424242424242425,0.7058823529411765,0.25
100trials_2,7450,-8250,-800,0.14,0.35,0.18,0.33,0.32,0.03999999999999998,0.6799999999999999,-0.019999999999999962,0.51,0.49,0.020000000000000018,1.0408163265306123,0.225,0.08333333333333333,0.325,0.36666666666666664,0.225,0.15,0.225,0.4,0.45,0.23333333333333334,0,0.06666666666666667,0.55,0.7666666666666666,-0.1,0.03333333333333338,0.45,0.55,0.55,0.44999999999999996,-0.10000000000000003,0.10000000000000009,-0.14166666666666666,0.04166666666666663,-0.07500000000000001,0.17500000000000002,-0.21666666666666667,0.06666666666666667,0.21666666666666656,0.1333333333333334,0.10000000000000003,-0.10000000000000009,0.20000000000000012,0.10101010101010101,0,1,0.6153846153846154
100trials_20,7400,-6950,450,0.03,0.45,0.19,0.33,0.22,0.16,0.78,-0.12,0.52,0.48,0.040000000000000036,1.0833333333333335,0.075,0,0.475,0.43333333333333335,0.175,0.2,0.275,0.36666666666666664,0.25,0.2,0.09999999999999999,0.2,0.75,0.8,-0.19999999999999996,-0.06666666666666671,0.45,0.5666666666666667,0.5499999999999999,0.43333333333333335,-0.09999999999999992,0.1333333333333333,-0.075,-0.04166666666666663,0.025000000000000022,0.09166666666666662,-0.04999999999999999,0.10000000000000002,0.050000000000000044,0.13333333333333325,0.11666666666666664,-0.11666666666666659,0.23333333333333323,0.23232323232323232,0.10526315789473684,1,0.5714285714285714
100trials_200,6300,-5100,1200,0.09,0.17,0.19,0.55,0.28,0.1,0.7200000000000001,0.38,0.74,0.26,0.48,2.846153846153846,0.125,0.06666666666666667,0.3,0.08333333333333333,0.15,0.21666666666666667,0.425,0.6333333333333333,0.275,0.2833333333333333,0.024999999999999994,0.15000000000000002,0.725,0.7166666666666667,0.125,0.5499999999999999,0.575,0.85,0.425,0.15,0.14999999999999997,0.7,-0.058333333333333334,-0.21666666666666667,0.06666666666666668,0.20833333333333331,0.008333333333333304,0.12500000000000003,-0.008333333333333304,0.42499999999999993,0.275,-0.275,0.55,0.8686868686868687,0.5789473684210527,0.75,0.3333333333333333
100trials_201,7300,-7500,-200,0.18,0.28,0.21,0.33,0.39,0.03,0.6100000000000001,0.04999999999999999,0.54,0.46,0.08000000000000002,1.173913043478261,0.25,0.13333333333333333,0.4,0.2,0.125,0.26666666666666666,0.225,0.4,0.375,0.4,-0.125,0.13333333333333333,0.625,0.6000000000000001,-0.17500000000000002,0.2,0.35,0.6666666666666667,0.65,0.33333333333333337,-0.30000000000000004,0.33333333333333337,-0.11666666666666667,-0.2,0.14166666666666666,0.17500000000000002,0.025000000000000022,0.2583333333333333,-0.02499999999999991,0.375,0.31666666666666676,-0.31666666666666665,0.6333333333333334,0.494949494949495,0.36,0.6666666666666666,0.4166666666666667
100trials_202,6650,-5775,875,0.14,0.19,0.39,0.28,0.53,0.25,0.47000000000000003,0.09000000000000002,0.67,0.33,0.34,2.0303030303030303,0,0.23333333333333334,0.175,0.2,0.225,0.5,0.6,0.06666666666666667,0.225,0.7333333333333334,0.225,0.26666666666666666,0.7749999999999999,0.26666666666666666,0.425,-0.13333333333333336,0.825,0.5666666666666667,0.175,0.43333333333333335,0.6499999999999999,0.1333333333333333,0.23333333333333334,0.025000000000000022,0.275,-0.5333333333333333,0.5083333333333334,0.04166666666666666,-0.5083333333333333,-0.5583333333333333,-0.2583333333333333,0.25833333333333336,-0.5166666666666666,0.7777777777777778,0.6551724137931034,0.75,0.6
100trials_203,7150,-7300,-150,0.16,0.27,0.22,0.35,0.38,0.06,0.62,0.07999999999999996,0.57,0.43000000000000005,0.1399999999999999,1.325581395348837,0.225,0.11666666666666667,0.3,0.25,0.2,0.23333333333333334,0.275,0.4,0.42500000000000004,0.35,-0.024999999999999994,0.11666666666666667,0.575,0.65,-0.024999999999999967,0.15000000000000002,0.47500000000000003,0.6333333333333333,0.525,0.3666666666666667,-0.04999999999999999,0.2666666666666666,-0.10833333333333334,-0.04999999999999999,0.033333333333333326,0.125,-0.07500000000000007,0.14166666666666666,0.07500000000000007,0.175,0.15833333333333327,-0.15833333333333333,0.3166666666666666,0.2222222222222222,0.041666666666666664,1,0.2727272727272727
100trials_204,6200,-5375,825,0.1,0.14,0.57,0.19,0.6699999999999999,0.47,0.33,0.04999999999999999,0.76,0.24000000000000002,0.52,3.1666666666666665,0.25,0,0.35,0,0.15,0.85,0.25,0.15,0.4,0.85,-0.1,0.85,0.6,0.15,-0.09999999999999998,0.15,0.4,1,0.6,0,-0.19999999999999996,1,-0.25,-0.35,0.7,-0.1,0.44999999999999996,0.95,-0.44999999999999996,0.24999999999999997,0.6,-0.6,1.2,0.696969696969697,0.7714285714285715,0.6,0.2857142857142857
100trials_205,7900,-8350,-450,0.27,0.31,0.2,0.22,0.47000000000000003,-0.07,0.53,-0.09,0.42000000000000004,0.5800000000000001,-0.16000000000000003,0.7241379310344828,0.25,0.2833333333333333,0.35,0.2833333333333333,0.175,0.21666666666666667,0.225,0.21666666666666667,0.425,0.5,-0.07500000000000001,-0.06666666666666665,0.575,0.5,-0.12499999999999997,-0.06666666666666665,0.4,0.43333333333333335,0.6,0.5666666666666667,-0.19999999999999996,-0.1333333333333333,0.033333333333333326,-0.06666666666666665,0.041666666666666685,-0.008333333333333331,0.07500000000000001,0.00833333333333336,-0.07499999999999996,0.05833333333333332,0.033333333333333326,-0.033333333333333326,0.06666666666666665,0.2727272727272727,0.2857142857142857,0.6428571428571429,0.23529411764705882
100trials_206,6050,-4450,1600,0.1,0.11,0.49,0.3,0.59,0.39,0.41,0.19,0.79,0.21000000000000002,0.5800000000000001,3.761904761904762,0.25,0,0.275,0,0.1,0.75,0.375,0.25,0.35,0.75,-0.15,0.75,0.65,0.25,0.09999999999999998,0.25,0.475,1,0.525,0,-0.050000000000000044,1,-0.25,-0.275,0.65,-0.125,0.4,0.9,-0.4,0.15000000000000002,0.525,-0.525,1.05,0.8787878787878788,0.78125,0.2,0.3333333333333333
100trials_207,6150,-5000,1150,0.07,0.16,0.54,0.23,0.6100000000000001,0.47000000000000003,0.39,0.07,0.77,0.23,0.54,3.3478260869565215,0.125,0.03333333333333333,0.325,0.05,0.3,0.7,0.25,0.21666666666666667,0.425,0.7333333333333333,0.175,0.6666666666666666,0.575,0.26666666666666666,-0.07500000000000001,0.16666666666666669,0.55,0.9166666666666666,0.45,0.08333333333333334,0.10000000000000003,0.8333333333333333,-0.09166666666666667,-0.275,0.39999999999999997,-0.033333333333333326,0.3083333333333333,0.49166666666666664,-0.3083333333333333,0.2416666666666667,0.3666666666666666,-0.3666666666666667,0.7333333333333332,0.494949494949495,0.6666666666666666,1,0.8
100trials_208,6500,-5425,1075,0.1,0.2,0.39,0.31,0.49,0.29000000000000004,0.51,0.10999999999999999,0.7,0.30000000000000004,0.3999999999999999,2.333333333333333,0.175,0.05,0.3,0.13333333333333333,0.25,0.48333333333333334,0.275,0.3333333333333333,0.425,0.5333333333333333,0.07500000000000001,0.43333333333333335,0.575,0.4666666666666667,-0.024999999999999967,0.19999999999999998,0.525,0.8166666666666667,0.475,0.18333333333333335,0.050000000000000044,0.6333333333333333,-0.12499999999999999,-0.16666666666666666,0.23333333333333334,0.05833333333333329,0.10833333333333334,0.35833333333333334,-0.10833333333333328,0.22499999999999995,0.29166666666666663,-0.29166666666666663,0.5833333333333333,0.42424242424242425,0.4642857142857143,0.8,0.42857142857142855
100trials_209,7800,-9100,-1300,0.24,0.32,0.18,0.26,0.42,-0.06,0.5800000000000001,-0.06,0.44,0.56,-0.12000000000000005,0.7857142857142857,0.425,0.11666666666666667,0.325,0.31666666666666665,0.2,0.16666666666666666,0.05,0.4,0.625,0.2833333333333333,-0.22499999999999998,0.04999999999999999,0.375,0.7166666666666667,-0.275,0.08333333333333337,0.25,0.5666666666666667,0.75,0.43333333333333335,-0.5,0.1333333333333333,-0.30833333333333335,-0.00833333333333336,-0.033333333333333354,0.35000000000000003,-0.3416666666666667,0.27499999999999997,0.3416666666666667,0.3583333333333334,0.31666666666666665,-0.31666666666666665,0.6333333333333333,0.6868686868686869,0.5,0.3333333333333333,0.125
100trials_21,7700,-8450,-750,0.26,0.28,0.17,0.29,0.43000000000000005,-0.09,0.5700000000000001,0.009999999999999953,0.45999999999999996,0.54,-0.08000000000000007,0.8518518518518517,0.4,0.16666666666666666,0.15,0.36666666666666664,0.125,0.2,0.325,0.26666666666666666,0.525,0.3666666666666667,-0.275,0.033333333333333354,0.475,0.6333333333333333,0.17500000000000002,-0.09999999999999998,0.45,0.4666666666666667,0.55,0.5333333333333333,-0.10000000000000003,-0.06666666666666665,-0.23333333333333336,0.21666666666666665,0.07500000000000001,-0.05833333333333335,-0.15833333333333333,0.30833333333333335,0.15833333333333333,-0.275,0.016666666666666663,-0.01666666666666672,0.03333333333333338,0.31313131313131315,0.39285714285714285,0.6428571428571429,0.4117647058823529
100trials_210,5950,-4000,1950,0.08,0.11,0.06,0.75,0.14,-0.020000000000000004,0.86,0.64,0.81,0.19,0.6200000000000001,4.2631578947368425,0.175,0.016666666666666666,0.25,0.016666666666666666,0.15,0,0.425,0.9666666666666667,0.32499999999999996,0.016666666666666666,-0.024999999999999994,-0.016666666666666666,0.675,0.9833333333333334,0.175,0.95,0.575,0.9666666666666667,0.425,0.03333333333333333,0.14999999999999997,0.9333333333333333,-0.15833333333333333,-0.23333333333333334,-0.15,0.5416666666666667,-0.3083333333333333,0.008333333333333328,0.30833333333333335,0.7749999999999999,0.3916666666666667,-0.39166666666666666,0.7833333333333334,0.8686868686868687,0.5384615384615384,0.3333333333333333,0.5
100trials_211,7600,-7600,0,0.13,0.39,0.2,0.28,0.33,0.07,0.67,-0.10999999999999999,0.48000000000000004,0.52,-0.03999999999999998,0.9230769230769231,0.15,0.11666666666666667,0.475,0.3333333333333333,0.15,0.23333333333333334,0.225,0.31666666666666665,0.3,0.35,0,0.11666666666666667,0.7,0.6499999999999999,-0.24999999999999997,-0.016666666666666663,0.375,0.55,0.625,0.44999999999999996,-0.25,0.10000000000000009,-0.033333333333333326,-0.14166666666666666,0.08333333333333334,0.09166666666666665,0.04999999999999999,0.11666666666666667,-0.050000000000000044,0.2333333333333333,0.17500000000000004,-0.17500000000000004,0.3500000000000001,0.40404040404040403,0.14285714285714285,0.8333333333333334,0.5
100trials_212,7550,-7250,300,0.1,0.41,0.41,0.08,0.51,0.30999999999999994,0.49,-0.32999999999999996,0.49,0.51,-0.020000000000000018,0.9607843137254901,0.25,0,0.55,0.31666666666666665,0.1,0.6166666666666667,0.1,0.06666666666666667,0.35,0.6166666666666667,-0.15,0.6166666666666667,0.65,0.3833333333333333,-0.45000000000000007,-0.25,0.2,0.6833333333333333,0.8,0.31666666666666665,-0.6000000000000001,0.3666666666666667,-0.25,-0.2333333333333334,0.5166666666666667,-0.03333333333333334,0.2666666666666667,0.7666666666666667,-0.2666666666666667,0.20000000000000007,0.48333333333333334,-0.4833333333333334,0.9666666666666668,0.696969696969697,0.6785714285714286,0.6,0.1111111111111111
100trials_213,7700,-8925,-1225,0.22,0.32,0.17,0.29,0.39,-0.04999999999999999,0.61,-0.030000000000000027,0.45999999999999996,0.54,-0.08000000000000007,0.8518518518518517,0.175,0.25,0.425,0.25,0.1,0.21666666666666667,0.3,0.2833333333333333,0.275,0.4666666666666667,-0.07499999999999998,-0.033333333333333326,0.725,0.5333333333333333,-0.125,0.033333333333333326,0.4,0.5,0.6,0.5,-0.19999999999999996,0,0.07500000000000001,-0.175,0.11666666666666667,-0.016666666666666663,0.19166666666666665,0.04166666666666666,-0.19166666666666665,0.15833333333333333,0.09999999999999998,-0.09999999999999998,0.19999999999999996,0.3939393939393939,0.32,0.6363636363636364,0.3333333333333333
100trials_214,5900,-3900,2000,0.07,0.11,0.71,0.11,0.78,0.6399999999999999,0.22,0,0.82,0.18,0.6399999999999999,4.555555555555555,0.175,0,0.275,0,0.275,1,0.275,0,0.45,1,0.10000000000000003,1,0.55,0,0,0,0.55,1,0.45,0,0.10000000000000003,1,-0.175,-0.275,0.725,-0.275,0.55,0.8999999999999999,-0.55,0,0.44999999999999996,-0.45,0.8999999999999999,0.7676767676767676,0.8461538461538461,1,0.75
100trials_215,5950,-4800,1150,0.05,0.14,0.13,0.68,0.18,0.08,0.8200000000000001,0.54,0.81,0.19,0.6200000000000001,4.2631578947368425,0.125,0,0.35,0,0.275,0.03333333333333333,0.25,0.9666666666666667,0.4,0.03333333333333333,0.15000000000000002,0.03333333333333333,0.6,0.9666666666666667,-0.09999999999999998,0.9666666666666667,0.525,1,0.475,0,0.050000000000000044,1,-0.125,-0.35,-0.2416666666666667,0.7166666666666667,-0.3666666666666667,-0.1166666666666667,0.3666666666666667,1.0666666666666667,0.475,-0.475,0.95,0.7373737373737373,0.4375,1,0.75
100trials_216,7900,-8450,-550,0.18,0.4,0.19,0.23,0.37,0.010000000000000009,0.63,-0.17,0.42000000000000004,0.5800000000000001,-0.16000000000000003,0.7241379310344828,0.225,0.15,0.25,0.5,0.175,0.2,0.35,0.15,0.4,0.35,-0.05000000000000002,0.05000000000000002,0.6,0.65,0.09999999999999998,-0.35,0.5249999999999999,0.35,0.475,0.65,0.04999999999999993,-0.30000000000000004,-0.07500000000000001,0.25,0.025000000000000022,-0.19999999999999998,-0.050000000000000044,0.10000000000000003,0.050000000000000044,-0.44999999999999996,-0.17499999999999993,0.17500000000000004,-0.35,0.5858585858585859,0.4166666666666667,0.4444444444444444,0.15384615384615385
100trials_217,7100,-7050,50,0.16,0.26,0.3,0.28,0.45999999999999996,0.13999999999999999,0.54,0.020000000000000018,0.5800000000000001,0.42000000000000004,0.16000000000000003,1.380952380952381,0.25,0.1,0.225,0.2833333333333333,0.25,0.3333333333333333,0.275,0.2833333333333333,0.5,0.43333333333333335,0,0.2333333333333333,0.5,0.5666666666666667,0.05000000000000002,0,0.525,0.6166666666666667,0.475,0.3833333333333333,0.050000000000000044,0.2333333333333334,-0.15,0.05833333333333332,0.08333333333333331,0.008333333333333304,-0.06666666666666665,0.2333333333333333,0.06666666666666665,-0.05000000000000002,0.09166666666666667,-0.09166666666666667,0.18333333333333335,0.0707070707070707,0.25925925925925924,1,0.4166666666666667
100trials_218,7900,-8050,-150,0.15,0.43,0.21,0.21,0.36,0.06,0.64,-0.22,0.42,0.58,-0.15999999999999998,0.7241379310344828,0.125,0.16666666666666666,0.475,0.4,0.15,0.25,0.25,0.18333333333333332,0.275,0.41666666666666663,0.024999999999999994,0.08333333333333334,0.725,0.5833333333333334,-0.22499999999999998,-0.2166666666666667,0.4,0.43333333333333335,0.6,0.5666666666666667,-0.19999999999999996,-0.1333333333333333,0.04166666666666666,-0.07499999999999996,0.1,-0.06666666666666668,0.1416666666666666,0.05833333333333335,-0.1416666666666666,0.008333333333333276,0.033333333333333326,-0.033333333333333326,0.06666666666666665,0.7070707070707071,0.391304347826087,0.5,0.08333333333333333
100trials_219,6750,-6100,650,0.16,0.19,0.43,0.22,0.59,0.27,0.41000000000000003,0.03,0.65,0.35,0.30000000000000004,1.8571428571428574,0.25,0.1,0.45,0.016666666666666666,0.075,0.6666666666666666,0.225,0.21666666666666667,0.325,0.7666666666666666,-0.175,0.5666666666666667,0.675,0.23333333333333334,-0.225,0.2,0.3,0.8833333333333333,0.7,0.11666666666666667,-0.39999999999999997,0.7666666666666666,-0.15,-0.43333333333333335,0.5916666666666667,-0.008333333333333331,0.4416666666666666,0.7416666666666667,-0.4416666666666667,0.42500000000000004,0.5833333333333333,-0.5833333333333333,1.1666666666666665,0.6363636363636364,0.59375,0.75,0.6
100trials_22,8000,-7400,600,0.12,0.48,0.17,0.23,0.29000000000000004,0.05000000000000002,0.71,-0.24999999999999997,0.4,0.6,-0.19999999999999996,0.6666666666666667,0.1,0.13333333333333333,0.525,0.45,0.1,0.21666666666666667,0.275,0.2,0.2,0.35,0,0.08333333333333334,0.8,0.65,-0.25,-0.25,0.375,0.4166666666666667,0.625,0.5833333333333334,-0.25,-0.16666666666666669,0.033333333333333326,-0.07500000000000001,0.11666666666666667,-0.07500000000000001,0.14999999999999997,0.08333333333333334,-0.15000000000000002,0,0.041666666666666685,-0.04166666666666663,0.08333333333333331,0.36363636363636365,0.15789473684210525,0.8333333333333334,0.4
100trials_220,6150,-5150,1000,0.09,0.14,0.32,0.45,0.41000000000000003,0.23,0.5900000000000001,0.31,0.77,0.23,0.54,3.3478260869565215,0.175,0.03333333333333333,0.35,0,0.125,0.45,0.35,0.5166666666666667,0.3,0.48333333333333334,-0.04999999999999999,0.4166666666666667,0.7,0.5166666666666667,0,0.5166666666666667,0.475,0.9666666666666668,0.5249999999999999,0.03333333333333333,-0.04999999999999993,0.9333333333333335,-0.14166666666666666,-0.35,0.325,0.16666666666666674,0.18333333333333335,0.4666666666666667,-0.18333333333333324,0.5166666666666667,0.4916666666666668,-0.4916666666666666,0.9833333333333334,0.6060606060606061,0.5416666666666666,0.75,0.3333333333333333
100trials_221,6950,-6375,575,0.11,0.28,0.17,0.44,0.28,0.06000000000000001,0.72,0.15999999999999998,0.61,0.39,0.21999999999999997,1.564102564102564,0.175,0.06666666666666667,0.475,0.15,0.1,0.21666666666666667,0.25,0.5666666666666667,0.275,0.2833333333333333,-0.07499999999999998,0.15000000000000002,0.725,0.7166666666666667,-0.22499999999999998,0.41666666666666663,0.35,0.7833333333333333,0.6499999999999999,0.21666666666666667,-0.29999999999999993,0.5666666666666667,-0.10833333333333332,-0.32499999999999996,0.11666666666666667,0.31666666666666665,0.008333333333333304,0.225,-0.008333333333333304,0.6416666666666666,0.43333333333333335,-0.43333333333333324,0.8666666666666666,0.7373737373737373,0.42105263157894735,0.8,0.25
100trials_222,7800,-7600,200,0.21,0.35,0.28,0.16,0.49,0.07000000000000003,0.51,-0.18999999999999997,0.44000000000000006,0.5599999999999999,-0.11999999999999988,0.7857142857142859,0.225,0.2,0.35,0.35,0.275,0.2833333333333333,0.15,0.16666666666666666,0.5,0.48333333333333334,0.05000000000000002,0.08333333333333331,0.5,0.5166666666666666,-0.19999999999999998,-0.18333333333333332,0.42500000000000004,0.44999999999999996,0.575,0.55,-0.1499999999999999,-0.10000000000000009,-0.024999999999999994,0,0.008333333333333304,0.016666666666666663,-0.016666666666666663,0.0333333333333333,0.016666666666666607,0.016666666666666663,0.02499999999999991,-0.02499999999999991,0.04999999999999982,0.1717171717171717,0.20689655172413793,0.9090909090909091,0.42857142857142855
100trials_223,7700,-8550,-850,0.17,0.37,0.21,0.25,0.38,0.03999999999999998,0.62,-0.12,0.45999999999999996,0.54,-0.08000000000000007,0.8518518518518517,0.15,0.18333333333333332,0.5,0.2833333333333333,0.175,0.23333333333333334,0.175,0.3,0.32499999999999996,0.41666666666666663,0.024999999999999994,0.05000000000000002,0.675,0.5833333333333333,-0.325,0.016666666666666663,0.35,0.5333333333333333,0.65,0.4666666666666667,-0.30000000000000004,0.06666666666666665,0.033333333333333326,-0.21666666666666667,0.05833333333333335,0.125,0.09166666666666667,0.025000000000000022,-0.09166666666666679,0.3416666666666667,0.18333333333333335,-0.18333333333333335,0.3666666666666667,0.36363636363636365,0.15384615384615385,1,0.5384615384615384
100trials_224,7350,-7100,250,0.12,0.35,0.42,0.11,0.54,0.3,0.45999999999999996,-0.24,0.53,0.47,0.06000000000000005,1.1276595744680853,0.125,0.11666666666666667,0.375,0.3333333333333333,0.325,0.48333333333333334,0.175,0.06666666666666667,0.45,0.6,0.2,0.3666666666666667,0.55,0.39999999999999997,-0.2,-0.26666666666666666,0.5,0.55,0.5,0.44999999999999996,0,0.10000000000000009,-0.008333333333333331,-0.041666666666666685,0.15833333333333333,-0.10833333333333332,0.14999999999999997,0.16666666666666669,-0.15000000000000008,-0.06666666666666665,0.050000000000000044,-0.050000000000000044,0.10000000000000009,0.8181818181818182,0.6060606060606061,0.42857142857142855,0.1
100trials_225,5950,-3550,2400,0.01,0.18,0.78,0.03,0.79,0.77,0.21,-0.15,0.81,0.19,0.6200000000000001,4.2631578947368425,0.025,0,0.4,0.03333333333333333,0.5,0.9666666666666667,0.075,0,0.525,0.9666666666666667,0.475,0.9666666666666667,0.47500000000000003,0.03333333333333333,-0.325,-0.03333333333333333,0.575,0.9666666666666667,0.42500000000000004,0.03333333333333333,0.1499999999999999,0.9333333333333333,-0.025,-0.3666666666666667,0.4666666666666667,-0.075,0.44166666666666665,0.4916666666666667,-0.4416666666666667,0.2916666666666667,0.3916666666666667,-0.3916666666666667,0.7833333333333334,0.8484848484848485,0.925,1,0.5
100trials_226,8700,-10000,-1300,0.15,0.59,0.19,0.07,0.33999999999999997,0.04000000000000001,0.6599999999999999,-0.52,0.26,0.74,-0.48,0.35135135135135137,0.15,0.15,0.6,0.5833333333333334,0.15,0.21666666666666667,0.1,0.05,0.3,0.3666666666666667,0,0.06666666666666668,0.7,0.6333333333333334,-0.5,-0.5333333333333333,0.25,0.26666666666666666,0.75,0.7333333333333334,-0.5,-0.46666666666666673,0,-0.016666666666666607,0.06666666666666668,-0.05,0.06666666666666671,0.06666666666666668,-0.06666666666666654,-0.033333333333333326,0.016666666666666663,-0.016666666666666607,0.03333333333333327,0.3838383838383838,0.13043478260869565,1,0.5384615384615384
100trials_227,7950,-9000,-1050,0.13,0.46,0.17,0.24,0.30000000000000004,0.04000000000000001,0.7,-0.22000000000000003,0.41000000000000003,0.5900000000000001,-0.18000000000000005,0.6949152542372881,0.1,0.15,0.375,0.5166666666666667,0.325,0.06666666666666667,0.2,0.26666666666666666,0.42500000000000004,0.21666666666666667,0.225,-0.08333333333333333,0.575,0.7833333333333334,-0.175,-0.25000000000000006,0.525,0.3333333333333333,0.475,0.6666666666666667,0.050000000000000044,-0.3333333333333334,0.04999999999999999,0.14166666666666672,-0.25833333333333336,0.06666666666666665,-0.20833333333333337,-0.30833333333333335,0.20833333333333348,-0.07500000000000007,-0.1916666666666667,0.19166666666666676,-0.38333333333333347,0.6464646464646465,0.18181818181818182,0.6666666666666666,0.6363636363636364
100trials_228,7600,-8350,-750,0.05,0.47,0.32,0.16,0.37,0.27,0.63,-0.30999999999999994,0.48,0.52,-0.040000000000000036,0.923076923076923,0.125,0,0.125,0.7,0.5,0.2,0.25,0.1,0.625,0.2,0.375,0.2,0.375,0.7999999999999999,0.125,-0.6,0.75,0.30000000000000004,0.25,0.7,0.5,-0.3999999999999999,-0.125,0.575,-0.3,-0.15,-0.425,-0.175,0.42499999999999993,-0.725,-0.44999999999999996,0.44999999999999996,-0.8999999999999999,0.5252525252525253,0.4,0.75,0.1111111111111111
100trials_229,7200,-7200,0,0.03,0.41,0.05,0.51,0.08,0.020000000000000004,0.9199999999999999,0.10000000000000003,0.56,0.43999999999999995,0.1200000000000001,1.272727272727273,0.075,0,0.475,0.36666666666666664,0.125,0,0.325,0.6333333333333333,0.2,0,0.05,0,0.8,1,-0.14999999999999997,0.26666666666666666,0.45,0.6333333333333333,0.5499999999999999,0.36666666666666664,-0.09999999999999992,0.26666666666666666,-0.075,-0.10833333333333334,-0.125,0.3083333333333333,-0.2,-0.05,0.19999999999999996,0.41666666666666663,0.1833333333333333,-0.1833333333333333,0.3666666666666666,0.7878787878787878,0.23076923076923078,1,0.2857142857142857
100trials_23,7550,-8450,-900,0.16,0.35,0.08,0.41,0.24,-0.08,0.76,0.06,0.49,0.51,-0.020000000000000018,0.9607843137254901,0.05,0.23333333333333334,0.325,0.36666666666666664,0.075,0.08333333333333333,0.55,0.31666666666666665,0.125,0.31666666666666665,0.024999999999999994,-0.15000000000000002,0.875,0.6833333333333333,0.22500000000000003,-0.04999999999999999,0.625,0.39999999999999997,0.375,0.6,0.25,-0.2,0.18333333333333335,0.04166666666666663,0.008333333333333331,-0.2333333333333334,0.19166666666666665,-0.17500000000000002,-0.19166666666666665,-0.275,-0.22500000000000003,0.22499999999999998,-0.45,0.494949494949495,0.38095238095238093,0.5,0.3333333333333333
100trials_230,5300,-3750,1550,0.01,0.05,0.73,0.21,0.74,0.72,0.26,0.15999999999999998,0.94,0.060000000000000005,0.8799999999999999,15.666666666666664,0.025,0,0.125,0,0.4,0.95,0.45,0.05,0.42500000000000004,0.95,0.375,0.95,0.575,0.05,0.325,0.05,0.8500000000000001,1,0.15,0,0.7000000000000001,1,-0.025,-0.125,0.5499999999999999,-0.4,0.5249999999999999,0.575,-0.5249999999999999,-0.275,0.1499999999999999,-0.15,0.29999999999999993,0.9191919191919192,0.8421052631578947,1,0.5
100trials_231,6300,-6750,-450,0.05,0.21,0.05,0.69,0.1,0,0.8999999999999999,0.48,0.74,0.26,0.48,2.846153846153846,0.125,0,0.25,0.18333333333333332,0.125,0,0.5,0.8166666666666667,0.25,0,0,0,0.75,1,0.25,0.6333333333333333,0.625,0.8166666666666667,0.375,0.18333333333333332,0.25,0.6333333333333333,-0.125,-0.06666666666666668,-0.125,0.31666666666666665,-0.25,0,0.25,0.3833333333333333,0.19166666666666665,-0.19166666666666668,0.3833333333333333,0.8080808080808081,0.7058823529411765,0.25,0.14285714285714285
100trials_232,8850,-10500,-1650,0.07,0.7,0.06,0.17,0.13,-0.010000000000000009,0.87,-0.5299999999999999,0.23,0.77,-0.54,0.2987012987012987,0.075,0.06666666666666667,0.55,0.8,0.125,0.016666666666666666,0.25,0.11666666666666667,0.2,0.08333333333333333,0.05,-0.05,0.8,0.9166666666666667,-0.30000000000000004,-0.6833333333333333,0.375,0.13333333333333333,0.625,0.8666666666666667,-0.25,-0.7333333333333334,-0.008333333333333331,0.25,-0.10833333333333334,-0.13333333333333333,-0.11666666666666668,-0.1,0.1166666666666667,-0.3833333333333333,-0.24166666666666667,0.2416666666666667,-0.4833333333333334,0.8282828282828283,0.26666666666666666,0.75,0.36363636363636365
100trials_233,6900,-6350,550,0.19,0.19,0.32,0.3,0.51,0.13,0.49,0.10999999999999999,0.62,0.38,0.24,1.631578947368421,0.475,0,0.2,0.18333333333333332,0.2,0.4,0.125,0.4166666666666667,0.675,0.4,-0.27499999999999997,0.4,0.325,0.6,-0.07500000000000001,0.23333333333333336,0.325,0.8166666666666667,0.675,0.18333333333333332,-0.35000000000000003,0.6333333333333333,-0.475,-0.01666666666666669,0.2,0.2916666666666667,-0.275,0.675,0.27499999999999997,0.30833333333333335,0.49166666666666664,-0.4916666666666667,0.9833333333333334,0.8484848484848485,0.7241379310344828,0.1111111111111111,0
100trials_234,7050,-6000,1050,0.09,0.32,0.13,0.46,0.22,0.04000000000000001,0.78,0.14,0.5900000000000001,0.41000000000000003,0.18000000000000005,1.4390243902439026,0.1,0.08333333333333333,0.5,0.2,0.15,0.11666666666666667,0.25,0.6,0.25,0.2,0.04999999999999999,0.03333333333333334,0.75,0.8,-0.25,0.39999999999999997,0.4,0.7166666666666667,0.6,0.2833333333333333,-0.19999999999999996,0.43333333333333335,-0.016666666666666677,-0.3,-0.033333333333333326,0.35,-0.04999999999999999,-0.01666666666666665,0.050000000000000044,0.6499999999999999,0.31666666666666665,-0.31666666666666665,0.6333333333333333,0.7272727272727273,0.17647058823529413,1,0.7142857142857143
100trials_235,7750,-8000,-250,0.16,0.39,0.25,0.2,0.41000000000000003,0.09,0.5900000000000001,-0.19,0.45,0.55,-0.10000000000000003,0.8181818181818181,0.2,0.13333333333333333,0.525,0.3,0.125,0.3333333333333333,0.15,0.23333333333333334,0.325,0.4666666666666667,-0.07500000000000001,0.19999999999999998,0.675,0.5333333333333333,-0.375,-0.06666666666666665,0.275,0.5666666666666667,0.7250000000000001,0.43333333333333335,-0.45000000000000007,0.1333333333333333,-0.06666666666666668,-0.22500000000000003,0.20833333333333331,0.08333333333333334,0.14166666666666666,0.275,-0.14166666666666672,0.30833333333333335,0.29166666666666663,-0.29166666666666674,0.5833333333333334,0.7070707070707071,0.5769230769230769,0.7142857142857143,0.2727272727272727
100trials_236,7800,-7950,-150,0.14,0.42,0.12,0.32,0.26,-0.020000000000000018,0.74,-0.09999999999999998,0.44,0.56,-0.12000000000000005,0.7857142857142857,0.2,0.1,0.6,0.3,0.075,0.15,0.125,0.45,0.275,0.25,-0.125,0.04999999999999999,0.725,0.75,-0.475,0.15000000000000002,0.2,0.6,0.8,0.4,-0.6000000000000001,0.19999999999999996,-0.1,-0.3,0.075,0.325,-0.025000000000000022,0.175,0.025000000000000022,0.625,0.39999999999999997,-0.4,0.8,0.3939393939393939,0.25,0.8571428571428571,0.2727272727272727
100trials_237,6700,-5750,950,0.02,0.32,0.5,0.16,0.52,0.48,0.48,-0.16,0.66,0.34,0.32,1.9411764705882353,0.05,0,0.75,0.03333333333333333,0.05,0.8,0.15,0.16666666666666666,0.1,0.8,0,0.8,0.9,0.19999999999999998,-0.6,0.13333333333333333,0.2,0.9666666666666667,0.8,0.03333333333333333,-0.6000000000000001,0.9333333333333333,-0.05,-0.7166666666666667,0.75,0.016666666666666663,0.7000000000000001,0.8,-0.7000000000000001,0.7333333333333333,0.7666666666666666,-0.7666666666666667,1.5333333333333334,0.797979797979798,0.8,1,0.4
100trials_238,7500,-6750,750,0.07,0.43,0.16,0.34,0.23,0.09,0.77,-0.08999999999999997,0.5,0.5,0,1,0.125,0.03333333333333333,0.45,0.4166666666666667,0.1,0.2,0.325,0.35,0.225,0.23333333333333334,-0.024999999999999994,0.16666666666666669,0.775,0.7666666666666666,-0.125,-0.06666666666666671,0.42500000000000004,0.55,0.575,0.45,-0.1499999999999999,0.10000000000000003,-0.09166666666666667,-0.033333333333333326,0.1,0.024999999999999967,0.008333333333333331,0.19166666666666668,-0.008333333333333415,0.05833333333333329,0.125,-0.12499999999999994,0.24999999999999994,0.21212121212121213,0.125,1,0.5714285714285714
100trials_239,8100,-9150,-1050,0.22,0.4,0.12,0.26,0.33999999999999997,-0.1,0.66,-0.14,0.38,0.62,-0.24,0.6129032258064516,0.275,0.18333333333333332,0.425,0.38333333333333336,0.175,0.08333333333333333,0.125,0.35,0.45,0.26666666666666666,-0.10000000000000003,-0.09999999999999999,0.55,0.7333333333333334,-0.3,-0.03333333333333338,0.3,0.4333333333333333,0.7,0.5666666666666667,-0.39999999999999997,-0.13333333333333336,-0.0916666666666667,-0.04166666666666663,-0.09166666666666666,0.22499999999999998,-0.18333333333333335,4.163336342344337e-17,0.18333333333333335,0.2666666666666666,0.1333333333333333,-0.1333333333333333,0.2666666666666666,0.5151515151515151,0.28,0.6666666666666666,0.0625
100trials_24,7600,-7250,350,0.18,0.34,0.21,0.27,0.39,0.03,0.6100000000000001,-0.07,0.48,0.52,-0.040000000000000036,0.923076923076923,0.175,0.18333333333333332,0.4,0.3,0.15,0.25,0.275,0.26666666666666666,0.32499999999999996,0.43333333333333335,-0.024999999999999994,0.06666666666666668,0.675,0.5666666666666667,-0.125,-0.033333333333333326,0.42500000000000004,0.5166666666666666,0.575,0.4833333333333333,-0.1499999999999999,0.033333333333333326,0.008333333333333331,-0.10000000000000003,0.1,-0.00833333333333336,0.10833333333333339,0.09166666666666667,-0.10833333333333339,0.09166666666666667,0.09166666666666656,-0.09166666666666667,0.18333333333333324,0.25252525252525254,0.041666666666666664,1,0.6428571428571429
100trials_240,6300,-5150,1150,0.06,0.2,0.08,0.66,0.14,0.020000000000000004,0.8600000000000001,0.46,0.74,0.26,0.48,2.846153846153846,0.15,0,0.4,0.06666666666666667,0.1,0.06666666666666667,0.35,0.8666666666666667,0.25,0.06666666666666667,-0.04999999999999999,0.06666666666666667,0.75,0.9333333333333333,-0.050000000000000044,0.8,0.44999999999999996,0.9333333333333333,0.55,0.06666666666666667,-0.10000000000000009,0.8666666666666667,-0.15,-0.33333333333333337,-0.03333333333333334,0.5166666666666667,-0.18333333333333335,0.11666666666666665,0.18333333333333335,0.8500000000000001,0.4833333333333334,-0.4833333333333334,0.9666666666666668,0.7575757575757576,0.13333333333333333,1,0.3333333333333333
100trials_241,7700,-7400,300,0.12,0.42,0.23,0.23,0.35,0.11000000000000001,0.65,-0.18999999999999997,0.46,0.54,-0.08000000000000002,0.8518518518518519,0.15,0.1,0.4,0.43333333333333335,0.15,0.2833333333333333,0.3,0.18333333333333332,0.3,0.3833333333333333,0,0.18333333333333332,0.7,0.6166666666666667,-0.10000000000000003,-0.25,0.44999999999999996,0.4666666666666667,0.55,0.5333333333333333,-0.10000000000000009,-0.06666666666666665,-0.04999999999999999,0.033333333333333326,0.13333333333333333,-0.11666666666666667,0.08333333333333331,0.18333333333333332,-0.08333333333333326,-0.14999999999999997,0.01666666666666672,-0.01666666666666672,0.03333333333333344,0.6565656565656566,0.4782608695652174,0.6,0.2222222222222222
100trials_242,7500,-7800,-300,0.25,0.25,0.24,0.26,0.49,-0.010000000000000009,0.51,0.010000000000000009,0.5,0.5,0,1,0.275,0.23333333333333334,0.225,0.26666666666666666,0.225,0.25,0.275,0.25,0.5,0.48333333333333334,-0.05000000000000002,0.016666666666666663,0.5,0.5166666666666666,0.05000000000000002,-0.016666666666666663,0.5,0.5,0.5,0.5,0,0,-0.041666666666666685,0.04166666666666666,0.024999999999999994,-0.025000000000000022,-0.016666666666666663,0.06666666666666668,0.016666666666666607,-0.06666666666666668,0,0,0,0,0.1724137931034483,1,0.9333333333333333
100trials_243,7900,-8550,-650,0.08,0.5,0.24,0.18,0.32,0.15999999999999998,0.6799999999999999,-0.32,0.42,0.58,-0.15999999999999998,0.7241379310344828,0.075,0.08333333333333333,0.7,0.36666666666666664,0.15,0.3,0.075,0.25,0.22499999999999998,0.3833333333333333,0.075,0.21666666666666667,0.7749999999999999,0.6166666666666667,-0.625,-0.11666666666666664,0.22499999999999998,0.55,0.7749999999999999,0.44999999999999996,-0.5499999999999999,0.10000000000000009,0.008333333333333331,-0.3333333333333333,0.15,0.175,0.15833333333333333,0.14166666666666666,-0.15833333333333321,0.5083333333333333,0.32500000000000007,-0.32499999999999996,0.65,0.31313131313131315,0.18181818181818182,1,0.4
100trials_244,9300,-10900,-1600,0.07,0.79,0.09,0.05,0.16,0.01999999999999999,0.8400000000000001,-0.74,0.14,0.8600000000000001,-0.7200000000000001,0.1627906976744186,0.1,0.05,0.725,0.8333333333333334,0.075,0.1,0.1,0.016666666666666666,0.175,0.15000000000000002,-0.02500000000000001,0.05,0.825,0.8500000000000001,-0.625,-0.8166666666666667,0.175,0.11666666666666667,0.825,0.8833333333333334,-0.6499999999999999,-0.7666666666666667,-0.05,0.10833333333333339,0.02500000000000001,-0.08333333333333334,-0.024999999999999967,0.07500000000000001,0.025000000000000133,-0.19166666666666665,-0.05833333333333332,0.05833333333333346,-0.11666666666666681,0.7373737373737373,0.21428571428571427,1,0.18181818181818182
100trials_245,7300,-6750,550,0.06,0.4,0.08,0.46,0.14,0.020000000000000004,0.8600000000000001,0.06,0.54,0.46,0.08000000000000002,1.173913043478261,0.075,0.05,0.4,0.4,0.025,0.11666666666666667,0.5,0.43333333333333335,0.1,0.16666666666666669,-0.049999999999999996,0.06666666666666667,0.9,0.8333333333333334,0.09999999999999998,0.033333333333333326,0.525,0.55,0.47500000000000003,0.45,0.04999999999999999,0.10000000000000003,-0.024999999999999994,0,0.09166666666666667,-0.06666666666666665,0.06666666666666668,0.11666666666666667,-0.06666666666666665,-0.06666666666666665,0.025000000000000022,-0.025000000000000022,0.050000000000000044,0.4444444444444444,0.23076923076923078,1,0.8333333333333334
100trials_246,6750,-5600,1150,0.13,0.22,0.51,0.14,0.64,0.38,0.36,-0.07999999999999999,0.65,0.35,0.30000000000000004,1.8571428571428574,0.05,0.18333333333333332,0.525,0.016666666666666666,0.225,0.7,0.2,0.1,0.275,0.8833333333333333,0.175,0.5166666666666666,0.7250000000000001,0.11666666666666667,-0.325,0.08333333333333334,0.42500000000000004,0.7999999999999999,0.5750000000000001,0.19999999999999998,-0.15000000000000002,0.6,0.1333333333333333,-0.5083333333333333,0.475,-0.1,0.6083333333333333,0.3416666666666666,-0.6083333333333334,0.4083333333333333,0.3749999999999999,-0.3750000000000001,0.75,0.7474747474747475,0.6176470588235294,0.42857142857142855,0.3333333333333333
100trials_247,7800,-8350,-550,0.05,0.51,0.43,0.01,0.48,0.38,0.52,-0.5,0.44,0.56,-0.12000000000000005,0.7857142857142857,0.125,0,0.675,0.4,0.175,0.6,0.025,0,0.3,0.6,0.04999999999999999,0.6,0.7000000000000001,0.4,-0.65,-0.4,0.19999999999999998,0.6,0.8,0.4,-0.6000000000000001,0.19999999999999996,-0.125,-0.275,0.425,-0.025,0.3,0.55,-0.30000000000000004,0.25,0.4,-0.4,0.8,0.6161616161616161,0.6551724137931034,0.3333333333333333,0.25
100trials_248,5600,-4500,1100,0.09,0.03,0.76,0.12,0.85,0.67,0.15,0.09,0.88,0.12,0.76,7.333333333333334,0.15,0.05,0.075,0,0.65,0.8333333333333334,0.125,0.11666666666666667,0.8,0.8833333333333334,0.5,0.7833333333333333,0.2,0.11666666666666667,0.05,0.11666666666666667,0.775,0.9500000000000001,0.22499999999999998,0.05,0.55,0.9,-0.09999999999999999,-0.075,0.18333333333333335,-0.008333333333333331,0.08333333333333337,0.2833333333333333,-0.08333333333333334,0.06666666666666667,0.17500000000000004,-0.175,0.35,0.6565656565656566,0.7441860465116279,0.75,0.6
100trials_249,8500,-10250,-1750,0.15,0.55,0.17,0.13,0.32,0.020000000000000018,0.68,-0.42000000000000004,0.30000000000000004,0.7000000000000001,-0.4,0.4285714285714286,0.225,0.1,0.45,0.6166666666666667,0.2,0.15,0.125,0.13333333333333333,0.42500000000000004,0.25,-0.024999999999999994,0.04999999999999999,0.575,0.75,-0.325,-0.4833333333333334,0.325,0.2833333333333333,0.675,0.7166666666666667,-0.35000000000000003,-0.43333333333333335,-0.125,0.16666666666666669,-0.05000000000000002,0.008333333333333331,-0.17500000000000004,0.07499999999999998,0.17500000000000004,-0.15833333333333338,-0.041666666666666685,0.04166666666666663,-0.08333333333333331,0.43434343434343436,0.13043478260869565,1,0.2857142857142857
100trials_25,6800,-5850,950,0.17,0.19,0.53,0.11,0.7000000000000001,0.36,0.3,-0.08,0.64,0.36,0.28,1.777777777777778,0.175,0.16666666666666666,0.45,0.016666666666666666,0.2,0.75,0.175,0.06666666666666667,0.375,0.9166666666666666,0.025000000000000022,0.5833333333333334,0.625,0.08333333333333333,-0.275,0.05,0.375,0.8166666666666667,0.625,0.18333333333333332,-0.25,0.6333333333333333,-0.008333333333333331,-0.43333333333333335,0.55,-0.10833333333333332,0.5416666666666666,0.5583333333333333,-0.5416666666666666,0.325,0.44166666666666665,-0.44166666666666665,0.8833333333333333,0.5353535353535354,0.6571428571428571,1,0.7777777777777778
100trials_250,7050,-6400,650,0.09,0.32,0.34,0.25,0.43000000000000005,0.25,0.5700000000000001,-0.07,0.5900000000000001,0.41000000000000003,0.18000000000000005,1.4390243902439026,0.175,0.03333333333333333,0.375,0.2833333333333333,0.325,0.35,0.125,0.3333333333333333,0.5,0.3833333333333333,0.15000000000000002,0.31666666666666665,0.5,0.6166666666666667,-0.25,0.04999999999999999,0.45,0.6833333333333333,0.55,0.31666666666666665,-0.10000000000000003,0.3666666666666667,-0.14166666666666666,-0.09166666666666667,0.024999999999999967,0.20833333333333331,-0.1166666666666667,0.16666666666666663,0.1166666666666667,0.3,0.23333333333333334,-0.2333333333333334,0.46666666666666673,0.37373737373737376,0.38461538461538464,1,0.5714285714285714
100trials_251,8500,-9400,-900,0.1,0.6,0.16,0.14,0.26,0.06,0.74,-0.45999999999999996,0.30000000000000004,0.7,-0.3999999999999999,0.42857142857142866,0.15,0.06666666666666667,0.55,0.6333333333333333,0.15,0.16666666666666666,0.15,0.13333333333333333,0.3,0.23333333333333334,0,0.09999999999999999,0.7000000000000001,0.7666666666666666,-0.4,-0.5,0.3,0.3,0.7000000000000001,0.7,-0.4000000000000001,-0.39999999999999997,-0.08333333333333333,0.08333333333333326,0.016666666666666663,-0.016666666666666663,-0.06666666666666665,0.09999999999999999,0.06666666666666654,-0.09999999999999998,0,-1.1102230246251565e-16,1.1102230246251565e-16,0.48484848484848486,0.21052631578947367,1,0.45454545454545453
100trials_252,7500,-8900,-1400,0.28,0.22,0.26,0.24,0.54,-0.020000000000000018,0.45999999999999996,0.01999999999999999,0.5,0.5,0,1,0.35,0.23333333333333334,0.2,0.23333333333333334,0.1,0.36666666666666664,0.35,0.16666666666666666,0.44999999999999996,0.6,-0.24999999999999997,0.1333333333333333,0.55,0.4,0.14999999999999997,-0.06666666666666668,0.44999999999999996,0.5333333333333333,0.55,0.4666666666666667,-0.10000000000000009,0.06666666666666665,-0.11666666666666664,0.033333333333333326,0.2666666666666666,-0.18333333333333332,0.15000000000000002,0.3833333333333333,-0.15000000000000002,-0.21666666666666665,0.08333333333333337,-0.08333333333333337,0.16666666666666674,0.8080808080808081,0.6363636363636364,0.2857142857142857,0
100trials_253,8650,-10200,-1550,0.15,0.58,0.07,0.2,0.22,-0.07999999999999999,0.78,-0.37999999999999995,0.27,0.73,-0.45999999999999996,0.36986301369863017,0.175,0.13333333333333333,0.475,0.65,0.125,0.03333333333333333,0.225,0.18333333333333332,0.3,0.16666666666666666,-0.04999999999999999,-0.1,0.7,0.8333333333333334,-0.24999999999999997,-0.4666666666666667,0.35,0.21666666666666665,0.6499999999999999,0.7833333333333333,-0.29999999999999993,-0.5666666666666667,-0.04166666666666666,0.17500000000000004,-0.09166666666666667,-0.041666666666666685,-0.13333333333333333,-0.05000000000000002,0.13333333333333341,-0.2166666666666667,-0.13333333333333333,0.13333333333333341,-0.2666666666666667,0.8686868686868687,0.5,0.4444444444444444,0.2
100trials_254,5450,-4200,1250,0.03,0.06,0.78,0.13,0.81,0.75,0.19,0.07,0.91,0.09,0.8200000000000001,10.111111111111112,0.075,0,0.125,0.016666666666666666,0.475,0.9833333333333333,0.325,0,0.5499999999999999,0.9833333333333333,0.39999999999999997,0.9833333333333333,0.45,0.016666666666666666,0.2,-0.016666666666666666,0.8,0.9833333333333333,0.2,0.016666666666666666,0.6000000000000001,0.9666666666666666,-0.075,-0.10833333333333334,0.5083333333333333,-0.325,0.43333333333333335,0.5833333333333333,-0.43333333333333335,-0.21666666666666667,0.18333333333333324,-0.18333333333333335,0.3666666666666665,0.7676767676767676,0.7954545454545454,1,0.6666666666666666
100trials_255,7550,-7300,250,0.19,0.32,0.32,0.17,0.51,0.13,0.49,-0.15,0.49,0.51,-0.020000000000000018,0.9607843137254901,0.225,0.16666666666666666,0.3,0.3333333333333333,0.3,0.3333333333333333,0.175,0.16666666666666666,0.525,0.5,0.07499999999999998,0.16666666666666666,0.475,0.5,-0.125,-0.16666666666666666,0.475,0.5,0.525,0.5,-0.050000000000000044,0,-0.05833333333333335,0.033333333333333326,0.033333333333333326,-0.008333333333333331,-0.025000000000000022,0.09166666666666667,0.025000000000000022,-0.04166666666666666,0.025000000000000022,-0.025000000000000022,0.050000000000000044,0.030303030303030304,0.3103448275862069,0.9,0.15384615384615385
100trials_256,6400,-6300,100,0.14,0.14,0.62,0.1,0.76,0.48,0.24000000000000002,-0.04000000000000001,0.72,0.28,0.43999999999999995,2.571428571428571,0.3,0.03333333333333333,0.25,0.06666666666666667,0.25,0.8666666666666667,0.2,0.03333333333333333,0.55,0.9,-0.04999999999999999,0.8333333333333334,0.45,0.1,-0.04999999999999999,-0.03333333333333333,0.45,0.9,0.55,0.1,-0.10000000000000003,0.8,-0.26666666666666666,-0.18333333333333335,0.6166666666666667,-0.16666666666666669,0.35,0.8833333333333333,-0.35,0.016666666666666656,0.45,-0.45000000000000007,0.9000000000000001,0.5050505050505051,0.6904761904761905,0.875,0.5
100trials_257,8550,-10250,-1700,0.03,0.68,0.12,0.17,0.15,0.09,0.8500000000000001,-0.51,0.29000000000000004,0.7100000000000001,-0.42000000000000004,0.4084507042253521,0.075,0,0.675,0.6833333333333333,0.05,0.16666666666666666,0.2,0.15,0.125,0.16666666666666666,-0.024999999999999994,0.16666666666666666,0.875,0.8333333333333334,-0.47500000000000003,-0.5333333333333333,0.25,0.31666666666666665,0.75,0.6833333333333333,-0.5,-0.3666666666666667,-0.075,0.008333333333333304,0.11666666666666665,-0.05000000000000002,0.04166666666666666,0.19166666666666665,-0.04166666666666663,-0.05833333333333329,0.06666666666666665,-0.06666666666666665,0.1333333333333333,0.6868686868686869,0.47058823529411764,0.3333333333333333,0.1
100trials_258,5650,-4400,1250,0.06,0.07,0.83,0.04,0.8899999999999999,0.77,0.11000000000000001,-0.030000000000000006,0.87,0.13,0.74,6.692307692307692,0.125,0.016666666666666666,0.175,0,0.6,0.9833333333333333,0.1,0,0.725,1,0.475,0.9666666666666666,0.275,0,-0.07499999999999998,0,0.7,0.9833333333333333,0.3,0.016666666666666666,0.39999999999999997,0.9666666666666666,-0.10833333333333334,-0.175,0.3833333333333333,-0.1,0.275,0.4916666666666666,-0.275,0.07499999999999998,0.2833333333333333,-0.2833333333333333,0.5666666666666667,0.797979797979798,0.8222222222222222,1,0.5
100trials_259,7100,-5950,1150,0.05,0.37,0.11,0.47,0.16,0.06,0.84,0.09999999999999998,0.58,0.42,0.15999999999999998,1.380952380952381,0.125,0,0.45,0.31666666666666665,0.175,0.06666666666666667,0.25,0.6166666666666667,0.3,0.06666666666666667,0.04999999999999999,0.06666666666666667,0.7,0.9333333333333333,-0.2,0.30000000000000004,0.425,0.6833333333333333,0.575,0.31666666666666665,-0.14999999999999997,0.3666666666666667,-0.125,-0.13333333333333336,-0.10833333333333332,0.3666666666666667,-0.23333333333333334,0.016666666666666677,0.2333333333333334,0.5,0.25833333333333336,-0.2583333333333333,0.5166666666666666,0.6464646464646465,0.13333333333333333,1,0.5
100trials_26,5900,-4800,1100,0.11,0.07,0.29,0.53,0.39999999999999997,0.18,0.6000000000000001,0.46,0.8200000000000001,0.18,0.6400000000000001,4.555555555555556,0.125,0.1,0.05,0.08333333333333333,0.25,0.31666666666666665,0.575,0.5,0.375,0.41666666666666663,0.125,0.21666666666666665,0.625,0.5833333333333334,0.5249999999999999,0.4166666666666667,0.825,0.8166666666666667,0.175,0.18333333333333335,0.6499999999999999,0.6333333333333333,-0.024999999999999994,0.033333333333333326,0.06666666666666665,-0.07499999999999996,0.04166666666666663,0.09166666666666665,-0.04166666666666663,-0.10833333333333323,-0.008333333333333304,0.00833333333333336,-0.016666666666666607,0.46464646464646464,0.4,0.6666666666666666,0.42857142857142855
100trials_260,7600,-7450,150,0.18,0.34,0.17,0.31,0.35,-0.009999999999999981,0.65,-0.030000000000000027,0.48,0.52,-0.040000000000000036,0.923076923076923,0.125,0.21666666666666667,0.325,0.35,0.175,0.16666666666666666,0.375,0.26666666666666666,0.3,0.3833333333333333,0.04999999999999999,-0.05000000000000002,0.7,0.6166666666666667,0.04999999999999999,-0.08333333333333331,0.55,0.43333333333333335,0.45,0.5666666666666667,0.10000000000000003,-0.1333333333333333,0.09166666666666667,0.024999999999999967,-0.008333333333333331,-0.10833333333333334,0.08333333333333331,-0.1,-0.08333333333333326,-0.1333333333333333,-0.1166666666666667,0.11666666666666664,-0.23333333333333334,0.31313131313131315,0.16666666666666666,1,0.5833333333333334
100trials_261,9050,-10500,-1450,0.1,0.71,0.08,0.11,0.18,-0.020000000000000004,0.82,-0.6,0.19,0.8099999999999999,-0.6199999999999999,0.23456790123456792,0.225,0.016666666666666666,0.6,0.7833333333333333,0.075,0.08333333333333333,0.1,0.11666666666666667,0.3,0.09999999999999999,-0.15000000000000002,0.06666666666666667,0.7,0.9,-0.5,-0.6666666666666666,0.175,0.2,0.825,0.8,-0.6499999999999999,-0.6000000000000001,-0.20833333333333334,0.18333333333333335,0.008333333333333331,0.016666666666666663,-0.2,0.21666666666666667,0.20000000000000007,-0.16666666666666663,0.025000000000000022,-0.02499999999999991,0.04999999999999982,0.6262626262626263,0.11764705882352941,1,0.3333333333333333
100trials_262,6000,-4500,1500,0.1,0.1,0.5,0.3,0.6,0.4,0.4,0.19999999999999998,0.8,0.2,0.6000000000000001,4,0.25,0,0.25,0,0.25,0.6666666666666666,0.25,0.3333333333333333,0.5,0.6666666666666666,0,0.6666666666666666,0.5,0.3333333333333333,0,0.3333333333333333,0.5,1,0.5,0,0,1,-0.25,-0.25,0.41666666666666663,0.08333333333333331,0.16666666666666663,0.6666666666666666,-0.16666666666666669,0.3333333333333333,0.5,-0.5,1,0.9595959595959596,0.8787878787878788,0.2,0
100trials_263,6950,-7500,-550,0.06,0.33,0.28,0.33,0.34,0.22000000000000003,0.66,0,0.6100000000000001,0.39,0.22000000000000008,1.5641025641025643,0.15,0,0.325,0.3333333333333333,0.225,0.31666666666666665,0.3,0.35,0.375,0.31666666666666665,0.07500000000000001,0.31666666666666665,0.625,0.6833333333333333,-0.025000000000000022,0.016666666666666663,0.525,0.6666666666666666,0.475,0.3333333333333333,0.050000000000000044,0.3333333333333333,-0.15,0.008333333333333304,0.09166666666666665,0.04999999999999999,-0.05833333333333335,0.24166666666666664,0.05833333333333335,0.041666666666666685,0.1416666666666666,-0.14166666666666666,0.28333333333333327,0.45454545454545453,0.4,0.75,0.625
100trials_264,7700,-7600,100,0.24,0.3,0.19,0.27,0.43,-0.04999999999999999,0.5700000000000001,-0.02999999999999997,0.46,0.54,-0.08000000000000002,0.8518518518518519,0.25,0.23333333333333334,0.3,0.3,0.225,0.16666666666666666,0.225,0.3,0.475,0.4,-0.024999999999999994,-0.06666666666666668,0.525,0.6,-0.07499999999999998,0,0.45,0.4666666666666667,0.55,0.5333333333333333,-0.10000000000000003,-0.06666666666666665,-0.016666666666666663,0,-0.05833333333333335,0.07499999999999998,-0.07499999999999996,-0.041666666666666685,0.07499999999999996,0.07499999999999998,0.016666666666666663,-0.01666666666666672,0.03333333333333338,0.06060606060606061,0.16,0.9090909090909091,0.21428571428571427
100trials_265,8150,-9000,-850,0.16,0.47,0.17,0.2,0.33,0.010000000000000009,0.6699999999999999,-0.26999999999999996,0.37,0.63,-0.26,0.5873015873015873,0.2,0.13333333333333333,0.525,0.43333333333333335,0.175,0.16666666666666666,0.1,0.26666666666666666,0.375,0.3,-0.025000000000000022,0.033333333333333326,0.625,0.7,-0.42500000000000004,-0.16666666666666669,0.275,0.43333333333333335,0.7250000000000001,0.5666666666666667,-0.45000000000000007,-0.1333333333333333,-0.06666666666666668,-0.09166666666666667,-0.008333333333333331,0.16666666666666666,-0.07500000000000001,0.05833333333333335,0.07499999999999996,0.25833333333333336,0.15833333333333333,-0.15833333333333344,0.31666666666666676,0.36363636363636365,0.13636363636363635,1,0.18181818181818182
100trials_266,7650,-7800,-150,0.02,0.51,0.05,0.42,0.07,0.030000000000000002,0.9299999999999999,-0.09000000000000002,0.47,0.53,-0.06000000000000005,0.8867924528301886,0.05,0,0.5,0.5166666666666667,0.125,0,0.325,0.48333333333333334,0.175,0,0.075,0,0.825,1,-0.175,-0.03333333333333338,0.45,0.48333333333333334,0.55,0.5166666666666667,-0.10000000000000003,-0.03333333333333338,-0.05,0.01666666666666672,-0.125,0.15833333333333333,-0.175,-0.075,0.17500000000000004,0.1416666666666666,0.033333333333333326,-0.033333333333333326,0.06666666666666665,0.797979797979798,0.25,1,0.375
100trials_267,7450,-8450,-1000,0.38,0.11,0.28,0.23,0.66,-0.09999999999999998,0.34,0.12000000000000001,0.51,0.49,0.020000000000000018,1.0408163265306123,0.4,0.36666666666666664,0.275,0,0.2,0.3333333333333333,0.125,0.3,0.6000000000000001,0.7,-0.2,-0.033333333333333326,0.4,0.3,-0.15000000000000002,0.3,0.325,0.6333333333333333,0.675,0.36666666666666664,-0.35000000000000003,0.26666666666666666,-0.03333333333333338,-0.275,0.1333333333333333,0.175,0.09999999999999987,0.16666666666666669,-0.10000000000000003,0.45,0.3083333333333333,-0.3083333333333334,0.6166666666666667,0.40404040404040403,0.3888888888888889,0.5263157894736842,0.38095238095238093
100trials_268,7900,-8600,-700,0.22,0.36,0.25,0.17,0.47,0.03,0.53,-0.18999999999999997,0.42000000000000004,0.58,-0.15999999999999992,0.7241379310344829,0.15,0.26666666666666666,0.375,0.35,0.2,0.2833333333333333,0.275,0.1,0.35,0.55,0.05000000000000002,0.016666666666666663,0.65,0.44999999999999996,-0.09999999999999998,-0.24999999999999997,0.47500000000000003,0.3833333333333333,0.525,0.6166666666666667,-0.04999999999999999,-0.2333333333333334,0.11666666666666667,-0.025000000000000022,0.08333333333333331,-0.17500000000000002,0.20000000000000007,-0.033333333333333354,-0.20000000000000007,-0.15,-0.09166666666666673,0.09166666666666667,-0.1833333333333334,0.6262626262626263,0.4444444444444444,0.2,0.07692307692307693
100trials_269,5600,-3850,1750,0.01,0.11,0.83,0.05,0.84,0.82,0.16,-0.06,0.88,0.12,0.76,7.333333333333334,0.025,0,0.25,0.016666666666666666,0.625,0.9666666666666667,0.1,0.016666666666666666,0.65,0.9666666666666667,0.6,0.9666666666666667,0.35,0.03333333333333333,-0.15,0,0.725,0.9833333333333334,0.275,0.016666666666666666,0.44999999999999996,0.9666666666666667,-0.025,-0.23333333333333334,0.3416666666666667,-0.08333333333333334,0.31666666666666665,0.3666666666666667,-0.31666666666666665,0.15,0.2583333333333334,-0.25833333333333336,0.5166666666666667,0.8484848484848485,0.9090909090909091,1,0.3333333333333333
100trials_27,8150,-8450,-300,0.3,0.33,0.18,0.19,0.48,-0.12,0.52,-0.14,0.37,0.63,-0.26,0.5873015873015873,0.225,0.35,0.325,0.3333333333333333,0.2,0.16666666666666666,0.25,0.15,0.42500000000000004,0.5166666666666666,-0.024999999999999994,-0.18333333333333332,0.575,0.4833333333333333,-0.07500000000000001,-0.18333333333333332,0.45,0.31666666666666665,0.55,0.6833333333333333,-0.10000000000000003,-0.3666666666666667,0.12499999999999997,0.008333333333333304,-0.033333333333333354,-0.1,0.09166666666666656,-0.15833333333333333,-0.09166666666666667,-0.10833333333333331,-0.13333333333333336,0.1333333333333333,-0.26666666666666666,0.31313131313131315,0.4642857142857143,0.4666666666666667,0.1111111111111111
100trials_270,9400,-11750,-2350,0.1,0.78,0.1,0.02,0.2,0,0.8,-0.76,0.12000000000000001,0.88,-0.76,0.13636363636363638,0.025,0.15,0.825,0.75,0.125,0.08333333333333333,0.025,0.016666666666666666,0.15,0.23333333333333334,0.1,-0.06666666666666667,0.85,0.7666666666666667,-0.7999999999999999,-0.7333333333333333,0.15,0.09999999999999999,0.85,0.9,-0.7,-0.8,0.125,-0.07499999999999996,-0.04166666666666667,-0.008333333333333335,0.08333333333333334,-0.16666666666666669,-0.08333333333333326,0.06666666666666665,-0.05,0.050000000000000044,-0.10000000000000009,0.696969696969697,0.5,1,0.07692307692307693
100trials_271,8100,-8500,-400,0.2,0.42,0.18,0.2,0.38,-0.020000000000000018,0.62,-0.21999999999999997,0.38,0.62,-0.24,0.6129032258064516,0.25,0.16666666666666666,0.325,0.48333333333333334,0.275,0.11666666666666667,0.15,0.23333333333333334,0.525,0.2833333333333333,0.025000000000000022,-0.04999999999999999,0.475,0.7166666666666667,-0.17500000000000002,-0.25,0.42500000000000004,0.35,0.575,0.65,-0.1499999999999999,-0.30000000000000004,-0.08333333333333334,0.15833333333333333,-0.15833333333333335,0.08333333333333334,-0.2416666666666667,-0.07500000000000001,0.2416666666666667,-0.07499999999999998,-0.07500000000000007,0.07500000000000007,-0.15000000000000013,0.45454545454545453,0.16,0.9,0.5714285714285714
100trials_272,6300,-5550,750,0.07,0.19,0.63,0.11,0.7,0.56,0.3,-0.08,0.74,0.26,0.48,2.846153846153846,0.15,0.016666666666666666,0.475,0,0.275,0.8666666666666667,0.1,0.11666666666666667,0.42500000000000004,0.8833333333333334,0.12500000000000003,0.85,0.575,0.11666666666666667,-0.375,0.11666666666666667,0.375,0.9833333333333334,0.625,0.016666666666666666,-0.25,0.9666666666666667,-0.13333333333333333,-0.475,0.5916666666666667,0.016666666666666663,0.45833333333333337,0.725,-0.45833333333333326,0.4916666666666667,0.6083333333333334,-0.6083333333333333,1.2166666666666668,0.797979797979798,0.7567567567567568,1,0.3333333333333333
100trials_273,6300,-5350,950,0.09,0.17,0.42,0.32,0.51,0.32999999999999996,0.49,0.15,0.74,0.26,0.48,2.846153846153846,0.15,0.05,0.275,0.1,0.475,0.38333333333333336,0.1,0.4666666666666667,0.625,0.43333333333333335,0.32499999999999996,0.33333333333333337,0.375,0.5666666666666667,-0.17500000000000002,0.3666666666666667,0.575,0.8500000000000001,0.42500000000000004,0.15000000000000002,0.1499999999999999,0.7000000000000001,-0.09999999999999999,-0.17500000000000002,-0.09166666666666662,0.3666666666666667,-0.19166666666666665,0.008333333333333415,0.19166666666666665,0.5416666666666667,0.27500000000000013,-0.275,0.5500000000000002,0.43434343434343436,0.5333333333333333,1,0.5
100trials_274,8000,-9550,-1550,0.17,0.43,0.22,0.18,0.39,0.04999999999999999,0.61,-0.25,0.4,0.6,-0.19999999999999996,0.6666666666666667,0.175,0.16666666666666666,0.375,0.4666666666666667,0.225,0.21666666666666667,0.225,0.15,0.4,0.3833333333333333,0.05000000000000002,0.05000000000000002,0.6,0.6166666666666667,-0.15,-0.31666666666666665,0.45,0.3666666666666667,0.55,0.6333333333333333,-0.10000000000000003,-0.2666666666666666,-0.008333333333333331,0.09166666666666667,-0.008333333333333331,-0.07500000000000001,-0.01666666666666672,0,0.01666666666666672,-0.16666666666666666,-0.08333333333333331,0.08333333333333326,-0.16666666666666657,0.2727272727272727,0.2692307692307692,0.875,0.38461538461538464
100trials_275,7450,-6800,650,0.15,0.34,0.26,0.25,0.41000000000000003,0.11000000000000001,0.5900000000000001,-0.09000000000000002,0.51,0.49,0.020000000000000018,1.0408163265306123,0.175,0.13333333333333333,0.4,0.3,0.2,0.3,0.225,0.26666666666666666,0.375,0.43333333333333335,0.025000000000000022,0.16666666666666666,0.625,0.5666666666666667,-0.17500000000000002,-0.033333333333333326,0.42500000000000004,0.5666666666666667,0.575,0.43333333333333335,-0.1499999999999999,0.1333333333333333,-0.04166666666666666,-0.10000000000000003,0.09999999999999998,0.04166666666666666,0.05833333333333335,0.14166666666666664,-0.05833333333333335,0.1416666666666667,0.1416666666666666,-0.1416666666666666,0.2833333333333332,0.46464646464646464,0.3333333333333333,0.875,0.6363636363636364
100trials_276,6600,-6050,550,0.02,0.3,0.6,0.08,0.62,0.58,0.38,-0.21999999999999997,0.6799999999999999,0.32,0.35999999999999993,2.1249999999999996,0.05,0,0.375,0.25,0.375,0.75,0.2,0,0.425,0.75,0.325,0.75,0.575,0.25,-0.175,-0.25,0.575,0.75,0.425,0.25,0.14999999999999997,0.5,-0.05,-0.125,0.375,-0.2,0.325,0.425,-0.32499999999999996,-0.07500000000000001,0.17500000000000004,-0.175,0.35000000000000003,0.8484848484848485,0.7714285714285715,1,0.4
100trials_277,7050,-7050,0,0.13,0.28,0.21,0.38,0.33999999999999997,0.07999999999999999,0.66,0.09999999999999998,0.59,0.41000000000000003,0.17999999999999994,1.4390243902439022,0.2,0.08333333333333333,0.3,0.26666666666666666,0.3,0.15,0.2,0.5,0.5,0.23333333333333334,0.09999999999999998,0.06666666666666667,0.5,0.7666666666666666,-0.09999999999999998,0.23333333333333334,0.5,0.65,0.5,0.35,0,0.30000000000000004,-0.11666666666666668,-0.033333333333333326,-0.15,0.3,-0.26666666666666666,-0.03333333333333331,0.2666666666666666,0.3333333333333333,0.15000000000000002,-0.15000000000000002,0.30000000000000004,0.5050505050505051,0.125,1,0.3
100trials_278,6800,-7150,-350,0.03,0.33,0.5,0.14,0.53,0.47,0.47000000000000003,-0.19,0.64,0.36,0.28,1.777777777777778,0.075,0,0.525,0.2,0.225,0.6833333333333333,0.175,0.11666666666666667,0.3,0.6833333333333333,0.15000000000000002,0.6833333333333333,0.7,0.31666666666666665,-0.35000000000000003,-0.08333333333333334,0.4,0.8,0.6,0.2,-0.19999999999999996,0.6000000000000001,-0.075,-0.325,0.45833333333333337,-0.05833333333333332,0.38333333333333336,0.5333333333333333,-0.3833333333333333,0.2666666666666667,0.4,-0.39999999999999997,0.8,0.5858585858585859,0.5625,1,0.5714285714285714
100trials_279,7050,-6700,350,0.11,0.3,0.34,0.25,0.45,0.23000000000000004,0.55,-0.04999999999999999,0.5900000000000001,0.41,0.1800000000000001,1.4390243902439028,0.175,0.06666666666666667,0.525,0.15,0.175,0.45,0.125,0.3333333333333333,0.35,0.5166666666666667,0,0.38333333333333336,0.65,0.4833333333333333,-0.4,0.18333333333333332,0.3,0.7833333333333333,0.7,0.21666666666666667,-0.39999999999999997,0.5666666666666667,-0.10833333333333332,-0.375,0.275,0.20833333333333331,0.16666666666666674,0.38333333333333336,-0.16666666666666674,0.5833333333333334,0.48333333333333334,-0.4833333333333333,0.9666666666666666,0.3838383838383838,0.35714285714285715,1,0.3333333333333333
100trials_28,6750,-6550,200,0.06,0.29,0.11,0.54,0.16999999999999998,0.05,0.8300000000000001,0.25000000000000006,0.65,0.35,0.30000000000000004,1.8571428571428574,0.125,0.016666666666666666,0.35,0.25,0.225,0.03333333333333333,0.3,0.7,0.35,0.05,0.1,0.016666666666666666,0.6499999999999999,0.95,-0.04999999999999999,0.44999999999999996,0.525,0.7333333333333333,0.475,0.26666666666666666,0.050000000000000044,0.4666666666666666,-0.10833333333333334,-0.09999999999999998,-0.19166666666666668,0.39999999999999997,-0.3,-0.08333333333333334,0.30000000000000004,0.49999999999999994,0.20833333333333326,-0.20833333333333331,0.4166666666666666,0.6767676767676768,0.3333333333333333,0.8,0.2857142857142857
100trials_280,6700,-5700,1000,0.11,0.23,0.45,0.21,0.56,0.34,0.44,-0.020000000000000018,0.66,0.34,0.32,1.9411764705882353,0.225,0.03333333333333333,0.575,0,0.05,0.7166666666666667,0.15,0.25,0.275,0.75,-0.175,0.6833333333333333,0.725,0.25,-0.42499999999999993,0.25,0.2,0.9666666666666667,0.7999999999999999,0.03333333333333333,-0.5999999999999999,0.9333333333333333,-0.19166666666666668,-0.575,0.6666666666666666,0.1,0.475,0.8583333333333334,-0.475,0.6749999999999999,0.7666666666666666,-0.7666666666666666,1.5333333333333332,0.7070707070707071,0.7878787878787878,0.2,0.14285714285714285
100trials_281,8250,-9350,-1100,0.18,0.47,0.26,0.09,0.44,0.08000000000000002,0.5599999999999999,-0.38,0.35,0.6499999999999999,-0.29999999999999993,0.5384615384615385,0.175,0.18333333333333332,0.5,0.45,0.225,0.2833333333333333,0.1,0.08333333333333333,0.4,0.4666666666666667,0.05000000000000002,0.1,0.6,0.5333333333333333,-0.4,-0.3666666666666667,0.325,0.36666666666666664,0.675,0.6333333333333333,-0.35000000000000003,-0.26666666666666666,0.008333333333333331,-0.04999999999999999,0.05833333333333332,-0.016666666666666677,0.06666666666666665,0.04999999999999999,-0.06666666666666665,0.033333333333333326,0.04166666666666663,-0.04166666666666674,0.08333333333333337,0.45454545454545453,0.14814814814814814,1,0.35714285714285715
100trials_282,8400,-9200,-800,0.16,0.52,0.12,0.2,0.28,-0.04000000000000001,0.72,-0.32,0.32,0.68,-0.36000000000000004,0.47058823529411764,0.2,0.13333333333333333,0.6,0.4666666666666667,0.125,0.11666666666666667,0.075,0.2833333333333333,0.325,0.25,-0.07500000000000001,-0.016666666666666663,0.6749999999999999,0.75,-0.525,-0.18333333333333335,0.2,0.4,0.8,0.6,-0.6000000000000001,-0.19999999999999996,-0.06666666666666668,-0.1333333333333333,-0.008333333333333331,0.20833333333333331,-0.07500000000000001,0.05833333333333335,0.07500000000000007,0.3416666666666667,0.2,-0.20000000000000007,0.40000000000000013,0.37373737373737376,0.1,1,0.38461538461538464
100trials_283,7750,-8650,-900,0.18,0.37,0.18,0.27,0.36,0,0.64,-0.09999999999999998,0.45,0.55,-0.10000000000000003,0.8181818181818181,0.25,0.13333333333333333,0.375,0.36666666666666664,0.175,0.18333333333333332,0.2,0.31666666666666665,0.425,0.31666666666666665,-0.07500000000000001,0.04999999999999999,0.575,0.6833333333333333,-0.175,-0.04999999999999999,0.375,0.5,0.625,0.5,-0.25,0,-0.11666666666666667,-0.00833333333333336,0.008333333333333331,0.11666666666666664,-0.10833333333333334,0.125,0.10833333333333339,0.125,0.125,-0.125,0.25,0.6464646464646465,0.2916666666666667,0.4444444444444444,0.15384615384615385
100trials_284,7200,-8050,-850,0.12,0.32,0.25,0.31,0.37,0.13,0.63,-0.010000000000000009,0.56,0.44,0.12000000000000005,1.272727272727273,0.15,0.1,0.425,0.25,0.225,0.26666666666666666,0.2,0.38333333333333336,0.375,0.3666666666666667,0.07500000000000001,0.16666666666666666,0.625,0.6333333333333333,-0.22499999999999998,0.13333333333333336,0.42500000000000004,0.65,0.575,0.35,-0.1499999999999999,0.30000000000000004,-0.04999999999999999,-0.175,0.04166666666666666,0.18333333333333335,-0.008333333333333304,0.09166666666666665,0.008333333333333304,0.35833333333333334,0.22499999999999998,-0.22499999999999998,0.44999999999999996,0.43434343434343436,0.25,1,0.5833333333333334
100trials_285,6600,-5150,1450,0.05,0.27,0.23,0.45,0.28,0.18,0.72,0.18,0.68,0.32,0.36000000000000004,2.125,0.1,0.016666666666666666,0.6,0.05,0.15,0.2833333333333333,0.15,0.65,0.25,0.3,0.04999999999999999,0.26666666666666666,0.75,0.7000000000000001,-0.44999999999999996,0.6,0.3,0.9333333333333333,0.7,0.06666666666666667,-0.39999999999999997,0.8666666666666667,-0.08333333333333334,-0.5499999999999999,0.13333333333333333,0.5,0.04999999999999999,0.21666666666666667,-0.04999999999999993,1.0499999999999998,0.6333333333333333,-0.6333333333333333,1.2666666666666666,0.5151515151515151,0.35,1,0.2
100trials_286,7850,-9200,-1350,0.13,0.44,0.2,0.23,0.33,0.07,0.67,-0.21,0.43000000000000005,0.5700000000000001,-0.14,0.7543859649122807,0.15,0.11666666666666667,0.325,0.5166666666666667,0.275,0.15,0.25,0.21666666666666667,0.42500000000000004,0.26666666666666666,0.12500000000000003,0.033333333333333326,0.575,0.7333333333333334,-0.07500000000000001,-0.30000000000000004,0.525,0.3666666666666667,0.475,0.6333333333333334,0.050000000000000044,-0.2666666666666667,-0.033333333333333326,0.1916666666666667,-0.12500000000000003,-0.033333333333333326,-0.15833333333333338,-0.0916666666666667,0.15833333333333344,-0.22500000000000003,-0.15833333333333333,0.15833333333333344,-0.31666666666666676,0.5454545454545454,0.3333333333333333,0.7142857142857143,0.5
100trials_287,5500,-3800,1700,0.01,0.09,0.04,0.86,0.05,0.03,0.95,0.77,0.9,0.09999999999999999,0.8,9.000000000000002,0,0.016666666666666666,0.05,0.11666666666666667,0.075,0.016666666666666666,0.875,0.85,0.075,0.03333333333333333,0.075,0,0.925,0.9666666666666667,0.825,0.7333333333333333,0.95,0.8666666666666667,0.05,0.13333333333333333,0.8999999999999999,0.7333333333333334,0.016666666666666666,0.06666666666666667,-0.058333333333333334,-0.025000000000000022,-0.041666666666666664,-0.075,0.04166666666666663,-0.09166666666666667,-0.08333333333333326,0.08333333333333333,-0.16666666666666652,0.8888888888888888,0.6363636363636364,1,1
100trials_288,8850,-11050,-2200,0.21,0.56,0.09,0.14,0.3,-0.12,0.7000000000000001,-0.42000000000000004,0.23,0.77,-0.54,0.2987012987012987,0.175,0.23333333333333334,0.675,0.48333333333333334,0.1,0.08333333333333333,0.05,0.2,0.275,0.31666666666666665,-0.07499999999999998,-0.15000000000000002,0.7250000000000001,0.6833333333333333,-0.625,-0.2833333333333333,0.15000000000000002,0.2833333333333333,0.8500000000000001,0.7166666666666667,-0.7000000000000001,-0.43333333333333335,0.05833333333333335,-0.1916666666666667,-0.016666666666666677,0.15000000000000002,0.04166666666666663,-0.07500000000000004,-0.04166666666666674,0.3416666666666667,0.1333333333333333,-0.13333333333333341,0.2666666666666667,0.5959595959595959,0.34782608695652173,0.7,0.0625
100trials_289,6150,-4400,1750,0.09,0.14,0.47,0.3,0.5599999999999999,0.38,0.44,0.15999999999999998,0.77,0.23,0.54,3.3478260869565215,0.05,0.11666666666666667,0.075,0.18333333333333332,0.575,0.4,0.3,0.3,0.625,0.5166666666666667,0.5249999999999999,0.2833333333333333,0.375,0.4833333333333333,0.22499999999999998,0.11666666666666667,0.875,0.7,0.125,0.3,0.75,0.39999999999999997,0.06666666666666667,0.10833333333333332,-0.17499999999999993,0,-0.10833333333333328,-0.24166666666666659,0.10833333333333328,-0.10833333333333331,-0.17500000000000004,0.175,-0.35000000000000003,0.5454545454545454,0.6451612903225806,0.5,0
100trials_29,7950,-8250,-300,0.28,0.31,0.1,0.31,0.38,-0.18000000000000002,0.62,0,0.41000000000000003,0.5900000000000001,-0.18000000000000005,0.6949152542372881,0.35,0.23333333333333334,0.25,0.35,0.1,0.1,0.3,0.31666666666666665,0.44999999999999996,0.33333333333333337,-0.24999999999999997,-0.13333333333333333,0.55,0.6666666666666666,0.04999999999999999,-0.033333333333333326,0.4,0.41666666666666663,0.6,0.5833333333333333,-0.19999999999999996,-0.16666666666666663,-0.11666666666666664,0.09999999999999998,0,0.016666666666666663,-0.11666666666666659,0.11666666666666664,0.11666666666666659,-0.08333333333333331,0.016666666666666607,-0.01666666666666672,0.033333333333333326,0.15151515151515152,0.20833333333333334,0.8571428571428571,0.3888888888888889
100trials_290,7800,-8100,-300,0.23,0.33,0.21,0.23,0.44,-0.020000000000000018,0.56,-0.1,0.44,0.56,-0.12000000000000005,0.7857142857142857,0.25,0.21666666666666667,0.275,0.36666666666666664,0.275,0.16666666666666666,0.2,0.25,0.525,0.3833333333333333,0.025000000000000022,-0.05000000000000002,0.47500000000000003,0.6166666666666667,-0.07500000000000001,-0.11666666666666664,0.47500000000000003,0.41666666666666663,0.525,0.5833333333333333,-0.04999999999999999,-0.16666666666666663,-0.033333333333333326,0.09166666666666662,-0.10833333333333336,0.04999999999999999,-0.14166666666666672,-0.07500000000000004,0.14166666666666666,-0.04166666666666663,-0.058333333333333404,0.05833333333333324,-0.11666666666666664,0.3838383838383838,0.17857142857142858,0.6666666666666666,0.2
100trials_291,6150,-5350,800,0.08,0.15,0.08,0.69,0.16,0,0.84,0.5399999999999999,0.7699999999999999,0.22999999999999998,0.5399999999999999,3.3478260869565215,0.05,0.1,0.325,0.03333333333333333,0.05,0.1,0.575,0.7666666666666667,0.1,0.2,0,0,0.8999999999999999,0.8,0.24999999999999994,0.7333333333333334,0.625,0.8666666666666667,0.375,0.13333333333333333,0.25,0.7333333333333334,0.05,-0.2916666666666667,0.05,0.19166666666666676,0.1,0,-0.09999999999999987,0.48333333333333345,0.2416666666666667,-0.24166666666666667,0.4833333333333334,0.5151515151515151,0.13333333333333333,1,0.6
100trials_292,10405,-14100,-3695,0.17,0.6,0.1,0.13,0.27,-0.07,0.73,-0.47,0.23,0.77,-0.54,0.2987012987012987,0.275,0.1,0.35,0.7666666666666667,0.2,0.03333333333333333,0.175,0.1,0.47500000000000003,0.13333333333333333,-0.07500000000000001,-0.06666666666666668,0.5249999999999999,0.8666666666666667,-0.175,-0.6666666666666667,0.375,0.13333333333333333,0.625,0.8666666666666667,-0.25,-0.7333333333333334,-0.17500000000000002,0.41666666666666674,-0.16666666666666669,-0.07499999999999998,-0.3416666666666667,0.008333333333333331,0.3416666666666668,-0.49166666666666675,-0.24166666666666667,0.2416666666666667,-0.4833333333333334,0.42424242424242425,0.1,1,0.2
100trials_293,8100,-10100,-2000,0.27,0.22,0.14,0.37,0.41000000000000003,-0.13,0.59,0.15,0.51,0.49,0.020000000000000018,1.0408163265306123,0.225,0.3,0.2,0.23333333333333334,0.175,0.11666666666666667,0.4,0.35,0.4,0.41666666666666663,-0.05000000000000002,-0.18333333333333332,0.6000000000000001,0.5833333333333333,0.2,0.11666666666666664,0.575,0.4666666666666667,0.42500000000000004,0.5333333333333333,0.1499999999999999,-0.06666666666666665,0.07499999999999998,0.033333333333333326,-0.05833333333333332,-0.050000000000000044,0.016666666666666607,-0.1333333333333333,-0.01666666666666683,-0.08333333333333337,-0.10833333333333328,0.10833333333333328,-0.21666666666666656,0.2222222222222222,0.3103448275862069,0.7333333333333333,0.4444444444444444
100trials_294,7535,-8450,-915,0.16,0.22,0.17,0.45,0.33,0.010000000000000009,0.67,0.23,0.62,0.38,0.24,1.631578947368421,0.225,0.11666666666666667,0.275,0.18333333333333332,0.2,0.15,0.3,0.55,0.42500000000000004,0.26666666666666666,-0.024999999999999994,0.033333333333333326,0.575,0.7333333333333334,0.024999999999999967,0.3666666666666667,0.5,0.7000000000000001,0.5,0.3,0,0.4000000000000001,-0.10833333333333334,-0.0916666666666667,-0.05000000000000002,0.25000000000000006,-0.15833333333333338,0.05833333333333332,0.15833333333333344,0.34166666666666673,0.20000000000000007,-0.2,0.4000000000000001,0.20202020202020202,0,1,0.5833333333333334
100trials_295,7065,-5425,1640,0.16,0.13,0.25,0.46,0.41000000000000003,0.09,0.5900000000000001,0.33,0.71,0.29000000000000004,0.41999999999999993,2.4482758620689653,0.25,0.1,0.325,0,0.225,0.26666666666666666,0.2,0.6333333333333333,0.475,0.3666666666666667,-0.024999999999999994,0.16666666666666666,0.525,0.6333333333333333,-0.125,0.6333333333333333,0.42500000000000004,0.8999999999999999,0.575,0.1,-0.1499999999999999,0.7999999999999999,-0.15,-0.325,0.04166666666666666,0.4333333333333333,-0.10833333333333328,0.19166666666666665,0.10833333333333328,0.7583333333333333,0.47499999999999987,-0.475,0.9499999999999998,0.36363636363636365,0.14814814814814814,1,0.7777777777777778
100trials_296,8590,-10175,-1585,0.18,0.38,0.14,0.3,0.32,-0.03999999999999998,0.6799999999999999,-0.08000000000000002,0.44,0.56,-0.12000000000000005,0.7857142857142857,0.225,0.15,0.425,0.35,0.15,0.13333333333333333,0.2,0.36666666666666664,0.375,0.2833333333333333,-0.07500000000000001,-0.016666666666666663,0.625,0.7166666666666666,-0.22499999999999998,0.016666666666666663,0.35,0.5,0.65,0.5,-0.30000000000000004,0,-0.07500000000000001,-0.07500000000000001,-0.016666666666666663,0.16666666666666663,-0.09166666666666667,0.05833333333333335,0.09166666666666656,0.24166666666666664,0.15000000000000002,-0.15000000000000002,0.30000000000000004,0.36363636363636365,0.17391304347826086,0.8,0.35714285714285715
100trials_297,6685,-4800,1885,0.1,0.12,0.4,0.38,0.5,0.30000000000000004,0.5,0.26,0.78,0.22,0.56,3.5454545454545454,0.225,0.016666666666666666,0.275,0.016666666666666666,0.25,0.5,0.25,0.4666666666666667,0.475,0.5166666666666667,0.024999999999999994,0.48333333333333334,0.525,0.48333333333333334,-0.025000000000000022,0.45,0.5,0.9666666666666667,0.5,0.03333333333333333,0,0.9333333333333333,-0.20833333333333334,-0.25833333333333336,0.25,0.21666666666666667,0.04166666666666674,0.45833333333333337,-0.041666666666666685,0.47500000000000003,0.4666666666666667,-0.4666666666666667,0.9333333333333333,0.5151515151515151,0.5714285714285714,0.8,0.6666666666666666
100trials_298,9240,-11400,-2160,0.14,0.49,0.12,0.25,0.26,-0.020000000000000018,0.74,-0.24,0.37,0.63,-0.26,0.5873015873015873,0.125,0.15,0.35,0.5833333333333334,0.175,0.08333333333333333,0.35,0.18333333333333332,0.3,0.23333333333333334,0.04999999999999999,-0.06666666666666667,0.7,0.7666666666666667,0,-0.4,0.5249999999999999,0.26666666666666666,0.475,0.7333333333333334,0.04999999999999993,-0.46666666666666673,0.024999999999999994,0.2333333333333334,-0.09166666666666666,-0.16666666666666666,-0.06666666666666665,-0.11666666666666665,0.06666666666666676,-0.4,-0.25833333333333325,0.2583333333333334,-0.5166666666666666,0.8282828282828283,0.3157894736842105,0.42857142857142855,0.4166666666666667
100trials_299,6810,-4300,2510,0.08,0.12,0.2,0.6,0.28,0.12000000000000001,0.72,0.48,0.8,0.2,0.6000000000000001,4,0.125,0.05,0.25,0.03333333333333333,0.25,0.16666666666666666,0.375,0.75,0.375,0.21666666666666667,0.125,0.11666666666666665,0.625,0.7833333333333333,0.125,0.7166666666666667,0.625,0.9166666666666666,0.375,0.08333333333333334,0.25,0.8333333333333333,-0.075,-0.21666666666666667,-0.08333333333333334,0.375,-0.15833333333333333,-0.008333333333333345,0.15833333333333333,0.5916666666666667,0.29166666666666663,-0.29166666666666663,0.5833333333333333,0.5353535353535354,0.15,1,0.75
100trials_3,8150,-8600,-450,0.21,0.42,0.07,0.3,0.28,-0.13999999999999999,0.72,-0.12,0.37,0.63,-0.26,0.5873015873015873,0.325,0.13333333333333333,0.3,0.5,0.125,0.03333333333333333,0.25,0.3333333333333333,0.45,0.16666666666666666,-0.2,-0.1,0.55,0.8333333333333333,-0.04999999999999999,-0.16666666666666669,0.375,0.36666666666666664,0.625,0.6333333333333333,-0.25,-0.26666666666666666,-0.19166666666666668,0.2,-0.09166666666666667,0.08333333333333331,-0.2833333333333333,0.1,0.2833333333333332,-0.1166666666666667,-0.00833333333333336,0.008333333333333304,-0.016666666666666663,0.1414141414141414,0.25,0.8181818181818182,0.5333333333333333
100trials_30,7700,-7300,400,0.1,0.44,0.22,0.24,0.32,0.12,0.6799999999999999,-0.2,0.45999999999999996,0.54,-0.08000000000000007,0.8518518518518517,0.225,0.016666666666666666,0.375,0.48333333333333334,0.1,0.3,0.3,0.2,0.325,0.31666666666666665,-0.125,0.2833333333333333,0.675,0.6833333333333333,-0.07500000000000001,-0.2833333333333333,0.4,0.5,0.6,0.5,-0.19999999999999996,0,-0.20833333333333334,0.10833333333333334,0.19999999999999998,-0.09999999999999998,-0.00833333333333336,0.4083333333333333,0.008333333333333304,-0.20833333333333331,0.09999999999999998,-0.09999999999999998,0.19999999999999996,0.1919191919191919,0.23809523809523808,1,0.6666666666666666
100trials_300,7395,-6675,720,0.15,0.19,0.15,0.51,0.3,0,0.7,0.32,0.66,0.33999999999999997,0.32000000000000006,1.9411764705882355,0.175,0.13333333333333333,0.275,0.13333333333333333,0.125,0.16666666666666666,0.425,0.5666666666666667,0.3,0.3,-0.04999999999999999,0.033333333333333326,0.7,0.7,0.14999999999999997,0.43333333333333335,0.55,0.7333333333333333,0.45,0.26666666666666666,0.10000000000000003,0.4666666666666666,-0.04166666666666666,-0.1416666666666667,0.04166666666666666,0.14166666666666666,0,0.08333333333333331,0,0.2833333333333334,0.18333333333333324,-0.18333333333333335,0.3666666666666666,0.3333333333333333,0.09090909090909091,1,0.9
100trials_301,7695,-7550,145,0.31,0.1,0.25,0.34,0.56,-0.06,0.44000000000000006,0.24000000000000002,0.5900000000000001,0.41000000000000003,0.18000000000000005,1.4390243902439026,0.275,0.3333333333333333,0.15,0.06666666666666667,0.225,0.26666666666666666,0.35,0.3333333333333333,0.5,0.6,-0.05000000000000002,-0.06666666666666665,0.5,0.39999999999999997,0.19999999999999998,0.26666666666666666,0.575,0.6,0.42500000000000004,0.39999999999999997,0.1499999999999999,0.2,0.05833333333333329,-0.08333333333333333,0.04166666666666666,-0.016666666666666663,0.09999999999999998,-0.016666666666666635,-0.10000000000000003,0.06666666666666668,0.025000000000000022,-0.025000000000000078,0.0500000000000001,0.6363636363636364,0.5833333333333334,0.2631578947368421,0.2
100trials_302,6505,-3650,2855,0.02,0.1,0.6,0.28,0.62,0.58,0.38,0.18000000000000002,0.88,0.12000000000000001,0.76,7.333333333333333,0.05,0,0.25,0,0.45,0.7,0.25,0.3,0.5,0.7,0.4,0.7,0.5,0.3,0,0.3,0.7,1,0.3,0,0.39999999999999997,1,-0.05,-0.25,0.24999999999999994,0.04999999999999999,0.19999999999999996,0.29999999999999993,-0.2,0.3,0.30000000000000004,-0.3,0.6000000000000001,0.8787878787878788,0.9148936170212766,NA,1
100trials_303,7760,-7825,-65,0.25,0.19,0.24,0.32,0.49,-0.010000000000000009,0.51,0.13,0.56,0.44,0.12000000000000005,1.272727272727273,0.25,0.25,0.175,0.2,0.225,0.25,0.35,0.3,0.475,0.5,-0.024999999999999994,0,0.5249999999999999,0.5,0.175,0.09999999999999998,0.575,0.55,0.425,0.45,0.14999999999999997,0.10000000000000003,0,0.025000000000000022,0.024999999999999994,-0.04999999999999999,0.025000000000000022,0.024999999999999994,-0.02499999999999991,-0.07500000000000001,-0.02499999999999991,0.025000000000000022,-0.04999999999999993,0.37373737373737376,0.2903225806451613,0.7857142857142857,0.5
100trials_304,7390,-8450,-1060,0.17,0.21,0.29,0.33,0.45999999999999996,0.11999999999999997,0.54,0.12000000000000002,0.62,0.38,0.24,1.631578947368421,0.25,0.11666666666666667,0.25,0.18333333333333332,0.25,0.31666666666666665,0.25,0.38333333333333336,0.5,0.43333333333333335,0,0.19999999999999998,0.5,0.5666666666666667,0,0.20000000000000004,0.5,0.7,0.5,0.3,0,0.39999999999999997,-0.13333333333333333,-0.06666666666666668,0.06666666666666665,0.13333333333333336,-0.06666666666666665,0.19999999999999998,0.06666666666666665,0.20000000000000004,0.19999999999999996,-0.2,0.39999999999999997,0.494949494949495,0.2903225806451613,1,0.75
100trials_305,6780,-4900,1880,0.1,0.09,0.6,0.21,0.7,0.5,0.3,0.12,0.8099999999999999,0.19,0.6199999999999999,4.263157894736842,0.175,0.05,0.225,0,0.35,0.7666666666666667,0.25,0.18333333333333332,0.5249999999999999,0.8166666666666668,0.175,0.7166666666666667,0.475,0.18333333333333332,0.024999999999999994,0.18333333333333332,0.6,0.9500000000000001,0.4,0.05,0.19999999999999996,0.9,-0.12499999999999999,-0.225,0.41666666666666674,-0.06666666666666668,0.29166666666666685,0.5416666666666667,-0.29166666666666663,0.15833333333333333,0.3500000000000001,-0.35000000000000003,0.7000000000000001,0.7272727272727273,0.7884615384615384,0.6,0.5
100trials_306,7660,-8325,-665,0.14,0.21,0.05,0.6,0.19,-0.09000000000000001,0.8099999999999999,0.39,0.65,0.35,0.30000000000000004,1.8571428571428574,0.125,0.15,0.35,0.11666666666666667,0.1,0.016666666666666666,0.425,0.7166666666666667,0.225,0.16666666666666666,-0.024999999999999994,-0.13333333333333333,0.7749999999999999,0.8333333333333334,0.07500000000000001,0.6,0.525,0.7333333333333334,0.475,0.26666666666666666,0.050000000000000044,0.46666666666666673,0.024999999999999994,-0.2333333333333333,-0.08333333333333334,0.2916666666666667,-0.05833333333333335,-0.10833333333333334,0.05833333333333346,0.5249999999999999,0.20833333333333337,-0.20833333333333331,0.4166666666666667,0.7676767676767676,0.17647058823529413,0.8333333333333334,0.4444444444444444
100trials_307,7245,-6200,1045,0.13,0.18,0.54,0.15,0.67,0.41000000000000003,0.32999999999999996,-0.03,0.6900000000000001,0.31,0.38000000000000006,2.2258064516129035,0.125,0.13333333333333333,0.35,0.06666666666666667,0.275,0.7166666666666667,0.25,0.08333333333333333,0.4,0.85,0.15000000000000002,0.5833333333333334,0.6,0.15,-0.09999999999999998,0.016666666666666663,0.525,0.8,0.475,0.2,0.050000000000000044,0.6000000000000001,0.008333333333333331,-0.2833333333333333,0.44166666666666665,-0.16666666666666669,0.44999999999999996,0.43333333333333335,-0.44999999999999996,0.11666666666666664,0.275,-0.27499999999999997,0.55,0.6868686868686869,0.7021276595744681,1,0.5555555555555556
100trials_308,7520,-7025,495,0.2,0.2,0.28,0.32,0.48000000000000004,0.08000000000000002,0.52,0.12,0.6000000000000001,0.4,0.20000000000000007,1.5000000000000002,0.3,0.13333333333333333,0.3,0.13333333333333333,0.2,0.3333333333333333,0.2,0.4,0.5,0.4666666666666667,-0.09999999999999998,0.19999999999999998,0.5,0.5333333333333333,-0.09999999999999998,0.2666666666666667,0.4,0.7333333333333334,0.6,0.26666666666666666,-0.19999999999999996,0.46666666666666673,-0.16666666666666666,-0.16666666666666666,0.1333333333333333,0.2,-0.033333333333333326,0.29999999999999993,0.033333333333333326,0.3666666666666667,0.33333333333333337,-0.3333333333333333,0.6666666666666667,0.31313131313131315,0.3548387096774194,1,0.46153846153846156
100trials_309,6570,-3000,3570,0.06,0.08,0.26,0.6,0.32,0.2,0.6799999999999999,0.52,0.86,0.14,0.72,6.142857142857142,0.075,0.05,0.125,0.05,0.175,0.31666666666666665,0.625,0.5833333333333334,0.25,0.36666666666666664,0.09999999999999999,0.26666666666666666,0.75,0.6333333333333334,0.5,0.5333333333333333,0.8,0.9,0.2,0.1,0.6000000000000001,0.8,-0.024999999999999994,-0.075,0.14166666666666666,-0.04166666666666663,0.11666666666666664,0.16666666666666669,-0.11666666666666659,0.033333333333333326,0.09999999999999998,-0.1,0.19999999999999996,0.5959595959595959,0.5909090909090909,1,1
100trials_31,6850,-6100,750,0.17,0.2,0.5,0.13,0.67,0.32999999999999996,0.33,-0.07,0.63,0.37,0.26,1.7027027027027026,0.175,0.16666666666666666,0.4,0.06666666666666667,0.15,0.7333333333333333,0.275,0.03333333333333333,0.32499999999999996,0.8999999999999999,-0.024999999999999994,0.5666666666666667,0.675,0.1,-0.125,-0.03333333333333333,0.42500000000000004,0.7666666666666666,0.575,0.23333333333333334,-0.1499999999999999,0.5333333333333332,-0.008333333333333331,-0.33333333333333337,0.5833333333333333,-0.2416666666666667,0.575,0.5916666666666667,-0.5750000000000001,0.09166666666666667,0.34166666666666656,-0.3416666666666666,0.6833333333333331,0.8585858585858586,0.75,0.25,0
100trials_310,8505,-9350,-845,0.14,0.4,0.18,0.28,0.32,0.03999999999999998,0.68,-0.12,0.46,0.54,-0.08000000000000002,0.8518518518518519,0.175,0.11666666666666667,0.5,0.3333333333333333,0.175,0.18333333333333332,0.15,0.36666666666666664,0.35,0.3,0,0.06666666666666665,0.65,0.7,-0.35,0.033333333333333326,0.32499999999999996,0.5499999999999999,0.675,0.44999999999999996,-0.3500000000000001,0.09999999999999998,-0.05833333333333332,-0.16666666666666669,0.008333333333333331,0.21666666666666665,-0.04999999999999999,0.06666666666666665,0.04999999999999993,0.3833333333333333,0.22499999999999998,-0.2250000000000001,0.45000000000000007,0.494949494949495,0.22727272727272727,0.8571428571428571,0.45454545454545453
100trials_311,7040,-4800,2240,0.2,0.07,0.22,0.51,0.42000000000000004,0.01999999999999999,0.5800000000000001,0.44,0.73,0.27,0.45999999999999996,2.7037037037037033,0.275,0.15,0.125,0.03333333333333333,0.05,0.3333333333333333,0.55,0.48333333333333334,0.325,0.4833333333333333,-0.22500000000000003,0.18333333333333332,0.675,0.5166666666666667,0.42500000000000004,0.45,0.6000000000000001,0.8166666666666667,0.4,0.18333333333333332,0.20000000000000007,0.6333333333333333,-0.12500000000000003,-0.09166666666666667,0.2833333333333333,-0.06666666666666671,0.15833333333333327,0.4083333333333333,-0.15833333333333333,0.024999999999999967,0.21666666666666656,-0.2166666666666667,0.43333333333333324,0.6161616161616161,0.5925925925925926,0.09090909090909091,0
100trials_312,7455,-7350,105,0.21,0.17,0.39,0.23,0.6,0.18000000000000002,0.4,0.06,0.62,0.38,0.24,1.631578947368421,0.2,0.21666666666666667,0.3,0.08333333333333333,0.2,0.5166666666666667,0.3,0.18333333333333332,0.4,0.7333333333333334,0,0.30000000000000004,0.6,0.26666666666666666,0,0.09999999999999999,0.5,0.7000000000000001,0.5,0.3,0,0.4000000000000001,0.016666666666666663,-0.21666666666666667,0.3166666666666667,-0.11666666666666667,0.33333333333333337,0.30000000000000004,-0.3333333333333333,0.09999999999999999,0.20000000000000007,-0.2,0.4000000000000001,0.3434343434343434,0.475,0.5833333333333334,0.6428571428571429
100trials_313,7570,-8950,-1380,0.19,0.21,0.22,0.38,0.41000000000000003,0.03,0.59,0.17,0.6,0.4,0.19999999999999996,1.4999999999999998,0.225,0.16666666666666666,0.325,0.13333333333333333,0.15,0.26666666666666666,0.3,0.43333333333333335,0.375,0.43333333333333335,-0.07500000000000001,0.1,0.625,0.5666666666666667,-0.025000000000000022,0.30000000000000004,0.44999999999999996,0.7,0.55,0.3,-0.10000000000000009,0.39999999999999997,-0.05833333333333335,-0.19166666666666668,0.11666666666666667,0.13333333333333336,0.05833333333333335,0.17500000000000002,-0.05833333333333335,0.32500000000000007,0.25,-0.25000000000000006,0.5,0.45454545454545453,0.2413793103448276,0.9090909090909091,0.6428571428571429
100trials_314,6970,-5925,1045,0.09,0.14,0.17,0.6,0.26,0.08000000000000002,0.74,0.45999999999999996,0.77,0.23,0.54,3.3478260869565215,0.225,0,0.3,0.03333333333333333,0.1,0.21666666666666667,0.375,0.75,0.325,0.21666666666666667,-0.125,0.21666666666666667,0.675,0.7833333333333333,0.07500000000000001,0.7166666666666667,0.475,0.9666666666666667,0.525,0.03333333333333333,-0.050000000000000044,0.9333333333333333,-0.225,-0.26666666666666666,0.11666666666666667,0.375,-0.10833333333333334,0.3416666666666667,0.10833333333333328,0.6416666666666666,0.4916666666666667,-0.4916666666666667,0.9833333333333334,0.7272727272727273,0.6,0.75,0.3333333333333333
100trials_315,8490,-10675,-2185,0.22,0.34,0.25,0.19,0.47,0.03,0.53,-0.15000000000000002,0.44,0.56,-0.12000000000000005,0.7857142857142857,0.3,0.16666666666666666,0.3,0.36666666666666664,0.225,0.26666666666666666,0.175,0.2,0.525,0.43333333333333335,-0.07499999999999998,0.1,0.475,0.5666666666666667,-0.125,-0.16666666666666663,0.4,0.4666666666666667,0.6,0.5333333333333333,-0.19999999999999996,-0.06666666666666665,-0.13333333333333333,0.06666666666666665,0.04166666666666666,0.025000000000000022,-0.09166666666666667,0.175,0.09166666666666667,-0.04166666666666663,0.06666666666666665,-0.06666666666666665,0.1333333333333333,0.25252525252525254,0.3225806451612903,0.7692307692307693,0.29411764705882354
100trials_316,6715,-4300,2415,0.08,0.1,0.6,0.22,0.6799999999999999,0.52,0.32,0.12,0.82,0.18,0.6399999999999999,4.555555555555555,0.075,0.08333333333333333,0.225,0.016666666666666666,0.45,0.7,0.25,0.2,0.525,0.7833333333333333,0.375,0.6166666666666666,0.475,0.21666666666666667,0.024999999999999994,0.18333333333333335,0.7,0.8999999999999999,0.3,0.09999999999999999,0.39999999999999997,0.7999999999999999,0.008333333333333331,-0.20833333333333334,0.24999999999999994,-0.04999999999999999,0.2583333333333333,0.24166666666666659,-0.2583333333333333,0.15833333333333335,0.19999999999999996,-0.2,0.39999999999999997,0.6363636363636364,0.8,1,0.75
100trials_317,8080,-8400,-320,0.19,0.3,0.25,0.26,0.44,0.06,0.56,-0.03999999999999998,0.51,0.49,0.020000000000000018,1.0408163265306123,0.25,0.15,0.35,0.26666666666666666,0.2,0.2833333333333333,0.2,0.3,0.45,0.43333333333333335,-0.04999999999999999,0.13333333333333333,0.55,0.5666666666666667,-0.14999999999999997,0.033333333333333326,0.4,0.5833333333333333,0.6,0.41666666666666663,-0.19999999999999996,0.16666666666666663,-0.1,-0.08333333333333331,0.08333333333333331,0.09999999999999998,-0.016666666666666663,0.18333333333333332,0.016666666666666607,0.1833333333333333,0.18333333333333324,-0.18333333333333335,0.3666666666666666,0.25252525252525254,0.1724137931034483,0.8181818181818182,0.42857142857142855
100trials_318,8870,-9900,-1030,0.17,0.43,0.2,0.2,0.37,0.03,0.63,-0.22999999999999998,0.4,0.6,-0.19999999999999996,0.6666666666666667,0.25,0.11666666666666667,0.275,0.5333333333333333,0.25,0.16666666666666666,0.225,0.18333333333333332,0.5,0.2833333333333333,0,0.04999999999999999,0.5,0.7166666666666667,-0.05000000000000002,-0.35,0.475,0.35,0.525,0.65,-0.050000000000000044,-0.30000000000000004,-0.13333333333333333,0.2583333333333333,-0.08333333333333334,-0.041666666666666685,-0.21666666666666667,0.04999999999999999,0.21666666666666667,-0.29999999999999993,-0.125,0.125,-0.25,0.24242424242424243,0.08,1,0.38461538461538464
100trials_319,8450,-10300,-1850,0.2,0.35,0.21,0.24,0.41000000000000003,0.009999999999999981,0.59,-0.10999999999999999,0.44999999999999996,0.55,-0.10000000000000009,0.818181818181818,0.275,0.15,0.275,0.4,0.225,0.2,0.225,0.25,0.5,0.35,-0.05000000000000002,0.05000000000000002,0.5,0.65,-0.05000000000000002,-0.15000000000000002,0.45,0.45,0.55,0.55,-0.10000000000000003,-0.10000000000000003,-0.12500000000000003,0.125,-0.024999999999999994,0.024999999999999994,-0.15000000000000002,0.10000000000000003,0.15000000000000002,-0.1,0,0,0,0.2222222222222222,0.2222222222222222,1,0.5333333333333333
100trials_32,7450,-8050,-600,0.24,0.25,0.2,0.31,0.44,-0.03999999999999998,0.56,0.06,0.51,0.49,0.020000000000000018,1.0408163265306123,0.225,0.25,0.275,0.23333333333333334,0.3,0.13333333333333333,0.2,0.38333333333333336,0.525,0.3833333333333333,0.07499999999999998,-0.11666666666666667,0.47500000000000003,0.6166666666666667,-0.07500000000000001,0.15000000000000002,0.5,0.5166666666666667,0.5,0.48333333333333334,0,0.03333333333333338,0.024999999999999994,-0.041666666666666685,-0.16666666666666666,0.18333333333333335,-0.14166666666666672,-0.19166666666666665,0.14166666666666666,0.22500000000000003,0.01666666666666672,-0.016666666666666663,0.03333333333333338,0.45454545454545453,0.2222222222222222,0.6666666666666666,0.26666666666666666
100trials_320,8150,-8925,-775,0.22,0.28,0.24,0.26,0.45999999999999996,0.01999999999999999,0.54,-0.020000000000000018,0.5,0.5,0,1,0.275,0.18333333333333332,0.275,0.2833333333333333,0.25,0.23333333333333334,0.2,0.3,0.525,0.41666666666666663,-0.025000000000000022,0.05000000000000002,0.47500000000000003,0.5833333333333333,-0.07500000000000001,0.016666666666666663,0.45,0.5333333333333333,0.55,0.4666666666666667,-0.10000000000000003,0.06666666666666665,-0.0916666666666667,0.008333333333333304,-0.016666666666666663,0.09999999999999998,-0.10833333333333339,0.07500000000000004,0.10833333333333323,0.09166666666666667,0.08333333333333331,-0.08333333333333337,0.16666666666666669,0.30303030303030304,0.2,0.8461538461538461,0.1875
100trials_321,8250,-9850,-1600,0.16,0.35,0.19,0.3,0.35,0.03,0.6499999999999999,-0.04999999999999999,0.49,0.51,-0.020000000000000018,0.9607843137254901,0.175,0.15,0.3,0.38333333333333336,0.2,0.18333333333333332,0.325,0.2833333333333333,0.375,0.3333333333333333,0.025000000000000022,0.033333333333333326,0.625,0.6666666666666667,0.025000000000000022,-0.10000000000000003,0.525,0.4666666666666667,0.475,0.5333333333333333,0.050000000000000044,-0.06666666666666665,-0.024999999999999994,0.08333333333333337,-0.01666666666666669,-0.041666666666666685,-0.041666666666666685,0.008333333333333304,0.04166666666666674,-0.12500000000000006,-0.05833333333333335,0.05833333333333335,-0.1166666666666667,0.1111111111111111,0.08333333333333333,1,0.75
100trials_322,8150,-8700,-550,0.21,0.3,0.27,0.22,0.48,0.060000000000000026,0.52,-0.07999999999999999,0.49,0.51,-0.020000000000000018,0.9607843137254901,0.225,0.2,0.4,0.23333333333333334,0.225,0.3,0.15,0.26666666666666666,0.45,0.5,0,0.09999999999999998,0.55,0.5,-0.25,0.033333333333333326,0.375,0.5666666666666667,0.625,0.43333333333333335,-0.25,0.1333333333333333,-0.024999999999999994,-0.16666666666666669,0.07499999999999998,0.11666666666666667,0.04999999999999999,0.09999999999999998,-0.050000000000000044,0.2833333333333333,0.19166666666666665,-0.19166666666666665,0.3833333333333333,0.12121212121212122,0.1935483870967742,1,0.5333333333333333
100trials_323,8265,-10475,-2210,0.2,0.32,0.17,0.31,0.37,-0.03,0.63,-0.010000000000000009,0.48,0.52,-0.040000000000000036,0.923076923076923,0.225,0.18333333333333332,0.325,0.31666666666666665,0.175,0.16666666666666666,0.275,0.3333333333333333,0.4,0.35,-0.05000000000000002,-0.016666666666666663,0.6000000000000001,0.6499999999999999,-0.04999999999999999,0.016666666666666663,0.45,0.5,0.55,0.5,-0.10000000000000003,0,-0.041666666666666685,-0.00833333333333336,-0.008333333333333331,0.05833333333333329,-0.050000000000000044,0.033333333333333354,0.04999999999999982,0.06666666666666665,0.04999999999999999,-0.050000000000000044,0.10000000000000003,0.1414141414141414,0.11538461538461539,0.9090909090909091,0.5
100trials_324,7850,-8300,-450,0.18,0.28,0.29,0.25,0.47,0.10999999999999999,0.53,-0.030000000000000027,0.54,0.46,0.08000000000000002,1.173913043478261,0.225,0.15,0.275,0.2833333333333333,0.225,0.3333333333333333,0.275,0.23333333333333334,0.45,0.4833333333333333,0,0.18333333333333332,0.55,0.5166666666666666,0,-0.04999999999999999,0.5,0.5666666666666667,0.5,0.43333333333333335,0,0.1333333333333333,-0.07500000000000001,0.008333333333333304,0.10833333333333331,-0.041666666666666685,0.03333333333333327,0.18333333333333332,-0.03333333333333344,-0.04999999999999999,0.06666666666666665,-0.06666666666666665,0.1333333333333333,0.21212121212121213,0.3548387096774194,0.8,0.35714285714285715
100trials_325,6865,-6275,590,0.11,0.14,0.29,0.46,0.39999999999999997,0.18,0.6000000000000001,0.32,0.75,0.25,0.5,3,0.175,0.06666666666666667,0.175,0.11666666666666667,0.125,0.4,0.525,0.4166666666666667,0.3,0.4666666666666667,-0.04999999999999999,0.33333333333333337,0.7,0.5333333333333333,0.35000000000000003,0.30000000000000004,0.65,0.8166666666666667,0.35,0.18333333333333335,0.30000000000000004,0.6333333333333333,-0.10833333333333332,-0.05833333333333332,0.275,-0.10833333333333334,0.16666666666666669,0.38333333333333336,-0.16666666666666663,-0.04999999999999999,0.16666666666666663,-0.16666666666666663,0.33333333333333326,0.26262626262626265,0.35714285714285715,0.8,0.42857142857142855
100trials_326,7145,-7525,-380,0.09,0.21,0.25,0.45,0.33999999999999997,0.16,0.66,0.24000000000000002,0.7,0.3,0.39999999999999997,2.3333333333333335,0.175,0.03333333333333333,0.425,0.06666666666666667,0.15,0.31666666666666665,0.25,0.5833333333333334,0.32499999999999996,0.35,-0.024999999999999994,0.2833333333333333,0.675,0.65,-0.175,0.5166666666666667,0.4,0.9,0.6,0.1,-0.19999999999999996,0.8,-0.14166666666666666,-0.35833333333333334,0.16666666666666666,0.33333333333333337,0.025000000000000022,0.30833333333333335,-0.025000000000000022,0.6916666666666667,0.5,-0.5,1,0.3434343434343434,0.28,1,0.5714285714285714
100trials_327,8170,-9625,-1455,0.16,0.34,0.22,0.28,0.38,0.06,0.6200000000000001,-0.06,0.5,0.5,0,1,0.225,0.11666666666666667,0.275,0.38333333333333336,0.25,0.2,0.25,0.3,0.475,0.31666666666666665,0.024999999999999994,0.08333333333333334,0.525,0.6833333333333333,-0.025000000000000022,-0.08333333333333337,0.5,0.5,0.5,0.5,0,0,-0.10833333333333334,0.10833333333333334,-0.04999999999999999,0.04999999999999999,-0.15833333333333333,0.05833333333333335,0.15833333333333333,-0.05833333333333335,0,0,0,0.24242424242424243,0.16,1,0.08333333333333333
100trials_328,8795,-11200,-2405,0.37,0.23,0.24,0.16,0.61,-0.13,0.39,-0.07,0.4,0.6,-0.19999999999999996,0.6666666666666667,0.3,0.4166666666666667,0.25,0.21666666666666667,0.25,0.23333333333333334,0.2,0.13333333333333333,0.55,0.65,-0.04999999999999999,-0.18333333333333335,0.45,0.35,-0.04999999999999999,-0.08333333333333334,0.45,0.3666666666666667,0.55,0.6333333333333333,-0.10000000000000003,-0.2666666666666666,0.1166666666666667,-0.033333333333333326,-0.016666666666666663,-0.06666666666666668,0.09999999999999998,-0.13333333333333336,-0.10000000000000003,-0.033333333333333354,-0.08333333333333331,0.08333333333333326,-0.16666666666666657,0.2727272727272727,0.3,0.43478260869565216,0.3076923076923077
100trials_329,8210,-9850,-1640,0.15,0.35,0.18,0.32,0.32999999999999996,0.03,0.6699999999999999,-0.02999999999999997,0.5,0.5,0,1,0.15,0.15,0.25,0.4166666666666667,0.225,0.15,0.375,0.2833333333333333,0.375,0.3,0.07500000000000001,0,0.625,0.7,0.125,-0.13333333333333336,0.6,0.43333333333333335,0.4,0.5666666666666667,0.19999999999999996,-0.1333333333333333,0,0.16666666666666669,-0.07500000000000001,-0.09166666666666667,-0.07500000000000001,-0.07500000000000001,0.07499999999999996,-0.25833333333333336,-0.16666666666666663,0.16666666666666663,-0.33333333333333326,0.23232323232323232,0,1,0.38461538461538464
100trials_33,6800,-6300,500,0.07,0.29,0.13,0.51,0.2,0.06,0.8,0.22000000000000003,0.64,0.36,0.28,1.777777777777778,0.175,0,0.075,0.43333333333333335,0.2,0.08333333333333333,0.55,0.48333333333333334,0.375,0.08333333333333333,0.025000000000000022,0.08333333333333333,0.625,0.9166666666666667,0.47500000000000003,0.04999999999999999,0.75,0.5666666666666667,0.25,0.43333333333333335,0.5,0.1333333333333333,-0.175,0.35833333333333334,-0.11666666666666668,-0.06666666666666671,-0.2916666666666667,0.058333333333333307,0.29166666666666674,-0.42500000000000004,-0.18333333333333335,0.18333333333333335,-0.3666666666666667,0.8080808080808081,0.5263157894736842,0.5,0.5714285714285714
100trials_330,7465,-8675,-1210,0.18,0.21,0.31,0.3,0.49,0.13,0.51,0.09,0.61,0.39,0.21999999999999997,1.564102564102564,0.2,0.16666666666666666,0.25,0.18333333333333332,0.3,0.31666666666666665,0.25,0.3333333333333333,0.5,0.4833333333333333,0.09999999999999998,0.15,0.5,0.5166666666666666,0,0.15,0.55,0.6499999999999999,0.45,0.35,0.10000000000000003,0.29999999999999993,-0.033333333333333354,-0.06666666666666668,0.016666666666666663,0.08333333333333331,-0.01666666666666672,0.05000000000000002,0.016666666666666607,0.15,0.09999999999999987,-0.10000000000000003,0.1999999999999999,0.2727272727272727,0.20588235294117646,1,0.6153846153846154
100trials_331,7835,-8675,-840,0.19,0.26,0.24,0.31,0.43,0.04999999999999999,0.5700000000000001,0.04999999999999999,0.55,0.45,0.10000000000000003,1.2222222222222223,0.2,0.18333333333333332,0.225,0.2833333333333333,0.2,0.26666666666666666,0.375,0.26666666666666666,0.4,0.44999999999999996,0,0.08333333333333334,0.6,0.55,0.15,-0.016666666666666663,0.575,0.5333333333333333,0.42500000000000004,0.4666666666666667,0.1499999999999999,0.06666666666666665,-0.01666666666666669,0.05833333333333332,0.06666666666666665,-0.10833333333333334,0.04999999999999993,0.08333333333333334,-0.04999999999999993,-0.16666666666666666,-0.04166666666666663,0.04166666666666663,-0.08333333333333326,0.5151515151515151,0.3103448275862069,0.5454545454545454,0.42857142857142855
100trials_332,7005,-5200,1805,0.14,0.13,0.53,0.2,0.67,0.39,0.33,0.07,0.73,0.27,0.45999999999999996,2.7037037037037033,0.225,0.08333333333333333,0.225,0.06666666666666667,0.175,0.7666666666666667,0.375,0.08333333333333333,0.4,0.8500000000000001,-0.05000000000000002,0.6833333333333333,0.6,0.15,0.15,0.016666666666666663,0.55,0.8500000000000001,0.45,0.15,0.10000000000000003,0.7000000000000001,-0.14166666666666666,-0.15833333333333333,0.5916666666666668,-0.2916666666666667,0.45000000000000007,0.7333333333333334,-0.44999999999999996,-0.13333333333333333,0.30000000000000004,-0.30000000000000004,0.6000000000000001,0.5252525252525253,0.6595744680851063,1,0.875
100trials_333,7240,-6050,1190,0.2,0.13,0.22,0.45,0.42000000000000004,0.01999999999999999,0.5800000000000001,0.32,0.67,0.33,0.34,2.0303030303030303,0.25,0.16666666666666666,0.125,0.13333333333333333,0.2,0.23333333333333334,0.425,0.4666666666666667,0.45,0.4,-0.04999999999999999,0.06666666666666668,0.55,0.6,0.3,0.33333333333333337,0.625,0.7,0.375,0.3,0.25,0.39999999999999997,-0.08333333333333334,0.008333333333333331,0.033333333333333326,0.041666666666666685,-0.04999999999999999,0.11666666666666667,0.04999999999999993,0.03333333333333338,0.07499999999999996,-0.07500000000000001,0.14999999999999997,0.3434343434343434,0.21428571428571427,0.9090909090909091,0.6666666666666666
100trials_334,8390,-10875,-2485,0.22,0.32,0.23,0.23,0.45,0.010000000000000009,0.55,-0.09,0.46,0.54,-0.08000000000000002,0.8518518518518519,0.225,0.21666666666666667,0.275,0.35,0.25,0.21666666666666667,0.25,0.21666666666666667,0.475,0.43333333333333335,0.024999999999999994,0,0.525,0.5666666666666667,-0.025000000000000022,-0.1333333333333333,0.5,0.43333333333333335,0.5,0.5666666666666667,0,-0.1333333333333333,-0.008333333333333331,0.07499999999999996,-0.033333333333333326,-0.033333333333333326,-0.04166666666666663,-0.024999999999999994,0.04166666666666663,-0.10833333333333328,-0.06666666666666665,0.06666666666666665,-0.1333333333333333,0.23232323232323232,0.13333333333333333,0.9230769230769231,0.4375
100trials_335,7860,-8950,-1090,0.21,0.25,0.25,0.29,0.45999999999999996,0.04000000000000001,0.54,0.03999999999999998,0.54,0.45999999999999996,0.08000000000000007,1.173913043478261,0.325,0.13333333333333333,0.35,0.18333333333333332,0.15,0.31666666666666665,0.175,0.36666666666666664,0.475,0.44999999999999996,-0.17500000000000002,0.18333333333333332,0.5249999999999999,0.5499999999999999,-0.175,0.18333333333333332,0.32499999999999996,0.6833333333333333,0.675,0.31666666666666665,-0.3500000000000001,0.3666666666666667,-0.19166666666666668,-0.16666666666666666,0.16666666666666666,0.19166666666666665,-0.025000000000000022,0.35833333333333334,0.025000000000000022,0.3583333333333333,0.3583333333333334,-0.3583333333333334,0.7166666666666668,0.1919191919191919,0.1935483870967742,0.9166666666666666,0.375
100trials_336,8110,-9450,-1340,0.25,0.26,0.29,0.2,0.54,0.03999999999999998,0.46,-0.06,0.49,0.51,-0.020000000000000018,0.9607843137254901,0.25,0.25,0.325,0.21666666666666667,0.25,0.31666666666666665,0.175,0.21666666666666667,0.5,0.5666666666666667,0,0.06666666666666665,0.5,0.43333333333333335,-0.15000000000000002,0,0.425,0.5333333333333333,0.575,0.4666666666666667,-0.14999999999999997,0.06666666666666665,0,-0.10833333333333334,0.06666666666666665,0.041666666666666685,0.06666666666666665,0.06666666666666665,-0.06666666666666665,0.15000000000000002,0.10833333333333334,-0.10833333333333328,0.21666666666666662,0.1919191919191919,0.2857142857142857,0.9285714285714286,0.29411764705882354
100trials_337,7950,-8600,-650,0.19,0.28,0.21,0.32,0.4,0.01999999999999999,0.6000000000000001,0.03999999999999998,0.53,0.47000000000000003,0.06,1.127659574468085,0.175,0.2,0.275,0.2833333333333333,0.25,0.18333333333333332,0.3,0.3333333333333333,0.425,0.3833333333333333,0.07500000000000001,-0.01666666666666669,0.575,0.6166666666666667,0.024999999999999967,0.04999999999999999,0.55,0.5166666666666666,0.45,0.48333333333333334,0.10000000000000003,0.03333333333333327,0.025000000000000022,0.008333333333333304,-0.06666666666666668,0.033333333333333326,-0.041666666666666685,-0.0916666666666667,0.04166666666666674,0.025000000000000022,-0.03333333333333344,0.033333333333333326,-0.06666666666666676,0.1414141414141414,0.18518518518518517,0.9090909090909091,0.5
100trials_338,10450,-14700,-4250,0.34,0.48,0.07,0.11,0.41000000000000003,-0.27,0.59,-0.37,0.18,0.8200000000000001,-0.6400000000000001,0.2195121951219512,0.375,0.31666666666666665,0.425,0.5166666666666667,0.125,0.03333333333333333,0.075,0.13333333333333333,0.5,0.35,-0.25,-0.2833333333333333,0.5,0.65,-0.35,-0.3833333333333334,0.2,0.16666666666666666,0.8,0.8333333333333334,-0.6000000000000001,-0.6666666666666667,-0.05833333333333335,0.09166666666666673,-0.09166666666666667,0.058333333333333334,-0.15000000000000002,-0.033333333333333326,0.15000000000000002,-0.03333333333333344,-0.033333333333333354,0.033333333333333326,-0.06666666666666665,0.6464646464646465,0.5666666666666667,0.4090909090909091,0
100trials_339,7195,-7525,-330,0.1,0.22,0.25,0.43,0.35,0.15,0.65,0.21,0.6799999999999999,0.32,0.35999999999999993,2.1249999999999996,0.125,0.08333333333333333,0.35,0.13333333333333333,0.125,0.3333333333333333,0.4,0.45,0.25,0.41666666666666663,0,0.25,0.75,0.5833333333333334,0.050000000000000044,0.31666666666666665,0.525,0.7833333333333333,0.475,0.21666666666666667,0.050000000000000044,0.5666666666666667,-0.04166666666666667,-0.21666666666666665,0.20833333333333331,0.04999999999999999,0.16666666666666663,0.25,-0.16666666666666663,0.2666666666666666,0.2583333333333333,-0.2583333333333333,0.5166666666666666,0.5757575757575758,0.44,0.8,0.5
100trials_34,8200,-8600,-400,0.11,0.53,0.06,0.3,0.16999999999999998,-0.05,0.8300000000000001,-0.23000000000000004,0.36,0.64,-0.28,0.5625,0.05,0.15,0.675,0.43333333333333335,0.05,0.06666666666666667,0.225,0.35,0.1,0.21666666666666667,0,-0.08333333333333333,0.9,0.7833333333333333,-0.45000000000000007,-0.08333333333333337,0.275,0.41666666666666663,0.7250000000000001,0.5833333333333334,-0.45000000000000007,-0.16666666666666674,0.09999999999999999,-0.2416666666666667,0.016666666666666663,0.12499999999999997,0.11666666666666667,-0.08333333333333333,-0.1166666666666667,0.3666666666666667,0.1416666666666666,-0.14166666666666672,0.2833333333333333,0.45454545454545453,0.058823529411764705,1,0.5454545454545454
100trials_340,8105,-8725,-620,0.21,0.29,0.28,0.22,0.49,0.07000000000000003,0.51,-0.06999999999999998,0.5,0.5,0,1,0.25,0.18333333333333332,0.25,0.31666666666666665,0.3,0.26666666666666666,0.2,0.23333333333333334,0.55,0.44999999999999996,0.04999999999999999,0.08333333333333334,0.45,0.55,-0.04999999999999999,-0.08333333333333331,0.5,0.5,0.5,0.5,0,0,-0.06666666666666668,0.06666666666666665,-0.033333333333333326,0.033333333333333326,-0.10000000000000009,0.033333333333333354,0.10000000000000003,-0.033333333333333326,0,0,0,0.020202020202020204,0.15625,1,0.4666666666666667
100trials_341,8190,-9225,-1035,0.25,0.27,0.23,0.25,0.48,-0.01999999999999999,0.52,-0.020000000000000018,0.48,0.52,-0.040000000000000036,0.923076923076923,0.275,0.23333333333333334,0.3,0.25,0.175,0.26666666666666666,0.25,0.25,0.45,0.5,-0.10000000000000003,0.033333333333333326,0.55,0.5,-0.04999999999999999,0,0.425,0.5166666666666666,0.575,0.48333333333333334,-0.14999999999999997,0.03333333333333327,-0.041666666666666685,-0.04999999999999999,0.09166666666666667,0,0.04999999999999999,0.13333333333333336,-0.050000000000000044,0.04999999999999999,0.09166666666666662,-0.09166666666666662,0.18333333333333324,0.29292929292929293,0.13333333333333333,0.7142857142857143,0.17647058823529413
100trials_342,7670,-8850,-1180,0.21,0.22,0.3,0.27,0.51,0.09,0.49,0.05000000000000002,0.5700000000000001,0.43,0.14000000000000007,1.3255813953488373,0.225,0.2,0.3,0.16666666666666666,0.125,0.4166666666666667,0.35,0.21666666666666667,0.35,0.6166666666666667,-0.1,0.21666666666666667,0.6499999999999999,0.3833333333333333,0.04999999999999999,0.05000000000000002,0.475,0.6333333333333333,0.525,0.3666666666666667,-0.050000000000000044,0.2666666666666666,-0.024999999999999994,-0.13333333333333333,0.2916666666666667,-0.1333333333333333,0.2666666666666667,0.31666666666666665,-0.2666666666666666,2.7755575615628914e-17,0.15833333333333333,-0.15833333333333333,0.31666666666666665,0.46464646464646464,0.35294117647058826,0.8333333333333334,0.26666666666666666
100trials_343,7815,-7875,-60,0.15,0.29,0.39,0.17,0.54,0.24000000000000002,0.45999999999999996,-0.11999999999999997,0.56,0.43999999999999995,0.1200000000000001,1.272727272727273,0.225,0.1,0.425,0.2,0.25,0.48333333333333334,0.1,0.21666666666666667,0.475,0.5833333333333334,0.024999999999999994,0.3833333333333333,0.525,0.4166666666666667,-0.32499999999999996,0.016666666666666663,0.35,0.7,0.65,0.30000000000000004,-0.30000000000000004,0.3999999999999999,-0.125,-0.22499999999999998,0.23333333333333334,0.11666666666666667,0.10833333333333339,0.3583333333333333,-0.10833333333333334,0.3416666666666666,0.35,-0.35,0.7,0.7070707070707071,0.6388888888888888,0.875,0.18181818181818182
100trials_344,6855,-5425,1430,0.14,0.11,0.3,0.45,0.44,0.15999999999999998,0.56,0.34,0.75,0.25,0.5,3,0.175,0.11666666666666667,0.175,0.06666666666666667,0.1,0.43333333333333335,0.55,0.38333333333333336,0.275,0.55,-0.07499999999999998,0.31666666666666665,0.7250000000000001,0.45,0.37500000000000006,0.3166666666666667,0.65,0.8166666666666667,0.35,0.18333333333333335,0.30000000000000004,0.6333333333333333,-0.05833333333333332,-0.10833333333333332,0.33333333333333337,-0.16666666666666669,0.275,0.3916666666666666,-0.2750000000000001,-0.05833333333333335,0.16666666666666663,-0.16666666666666663,0.33333333333333326,0.32323232323232326,0.4,0.8571428571428571,0.375
100trials_345,7645,-8300,-655,0.16,0.24,0.24,0.36,0.4,0.07999999999999999,0.6,0.12,0.6,0.4,0.19999999999999996,1.4999999999999998,0.175,0.15,0.25,0.23333333333333334,0.225,0.25,0.35,0.36666666666666664,0.4,0.4,0.05000000000000002,0.1,0.6,0.6,0.09999999999999998,0.1333333333333333,0.575,0.6166666666666667,0.425,0.3833333333333333,0.14999999999999997,0.2333333333333334,-0.024999999999999994,-0.016666666666666663,0.024999999999999994,0.016666666666666663,0,0.04999999999999999,0,0.033333333333333326,0.04166666666666674,-0.041666666666666685,0.08333333333333343,0.3434343434343434,0.37037037037037035,0.875,0.18181818181818182
100trials_346,7945,-8625,-680,0.18,0.28,0.18,0.36,0.36,0,0.64,0.07999999999999996,0.54,0.46,0.08000000000000002,1.173913043478261,0.225,0.15,0.25,0.3,0.15,0.2,0.375,0.35,0.375,0.35,-0.07500000000000001,0.05000000000000002,0.625,0.6499999999999999,0.125,0.04999999999999999,0.525,0.55,0.475,0.44999999999999996,0.050000000000000044,0.10000000000000009,-0.07500000000000001,0.04999999999999999,0.05000000000000002,-0.025000000000000022,-0.025000000000000022,0.12500000000000003,0.02499999999999991,-0.07500000000000001,0.025000000000000022,-0.025000000000000022,0.050000000000000044,0.1111111111111111,0.07692307692307693,1,0.5384615384615384
100trials_347,8965,-10675,-1710,0.22,0.4,0.25,0.13,0.47,0.03,0.53,-0.27,0.38,0.62,-0.24,0.6129032258064516,0.275,0.18333333333333332,0.375,0.4166666666666667,0.225,0.26666666666666666,0.125,0.13333333333333333,0.5,0.44999999999999996,-0.05000000000000002,0.08333333333333334,0.5,0.55,-0.25,-0.2833333333333333,0.35,0.4,0.65,0.6,-0.30000000000000004,-0.19999999999999996,-0.0916666666666667,0.041666666666666685,0.04166666666666666,0.008333333333333331,-0.050000000000000044,0.13333333333333336,0.050000000000000044,-0.033333333333333326,0.050000000000000044,-0.050000000000000044,0.10000000000000009,0.20202020202020202,0.0967741935483871,1,0.29411764705882354
100trials_348,8330,-9250,-920,0.13,0.38,0.25,0.24,0.38,0.12,0.62,-0.14,0.49,0.51,-0.020000000000000018,0.9607843137254901,0.15,0.11666666666666667,0.35,0.4,0.325,0.2,0.175,0.2833333333333333,0.475,0.31666666666666665,0.17500000000000002,0.08333333333333334,0.5249999999999999,0.6833333333333333,-0.175,-0.1166666666666667,0.5,0.48333333333333334,0.5,0.5166666666666667,0,-0.03333333333333338,-0.033333333333333326,0.050000000000000044,-0.125,0.10833333333333334,-0.15833333333333333,-0.09166666666666667,0.15833333333333344,0.05833333333333329,-0.016666666666666663,0.01666666666666672,-0.03333333333333338,0.29292929292929293,0.16,1,0.5
100trials_349,7150,-6225,925,0.1,0.16,0.14,0.6,0.24000000000000002,0.04000000000000001,0.76,0.43999999999999995,0.74,0.26,0.48,2.846153846153846,0.225,0.016666666666666666,0.05,0.23333333333333334,0.075,0.18333333333333332,0.65,0.5666666666666667,0.3,0.19999999999999998,-0.15000000000000002,0.16666666666666666,0.7000000000000001,0.8,0.6,0.3333333333333333,0.725,0.75,0.275,0.25,0.44999999999999996,0.5,-0.20833333333333334,0.18333333333333335,0.10833333333333332,-0.08333333333333337,-0.1,0.31666666666666665,0.09999999999999998,-0.26666666666666666,0.025000000000000022,-0.025000000000000022,0.050000000000000044,0.7676767676767676,0.42105263157894735,0.4,0.14285714285714285
100trials_35,7500,-6650,850,0.26,0.24,0.27,0.23,0.53,0.010000000000000009,0.47,-0.009999999999999981,0.5,0.5,0,1,0.3,0.23333333333333334,0.225,0.25,0.25,0.2833333333333333,0.225,0.23333333333333334,0.55,0.5166666666666666,-0.04999999999999999,0.04999999999999999,0.45,0.48333333333333334,0,-0.016666666666666663,0.475,0.5166666666666666,0.525,0.48333333333333334,-0.050000000000000044,0.03333333333333327,-0.06666666666666665,0.024999999999999994,0.033333333333333326,0.008333333333333331,-0.03333333333333344,0.09999999999999998,0.033333333333333326,-0.016666666666666663,0.04166666666666663,-0.041666666666666685,0.08333333333333331,0.030303030303030304,0.27586206896551724,0.9166666666666666,0.42857142857142855
100trials_350,7000,-6625,375,0.14,0.15,0.33,0.38,0.47000000000000003,0.19,0.53,0.23,0.71,0.29000000000000004,0.41999999999999993,2.4482758620689653,0.175,0.11666666666666667,0.35,0.016666666666666666,0.225,0.4,0.25,0.4666666666666667,0.4,0.5166666666666667,0.05000000000000002,0.2833333333333333,0.6,0.48333333333333334,-0.09999999999999998,0.45,0.475,0.8666666666666667,0.5249999999999999,0.13333333333333333,-0.04999999999999993,0.7333333333333334,-0.05833333333333332,-0.3333333333333333,0.17500000000000002,0.21666666666666667,0.1166666666666667,0.2333333333333333,-0.11666666666666664,0.55,0.3916666666666667,-0.3916666666666666,0.7833333333333333,0.5555555555555556,0.46875,0.5714285714285714,0.4444444444444444
100trials_351,8490,-9900,-1410,0.17,0.38,0.2,0.25,0.37,0.03,0.63,-0.13,0.45,0.55,-0.10000000000000003,0.8181818181818181,0.2,0.15,0.4,0.36666666666666664,0.15,0.23333333333333334,0.25,0.25,0.35,0.3833333333333333,-0.05000000000000002,0.08333333333333334,0.65,0.6166666666666667,-0.15000000000000002,-0.11666666666666664,0.4,0.48333333333333334,0.6000000000000001,0.5166666666666666,-0.20000000000000007,-0.03333333333333327,-0.05000000000000002,-0.03333333333333338,0.08333333333333334,0,0.033333333333333326,0.13333333333333336,-0.033333333333333326,0.03333333333333338,0.08333333333333331,-0.08333333333333348,0.1666666666666668,0.2222222222222222,0.12,1,0.38461538461538464
100trials_352,7185,-6575,610,0.13,0.14,0.13,0.6,0.26,0,0.74,0.45999999999999996,0.73,0.27,0.45999999999999996,2.7037037037037033,0.2,0.08333333333333333,0.275,0.05,0.325,0,0.2,0.8666666666666667,0.525,0.08333333333333333,0.125,-0.08333333333333333,0.47500000000000003,0.9166666666666667,-0.07500000000000001,0.8166666666666667,0.525,0.8666666666666667,0.47500000000000003,0.13333333333333333,0.04999999999999999,0.7333333333333334,-0.11666666666666668,-0.22500000000000003,-0.325,0.6666666666666667,-0.4416666666666667,-0.20833333333333331,0.4416666666666667,0.8916666666666666,0.3416666666666667,-0.3416666666666667,0.6833333333333333,0.7777777777777778,0.5,0.8333333333333334,0.5
100trials_353,7405,-8325,-920,0.15,0.22,0.25,0.38,0.4,0.1,0.6,0.16,0.63,0.37,0.26,1.7027027027027026,0.2,0.11666666666666667,0.35,0.13333333333333333,0.175,0.3,0.275,0.45,0.375,0.41666666666666663,-0.025000000000000022,0.18333333333333332,0.625,0.5833333333333334,-0.07499999999999996,0.31666666666666665,0.45,0.75,0.55,0.25,-0.10000000000000003,0.5,-0.08333333333333334,-0.21666666666666665,0.125,0.175,0.04166666666666663,0.20833333333333334,-0.04166666666666663,0.3916666666666666,0.3,-0.30000000000000004,0.6000000000000001,0.23232323232323232,0.17857142857142858,1,0.6363636363636364
100trials_354,7485,-7725,-240,0.11,0.25,0.19,0.45,0.3,0.08,0.7,0.2,0.64,0.36,0.28,1.777777777777778,0.225,0.03333333333333333,0.3,0.21666666666666667,0.125,0.23333333333333334,0.35,0.5166666666666667,0.35,0.26666666666666666,-0.1,0.2,0.6499999999999999,0.7333333333333334,0.04999999999999999,0.30000000000000004,0.475,0.75,0.525,0.25,-0.050000000000000044,0.5,-0.19166666666666668,-0.08333333333333331,0.10833333333333334,0.16666666666666674,-0.08333333333333331,0.30000000000000004,0.08333333333333348,0.25000000000000006,0.275,-0.275,0.55,0.3838383838383838,0.22727272727272727,1,0.5
100trials_355,7990,-8700,-710,0.21,0.27,0.26,0.26,0.47,0.05000000000000002,0.53,-0.010000000000000009,0.52,0.48,0.040000000000000036,1.0833333333333335,0.25,0.18333333333333332,0.3,0.25,0.225,0.2833333333333333,0.225,0.2833333333333333,0.475,0.4666666666666667,-0.024999999999999994,0.1,0.525,0.5333333333333333,-0.07499999999999998,0.033333333333333326,0.45,0.5666666666666667,0.55,0.43333333333333335,-0.10000000000000003,0.1333333333333333,-0.06666666666666668,-0.04999999999999999,0.05833333333333332,0.05833333333333332,-0.008333333333333304,0.125,0.008333333333333304,0.10833333333333331,0.11666666666666664,-0.1166666666666667,0.23333333333333334,0.09090909090909091,0.2903225806451613,0.8333333333333334,0.4
100trials_356,8025,-9100,-1075,0.22,0.27,0.29,0.22,0.51,0.06999999999999998,0.49,-0.05000000000000002,0.51,0.49,0.020000000000000018,1.0408163265306123,0.25,0.2,0.25,0.2833333333333333,0.275,0.3,0.225,0.21666666666666667,0.525,0.5,0.025000000000000022,0.09999999999999998,0.475,0.5,-0.024999999999999994,-0.06666666666666665,0.5,0.5166666666666666,0.5,0.48333333333333334,0,0.03333333333333327,-0.04999999999999999,0.033333333333333326,0.024999999999999967,-0.008333333333333331,-0.025000000000000022,0.07499999999999996,0.025000000000000022,-0.04166666666666666,0.016666666666666607,-0.016666666666666663,0.03333333333333327,0.06060606060606061,0.08823529411764706,0.9230769230769231,0.625
100trials_357,8000,-9300,-1300,0.24,0.24,0.25,0.27,0.49,0.010000000000000009,0.51,0.030000000000000027,0.52,0.48,0.040000000000000036,1.0833333333333335,0.25,0.23333333333333334,0.225,0.25,0.275,0.23333333333333334,0.25,0.2833333333333333,0.525,0.4666666666666667,0.025000000000000022,0,0.475,0.5333333333333333,0.024999999999999994,0.033333333333333326,0.525,0.5166666666666666,0.475,0.48333333333333334,0.050000000000000044,0.03333333333333327,-0.016666666666666663,0.024999999999999994,-0.041666666666666685,0.033333333333333326,-0.05833333333333335,-0.025000000000000022,0.05833333333333335,0.008333333333333331,-0.008333333333333415,0.00833333333333336,-0.016666666666666774,0,0.125,1,0.7058823529411765
100trials_358,8230,-10400,-2170,0.19,0.32,0.25,0.24,0.44,0.06,0.56,-0.08000000000000002,0.49,0.51,-0.020000000000000018,0.9607843137254901,0.2,0.18333333333333332,0.4,0.26666666666666666,0.25,0.25,0.15,0.3,0.45,0.43333333333333335,0.04999999999999999,0.06666666666666668,0.55,0.5666666666666667,-0.25,0.033333333333333326,0.4,0.55,0.6000000000000001,0.44999999999999996,-0.20000000000000007,0.10000000000000009,-0.01666666666666669,-0.13333333333333336,0,0.15,-0.016666666666666663,0.01666666666666669,0.016666666666666607,0.2833333333333333,0.15000000000000002,-0.15000000000000013,0.30000000000000016,0.26262626262626265,0.2,0.8,0.35714285714285715
100trials_359,7520,-7450,70,0.21,0.18,0.41,0.2,0.62,0.19999999999999998,0.38,0.020000000000000018,0.61,0.39,0.21999999999999997,1.564102564102564,0.25,0.18333333333333332,0.175,0.18333333333333332,0.35,0.45,0.225,0.18333333333333332,0.6,0.6333333333333333,0.09999999999999998,0.2666666666666667,0.4,0.36666666666666664,0.05000000000000002,0,0.575,0.6333333333333333,0.425,0.36666666666666664,0.14999999999999997,0.26666666666666666,-0.06666666666666668,0.008333333333333331,0.10000000000000003,-0.041666666666666685,0.033333333333333326,0.16666666666666674,-0.03333333333333338,-0.05000000000000002,0.05833333333333335,-0.05833333333333335,0.1166666666666667,0.2828282828282828,0.38095238095238093,0.9230769230769231,0.6666666666666666
100trials_36,8400,-8700,-300,0.23,0.45,0.1,0.22,0.33,-0.13,0.67,-0.23,0.32,0.68,-0.36000000000000004,0.47058823529411764,0.175,0.26666666666666666,0.575,0.36666666666666664,0.025,0.15,0.225,0.21666666666666667,0.19999999999999998,0.41666666666666663,-0.15,-0.11666666666666667,0.7999999999999999,0.5833333333333333,-0.35,-0.14999999999999997,0.25,0.3666666666666667,0.75,0.6333333333333333,-0.5,-0.2666666666666666,0.09166666666666667,-0.20833333333333331,0.125,-0.008333333333333331,0.21666666666666665,0.033333333333333326,-0.21666666666666667,0.2,0.1166666666666667,-0.1166666666666667,0.2333333333333334,0.6868686868686869,0.5454545454545454,0.25,0
100trials_360,7345,-8125,-780,0.12,0.22,0.21,0.45,0.32999999999999996,0.09,0.67,0.23,0.66,0.33999999999999997,0.32000000000000006,1.9411764705882355,0.2,0.06666666666666667,0.35,0.13333333333333333,0.2,0.21666666666666667,0.25,0.5833333333333334,0.4,0.2833333333333333,0,0.15000000000000002,0.6,0.7166666666666667,-0.09999999999999998,0.45000000000000007,0.45,0.8,0.55,0.2,-0.10000000000000003,0.6000000000000001,-0.13333333333333336,-0.21666666666666665,0.016666666666666663,0.33333333333333337,-0.1166666666666667,0.15000000000000002,0.1166666666666667,0.55,0.35000000000000003,-0.35000000000000003,0.7000000000000002,0.37373737373737376,0.16666666666666666,1,0.3333333333333333
100trials_361,7095,-6900,195,0.15,0.14,0.24,0.47,0.39,0.09,0.61,0.32999999999999996,0.71,0.29000000000000004,0.41999999999999993,2.4482758620689653,0.125,0.16666666666666666,0.225,0.08333333333333333,0.125,0.31666666666666665,0.525,0.43333333333333335,0.25,0.4833333333333333,0,0.15,0.75,0.5166666666666667,0.30000000000000004,0.35000000000000003,0.65,0.75,0.35,0.25,0.30000000000000004,0.5,0.04166666666666666,-0.14166666666666666,0.19166666666666665,-0.09166666666666667,0.23333333333333328,0.15,-0.23333333333333328,0.04999999999999999,0.09999999999999998,-0.09999999999999998,0.19999999999999996,0.5858585858585859,0.48148148148148145,0.625,0.4
100trials_362,7335,-6200,1135,0.12,0.18,0.13,0.57,0.25,0.010000000000000009,0.75,0.38999999999999996,0.7,0.3,0.39999999999999997,2.3333333333333335,0.175,0.08333333333333333,0.35,0.06666666666666667,0.225,0.06666666666666667,0.25,0.7833333333333333,0.4,0.15,0.05000000000000002,-0.016666666666666663,0.6,0.85,-0.09999999999999998,0.7166666666666667,0.475,0.85,0.5249999999999999,0.15,-0.04999999999999993,0.7,-0.09166666666666666,-0.2833333333333333,-0.15833333333333333,0.5333333333333333,-0.25,-0.06666666666666668,0.25,0.8166666666666667,0.375,-0.3749999999999999,0.7499999999999999,0.41414141414141414,0.2631578947368421,1,0.5
100trials_363,9270,-10125,-855,0.21,0.45,0.15,0.19,0.36,-0.06,0.64,-0.26,0.33999999999999997,0.66,-0.32000000000000006,0.515151515151515,0.275,0.16666666666666666,0.35,0.5166666666666667,0.175,0.13333333333333333,0.2,0.18333333333333332,0.45,0.3,-0.10000000000000003,-0.033333333333333326,0.55,0.7000000000000001,-0.14999999999999997,-0.33333333333333337,0.375,0.31666666666666665,0.625,0.6833333333333333,-0.25,-0.3666666666666667,-0.10833333333333336,0.16666666666666674,-0.04166666666666666,-0.01666666666666669,-0.15000000000000002,0.06666666666666671,0.15000000000000002,-0.1833333333333334,-0.05833333333333335,0.05833333333333335,-0.1166666666666667,0.494949494949495,0.08333333333333333,1,0.3125
100trials_364,8210,-9675,-1465,0.27,0.25,0.23,0.25,0.5,-0.04000000000000001,0.5,0,0.48,0.52,-0.040000000000000036,0.923076923076923,0.25,0.2833333333333333,0.275,0.23333333333333334,0.225,0.23333333333333334,0.25,0.25,0.475,0.5166666666666666,-0.024999999999999994,-0.04999999999999999,0.525,0.48333333333333334,-0.025000000000000022,0.016666666666666663,0.475,0.48333333333333334,0.525,0.5166666666666666,-0.050000000000000044,-0.03333333333333327,0.033333333333333326,-0.041666666666666685,0.008333333333333331,0,0.04166666666666663,-0.024999999999999994,-0.041666666666666685,0.041666666666666685,0.00833333333333336,-0.008333333333333415,0.016666666666666774,0.020202020202020204,0.09375,0.8666666666666667,0.7777777777777778
100trials_365,8285,-9000,-715,0.23,0.3,0.27,0.2,0.5,0.04000000000000001,0.5,-0.09999999999999998,0.47000000000000003,0.53,-0.06,0.8867924528301887,0.225,0.23333333333333334,0.3,0.3,0.275,0.26666666666666666,0.2,0.2,0.5,0.5,0.05000000000000002,0.033333333333333326,0.5,0.5,-0.09999999999999998,-0.09999999999999998,0.47500000000000003,0.4666666666666667,0.525,0.5333333333333333,-0.04999999999999999,-0.06666666666666665,0.008333333333333331,0,-0.00833333333333336,0,0,-0.01666666666666669,0,0,-0.00833333333333336,0.008333333333333304,-0.016666666666666663,0.2727272727272727,0.1875,0.9285714285714286,0.47058823529411764
100trials_366,8135,-8425,-290,0.2,0.3,0.36,0.14,0.56,0.15999999999999998,0.44,-0.15999999999999998,0.5,0.5,0,1,0.3,0.13333333333333333,0.275,0.31666666666666665,0.225,0.45,0.2,0.1,0.525,0.5833333333333334,-0.07499999999999998,0.31666666666666665,0.47500000000000003,0.41666666666666663,-0.07500000000000001,-0.21666666666666665,0.42500000000000004,0.55,0.575,0.44999999999999996,-0.1499999999999999,0.10000000000000009,-0.16666666666666666,0.04166666666666663,0.225,-0.1,0.05833333333333335,0.3916666666666666,-0.058333333333333404,-0.14166666666666664,0.125,-0.125,0.25,0.1111111111111111,0.2777777777777778,1,0.2857142857142857
100trials_367,7380,-7525,-145,0.09,0.21,0.1,0.6,0.19,0.010000000000000009,0.8099999999999999,0.39,0.7,0.3,0.39999999999999997,2.3333333333333335,0.125,0.06666666666666667,0.45,0.05,0.25,0,0.175,0.8833333333333333,0.375,0.06666666666666667,0.125,-0.06666666666666667,0.625,0.9333333333333333,-0.275,0.8333333333333333,0.425,0.8833333333333333,0.575,0.11666666666666667,-0.14999999999999997,0.7666666666666666,-0.058333333333333334,-0.4,-0.25,0.7083333333333333,-0.30833333333333335,-0.19166666666666665,0.30833333333333335,1.1083333333333334,0.4583333333333333,-0.45833333333333326,0.9166666666666665,0.9494949494949495,0.7058823529411765,0.5,0
100trials_368,8115,-9925,-1810,0.15,0.34,0.22,0.29,0.37,0.07,0.63,-0.050000000000000044,0.51,0.49,0.020000000000000018,1.0408163265306123,0.25,0.08333333333333333,0.275,0.38333333333333336,0.225,0.21666666666666667,0.25,0.31666666666666665,0.475,0.3,-0.024999999999999994,0.13333333333333336,0.525,0.7,-0.025000000000000022,-0.06666666666666671,0.475,0.5333333333333333,0.525,0.4666666666666667,-0.050000000000000044,0.06666666666666665,-0.16666666666666669,0.10833333333333334,-0.008333333333333331,0.06666666666666665,-0.175,0.15833333333333335,0.17499999999999993,-0.041666666666666685,0.05833333333333335,-0.05833333333333335,0.1166666666666667,0.2222222222222222,0.11538461538461539,1,0.46153846153846156
100trials_369,8925,-11150,-2225,0.13,0.46,0.22,0.19,0.35,0.09,0.65,-0.27,0.41000000000000003,0.5900000000000001,-0.18000000000000005,0.6949152542372881,0.175,0.1,0.5,0.43333333333333335,0.225,0.21666666666666667,0.1,0.25,0.4,0.31666666666666665,0.05000000000000002,0.11666666666666667,0.6,0.6833333333333333,-0.4,-0.18333333333333335,0.325,0.4666666666666667,0.675,0.5333333333333333,-0.35000000000000003,-0.06666666666666665,-0.07499999999999998,-0.06666666666666665,-0.008333333333333331,0.15,-0.08333333333333337,0.06666666666666665,0.08333333333333337,0.21666666666666667,0.14166666666666666,-0.14166666666666672,0.2833333333333334,0.30303030303030304,0.17391304347826086,1,0.36363636363636365
100trials_37,7750,-7400,350,0.2,0.35,0.15,0.3,0.35,-0.05000000000000002,0.6499999999999999,-0.04999999999999999,0.44999999999999996,0.55,-0.10000000000000009,0.818181818181818,0.225,0.18333333333333332,0.4,0.31666666666666665,0.175,0.13333333333333333,0.2,0.36666666666666664,0.4,0.31666666666666665,-0.05000000000000002,-0.04999999999999999,0.6000000000000001,0.6833333333333333,-0.2,0.04999999999999999,0.375,0.5,0.625,0.5,-0.25,0,-0.041666666666666685,-0.08333333333333337,-0.04166666666666666,0.16666666666666663,-0.08333333333333337,2.7755575615628914e-17,0.08333333333333326,0.25,0.125,-0.125,0.25,0.1919191919191919,0.21739130434782608,1,0.5384615384615384
100trials_370,8370,-9800,-1430,0.28,0.27,0.2,0.25,0.48000000000000004,-0.08000000000000002,0.52,-0.020000000000000018,0.45,0.55,-0.10000000000000003,0.8181818181818181,0.3,0.26666666666666666,0.2,0.31666666666666665,0.225,0.18333333333333332,0.275,0.23333333333333334,0.525,0.44999999999999996,-0.07499999999999998,-0.08333333333333334,0.47500000000000003,0.55,0.07500000000000001,-0.08333333333333331,0.5,0.41666666666666663,0.5,0.5833333333333333,0,-0.16666666666666663,-0.033333333333333326,0.11666666666666664,-0.041666666666666685,-0.041666666666666685,-0.07500000000000007,-0.00833333333333336,0.07500000000000001,-0.15833333333333333,-0.08333333333333337,0.08333333333333326,-0.16666666666666663,0.1717171717171717,0.21875,0.8823529411764706,0.25
100trials_371,7565,-8725,-1160,0.17,0.21,0.15,0.47,0.32,-0.020000000000000018,0.6799999999999999,0.26,0.62,0.38,0.24,1.631578947368421,0.175,0.16666666666666666,0.25,0.18333333333333332,0.25,0.08333333333333333,0.325,0.5666666666666667,0.425,0.25,0.07500000000000001,-0.08333333333333333,0.575,0.75,0.07500000000000001,0.3833333333333333,0.575,0.65,0.425,0.35,0.14999999999999997,0.30000000000000004,-0.008333333333333331,-0.06666666666666668,-0.16666666666666669,0.24166666666666664,-0.175,-0.15833333333333333,0.17500000000000004,0.3083333333333333,0.07500000000000007,-0.07500000000000001,0.15000000000000008,0.6464646464646465,0.2916666666666667,0.4444444444444444,0.3333333333333333
100trials_372,8145,-8775,-630,0.29,0.2,0.15,0.36,0.43999999999999995,-0.13999999999999999,0.56,0.15999999999999998,0.51,0.49,0.020000000000000018,1.0408163265306123,0.275,0.3,0.3,0.13333333333333333,0.15,0.15,0.275,0.4166666666666667,0.42500000000000004,0.44999999999999996,-0.12500000000000003,-0.15,0.575,0.55,-0.024999999999999967,0.2833333333333333,0.42500000000000004,0.5666666666666667,0.575,0.43333333333333335,-0.1499999999999999,0.1333333333333333,0.024999999999999967,-0.16666666666666666,0,0.14166666666666666,0.02499999999999991,-0.024999999999999967,-0.02499999999999991,0.3083333333333333,0.1416666666666666,-0.1416666666666666,0.2833333333333332,0.42424242424242425,0.3225806451612903,0.4444444444444444,0.25
100trials_373,8325,-9350,-1025,0.26,0.28,0.18,0.28,0.44,-0.08000000000000002,0.56,0,0.46,0.54,-0.08000000000000002,0.8518518518518519,0.275,0.25,0.225,0.31666666666666665,0.225,0.15,0.275,0.2833333333333333,0.5,0.4,-0.05000000000000002,-0.1,0.5,0.6,0.05000000000000002,-0.033333333333333326,0.5,0.43333333333333335,0.5,0.5666666666666667,0,-0.1333333333333333,-0.025000000000000022,0.09166666666666665,-0.07500000000000001,0.008333333333333304,-0.09999999999999998,-0.04999999999999999,0.09999999999999998,-0.08333333333333334,-0.06666666666666665,0.06666666666666665,-0.1333333333333333,0.20202020202020202,0.1724137931034483,0.8666666666666667,0.5
100trials_374,7960,-9125,-1165,0.21,0.26,0.18,0.35,0.39,-0.03,0.61,0.08999999999999997,0.53,0.47,0.06000000000000005,1.1276595744680853,0.2,0.21666666666666667,0.375,0.18333333333333332,0.225,0.15,0.2,0.45,0.42500000000000004,0.3666666666666667,0.024999999999999994,-0.06666666666666668,0.575,0.6333333333333333,-0.175,0.2666666666666667,0.42500000000000004,0.6,0.575,0.4,-0.1499999999999999,0.19999999999999996,0.016666666666666663,-0.19166666666666668,-0.07500000000000001,0.25,-0.05833333333333335,-0.09166666666666667,0.05833333333333335,0.4416666666666667,0.17499999999999993,-0.17499999999999993,0.34999999999999987,0.42424242424242425,0.17857142857142858,0.75,0.4666666666666667
100trials_375,7950,-8275,-325,0.17,0.3,0.24,0.29,0.41000000000000003,0.06999999999999998,0.59,-0.010000000000000009,0.53,0.47,0.06000000000000005,1.1276595744680853,0.25,0.11666666666666667,0.3,0.3,0.225,0.25,0.225,0.3333333333333333,0.475,0.3666666666666667,-0.024999999999999994,0.13333333333333333,0.525,0.6333333333333333,-0.07499999999999998,0.033333333333333326,0.45,0.5833333333333333,0.55,0.41666666666666663,-0.10000000000000003,0.16666666666666663,-0.13333333333333333,0,0.024999999999999994,0.10833333333333331,-0.10833333333333328,0.15833333333333333,0.10833333333333328,0.10833333333333331,0.13333333333333325,-0.13333333333333341,0.26666666666666666,0.29292929292929293,0.14814814814814814,0.5555555555555556,0.4166666666666667
100trials_376,9065,-11075,-2010,0.26,0.39,0.19,0.16,0.45,-0.07,0.55,-0.23,0.35,0.65,-0.30000000000000004,0.5384615384615384,0.275,0.25,0.45,0.35,0.15,0.21666666666666667,0.125,0.18333333333333332,0.42500000000000004,0.4666666666666667,-0.12500000000000003,-0.033333333333333326,0.575,0.5333333333333333,-0.325,-0.16666666666666666,0.275,0.4,0.7250000000000001,0.6,-0.45000000000000007,-0.19999999999999996,-0.025000000000000022,-0.10000000000000003,0.06666666666666668,0.05833333333333332,0.04166666666666663,0.0916666666666667,-0.04166666666666663,0.15833333333333335,0.125,-0.1250000000000001,0.2500000000000001,0.24242424242424243,0.27586206896551724,0.6666666666666666,0.10526315789473684
100trials_377,6840,-5525,1315,0.07,0.14,0.6,0.19,0.6699999999999999,0.53,0.33,0.04999999999999999,0.79,0.21000000000000002,0.5800000000000001,3.761904761904762,0.075,0.06666666666666667,0.325,0.016666666666666666,0.35,0.7666666666666667,0.25,0.15,0.425,0.8333333333333334,0.27499999999999997,0.7000000000000001,0.575,0.16666666666666666,-0.07500000000000001,0.13333333333333333,0.6,0.9166666666666667,0.4,0.08333333333333333,0.19999999999999996,0.8333333333333334,-0.008333333333333331,-0.30833333333333335,0.41666666666666674,-0.1,0.4083333333333334,0.4250000000000001,-0.4083333333333333,0.20833333333333334,0.31666666666666676,-0.3166666666666667,0.6333333333333334,0.8686868686868687,0.86,0.6666666666666666,0.4
100trials_378,8370,-9850,-1480,0.14,0.37,0.13,0.36,0.27,-0.010000000000000009,0.73,-0.010000000000000009,0.49,0.51,-0.020000000000000018,0.9607843137254901,0.225,0.08333333333333333,0.3,0.4166666666666667,0.175,0.1,0.3,0.4,0.4,0.18333333333333335,-0.05000000000000002,0.016666666666666677,0.6,0.8166666666666667,0,-0.016666666666666663,0.475,0.5,0.525,0.5,-0.050000000000000044,0,-0.14166666666666666,0.1166666666666667,-0.07499999999999998,0.10000000000000003,-0.21666666666666667,0.0666666666666667,0.21666666666666667,-0.016666666666666663,0.025000000000000022,-0.025000000000000022,0.050000000000000044,0.21212121212121213,0.047619047619047616,0.8571428571428571,0.45454545454545453
100trials_379,7470,-6550,920,0.15,0.18,0.1,0.57,0.25,-0.04999999999999999,0.75,0.38999999999999996,0.6699999999999999,0.32999999999999996,0.33999999999999997,2.0303030303030303,0.125,0.16666666666666666,0.325,0.08333333333333333,0.175,0.05,0.375,0.7,0.3,0.21666666666666667,0.04999999999999999,-0.11666666666666665,0.7,0.7833333333333333,0.04999999999999999,0.6166666666666666,0.55,0.75,0.45,0.25,0.10000000000000003,0.5,0.04166666666666666,-0.2416666666666667,-0.12499999999999999,0.32499999999999996,-0.08333333333333331,-0.16666666666666663,0.08333333333333337,0.5666666666666667,0.19999999999999996,-0.2,0.39999999999999997,0.6262626262626263,0.15789473684210525,0.75,0.4
100trials_38,8500,-10000,-1500,0.03,0.67,0.05,0.25,0.08,0.020000000000000004,0.92,-0.42000000000000004,0.3,0.7000000000000001,-0.4000000000000001,0.4285714285714285,0.05,0.016666666666666666,0.625,0.7,0.1,0.016666666666666666,0.225,0.26666666666666666,0.15000000000000002,0.03333333333333333,0.05,0,0.85,0.9666666666666666,-0.4,-0.4333333333333333,0.325,0.2833333333333333,0.675,0.7166666666666667,-0.35000000000000003,-0.43333333333333335,-0.03333333333333334,0.07499999999999996,-0.08333333333333334,0.04166666666666666,-0.1166666666666667,-0.05,0.11666666666666659,-0.03333333333333327,-0.041666666666666685,0.04166666666666663,-0.08333333333333331,0.696969696969697,0.3076923076923077,1,0.3
100trials_380,7290,-6325,965,0.12,0.2,0.19,0.49,0.31,0.07,0.69,0.29,0.6799999999999999,0.32,0.35999999999999993,2.1249999999999996,0.125,0.11666666666666667,0.225,0.18333333333333332,0.175,0.2,0.475,0.5,0.3,0.31666666666666665,0.04999999999999999,0.08333333333333334,0.7,0.6833333333333333,0.24999999999999997,0.31666666666666665,0.6499999999999999,0.7,0.35,0.3,0.29999999999999993,0.39999999999999997,-0.008333333333333331,-0.041666666666666685,0.025000000000000022,0.025000000000000022,0.016666666666666663,0.033333333333333354,-0.016666666666666607,0.06666666666666668,0.050000000000000044,-0.04999999999999999,0.10000000000000003,0.29292929292929293,0.18181818181818182,0.8333333333333334,0.75
100trials_381,6840,-6000,840,0.09,0.15,0.31,0.45,0.4,0.22,0.6,0.30000000000000004,0.76,0.24,0.52,3.166666666666667,0.175,0.03333333333333333,0.35,0.016666666666666666,0.35,0.2833333333333333,0.125,0.6666666666666666,0.5249999999999999,0.31666666666666665,0.175,0.25,0.475,0.6833333333333333,-0.22499999999999998,0.6499999999999999,0.475,0.95,0.5249999999999999,0.05,-0.04999999999999993,0.8999999999999999,-0.14166666666666666,-0.3333333333333333,-0.06666666666666665,0.5416666666666666,-0.20833333333333326,0.07500000000000001,0.20833333333333337,0.8749999999999999,0.475,-0.4749999999999999,0.9499999999999998,0.5656565656565656,0.6551724137931034,0.6666666666666666,0.2
100trials_382,8860,-11050,-2190,0.34,0.28,0.18,0.2,0.52,-0.16000000000000003,0.48000000000000004,-0.08000000000000002,0.38,0.6200000000000001,-0.2400000000000001,0.6129032258064515,0.35,0.3333333333333333,0.35,0.23333333333333334,0.175,0.18333333333333332,0.125,0.25,0.5249999999999999,0.5166666666666666,-0.175,-0.15,0.475,0.48333333333333334,-0.22499999999999998,0.016666666666666663,0.3,0.43333333333333335,0.7,0.5666666666666667,-0.39999999999999997,-0.1333333333333333,-0.016666666666666663,-0.11666666666666664,0.008333333333333331,0.125,-0.008333333333333304,0.024999999999999994,0.00833333333333336,0.24166666666666664,0.13333333333333336,-0.1333333333333333,0.26666666666666666,0.3939393939393939,0.4166666666666667,0.5652173913043478,0.3076923076923077
100trials_383,6600,-4100,2500,0.05,0.1,0.6,0.25,0.65,0.5499999999999999,0.35,0.15,0.85,0.15000000000000002,0.7,5.666666666666666,0.075,0.03333333333333333,0.225,0.016666666666666666,0.425,0.7166666666666667,0.275,0.23333333333333334,0.5,0.75,0.35,0.6833333333333333,0.5,0.25,0.05000000000000002,0.21666666666666667,0.7,0.95,0.3,0.05,0.39999999999999997,0.8999999999999999,-0.041666666666666664,-0.20833333333333334,0.2916666666666667,-0.041666666666666685,0.25,0.33333333333333337,-0.25,0.16666666666666666,0.25,-0.25,0.49999999999999994,0.8080808080808081,0.8367346938775511,1,0.6666666666666666
100trials_384,7770,-8225,-455,0.17,0.27,0.22,0.34,0.39,0.04999999999999999,0.6100000000000001,0.07,0.56,0.44000000000000006,0.12,1.2727272727272727,0.15,0.18333333333333332,0.25,0.2833333333333333,0.25,0.2,0.35,0.3333333333333333,0.4,0.3833333333333333,0.1,0.01666666666666669,0.6,0.6166666666666667,0.09999999999999998,0.04999999999999999,0.6,0.5333333333333333,0.4,0.4666666666666667,0.19999999999999996,0.06666666666666665,0.033333333333333326,0.033333333333333326,-0.04999999999999999,-0.016666666666666663,-0.01666666666666672,-0.08333333333333331,0.01666666666666672,-0.04999999999999999,-0.06666666666666665,0.06666666666666665,-0.1333333333333333,0.40404040404040403,0.19230769230769232,1,0.3333333333333333
100trials_385,7195,-6700,495,0.14,0.17,0.24,0.45,0.38,0.09999999999999998,0.62,0.28,0.69,0.31000000000000005,0.3799999999999999,2.2258064516129026,0.175,0.11666666666666667,0.3,0.08333333333333333,0.2,0.26666666666666666,0.325,0.5333333333333333,0.375,0.3833333333333333,0.025000000000000022,0.15,0.625,0.6166666666666667,0.025000000000000022,0.45,0.525,0.8,0.475,0.2,0.050000000000000044,0.6000000000000001,-0.05833333333333332,-0.21666666666666667,0.06666666666666665,0.20833333333333331,0.008333333333333304,0.12499999999999997,-0.008333333333333304,0.425,0.275,-0.27499999999999997,0.55,0.5050505050505051,0.23076923076923078,1,1
100trials_386,8510,-10075,-1565,0.3,0.27,0.23,0.2,0.53,-0.06999999999999998,0.47000000000000003,-0.07,0.43000000000000005,0.5700000000000001,-0.14,0.7543859649122807,0.275,0.31666666666666665,0.275,0.26666666666666666,0.2,0.25,0.25,0.16666666666666666,0.47500000000000003,0.5666666666666667,-0.07500000000000001,-0.06666666666666665,0.525,0.43333333333333335,-0.025000000000000022,-0.1,0.45,0.41666666666666663,0.55,0.5833333333333333,-0.10000000000000003,-0.16666666666666663,0.04166666666666663,-0.00833333333333336,0.04999999999999999,-0.08333333333333334,0.09166666666666662,0.00833333333333336,-0.09166666666666667,-0.07499999999999998,-0.03333333333333338,0.033333333333333215,-0.0666666666666666,0.20202020202020202,0.23529411764705882,0.7222222222222222,0.5238095238095238
100trials_387,7830,-8000,-170,0.15,0.29,0.36,0.2,0.51,0.21,0.49,-0.08999999999999997,0.56,0.43999999999999995,0.1200000000000001,1.272727272727273,0.175,0.13333333333333333,0.5,0.15,0.2,0.4666666666666667,0.125,0.25,0.375,0.6,0.025000000000000022,0.33333333333333337,0.625,0.4,-0.375,0.1,0.325,0.7166666666666667,0.675,0.2833333333333333,-0.35000000000000003,0.43333333333333335,-0.04166666666666666,-0.35,0.26666666666666666,0.125,0.22499999999999998,0.30833333333333335,-0.22499999999999998,0.475,0.39166666666666666,-0.3916666666666667,0.7833333333333334,0.3939393939393939,0.5294117647058824,0.75,0.2727272727272727
100trials_388,8890,-10125,-1235,0.19,0.41,0.14,0.26,0.33,-0.04999999999999999,0.6699999999999999,-0.14999999999999997,0.4,0.6,-0.19999999999999996,0.6666666666666667,0.15,0.21666666666666667,0.475,0.36666666666666664,0.125,0.15,0.25,0.26666666666666666,0.275,0.3666666666666667,-0.024999999999999994,-0.06666666666666668,0.725,0.6333333333333333,-0.22499999999999998,-0.09999999999999998,0.375,0.41666666666666663,0.625,0.5833333333333333,-0.25,-0.16666666666666663,0.06666666666666668,-0.10833333333333334,0.024999999999999994,0.016666666666666663,0.09166666666666667,-0.041666666666666685,-0.09166666666666667,0.125,0.04166666666666663,-0.04166666666666674,0.08333333333333337,0.31313131313131315,0.2608695652173913,0.9090909090909091,0.5333333333333333
100trials_389,10550,-14275,-3725,0.19,0.6,0.12,0.09,0.31,-0.07,0.69,-0.51,0.21,0.79,-0.5800000000000001,0.26582278481012656,0.1,0.25,0.675,0.55,0.125,0.11666666666666667,0.1,0.08333333333333333,0.225,0.3666666666666667,0.024999999999999994,-0.13333333333333333,0.775,0.6333333333333334,-0.5750000000000001,-0.46666666666666673,0.225,0.2,0.775,0.8,-0.55,-0.6000000000000001,0.15,-0.125,-0.008333333333333331,-0.016666666666666677,0.1416666666666667,-0.15833333333333333,-0.1416666666666666,0.10833333333333334,-0.024999999999999994,0.025000000000000022,-0.050000000000000044,0.6363636363636364,0.4090909090909091,0.6363636363636364,0.17647058823529413
100trials_39,8400,-10500,-2100,0.16,0.52,0.08,0.24,0.24,-0.08,0.76,-0.28,0.32,0.68,-0.36000000000000004,0.47058823529411764,0.175,0.15,0.275,0.6833333333333333,0.175,0.016666666666666666,0.375,0.15,0.35,0.16666666666666666,0,-0.13333333333333333,0.65,0.8333333333333334,0.09999999999999998,-0.5333333333333333,0.55,0.16666666666666666,0.45,0.8333333333333334,0.10000000000000003,-0.6666666666666667,-0.024999999999999994,0.4083333333333333,-0.15833333333333333,-0.225,-0.18333333333333332,-0.13333333333333333,0.18333333333333335,-0.6333333333333333,-0.3833333333333334,0.38333333333333336,-0.7666666666666668,0.7777777777777778,0.3684210526315789,0.5555555555555556,0.21428571428571427
100trials_390,6835,-6325,510,0.1,0.14,0.3,0.46,0.4,0.19999999999999998,0.6000000000000001,0.32,0.76,0.24000000000000002,0.52,3.1666666666666665,0.175,0.05,0.25,0.06666666666666667,0.325,0.2833333333333333,0.25,0.6,0.5,0.3333333333333333,0.15000000000000002,0.23333333333333334,0.5,0.6666666666666666,0,0.5333333333333333,0.575,0.8833333333333333,0.425,0.11666666666666667,0.14999999999999997,0.7666666666666666,-0.12499999999999999,-0.18333333333333335,-0.041666666666666685,0.35,-0.16666666666666669,0.08333333333333331,0.16666666666666663,0.5333333333333333,0.30833333333333335,-0.30833333333333335,0.6166666666666667,0.48484848484848486,0.4482758620689655,1,0.8571428571428571
100trials_391,7405,-7075,330,0.05,0.24,0.11,0.6,0.16,0.06,0.84,0.36,0.71,0.29,0.42,2.4482758620689657,0.075,0.03333333333333333,0.325,0.18333333333333332,0.075,0.13333333333333333,0.525,0.65,0.15,0.16666666666666666,0,0.1,0.8500000000000001,0.8333333333333334,0.2,0.4666666666666667,0.6,0.7833333333333333,0.4,0.21666666666666665,0.19999999999999996,0.5666666666666667,-0.041666666666666664,-0.1416666666666667,0.058333333333333334,0.125,0.016666666666666663,0.1,-0.01666666666666672,0.26666666666666666,0.18333333333333335,-0.18333333333333338,0.3666666666666667,0.7474747474747475,0.2,1,0.8
100trials_392,7885,-8375,-490,0.18,0.28,0.32,0.22,0.5,0.14,0.5,-0.060000000000000026,0.54,0.46,0.08000000000000002,1.173913043478261,0.125,0.21666666666666667,0.425,0.18333333333333332,0.175,0.4166666666666667,0.275,0.18333333333333332,0.3,0.6333333333333333,0.04999999999999999,0.2,0.7,0.36666666666666664,-0.14999999999999997,0,0.45,0.6,0.55,0.4,-0.10000000000000003,0.19999999999999996,0.09166666666666667,-0.24166666666666667,0.2416666666666667,-0.0916666666666667,0.3333333333333333,0.15000000000000002,-0.3333333333333333,0.14999999999999997,0.14999999999999997,-0.15000000000000002,0.3,0.5858585858585859,0.5757575757575758,0.4,0.23076923076923078
100trials_393,7670,-9025,-1355,0.21,0.22,0.28,0.29,0.49,0.07000000000000003,0.51,0.06999999999999998,0.5700000000000001,0.43,0.14000000000000007,1.3255813953488373,0.25,0.18333333333333332,0.25,0.2,0.275,0.2833333333333333,0.225,0.3333333333333333,0.525,0.4666666666666667,0.025000000000000022,0.1,0.475,0.5333333333333333,-0.024999999999999994,0.1333333333333333,0.5,0.6166666666666667,0.5,0.3833333333333333,0,0.2333333333333334,-0.06666666666666668,-0.04999999999999999,0.008333333333333304,0.10833333333333331,-0.05833333333333335,0.07499999999999998,0.05833333333333335,0.1583333333333333,0.1166666666666667,-0.1166666666666667,0.2333333333333334,0.10101010101010101,0.06060606060606061,1,0.2
100trials_394,7090,-7675,-585,0.1,0.21,0.29,0.4,0.39,0.18999999999999997,0.61,0.19000000000000003,0.69,0.31,0.37999999999999995,2.225806451612903,0.2,0.03333333333333333,0.425,0.06666666666666667,0.15,0.38333333333333336,0.225,0.5166666666666667,0.35,0.4166666666666667,-0.05000000000000002,0.35000000000000003,0.65,0.5833333333333334,-0.19999999999999998,0.45000000000000007,0.375,0.9000000000000001,0.625,0.1,-0.25,0.8000000000000002,-0.16666666666666669,-0.35833333333333334,0.23333333333333336,0.29166666666666674,0.06666666666666671,0.4,-0.06666666666666665,0.65,0.5250000000000001,-0.525,1.0500000000000003,0.5454545454545454,0.42857142857142855,0.8,0.5
100trials_395,8940,-9475,-535,0.15,0.45,0.17,0.23,0.32,0.020000000000000018,0.68,-0.22,0.4,0.6,-0.19999999999999996,0.6666666666666667,0.15,0.15,0.4,0.48333333333333334,0.225,0.13333333333333333,0.225,0.23333333333333334,0.375,0.2833333333333333,0.07500000000000001,-0.016666666666666663,0.625,0.7166666666666667,-0.17500000000000002,-0.25,0.45,0.3666666666666667,0.55,0.6333333333333333,-0.10000000000000003,-0.2666666666666666,0,0.08333333333333331,-0.09166666666666667,0.008333333333333331,-0.09166666666666667,-0.09166666666666667,0.09166666666666667,-0.07499999999999998,-0.08333333333333331,0.08333333333333326,-0.16666666666666657,0.29292929292929293,0.045454545454545456,1,0.4166666666666667
100trials_396,7400,-8400,-1000,0.15,0.22,0.28,0.35,0.43000000000000005,0.13000000000000003,0.57,0.12999999999999998,0.63,0.37,0.26,1.7027027027027026,0.175,0.13333333333333333,0.325,0.15,0.2,0.3333333333333333,0.3,0.38333333333333336,0.375,0.4666666666666667,0.025000000000000022,0.19999999999999998,0.625,0.5333333333333333,-0.025000000000000022,0.23333333333333336,0.5,0.7166666666666667,0.5,0.2833333333333333,0,0.43333333333333335,-0.04166666666666666,-0.17500000000000002,0.1333333333333333,0.08333333333333337,0.09166666666666667,0.17499999999999996,-0.09166666666666667,0.2583333333333334,0.21666666666666667,-0.21666666666666667,0.43333333333333335,0.26262626262626265,0.2,0.875,0.45454545454545453
100trials_397,8590,-9750,-1160,0.28,0.3,0.18,0.24,0.46,-0.10000000000000003,0.54,-0.06,0.42,0.5800000000000001,-0.1600000000000001,0.7241379310344827,0.275,0.2833333333333333,0.275,0.31666666666666665,0.175,0.18333333333333332,0.275,0.21666666666666667,0.45,0.4666666666666667,-0.10000000000000003,-0.1,0.55,0.5333333333333333,0,-0.09999999999999998,0.45,0.4,0.55,0.6,-0.10000000000000003,-0.19999999999999996,0.008333333333333304,0.04166666666666663,0.008333333333333331,-0.05833333333333335,0.016666666666666663,2.7755575615628914e-17,-0.01666666666666672,-0.09999999999999998,-0.04999999999999999,0.04999999999999993,-0.09999999999999992,0.36363636363636365,0.3225806451612903,0.5882352941176471,0.45
100trials_398,8085,-9350,-1265,0.24,0.26,0.27,0.23,0.51,0.030000000000000027,0.49,-0.03,0.5,0.5,0,1,0.275,0.21666666666666667,0.2,0.3,0.25,0.2833333333333333,0.275,0.2,0.525,0.5,-0.025000000000000022,0.06666666666666665,0.47500000000000003,0.5,0.07500000000000001,-0.09999999999999998,0.525,0.48333333333333334,0.47500000000000003,0.5166666666666666,0.04999999999999999,-0.03333333333333327,-0.05833333333333335,0.09999999999999998,0.033333333333333326,-0.07500000000000001,-0.025000000000000022,0.09166666666666667,0.024999999999999967,-0.175,-0.041666666666666685,0.041666666666666574,-0.08333333333333326,0.1414141414141414,0.2727272727272727,0.9285714285714286,0.6470588235294118
100trials_399,7010,-5600,1410,0.09,0.18,0.49,0.24,0.58,0.4,0.42,0.06,0.73,0.27,0.45999999999999996,2.7037037037037033,0.125,0.06666666666666667,0.35,0.06666666666666667,0.275,0.6333333333333333,0.25,0.23333333333333334,0.4,0.7,0.15000000000000002,0.5666666666666667,0.6,0.3,-0.09999999999999998,0.16666666666666669,0.525,0.8666666666666667,0.475,0.13333333333333333,0.050000000000000044,0.7333333333333334,-0.058333333333333334,-0.2833333333333333,0.3583333333333333,-0.016666666666666663,0.29999999999999993,0.41666666666666663,-0.3,0.26666666666666666,0.3416666666666667,-0.3416666666666667,0.6833333333333333,0.5151515151515151,0.7073170731707317,0.75,0.6666666666666666
100trials_4,6850,-5650,1200,0.13,0.24,0.28,0.35,0.41000000000000003,0.15000000000000002,0.59,0.10999999999999999,0.63,0.37,0.26,1.7027027027027026,0.05,0.18333333333333332,0.3,0.2,0.3,0.26666666666666666,0.35,0.35,0.35,0.44999999999999996,0.25,0.08333333333333334,0.6499999999999999,0.55,0.04999999999999999,0.14999999999999997,0.6499999999999999,0.6166666666666667,0.35,0.3833333333333333,0.29999999999999993,0.2333333333333334,0.1333333333333333,-0.09999999999999998,-0.033333333333333326,0,0.09999999999999998,-0.16666666666666666,-0.09999999999999987,0.09999999999999998,-0.033333333333333215,0.033333333333333326,-0.06666666666666654,0.050505050505050504,0.2,1,1
100trials_40,6850,-5850,1000,0.02,0.35,0.35,0.28,0.37,0.32999999999999996,0.63,-0.06999999999999995,0.63,0.37,0.26,1.7027027027027026,0.025,0.016666666666666666,0.5,0.25,0.15,0.48333333333333334,0.325,0.25,0.175,0.5,0.125,0.4666666666666667,0.825,0.5,-0.175,0,0.475,0.7333333333333334,0.525,0.26666666666666666,-0.050000000000000044,0.46666666666666673,-0.008333333333333335,-0.25,0.33333333333333337,-0.07500000000000001,0.325,0.3416666666666667,-0.32499999999999996,0.175,0.2583333333333334,-0.25833333333333336,0.5166666666666668,0.48484848484848486,0.52,1,0.8333333333333334
100trials_400,7465,-8075,-610,0.15,0.23,0.37,0.25,0.52,0.22,0.48,0.01999999999999999,0.62,0.38,0.24,1.631578947368421,0.25,0.08333333333333333,0.275,0.2,0.225,0.4666666666666667,0.25,0.25,0.475,0.55,-0.024999999999999994,0.38333333333333336,0.525,0.45,-0.025000000000000022,0.04999999999999999,0.475,0.7166666666666667,0.525,0.2833333333333333,-0.050000000000000044,0.43333333333333335,-0.16666666666666669,-0.07500000000000001,0.24166666666666667,0,0.07500000000000007,0.4083333333333333,-0.07500000000000001,0.07500000000000001,0.2416666666666667,-0.2416666666666667,0.4833333333333334,0.47474747474747475,0.5142857142857142,0.75,0.2727272727272727
100trials_401,8840,-11100,-2260,0.1,0.46,0.12,0.32,0.22,0.01999999999999999,0.78,-0.14,0.44,0.56,-0.12000000000000005,0.7857142857142857,0.175,0.05,0.35,0.5333333333333333,0.15,0.1,0.325,0.31666666666666665,0.32499999999999996,0.15000000000000002,-0.024999999999999994,0.05,0.675,0.85,-0.024999999999999967,-0.21666666666666667,0.475,0.41666666666666663,0.5249999999999999,0.5833333333333334,-0.04999999999999993,-0.16666666666666674,-0.12499999999999999,0.18333333333333335,-0.04999999999999999,-0.00833333333333336,-0.17499999999999993,0.075,0.17499999999999993,-0.1916666666666667,-0.05833333333333335,0.05833333333333346,-0.11666666666666681,0.5252525252525253,0,1,0.7777777777777778
100trials_402,7525,-7275,250,0.19,0.2,0.25,0.36,0.44,0.06,0.56,0.15999999999999998,0.61,0.39,0.21999999999999997,1.564102564102564,0.175,0.2,0.275,0.15,0.25,0.25,0.3,0.4,0.425,0.45,0.07500000000000001,0.04999999999999999,0.575,0.55,0.024999999999999967,0.25,0.55,0.65,0.45,0.35,0.10000000000000003,0.30000000000000004,0.025000000000000022,-0.12500000000000003,0,0.10000000000000003,0.025000000000000022,-0.025000000000000022,-0.02499999999999991,0.22500000000000003,0.09999999999999998,-0.10000000000000003,0.2,0.2828282828282828,0.13333333333333333,0.8181818181818182,0.5
100trials_403,7590,-8500,-910,0.17,0.24,0.3,0.29,0.47,0.12999999999999998,0.53,0.04999999999999999,0.59,0.41000000000000003,0.17999999999999994,1.4390243902439022,0.225,0.13333333333333333,0.225,0.25,0.3,0.3,0.25,0.31666666666666665,0.525,0.43333333333333335,0.07499999999999998,0.16666666666666666,0.475,0.5666666666666667,0.024999999999999994,0.06666666666666665,0.55,0.6166666666666667,0.45,0.3833333333333333,0.10000000000000003,0.2333333333333334,-0.09166666666666667,0.024999999999999994,0,0.06666666666666665,-0.09166666666666667,0.09166666666666667,0.09166666666666667,0.04166666666666666,0.06666666666666665,-0.06666666666666671,0.13333333333333336,0.40404040404040403,0.375,0.6666666666666666,0.25
100trials_404,8075,-8500,-425,0.18,0.3,0.14,0.38,0.32,-0.03999999999999998,0.6799999999999999,0.08000000000000002,0.52,0.48,0.040000000000000036,1.0833333333333335,0.2,0.16666666666666666,0.55,0.13333333333333333,0.175,0.11666666666666667,0.075,0.5833333333333334,0.375,0.2833333333333333,-0.025000000000000022,-0.04999999999999999,0.625,0.7166666666666667,-0.47500000000000003,0.45000000000000007,0.25,0.7000000000000001,0.75,0.3,-0.5,0.4000000000000001,-0.033333333333333354,-0.41666666666666674,-0.05833333333333332,0.5083333333333334,-0.09166666666666667,-0.024999999999999967,0.09166666666666667,0.925,0.45000000000000007,-0.45,0.9000000000000001,0.5151515151515151,0.34782608695652173,0.8,0.46153846153846156
100trials_405,7605,-8600,-995,0.17,0.23,0.24,0.36,0.41000000000000003,0.06999999999999998,0.59,0.12999999999999998,0.6,0.4,0.19999999999999996,1.4999999999999998,0.2,0.15,0.3,0.18333333333333332,0.25,0.23333333333333334,0.25,0.43333333333333335,0.45,0.3833333333333333,0.04999999999999999,0.08333333333333334,0.55,0.6166666666666667,-0.04999999999999999,0.25,0.5,0.6666666666666667,0.5,0.3333333333333333,0,0.3333333333333334,-0.05000000000000002,-0.11666666666666667,-0.016666666666666663,0.18333333333333335,-0.06666666666666671,0.033333333333333354,0.06666666666666665,0.3,0.16666666666666674,-0.16666666666666669,0.3333333333333334,0.0707070707070707,0.07142857142857142,1,0.9090909090909091
100trials_406,6945,-6050,895,0.11,0.14,0.22,0.53,0.33,0.11,0.67,0.39,0.75,0.25,0.5,3,0.225,0.03333333333333333,0.225,0.08333333333333333,0.175,0.25,0.375,0.6333333333333333,0.4,0.2833333333333333,-0.05000000000000002,0.21666666666666667,0.6,0.7166666666666667,0.15,0.5499999999999999,0.55,0.8833333333333333,0.45,0.11666666666666667,0.10000000000000003,0.7666666666666666,-0.19166666666666668,-0.14166666666666666,0.07500000000000001,0.2583333333333333,-0.1166666666666667,0.2666666666666667,0.1166666666666667,0.3999999999999999,0.33333333333333326,-0.33333333333333337,0.6666666666666665,0.7373737373737373,0.391304347826087,0.3333333333333333,0.375
100trials_407,7810,-8950,-1140,0.09,0.32,0.17,0.42,0.26,0.08000000000000002,0.74,0.09999999999999998,0.59,0.41000000000000003,0.17999999999999994,1.4390243902439022,0.125,0.06666666666666667,0.35,0.3,0.175,0.16666666666666666,0.35,0.4666666666666667,0.3,0.23333333333333334,0.04999999999999999,0.09999999999999999,0.7,0.7666666666666666,0,0.16666666666666669,0.5249999999999999,0.6333333333333333,0.475,0.36666666666666664,0.04999999999999993,0.26666666666666666,-0.058333333333333334,-0.04999999999999999,-0.008333333333333331,0.1166666666666667,-0.06666666666666665,0.05,0.06666666666666665,0.16666666666666669,0.10833333333333339,-0.10833333333333334,0.21666666666666673,0.2828282828282828,0.3,1,0.625
100trials_408,8660,-10200,-1540,0.17,0.39,0.09,0.35,0.26,-0.08000000000000002,0.74,-0.040000000000000036,0.43999999999999995,0.56,-0.1200000000000001,0.7857142857142856,0.175,0.16666666666666666,0.525,0.3,0.125,0.06666666666666667,0.175,0.4666666666666667,0.3,0.23333333333333334,-0.04999999999999999,-0.09999999999999999,0.7,0.7666666666666666,-0.35000000000000003,0.16666666666666669,0.3,0.5333333333333333,0.7,0.4666666666666667,-0.39999999999999997,0.06666666666666665,-0.008333333333333331,-0.22500000000000003,-0.058333333333333334,0.2916666666666667,-0.06666666666666665,-0.05,0.06666666666666665,0.5166666666666667,0.23333333333333334,-0.23333333333333328,0.4666666666666666,0.6262626262626263,0.15,0.8888888888888888,0.23076923076923078
100trials_409,7965,-9700,-1735,0.14,0.32,0.2,0.34,0.34,0.06,0.66,0.020000000000000018,0.54,0.46,0.08000000000000002,1.173913043478261,0.175,0.11666666666666667,0.325,0.31666666666666665,0.125,0.25,0.375,0.31666666666666665,0.3,0.3666666666666667,-0.04999999999999999,0.13333333333333333,0.7,0.6333333333333333,0.04999999999999999,0,0.5,0.5666666666666667,0.5,0.43333333333333335,0,0.1333333333333333,-0.05833333333333332,-0.00833333333333336,0.125,-0.05833333333333335,0.06666666666666671,0.18333333333333332,-0.06666666666666665,-0.04999999999999999,0.06666666666666665,-0.06666666666666665,0.1333333333333333,0.5555555555555556,0.2916666666666667,0.7142857142857143,0.3
100trials_41,6850,-6500,350,0.15,0.22,0.47,0.16,0.62,0.31999999999999995,0.38,-0.06,0.63,0.37,0.26,1.7027027027027026,0.25,0.08333333333333333,0.375,0.11666666666666667,0.2,0.65,0.175,0.15,0.45,0.7333333333333334,-0.04999999999999999,0.5666666666666667,0.55,0.26666666666666666,-0.2,0.033333333333333326,0.375,0.8,0.625,0.2,-0.25,0.6000000000000001,-0.16666666666666669,-0.2583333333333333,0.45,-0.024999999999999994,0.2833333333333334,0.6166666666666667,-0.2833333333333334,0.23333333333333334,0.42500000000000004,-0.425,0.8500000000000001,0.6161616161616161,0.4722222222222222,0.8888888888888888,0.36363636363636365
100trials_410,8480,-9775,-1295,0.15,0.39,0.17,0.29,0.32,0.020000000000000018,0.6799999999999999,-0.10000000000000003,0.45999999999999996,0.54,-0.08000000000000007,0.8518518518518517,0.225,0.1,0.35,0.4166666666666667,0.125,0.2,0.3,0.2833333333333333,0.35,0.30000000000000004,-0.1,0.1,0.6499999999999999,0.7,-0.04999999999999999,-0.13333333333333336,0.425,0.48333333333333334,0.575,0.5166666666666667,-0.14999999999999997,-0.03333333333333338,-0.125,0.06666666666666671,0.07500000000000001,-0.016666666666666663,-0.04999999999999993,0.2,0.050000000000000044,-0.08333333333333337,0.05833333333333335,-0.05833333333333324,0.11666666666666659,0.5252525252525253,0.21739130434782608,0.875,0.3076923076923077
100trials_411,7400,-8000,-600,0.14,0.23,0.3,0.33,0.44,0.15999999999999998,0.56,0.1,0.63,0.37,0.26,1.7027027027027026,0.125,0.15,0.225,0.23333333333333334,0.4,0.23333333333333334,0.25,0.38333333333333336,0.525,0.3833333333333333,0.275,0.08333333333333334,0.475,0.6166666666666667,0.024999999999999994,0.15000000000000002,0.65,0.6166666666666667,0.35,0.3833333333333333,0.30000000000000004,0.2333333333333334,0.024999999999999994,0.008333333333333331,-0.16666666666666669,0.13333333333333336,-0.14166666666666672,-0.19166666666666668,0.14166666666666672,0.12500000000000003,-0.033333333333333326,0.033333333333333326,-0.06666666666666665,0.5858585858585859,0.36666666666666664,0.8571428571428571,0.4
100trials_412,7385,-6500,885,0.16,0.2,0.22,0.42,0.38,0.06,0.62,0.21999999999999997,0.64,0.36,0.28,1.777777777777778,0.225,0.11666666666666667,0.275,0.15,0.225,0.21666666666666667,0.275,0.5166666666666667,0.45,0.33333333333333337,0,0.1,0.55,0.6666666666666667,0,0.3666666666666667,0.5,0.7333333333333334,0.5,0.26666666666666666,0,0.46666666666666673,-0.10833333333333334,-0.12500000000000003,-0.008333333333333331,0.2416666666666667,-0.11666666666666664,0.1,0.1166666666666667,0.3666666666666667,0.2333333333333334,-0.23333333333333334,0.46666666666666673,0.3939393939393939,0.24,0.875,0.5
100trials_413,7955,-9525,-1570,0.11,0.32,0.12,0.45,0.22999999999999998,0.009999999999999995,0.77,0.13,0.5700000000000001,0.43,0.14000000000000007,1.3255813953488373,0.175,0.06666666666666667,0.35,0.3,0.125,0.11666666666666667,0.35,0.5166666666666667,0.3,0.18333333333333335,-0.04999999999999999,0.05,0.7,0.8166666666666667,0,0.21666666666666673,0.475,0.6333333333333334,0.5249999999999999,0.36666666666666664,-0.04999999999999993,0.2666666666666668,-0.10833333333333332,-0.04999999999999999,-0.008333333333333331,0.16666666666666674,-0.11666666666666664,0.09999999999999999,0.1166666666666667,0.21666666666666673,0.15833333333333344,-0.15833333333333327,0.3166666666666667,0.7171717171717171,0.21052631578947367,1,0.5555555555555556
100trials_414,7285,-6925,360,0.15,0.14,0.6,0.11,0.75,0.44999999999999996,0.25,-0.030000000000000013,0.71,0.29000000000000004,0.41999999999999993,2.4482758620689653,0.35,0.016666666666666666,0.175,0.11666666666666667,0.25,0.8333333333333334,0.225,0.03333333333333333,0.6,0.8500000000000001,-0.09999999999999998,0.8166666666666667,0.4,0.15,0.05000000000000002,-0.08333333333333334,0.475,0.8666666666666667,0.5249999999999999,0.13333333333333333,-0.04999999999999993,0.7333333333333334,-0.3333333333333333,-0.05833333333333332,0.5833333333333334,-0.19166666666666668,0.2500000000000001,0.9166666666666666,-0.25,-0.13333333333333336,0.3916666666666667,-0.3916666666666666,0.7833333333333333,0.7171717171717171,0.8181818181818182,0.625,0.3
100trials_415,8220,-9750,-1530,0.16,0.35,0.27,0.22,0.43000000000000005,0.11000000000000001,0.57,-0.12999999999999998,0.49,0.51,-0.020000000000000018,0.9607843137254901,0.25,0.1,0.325,0.36666666666666664,0.225,0.3,0.2,0.23333333333333334,0.475,0.4,-0.024999999999999994,0.19999999999999998,0.525,0.6,-0.125,-0.1333333333333333,0.42500000000000004,0.5333333333333333,0.575,0.4666666666666667,-0.1499999999999999,0.06666666666666665,-0.15,0.04166666666666663,0.07499999999999998,0.033333333333333326,-0.07499999999999996,0.22499999999999998,0.07499999999999996,-0.008333333333333304,0.10833333333333328,-0.10833333333333328,0.21666666666666656,0.20202020202020202,0.17857142857142858,0.625,0.08333333333333333
100trials_416,8350,-8550,-200,0.08,0.4,0.1,0.42,0.18,0.020000000000000004,0.8200000000000001,0.019999999999999962,0.52,0.48000000000000004,0.03999999999999998,1.0833333333333333,0.125,0.05,0.35,0.43333333333333335,0.125,0.08333333333333333,0.4,0.43333333333333335,0.25,0.13333333333333333,0,0.033333333333333326,0.75,0.8666666666666667,0.050000000000000044,0,0.525,0.5166666666666667,0.475,0.48333333333333334,0.050000000000000044,0.03333333333333338,-0.075,0.08333333333333337,-0.04166666666666667,0.033333333333333326,-0.11666666666666667,0.033333333333333326,0.1166666666666667,-0.050000000000000044,-0.008333333333333304,0.00833333333333336,-0.016666666666666663,0.7070707070707071,0.13333333333333333,0.3333333333333333,0.14285714285714285
100trials_417,6780,-4900,1880,0.1,0.09,0.21,0.6,0.31,0.10999999999999999,0.69,0.51,0.8099999999999999,0.19,0.6199999999999999,4.263157894736842,0.25,0,0.225,0,0.25,0.18333333333333332,0.275,0.8166666666666667,0.5,0.18333333333333332,0,0.18333333333333332,0.5,0.8166666666666667,0.05000000000000002,0.8166666666666667,0.525,1,0.475,0,0.050000000000000044,1,-0.25,-0.225,-0.06666666666666668,0.5416666666666666,-0.31666666666666665,0.18333333333333332,0.31666666666666665,0.7666666666666666,0.475,-0.475,0.95,0.9090909090909091,0.7272727272727273,0.4,0.16666666666666666
100trials_418,7700,-8300,-600,0.17,0.26,0.35,0.22,0.52,0.17999999999999997,0.48,-0.04000000000000001,0.57,0.43000000000000005,0.1399999999999999,1.325581395348837,0.1,0.21666666666666667,0.25,0.26666666666666666,0.3,0.38333333333333336,0.35,0.13333333333333333,0.4,0.6000000000000001,0.19999999999999998,0.16666666666666669,0.6,0.4,0.09999999999999998,-0.13333333333333333,0.6499999999999999,0.5166666666666667,0.35,0.48333333333333334,0.29999999999999993,0.03333333333333338,0.11666666666666667,0.016666666666666663,0.08333333333333337,-0.21666666666666665,0.20000000000000007,-0.0333333333333333,-0.19999999999999996,-0.2333333333333333,-0.1333333333333332,0.13333333333333336,-0.26666666666666655,0.5656565656565656,0.5142857142857142,0.5555555555555556,0.25
100trials_419,10050,-13275,-3225,0.1,0.6,0.1,0.2,0.2,0,0.8,-0.39999999999999997,0.30000000000000004,0.7,-0.3999999999999999,0.42857142857142866,0.125,0.08333333333333333,0.675,0.55,0.125,0.08333333333333333,0.075,0.2833333333333333,0.25,0.16666666666666666,0,0,0.75,0.8333333333333334,-0.6000000000000001,-0.2666666666666667,0.2,0.36666666666666664,0.8,0.6333333333333334,-0.6000000000000001,-0.2666666666666668,-0.04166666666666667,-0.125,-0.04166666666666667,0.20833333333333331,-0.08333333333333334,0,0.08333333333333337,0.33333333333333337,0.16666666666666663,-0.16666666666666663,0.3333333333333333,0.7070707070707071,0.17647058823529413,0.8,0.09090909090909091
100trials_42,8100,-8050,50,0.27,0.35,0.2,0.18,0.47000000000000003,-0.07,0.53,-0.16999999999999998,0.38,0.62,-0.24,0.6129032258064516,0.3,0.25,0.3,0.38333333333333336,0.225,0.18333333333333332,0.175,0.18333333333333332,0.525,0.43333333333333335,-0.07499999999999998,-0.06666666666666668,0.475,0.5666666666666667,-0.125,-0.20000000000000004,0.4,0.36666666666666664,0.6,0.6333333333333333,-0.19999999999999996,-0.26666666666666666,-0.04999999999999999,0.08333333333333337,-0.041666666666666685,0.008333333333333331,-0.09166666666666667,0.008333333333333304,0.09166666666666667,-0.07500000000000004,-0.03333333333333338,0.033333333333333326,-0.06666666666666671,0.24242424242424243,0.37037037037037035,0.6153846153846154,0.3125
100trials_420,8450,-10300,-1850,0.2,0.35,0.21,0.24,0.41000000000000003,0.009999999999999981,0.59,-0.10999999999999999,0.44999999999999996,0.55,-0.10000000000000009,0.818181818181818,0.275,0.15,0.25,0.4166666666666667,0.225,0.2,0.25,0.23333333333333334,0.5,0.35,-0.05000000000000002,0.05000000000000002,0.5,0.65,0,-0.18333333333333335,0.475,0.43333333333333335,0.525,0.5666666666666667,-0.050000000000000044,-0.1333333333333333,-0.12500000000000003,0.16666666666666669,-0.024999999999999994,-0.016666666666666663,-0.15000000000000002,0.10000000000000003,0.15000000000000002,-0.18333333333333335,-0.04166666666666663,0.04166666666666663,-0.08333333333333326,0.15151515151515152,0.037037037037037035,1,0.6
100trials_421,7445,-7175,270,0.08,0.27,0.2,0.45,0.28,0.12000000000000001,0.72,0.18,0.65,0.35000000000000003,0.3,1.857142857142857,0.125,0.05,0.425,0.16666666666666666,0.15,0.23333333333333334,0.3,0.55,0.275,0.2833333333333333,0.024999999999999994,0.18333333333333335,0.725,0.7166666666666667,-0.125,0.3833333333333334,0.44999999999999996,0.7833333333333334,0.55,0.21666666666666667,-0.10000000000000009,0.5666666666666668,-0.075,-0.2583333333333333,0.08333333333333334,0.25000000000000006,0.008333333333333304,0.15833333333333335,-0.008333333333333304,0.5083333333333334,0.3333333333333335,-0.33333333333333337,0.6666666666666669,0.40404040404040403,0.19047619047619047,1,0.8333333333333334
100trials_422,6480,-4475,2005,0.07,0.09,0.39,0.45,0.46,0.32,0.54,0.36,0.8400000000000001,0.16,0.68,5.25,0.125,0.03333333333333333,0.225,0,0.175,0.5333333333333333,0.475,0.43333333333333335,0.3,0.5666666666666667,0.04999999999999999,0.5,0.7,0.43333333333333335,0.24999999999999997,0.43333333333333335,0.6499999999999999,0.9666666666666667,0.35,0.03333333333333333,0.29999999999999993,0.9333333333333333,-0.09166666666666667,-0.225,0.35833333333333334,-0.04166666666666663,0.26666666666666666,0.45,-0.2666666666666666,0.18333333333333338,0.31666666666666676,-0.31666666666666665,0.6333333333333334,0.8383838383838383,0.5757575757575758,0.6666666666666666,0.75
100trials_423,7670,-8175,-505,0.15,0.26,0.18,0.41,0.32999999999999996,0.03,0.6699999999999999,0.14999999999999997,0.59,0.41000000000000003,0.17999999999999994,1.4390243902439022,0.2,0.11666666666666667,0.325,0.21666666666666667,0.175,0.18333333333333332,0.3,0.48333333333333334,0.375,0.3,-0.025000000000000022,0.06666666666666665,0.625,0.7,-0.025000000000000022,0.26666666666666666,0.475,0.6666666666666666,0.525,0.33333333333333337,-0.050000000000000044,0.33333333333333326,-0.08333333333333334,-0.10833333333333334,0.008333333333333331,0.18333333333333335,-0.07500000000000001,0.09166666666666667,0.07499999999999996,0.2916666666666667,0.19166666666666665,-0.19166666666666665,0.3833333333333333,0.696969696969697,0.25,0.625,0.2727272727272727
100trials_424,7880,-9100,-1220,0.22,0.24,0.29,0.25,0.51,0.06999999999999998,0.49,0.010000000000000009,0.54,0.45999999999999996,0.08000000000000007,1.173913043478261,0.275,0.18333333333333332,0.225,0.25,0.325,0.26666666666666666,0.175,0.3,0.6000000000000001,0.44999999999999996,0.04999999999999999,0.08333333333333334,0.4,0.55,-0.05000000000000002,0.04999999999999999,0.5,0.5666666666666667,0.5,0.43333333333333335,0,0.1333333333333333,-0.0916666666666667,0.024999999999999994,-0.05833333333333335,0.125,-0.15000000000000013,0.033333333333333354,0.15000000000000002,0.1,0.06666666666666665,-0.06666666666666665,0.1333333333333333,0.4444444444444444,0.29411764705882354,0.6153846153846154,0.3125
100trials_425,8225,-8750,-525,0.19,0.31,0.13,0.37,0.32,-0.06,0.6799999999999999,0.06,0.5,0.5,0,1,0.15,0.21666666666666667,0.225,0.36666666666666664,0.25,0.05,0.375,0.36666666666666664,0.4,0.26666666666666666,0.1,-0.16666666666666669,0.6,0.7333333333333333,0.15,0,0.625,0.41666666666666663,0.375,0.5833333333333333,0.25,-0.16666666666666663,0.06666666666666668,0.14166666666666664,-0.2,-0.00833333333333336,-0.13333333333333336,-0.2666666666666667,0.1333333333333333,-0.15,-0.20833333333333337,0.20833333333333326,-0.41666666666666663,0.31313131313131315,0.375,1,0.42857142857142855
100trials_426,8315,-10450,-2135,0.19,0.34,0.27,0.2,0.46,0.08000000000000002,0.54,-0.14,0.47000000000000003,0.53,-0.06,0.8867924528301887,0.175,0.2,0.325,0.35,0.275,0.26666666666666666,0.225,0.18333333333333332,0.45,0.4666666666666667,0.10000000000000003,0.06666666666666665,0.55,0.5333333333333333,-0.1,-0.16666666666666666,0.5,0.44999999999999996,0.5,0.55,0,-0.10000000000000009,0.025000000000000022,0.024999999999999967,-0.00833333333333336,-0.041666666666666685,0.016666666666666663,-0.03333333333333338,-0.01666666666666672,-0.06666666666666665,-0.050000000000000044,0.050000000000000044,-0.10000000000000009,0.24242424242424243,0.16129032258064516,0.9,0.5714285714285714
100trials_427,7900,-9250,-1350,0.22,0.24,0.25,0.29,0.47,0.03,0.53,0.04999999999999999,0.54,0.45999999999999996,0.08000000000000007,1.173913043478261,0.225,0.21666666666666667,0.225,0.25,0.275,0.23333333333333334,0.275,0.3,0.5,0.45,0.05000000000000002,0.016666666666666663,0.5,0.55,0.05000000000000002,0.04999999999999999,0.55,0.5333333333333333,0.45,0.4666666666666667,0.10000000000000003,0.06666666666666665,-0.008333333333333331,0.024999999999999994,-0.041666666666666685,0.024999999999999967,-0.04999999999999999,-0.033333333333333354,0.050000000000000044,-2.7755575615628914e-17,-0.01666666666666672,0.016666666666666663,-0.03333333333333338,0.21212121212121213,0.28125,0.7142857142857143,0.6470588235294118
100trials_428,7665,-7175,490,0.11,0.3,0.34,0.25,0.45,0.23000000000000004,0.55,-0.04999999999999999,0.5900000000000001,0.41,0.1800000000000001,1.4390243902439028,0.175,0.06666666666666667,0.3,0.3,0.275,0.38333333333333336,0.25,0.25,0.45,0.45,0.10000000000000003,0.3166666666666667,0.55,0.55,-0.04999999999999999,-0.04999999999999999,0.525,0.6333333333333333,0.475,0.36666666666666664,0.050000000000000044,0.26666666666666666,-0.10833333333333332,0,0.10833333333333334,0,0,0.21666666666666667,0,0,0.10833333333333328,-0.10833333333333334,0.21666666666666662,0.020202020202020204,0.43333333333333335,1,0.625
100trials_429,8435,-9850,-1415,0.14,0.38,0.13,0.35,0.27,-0.010000000000000009,0.73,-0.030000000000000027,0.48,0.52,-0.040000000000000036,0.923076923076923,0.175,0.11666666666666667,0.35,0.4,0.15,0.11666666666666667,0.325,0.36666666666666664,0.32499999999999996,0.23333333333333334,-0.024999999999999994,0,0.675,0.7666666666666666,-0.024999999999999967,-0.03333333333333338,0.475,0.4833333333333333,0.5249999999999999,0.5166666666666667,-0.04999999999999993,-0.03333333333333344,-0.05833333333333332,0.050000000000000044,-0.033333333333333326,0.04166666666666663,-0.09166666666666662,0.024999999999999994,0.09166666666666656,-0.008333333333333415,0.008333333333333304,-0.008333333333333193,0.016666666666666496,0.25252525252525254,0,1,0.7272727272727273
100trials_43,7700,-7750,-50,0.15,0.39,0.2,0.26,0.35,0.05000000000000002,0.65,-0.13,0.46,0.54,-0.08000000000000002,0.8518518518518519,0.175,0.13333333333333333,0.425,0.36666666666666664,0.175,0.21666666666666667,0.225,0.2833333333333333,0.35,0.35,0,0.08333333333333334,0.65,0.6499999999999999,-0.19999999999999998,-0.08333333333333331,0.4,0.5,0.6,0.5,-0.19999999999999996,0,-0.04166666666666666,-0.05833333333333335,0.041666666666666685,0.05833333333333332,0,0.08333333333333334,-1.1102230246251565e-16,0.11666666666666667,0.09999999999999998,-0.09999999999999998,0.19999999999999996,0.6161616161616161,0.2727272727272727,1,0.8
100trials_430,7640,-8175,-535,0.15,0.25,0.18,0.42,0.32999999999999996,0.03,0.6699999999999999,0.16999999999999998,0.6,0.4,0.19999999999999996,1.4999999999999998,0.225,0.1,0.35,0.18333333333333332,0.175,0.18333333333333332,0.25,0.5333333333333333,0.4,0.2833333333333333,-0.05000000000000002,0.08333333333333331,0.6,0.7166666666666667,-0.09999999999999998,0.35,0.425,0.7166666666666667,0.575,0.2833333333333333,-0.14999999999999997,0.43333333333333335,-0.125,-0.16666666666666666,0.008333333333333331,0.2833333333333333,-0.1166666666666667,0.13333333333333333,0.1166666666666667,0.44999999999999996,0.2916666666666667,-0.29166666666666663,0.5833333333333333,0.7070707070707071,0.2916666666666667,0.5,0.5454545454545454
100trials_431,7465,-7175,290,0.19,0.2,0.31,0.3,0.5,0.12,0.5,0.09999999999999998,0.61,0.39,0.21999999999999997,1.564102564102564,0.225,0.16666666666666666,0.325,0.11666666666666667,0.2,0.38333333333333336,0.25,0.3333333333333333,0.42500000000000004,0.55,-0.024999999999999994,0.2166666666666667,0.575,0.44999999999999996,-0.07500000000000001,0.21666666666666665,0.45,0.7166666666666667,0.55,0.2833333333333333,-0.10000000000000003,0.43333333333333335,-0.05833333333333335,-0.20833333333333334,0.18333333333333335,0.08333333333333331,0.125,0.2416666666666667,-0.125,0.29166666666666663,0.26666666666666666,-0.2666666666666667,0.5333333333333334,0.7575757575757576,0.5882352941176471,0.45454545454545453,0.15384615384615385
100trials_432,8600,-9450,-850,0.27,0.31,0.24,0.18,0.51,-0.030000000000000027,0.49,-0.13,0.42,0.5800000000000001,-0.1600000000000001,0.7241379310344827,0.25,0.2833333333333333,0.3,0.31666666666666665,0.275,0.21666666666666667,0.175,0.18333333333333332,0.525,0.5,0.025000000000000022,-0.06666666666666665,0.475,0.5,-0.125,-0.13333333333333333,0.45,0.4,0.55,0.6,-0.10000000000000003,-0.19999999999999996,0.033333333333333326,0.016666666666666663,-0.05833333333333335,0.008333333333333331,-0.025000000000000022,-0.09166666666666667,0.025000000000000022,-0.008333333333333331,-0.04999999999999999,0.04999999999999993,-0.09999999999999992,0.494949494949495,0.3125,0.625,0.3157894736842105
100trials_433,8600,-9450,-850,0.27,0.31,0.24,0.18,0.51,-0.030000000000000027,0.49,-0.13,0.42,0.5800000000000001,-0.1600000000000001,0.7241379310344827,0.3,0.25,0.35,0.2833333333333333,0.2,0.26666666666666666,0.15,0.2,0.5,0.5166666666666666,-0.09999999999999998,0.016666666666666663,0.5,0.48333333333333334,-0.19999999999999998,-0.08333333333333331,0.35,0.4666666666666667,0.6499999999999999,0.5333333333333333,-0.29999999999999993,-0.06666666666666665,-0.04999999999999999,-0.06666666666666665,0.06666666666666665,0.05000000000000002,0.016666666666666607,0.11666666666666664,-0.016666666666666663,0.11666666666666667,0.1166666666666667,-0.11666666666666659,0.23333333333333328,0.10101010101010101,0.125,1,0.42105263157894735
100trials_434,8410,-9400,-990,0.26,0.29,0.21,0.24,0.47,-0.05000000000000002,0.53,-0.04999999999999999,0.44999999999999996,0.55,-0.10000000000000009,0.818181818181818,0.275,0.25,0.325,0.26666666666666666,0.2,0.21666666666666667,0.2,0.26666666666666666,0.47500000000000003,0.4666666666666667,-0.07500000000000001,-0.033333333333333326,0.525,0.5333333333333333,-0.125,0,0.4,0.48333333333333334,0.6000000000000001,0.5166666666666666,-0.20000000000000007,-0.03333333333333327,-0.025000000000000022,-0.05833333333333335,0.016666666666666663,0.06666666666666665,-0.00833333333333336,0.041666666666666685,0.008333333333333304,0.125,0.08333333333333331,-0.08333333333333348,0.1666666666666668,0.08080808080808081,0.1,0.8,0.4444444444444444
100trials_435,10750,-14800,-4050,0.22,0.6,0.11,0.07,0.33,-0.11,0.6699999999999999,-0.53,0.18,0.82,-0.6399999999999999,0.21951219512195122,0.275,0.18333333333333332,0.425,0.7166666666666667,0.225,0.03333333333333333,0.075,0.06666666666666667,0.5,0.21666666666666665,-0.05000000000000002,-0.15,0.5,0.7833333333333333,-0.35,-0.65,0.3,0.1,0.7,0.9,-0.39999999999999997,-0.8,-0.0916666666666667,0.2916666666666667,-0.19166666666666668,-0.008333333333333331,-0.2833333333333333,-0.09999999999999998,0.2833333333333333,-0.30000000000000004,-0.19999999999999998,0.20000000000000007,-0.4000000000000001,0.46464646464646464,0.34782608695652173,0.7692307692307693,0.21052631578947367
100trials_436,7755,-9100,-1345,0.1,0.32,0.3,0.28,0.4,0.19999999999999998,0.6000000000000001,-0.03999999999999998,0.5800000000000001,0.42000000000000004,0.16000000000000003,1.380952380952381,0,0.16666666666666666,0.475,0.21666666666666667,0.525,0.15,0,0.4666666666666667,0.525,0.31666666666666665,0.525,-0.016666666666666663,0.475,0.6833333333333333,-0.475,0.25,0.525,0.6166666666666667,0.475,0.3833333333333333,0.050000000000000044,0.2333333333333334,0.16666666666666666,-0.2583333333333333,-0.375,0.4666666666666667,-0.20833333333333337,-0.5416666666666667,0.20833333333333337,0.725,0.09166666666666667,-0.09166666666666667,0.18333333333333335,0.9191919191919192,0.75,0.4,0.2222222222222222
100trials_437,7380,-7525,-145,0.09,0.21,0.1,0.6,0.19,0.010000000000000009,0.8099999999999999,0.39,0.7,0.3,0.39999999999999997,2.3333333333333335,0.125,0.06666666666666667,0.1,0.2833333333333333,0.1,0.1,0.675,0.55,0.225,0.16666666666666669,-0.024999999999999994,0.03333333333333334,0.775,0.8333333333333334,0.5750000000000001,0.2666666666666667,0.775,0.65,0.225,0.35,0.55,0.30000000000000004,-0.058333333333333334,0.18333333333333332,0,-0.125,-0.05833333333333332,0.058333333333333334,0.05833333333333335,-0.30833333333333335,-0.125,0.12499999999999997,-0.25,0.6464646464646465,0.23529411764705882,0.75,0.5
100trials_438,8065,-8625,-560,0.19,0.3,0.22,0.29,0.41000000000000003,0.03,0.59,-0.010000000000000009,0.51,0.49,0.020000000000000018,1.0408163265306123,0.225,0.16666666666666666,0.3,0.3,0.225,0.21666666666666667,0.25,0.31666666666666665,0.45,0.3833333333333333,0,0.05000000000000002,0.55,0.6166666666666667,-0.04999999999999999,0.016666666666666663,0.475,0.5333333333333333,0.525,0.4666666666666667,-0.050000000000000044,0.06666666666666665,-0.05833333333333335,0,-0.008333333333333331,0.06666666666666665,-0.06666666666666671,0.05000000000000002,0.06666666666666665,0.06666666666666665,0.05833333333333335,-0.05833333333333335,0.1166666666666667,0.42424242424242425,0.25,0.6363636363636364,0.2
100trials_439,7850,-9275,-1425,0.1,0.32,0.16,0.42,0.26,0.06,0.74,0.09999999999999998,0.58,0.42000000000000004,0.15999999999999992,1.3809523809523807,0.175,0.05,0.25,0.36666666666666664,0.225,0.11666666666666667,0.35,0.4666666666666667,0.4,0.16666666666666669,0.05000000000000002,0.06666666666666667,0.6,0.8333333333333333,0.09999999999999998,0.10000000000000003,0.575,0.5833333333333334,0.425,0.41666666666666663,0.14999999999999997,0.16666666666666674,-0.12499999999999999,0.11666666666666664,-0.10833333333333334,0.1166666666666667,-0.23333333333333334,0.01666666666666665,0.23333333333333328,5.551115123125783e-17,0.008333333333333415,-0.00833333333333336,0.016666666666666774,0.43434343434343436,0.05,1,0.5
100trials_44,7600,-8650,-1050,0.29,0.23,0.04,0.44,0.32999999999999996,-0.24999999999999997,0.67,0.21,0.48,0.52,-0.040000000000000036,0.923076923076923,0.275,0.3,0.375,0.13333333333333333,0.075,0.016666666666666666,0.275,0.55,0.35000000000000003,0.31666666666666665,-0.2,-0.2833333333333333,0.65,0.6833333333333333,-0.09999999999999998,0.41666666666666674,0.35000000000000003,0.5666666666666668,0.65,0.43333333333333335,-0.3,0.13333333333333341,0.024999999999999967,-0.24166666666666667,-0.058333333333333334,0.275,-0.03333333333333338,-0.08333333333333331,0.033333333333333326,0.5166666666666667,0.21666666666666673,-0.21666666666666667,0.4333333333333334,0.7676767676767676,0.4583333333333333,0.3333333333333333,0.21052631578947367
100trials_440,8465,-10725,-2260,0.22,0.33,0.17,0.28,0.39,-0.04999999999999999,0.6100000000000001,-0.04999999999999999,0.45000000000000007,0.55,-0.09999999999999998,0.8181818181818182,0.3,0.16666666666666666,0.275,0.36666666666666664,0.2,0.15,0.225,0.31666666666666665,0.5,0.31666666666666665,-0.09999999999999998,-0.016666666666666663,0.5,0.6833333333333333,-0.05000000000000002,-0.04999999999999999,0.42500000000000004,0.4666666666666667,0.575,0.5333333333333333,-0.1499999999999999,-0.06666666666666665,-0.13333333333333333,0.09166666666666662,-0.05000000000000002,0.09166666666666665,-0.18333333333333335,0.08333333333333331,0.18333333333333335,2.7755575615628914e-17,0.04166666666666663,-0.04166666666666663,0.08333333333333326,0.41414141414141414,0.2222222222222222,0.5384615384615384,0.4444444444444444
100trials_441,8810,-10875,-2065,0.23,0.37,0.1,0.3,0.33,-0.13,0.6699999999999999,-0.07,0.4,0.6,-0.19999999999999996,0.6666666666666667,0.25,0.21666666666666667,0.35,0.38333333333333336,0.125,0.08333333333333333,0.275,0.31666666666666665,0.375,0.3,-0.125,-0.13333333333333336,0.625,0.7,-0.07499999999999996,-0.06666666666666671,0.4,0.39999999999999997,0.6,0.6000000000000001,-0.19999999999999996,-0.20000000000000012,-0.033333333333333326,0.03333333333333338,-0.04166666666666667,0.04166666666666663,-0.07500000000000001,-0.00833333333333336,0.07499999999999996,0.008333333333333248,-5.551115123125783e-17,1.1102230246251565e-16,-1.6653345369377348e-16,0.40404040404040403,0.16666666666666666,0.8461538461538461,0.4117647058823529
100trials_442,7340,-8075,-735,0.12,0.21,0.18,0.49,0.3,0.06,0.7,0.28,0.6699999999999999,0.32999999999999996,0.33999999999999997,2.0303030303030303,0.125,0.11666666666666667,0.35,0.11666666666666667,0.25,0.13333333333333333,0.275,0.6333333333333333,0.375,0.25,0.125,0.016666666666666663,0.625,0.75,-0.07499999999999996,0.5166666666666666,0.525,0.7666666666666666,0.475,0.23333333333333334,0.050000000000000044,0.5333333333333332,-0.008333333333333331,-0.2333333333333333,-0.11666666666666667,0.3583333333333333,-0.125,-0.10833333333333334,0.125,0.5916666666666666,0.24166666666666659,-0.24166666666666664,0.48333333333333317,0.5353535353535354,0.08695652173913043,0.8333333333333334,0.7777777777777778
100trials_443,8050,-10175,-2125,0.15,0.32,0.18,0.35,0.32999999999999996,0.03,0.6699999999999999,0.02999999999999997,0.53,0.47,0.06000000000000005,1.1276595744680853,0.3,0.05,0.025,0.5166666666666667,0.025,0.2833333333333333,0.65,0.15,0.325,0.3333333333333333,-0.27499999999999997,0.23333333333333334,0.675,0.6666666666666667,0.625,-0.3666666666666667,0.675,0.43333333333333335,0.325,0.5666666666666668,0.35000000000000003,-0.13333333333333341,-0.25,0.4916666666666667,0.2583333333333333,-0.5,0.008333333333333304,0.5083333333333333,-0.008333333333333304,-0.9916666666666667,-0.2416666666666667,0.24166666666666675,-0.48333333333333345,0.8282828282828283,0.48,0.375,0.2727272727272727
100trials_444,8075,-9625,-1550,0.12,0.34,0.15,0.39,0.27,0.03,0.73,0.04999999999999999,0.54,0.46,0.08000000000000002,1.173913043478261,0.25,0.03333333333333333,0.325,0.35,0.125,0.16666666666666666,0.3,0.45,0.375,0.19999999999999998,-0.125,0.13333333333333333,0.625,0.8,-0.025000000000000022,0.10000000000000003,0.425,0.6166666666666667,0.575,0.3833333333333333,-0.14999999999999997,0.2333333333333334,-0.21666666666666667,0.024999999999999967,0.04166666666666666,0.15000000000000002,-0.17500000000000002,0.2583333333333333,0.17500000000000004,0.12500000000000006,0.1916666666666667,-0.19166666666666665,0.38333333333333336,0.3333333333333333,0.09523809523809523,1,0.45454545454545453
100trials_445,7620,-7750,-130,0.13,0.28,0.3,0.29,0.43,0.16999999999999998,0.5700000000000001,0.009999999999999953,0.59,0.41000000000000003,0.17999999999999994,1.4390243902439022,0.175,0.1,0.3,0.26666666666666666,0.3,0.3,0.225,0.3333333333333333,0.475,0.4,0.125,0.19999999999999998,0.525,0.6,-0.07499999999999998,0.06666666666666665,0.525,0.6333333333333333,0.475,0.3666666666666667,0.050000000000000044,0.2666666666666666,-0.07499999999999998,-0.033333333333333326,0,0.10833333333333331,-0.07499999999999996,0.07499999999999998,0.07499999999999996,0.14166666666666664,0.10833333333333328,-0.10833333333333328,0.21666666666666656,0.2222222222222222,0.27586206896551724,1,0
100trials_446,9625,-11400,-1775,0.16,0.52,0.13,0.19,0.29000000000000004,-0.03,0.71,-0.33,0.32,0.68,-0.36000000000000004,0.47058823529411764,0.2,0.13333333333333333,0.525,0.5166666666666667,0.15,0.11666666666666667,0.125,0.23333333333333334,0.35,0.25,-0.05000000000000002,-0.016666666666666663,0.65,0.75,-0.4,-0.2833333333333334,0.275,0.35,0.7250000000000001,0.65,-0.45000000000000007,-0.30000000000000004,-0.06666666666666668,-0.008333333333333304,-0.033333333333333326,0.10833333333333334,-0.09999999999999998,0.033333333333333354,0.09999999999999998,0.11666666666666664,0.07499999999999996,-0.07500000000000007,0.15000000000000002,0.6363636363636364,0.2,0.625,0.23076923076923078
100trials_447,9000,-9900,-900,0.18,0.43,0.15,0.24,0.32999999999999996,-0.03,0.6699999999999999,-0.19,0.39,0.61,-0.21999999999999997,0.639344262295082,0.175,0.18333333333333332,0.35,0.48333333333333334,0.1,0.18333333333333332,0.375,0.15,0.275,0.36666666666666664,-0.07499999999999998,0,0.725,0.6333333333333333,0.025000000000000022,-0.33333333333333337,0.475,0.3333333333333333,0.5249999999999999,0.6666666666666666,-0.04999999999999993,-0.3333333333333333,0.008333333333333331,0.13333333333333336,0.08333333333333331,-0.225,0.09166666666666662,0.07499999999999998,-0.09166666666666667,-0.3583333333333334,-0.14166666666666666,0.14166666666666672,-0.2833333333333334,0.6868686868686869,0.30434782608695654,0.7,0.35714285714285715
100trials_448,9230,-10800,-1570,0.1,0.51,0.12,0.27,0.22,0.01999999999999999,0.78,-0.24,0.39,0.61,-0.21999999999999997,0.639344262295082,0.175,0.05,0.4,0.5833333333333334,0.175,0.08333333333333333,0.25,0.2833333333333333,0.35,0.13333333333333333,0,0.033333333333333326,0.65,0.8666666666666667,-0.15000000000000002,-0.30000000000000004,0.425,0.36666666666666664,0.575,0.6333333333333334,-0.14999999999999997,-0.2666666666666668,-0.12499999999999999,0.18333333333333335,-0.09166666666666666,0.033333333333333326,-0.21666666666666665,0.033333333333333326,0.21666666666666667,-0.15000000000000002,-0.05833333333333335,0.05833333333333346,-0.11666666666666681,0.5252525252525253,0.058823529411764705,1,0.6
100trials_449,6970,-5925,1045,0.09,0.14,0.17,0.6,0.26,0.08000000000000002,0.74,0.45999999999999996,0.77,0.23,0.54,3.3478260869565215,0.075,0.1,0.25,0.06666666666666667,0.1,0.21666666666666667,0.575,0.6166666666666667,0.175,0.31666666666666665,0.02500000000000001,0.11666666666666667,0.825,0.6833333333333333,0.32499999999999996,0.55,0.6749999999999999,0.8333333333333334,0.325,0.16666666666666669,0.3499999999999999,0.6666666666666667,0.02500000000000001,-0.18333333333333335,0.11666666666666667,0.04166666666666674,0.14166666666666666,0.09166666666666666,-0.1416666666666666,0.2250000000000001,0.15833333333333344,-0.15833333333333333,0.3166666666666668,0.8585858585858586,0.55,0.5,0.3333333333333333
100trials_45,8300,-9600,-1300,0.18,0.48,0.19,0.15,0.37,0.010000000000000009,0.63,-0.32999999999999996,0.33999999999999997,0.6599999999999999,-0.31999999999999995,0.5151515151515151,0.275,0.11666666666666667,0.25,0.6333333333333333,0.275,0.13333333333333333,0.2,0.11666666666666667,0.55,0.25,0,0.016666666666666663,0.45,0.75,-0.04999999999999999,-0.5166666666666666,0.47500000000000003,0.25,0.525,0.75,-0.04999999999999999,-0.5,-0.15833333333333335,0.3833333333333333,-0.1416666666666667,-0.08333333333333334,-0.30000000000000004,0.016666666666666663,0.3,-0.4666666666666666,-0.22500000000000003,0.22499999999999998,-0.45,0.30303030303030304,0.16,1,0.5714285714285714
100trials_450,7930,-9350,-1420,0.24,0.23,0.26,0.27,0.5,0.020000000000000018,0.5,0.04000000000000001,0.53,0.47,0.06000000000000005,1.1276595744680853,0.325,0.18333333333333332,0.2,0.25,0.2,0.3,0.275,0.26666666666666666,0.525,0.4833333333333333,-0.125,0.11666666666666667,0.47500000000000003,0.5166666666666666,0.07500000000000001,0.016666666666666663,0.47500000000000003,0.5666666666666667,0.525,0.43333333333333335,-0.04999999999999999,0.1333333333333333,-0.1416666666666667,0.04999999999999999,0.09999999999999998,-0.00833333333333336,-0.04166666666666674,0.24166666666666667,0.041666666666666574,-0.05833333333333335,0.09166666666666662,-0.09166666666666667,0.1833333333333333,0,0.18181818181818182,1,0.5882352941176471
100trials_451,7780,-8375,-595,0.18,0.26,0.22,0.34,0.4,0.04000000000000001,0.6000000000000001,0.08000000000000002,0.56,0.44,0.12000000000000005,1.272727272727273,0.175,0.18333333333333332,0.275,0.25,0.275,0.18333333333333332,0.275,0.38333333333333336,0.45,0.36666666666666664,0.10000000000000003,0,0.55,0.6333333333333333,0,0.13333333333333336,0.55,0.5666666666666667,0.45,0.43333333333333335,0.10000000000000003,0.1333333333333333,0.008333333333333331,-0.025000000000000022,-0.0916666666666667,0.10833333333333334,-0.08333333333333337,-0.10000000000000003,0.08333333333333326,0.13333333333333336,0.016666666666666607,-0.016666666666666663,0.03333333333333327,0.31313131313131315,0.18518518518518517,1,0.5833333333333334
100trials_452,8080,-8550,-470,0.2,0.3,0.29,0.21,0.49,0.08999999999999997,0.51,-0.09,0.5,0.5,0,1,0.2,0.2,0.3,0.3,0.3,0.2833333333333333,0.2,0.21666666666666667,0.5,0.48333333333333334,0.09999999999999998,0.08333333333333331,0.5,0.5166666666666666,-0.09999999999999998,-0.08333333333333331,0.5,0.5,0.5,0.5,0,0,0,0,-0.016666666666666663,0.016666666666666663,-0.016666666666666663,-0.016666666666666663,0.016666666666666607,0.016666666666666663,0,0,0,0.050505050505050504,0.1875,0.8333333333333334,0.26666666666666666
100trials_453,6660,-4300,2360,0.07,0.1,0.6,0.23,0.6699999999999999,0.53,0.33,0.13,0.83,0.17,0.6599999999999999,4.88235294117647,0.175,0,0.25,0,0.325,0.7833333333333333,0.25,0.21666666666666667,0.5,0.7833333333333333,0.15000000000000002,0.7833333333333333,0.5,0.21666666666666667,0,0.21666666666666667,0.575,1,0.425,0,0.14999999999999997,1,-0.175,-0.25,0.4583333333333333,-0.033333333333333326,0.2833333333333333,0.6333333333333333,-0.2833333333333333,0.21666666666666667,0.42500000000000004,-0.425,0.8500000000000001,0.696969696969697,0.88,0.6666666666666666,0.25
100trials_454,8210,-8775,-565,0.19,0.31,0.15,0.35,0.33999999999999997,-0.04000000000000001,0.6599999999999999,0.03999999999999998,0.5,0.5,0,1,0.225,0.16666666666666666,0.225,0.36666666666666664,0.125,0.16666666666666666,0.425,0.3,0.35,0.3333333333333333,-0.1,0,0.65,0.6666666666666666,0.19999999999999998,-0.06666666666666665,0.55,0.4666666666666667,0.45,0.5333333333333333,0.10000000000000003,-0.06666666666666665,-0.05833333333333335,0.14166666666666664,0.04166666666666666,-0.125,-0.016666666666666663,0.1,0.016666666666666607,-0.2666666666666666,-0.08333333333333337,0.08333333333333331,-0.16666666666666669,0.29292929292929293,0.12,0.8181818181818182,0.42857142857142855
100trials_455,7690,-9200,-1510,0.21,0.21,0.22,0.36,0.43,0.010000000000000009,0.57,0.15,0.58,0.42,0.15999999999999998,1.380952380952381,0.225,0.2,0.225,0.2,0.25,0.2,0.3,0.4,0.475,0.4,0.024999999999999994,0,0.525,0.6000000000000001,0.07499999999999998,0.2,0.55,0.6000000000000001,0.45,0.4,0.10000000000000003,0.20000000000000007,-0.024999999999999994,-0.024999999999999994,-0.04999999999999999,0.10000000000000003,-0.07499999999999996,-0.024999999999999994,0.07500000000000007,0.12500000000000003,0.050000000000000044,-0.04999999999999999,0.10000000000000003,0.24242424242424243,0.13333333333333333,1,0.8
100trials_456,8950,-11425,-2475,0.12,0.46,0.11,0.31,0.22999999999999998,-0.009999999999999995,0.77,-0.15000000000000002,0.42,0.5800000000000001,-0.1600000000000001,0.7241379310344827,0.225,0.05,0.35,0.5333333333333333,0.175,0.06666666666666667,0.25,0.35,0.4,0.11666666666666667,-0.05000000000000002,0.016666666666666663,0.6,0.8833333333333333,-0.09999999999999998,-0.18333333333333335,0.425,0.41666666666666663,0.575,0.5833333333333334,-0.14999999999999997,-0.16666666666666674,-0.175,0.18333333333333335,-0.10833333333333332,0.09999999999999998,-0.2833333333333333,0.06666666666666668,0.2833333333333333,-0.08333333333333337,-0.00833333333333336,0.008333333333333415,-0.016666666666666774,0.6464646464646465,0.05555555555555555,1,0.7272727272727273
100trials_457,9290,-11150,-1860,0.13,0.5,0.12,0.25,0.25,-0.010000000000000009,0.75,-0.25,0.37,0.63,-0.26,0.5873015873015873,0.175,0.1,0.325,0.6166666666666667,0.175,0.08333333333333333,0.325,0.2,0.35,0.18333333333333335,0,-0.016666666666666677,0.65,0.8166666666666667,0,-0.4166666666666667,0.5,0.2833333333333333,0.5,0.7166666666666667,0,-0.43333333333333335,-0.07499999999999998,0.2916666666666667,-0.09166666666666666,-0.125,-0.16666666666666663,-0.016666666666666677,0.16666666666666663,-0.4166666666666667,-0.21666666666666667,0.21666666666666667,-0.43333333333333335,0.7575757575757576,0.2222222222222222,0.5,0.09090909090909091
100trials_458,9545,-11875,-2330,0.17,0.51,0.2,0.12,0.37,0.03,0.63,-0.39,0.32,0.68,-0.36000000000000004,0.47058823529411764,0.225,0.13333333333333333,0.45,0.55,0.225,0.18333333333333332,0.1,0.13333333333333333,0.45,0.31666666666666665,0,0.04999999999999999,0.55,0.6833333333333333,-0.35,-0.41666666666666674,0.325,0.31666666666666665,0.675,0.6833333333333333,-0.35000000000000003,-0.3666666666666667,-0.09166666666666667,0.10000000000000003,-0.041666666666666685,0.033333333333333326,-0.13333333333333336,0.04999999999999999,0.1333333333333333,-0.06666666666666676,-0.00833333333333336,0.008333333333333304,-0.016666666666666663,0.3333333333333333,0.08,0.7777777777777778,0.42857142857142855
100trials_459,6780,-4300,2480,0.07,0.13,0.2,0.6,0.27,0.13,0.73,0.47,0.8,0.2,0.6000000000000001,4,0,0.11666666666666667,0.325,0,0.125,0.25,0.55,0.6333333333333333,0.125,0.3666666666666667,0.125,0.13333333333333333,0.875,0.6333333333333333,0.22500000000000003,0.6333333333333333,0.675,0.8833333333333333,0.325,0.11666666666666667,0.35000000000000003,0.7666666666666666,0.11666666666666667,-0.325,0.125,0.08333333333333326,0.2416666666666667,0.008333333333333331,-0.2416666666666667,0.40833333333333327,0.20833333333333326,-0.20833333333333334,0.4166666666666666,0.9595959595959596,0.8,0.3333333333333333,0.25
100trials_46,6450,-6750,-300,0.07,0.22,0.1,0.61,0.17,0.03,0.83,0.39,0.71,0.29000000000000004,0.41999999999999993,2.4482758620689653,0.15,0.016666666666666666,0.3,0.16666666666666666,0.15,0.06666666666666667,0.4,0.75,0.3,0.08333333333333333,0,0.05,0.7,0.9166666666666666,0.10000000000000003,0.5833333333333334,0.55,0.8166666666666667,0.44999999999999996,0.18333333333333332,0.10000000000000009,0.6333333333333333,-0.13333333333333333,-0.13333333333333333,-0.08333333333333333,0.35,-0.21666666666666667,0.05,0.21666666666666667,0.48333333333333334,0.2666666666666666,-0.2666666666666666,0.5333333333333332,0.7575757575757576,0.16666666666666666,1,0.875
100trials_460,10185,-13475,-3290,0.12,0.6,0.15,0.13,0.27,0.03,0.73,-0.47,0.28,0.72,-0.43999999999999995,0.38888888888888895,0.175,0.08333333333333333,0.475,0.6833333333333333,0.225,0.1,0.125,0.13333333333333333,0.4,0.18333333333333335,0.05000000000000002,0.016666666666666677,0.6,0.8166666666666667,-0.35,-0.55,0.35,0.23333333333333334,0.6499999999999999,0.7666666666666667,-0.29999999999999993,-0.5333333333333334,-0.09166666666666666,0.20833333333333337,-0.125,0.008333333333333331,-0.21666666666666667,-0.03333333333333334,0.21666666666666667,-0.20000000000000007,-0.11666666666666664,0.11666666666666681,-0.2333333333333335,0.48484848484848486,0.05,1,0.4166666666666667
100trials_461,10185,-13475,-3290,0.12,0.6,0.15,0.13,0.27,0.03,0.73,-0.47,0.28,0.72,-0.43999999999999995,0.38888888888888895,0.175,0.08333333333333333,0.475,0.6833333333333333,0.225,0.1,0.125,0.13333333333333333,0.4,0.18333333333333335,0.05000000000000002,0.016666666666666677,0.6,0.8166666666666667,-0.35,-0.55,0.35,0.23333333333333334,0.6499999999999999,0.7666666666666667,-0.29999999999999993,-0.5333333333333334,-0.09166666666666666,0.20833333333333337,-0.125,0.008333333333333331,-0.21666666666666667,-0.03333333333333334,0.21666666666666667,-0.20000000000000007,-0.11666666666666664,0.11666666666666681,-0.2333333333333335,0.48484848484848486,0.05,1,0.4166666666666667
100trials_462,8255,-8975,-720,0.1,0.39,0.17,0.34,0.27,0.07,0.73,-0.04999999999999999,0.51,0.49,0.020000000000000018,1.0408163265306123,0.175,0.05,0.35,0.4166666666666667,0.225,0.13333333333333333,0.25,0.4,0.4,0.18333333333333335,0.05000000000000002,0.08333333333333333,0.6,0.8166666666666667,-0.09999999999999998,-0.016666666666666663,0.475,0.5333333333333333,0.5249999999999999,0.4666666666666667,-0.04999999999999993,0.06666666666666665,-0.12499999999999999,0.06666666666666671,-0.09166666666666667,0.15000000000000002,-0.21666666666666667,0.03333333333333331,0.21666666666666667,0.08333333333333331,0.05833333333333335,-0.05833333333333324,0.11666666666666659,0.2727272727272727,0.15,1,0.6666666666666666
100trials_463,8325,-10325,-2000,0.19,0.34,0.22,0.25,0.41000000000000003,0.03,0.5900000000000001,-0.09000000000000002,0.47,0.53,-0.06000000000000005,0.8867924528301886,0.25,0.15,0.35,0.3333333333333333,0.225,0.21666666666666667,0.175,0.3,0.475,0.3666666666666667,-0.024999999999999994,0.06666666666666668,0.5249999999999999,0.6333333333333333,-0.175,-0.033333333333333326,0.4,0.5166666666666666,0.6,0.4833333333333333,-0.19999999999999996,0.033333333333333326,-0.1,-0.016666666666666663,-0.008333333333333331,0.125,-0.10833333333333328,0.09166666666666667,0.10833333333333339,0.14166666666666666,0.11666666666666659,-0.1166666666666667,0.23333333333333328,0.35353535353535354,0.07142857142857142,0.8181818181818182,0.4666666666666667
100trials_464,9380,-10950,-1570,0.24,0.44,0.12,0.2,0.36,-0.12,0.64,-0.24,0.32,0.6799999999999999,-0.35999999999999993,0.4705882352941177,0.3,0.2,0.35,0.5,0.175,0.08333333333333333,0.175,0.21666666666666667,0.475,0.2833333333333333,-0.125,-0.11666666666666668,0.5249999999999999,0.7166666666666667,-0.175,-0.2833333333333333,0.35,0.3,0.6499999999999999,0.7,-0.29999999999999993,-0.39999999999999997,-0.09999999999999998,0.15000000000000002,-0.09166666666666666,0.041666666666666685,-0.19166666666666665,0.008333333333333318,0.19166666666666676,-0.10833333333333334,-0.04999999999999999,0.050000000000000044,-0.10000000000000003,0.6666666666666666,0.28,0.7857142857142857,0.16666666666666666
100trials_465,6600,-4200,2400,0.05,0.1,0.25,0.6,0.3,0.2,0.7,0.5,0.85,0.15000000000000002,0.7,5.666666666666666,0,0.08333333333333333,0,0.16666666666666666,0.225,0.26666666666666666,0.775,0.48333333333333334,0.225,0.35,0.225,0.18333333333333335,0.775,0.65,0.775,0.31666666666666665,1,0.75,0,0.25,1,0.5,0.08333333333333333,0.16666666666666666,0.04166666666666666,-0.2916666666666667,0.12499999999999997,-0.04166666666666666,-0.125,-0.45833333333333337,-0.25,0.25,-0.5,0.9494949494949495,0.8181818181818182,0.5,0.3333333333333333
100trials_466,8190,-9225,-1035,0.25,0.27,0.23,0.25,0.48,-0.01999999999999999,0.52,-0.020000000000000018,0.48,0.52,-0.040000000000000036,0.923076923076923,0.275,0.23333333333333334,0.25,0.2833333333333333,0.25,0.21666666666666667,0.225,0.26666666666666666,0.525,0.45,-0.025000000000000022,-0.016666666666666663,0.475,0.55,-0.024999999999999994,-0.016666666666666663,0.475,0.48333333333333334,0.525,0.5166666666666666,-0.050000000000000044,-0.03333333333333327,-0.041666666666666685,0.033333333333333326,-0.033333333333333326,0.04166666666666666,-0.07500000000000001,0.00833333333333336,0.07500000000000007,0.008333333333333331,0.00833333333333336,-0.008333333333333415,0.016666666666666774,0.030303030303030304,0.06666666666666667,1,0.5294117647058824
100trials_467,8975,-11350,-2375,0.12,0.47,0.19,0.22,0.31,0.07,0.69,-0.24999999999999997,0.41000000000000003,0.59,-0.17999999999999994,0.6949152542372882,0.25,0.03333333333333333,0.2,0.65,0.275,0.13333333333333333,0.275,0.18333333333333332,0.525,0.16666666666666666,0.025000000000000022,0.1,0.47500000000000003,0.8333333333333334,0.07500000000000001,-0.4666666666666667,0.55,0.31666666666666665,0.45,0.6833333333333333,0.10000000000000003,-0.3666666666666667,-0.21666666666666667,0.45,-0.1416666666666667,-0.0916666666666667,-0.3583333333333334,0.07499999999999998,0.35833333333333334,-0.5416666666666667,-0.2333333333333334,0.23333333333333334,-0.46666666666666673,0.6262626262626263,0.3181818181818182,0.5,0.45454545454545453
100trials_468,6940,-5550,1390,0.05,0.16,0.19,0.6,0.24,0.14,0.76,0.43999999999999995,0.79,0.21000000000000002,0.5800000000000001,3.761904761904762,0.075,0.03333333333333333,0.35,0.03333333333333333,0.475,0,0.1,0.9333333333333333,0.5499999999999999,0.03333333333333333,0.39999999999999997,-0.03333333333333333,0.44999999999999996,0.9666666666666667,-0.24999999999999997,0.9,0.575,0.9333333333333333,0.425,0.06666666666666667,0.14999999999999997,0.8666666666666667,-0.041666666666666664,-0.31666666666666665,-0.475,0.8333333333333334,-0.5166666666666666,-0.4333333333333333,0.5166666666666667,1.15,0.3583333333333334,-0.35833333333333334,0.7166666666666668,0.9393939393939394,0.7368421052631579,1,0.25
100trials_469,8290,-10525,-2235,0.21,0.32,0.29,0.18,0.5,0.07999999999999999,0.5,-0.14,0.47,0.53,-0.06000000000000005,0.8867924528301886,0.225,0.2,0.3,0.3333333333333333,0.275,0.3,0.2,0.16666666666666666,0.5,0.5,0.05000000000000002,0.09999999999999998,0.5,0.5,-0.09999999999999998,-0.16666666666666666,0.47500000000000003,0.4666666666666667,0.525,0.5333333333333333,-0.04999999999999999,-0.06666666666666665,-0.024999999999999994,0.033333333333333326,0.024999999999999967,-0.033333333333333354,0,0.04999999999999996,0,-0.06666666666666668,-0.00833333333333336,0.008333333333333304,-0.016666666666666663,0.030303030303030304,0.24242424242424243,1,0.6666666666666666
100trials_47,7450,-7700,-250,0.22,0.27,0.11,0.4,0.33,-0.11,0.67,0.13,0.51,0.49,0.020000000000000018,1.0408163265306123,0.2,0.23333333333333334,0.225,0.3,0.1,0.11666666666666667,0.475,0.35,0.30000000000000004,0.35,-0.1,-0.11666666666666667,0.7,0.6499999999999999,0.24999999999999997,0.04999999999999999,0.575,0.4666666666666667,0.42500000000000004,0.5333333333333333,0.1499999999999999,-0.06666666666666665,0.033333333333333326,0.07499999999999998,0.016666666666666663,-0.125,0.04999999999999993,-0.016666666666666663,-0.050000000000000044,-0.19999999999999998,-0.10833333333333328,0.10833333333333328,-0.21666666666666656,0.25252525252525254,0.21739130434782608,0.9090909090909091,0.42857142857142855
100trials_470,7850,-8150,-300,0.15,0.42,0.14,0.29,0.29000000000000004,-0.009999999999999981,0.71,-0.13,0.43,0.57,-0.13999999999999996,0.7543859649122807,0.2,0.11666666666666667,0.4,0.43333333333333335,0.175,0.11666666666666667,0.225,0.3333333333333333,0.375,0.23333333333333334,-0.025000000000000022,0,0.625,0.7666666666666666,-0.17500000000000002,-0.10000000000000003,0.4,0.44999999999999996,0.6000000000000001,0.55,-0.20000000000000007,-0.10000000000000009,-0.08333333333333334,0.033333333333333326,-0.05833333333333332,0.10833333333333331,-0.14166666666666666,0.025000000000000022,0.1416666666666666,0.07499999999999998,0.04999999999999993,-0.050000000000000044,0.09999999999999998,0.41414141414141414,0.14285714285714285,0.75,0.46153846153846156
100trials_471,5950,-4950,1000,0.05,0.14,0.19,0.62,0.24,0.14,0.76,0.48,0.81,0.19,0.6200000000000001,4.2631578947368425,0,0.08333333333333333,0.35,0,0,0.31666666666666665,0.65,0.6,0,0.39999999999999997,0,0.23333333333333334,1,0.6,0.30000000000000004,0.6,0.65,0.9166666666666666,0.35,0.08333333333333333,0.30000000000000004,0.8333333333333333,0.08333333333333333,-0.35,0.31666666666666665,-0.050000000000000044,0.39999999999999997,0.23333333333333334,-0.4,0.29999999999999993,0.2666666666666666,-0.26666666666666666,0.5333333333333332,0.9696969696969697,0.8421052631578947,0,0.3333333333333333
100trials_472,7100,-7600,-500,0.17,0.25,0.19,0.39,0.36,0.01999999999999999,0.64,0.14,0.5800000000000001,0.42000000000000004,0.16000000000000003,1.380952380952381,0.175,0.16666666666666666,0.3,0.21666666666666667,0.1,0.25,0.425,0.36666666666666664,0.275,0.41666666666666663,-0.07499999999999998,0.08333333333333334,0.725,0.5833333333333333,0.125,0.14999999999999997,0.525,0.6166666666666667,0.475,0.3833333333333333,0.050000000000000044,0.2333333333333334,-0.008333333333333331,-0.08333333333333331,0.15,-0.05833333333333335,0.1416666666666666,0.15833333333333333,-0.14166666666666672,0.024999999999999967,0.09166666666666667,-0.09166666666666667,0.18333333333333335,0.6565656565656566,0.28,0.8,0.6153846153846154
100trials_473,7550,-7500,50,0.1,0.41,0.1,0.39,0.2,0,0.8,-0.019999999999999962,0.49,0.51,-0.020000000000000018,0.9607843137254901,0.125,0.08333333333333333,0.5,0.35,0.125,0.08333333333333333,0.25,0.48333333333333334,0.25,0.16666666666666666,0,0,0.75,0.8333333333333333,-0.25,0.13333333333333336,0.375,0.5666666666666667,0.625,0.4333333333333333,-0.25,0.13333333333333336,-0.04166666666666667,-0.15000000000000002,-0.04166666666666667,0.23333333333333334,-0.08333333333333334,0,0.08333333333333326,0.38333333333333336,0.19166666666666665,-0.1916666666666667,0.38333333333333336,0.5454545454545454,0.17647058823529413,1,0.2222222222222222
100trials_474,8950,-10650,-1700,0.22,0.57,0.13,0.08,0.35,-0.09,0.6499999999999999,-0.48999999999999994,0.21000000000000002,0.7899999999999999,-0.5799999999999998,0.2658227848101266,0.25,0.2,0.575,0.5666666666666667,0.175,0.1,0,0.13333333333333333,0.425,0.30000000000000004,-0.07500000000000001,-0.1,0.575,0.7,-0.575,-0.43333333333333335,0.175,0.23333333333333334,0.825,0.7666666666666666,-0.6499999999999999,-0.5333333333333332,-0.04999999999999999,-0.008333333333333304,-0.07499999999999998,0.13333333333333333,-0.12499999999999994,-0.024999999999999994,0.125,0.1416666666666666,0.05833333333333335,-0.05833333333333335,0.1166666666666667,0.47474747474747475,0.34782608695652173,0.9090909090909091,0.35294117647058826
100trials_475,7800,-8550,-750,0.18,0.38,0.24,0.2,0.42,0.06,0.5800000000000001,-0.18,0.44,0.56,-0.12000000000000005,0.7857142857142857,0.15,0.2,0.475,0.31666666666666665,0.1,0.3333333333333333,0.275,0.15,0.25,0.5333333333333333,-0.04999999999999999,0.1333333333333333,0.75,0.4666666666666667,-0.19999999999999996,-0.16666666666666666,0.375,0.4833333333333333,0.625,0.5166666666666666,-0.25,-0.033333333333333326,0.05000000000000002,-0.15833333333333333,0.2333333333333333,-0.12500000000000003,0.2833333333333333,0.1833333333333333,-0.2833333333333333,0.0333333333333333,0.10833333333333328,-0.10833333333333339,0.21666666666666667,0.6666666666666666,0.23076923076923078,0.7777777777777778,0.3076923076923077
100trials_476,8050,-8850,-800,0.12,0.49,0.1,0.29,0.22,-0.01999999999999999,0.78,-0.2,0.39,0.61,-0.21999999999999997,0.639344262295082,0.175,0.08333333333333333,0.475,0.5,0.125,0.08333333333333333,0.225,0.3333333333333333,0.3,0.16666666666666666,-0.04999999999999999,0,0.7,0.8333333333333333,-0.24999999999999997,-0.16666666666666669,0.35,0.41666666666666663,0.6499999999999999,0.5833333333333334,-0.29999999999999993,-0.16666666666666674,-0.09166666666666666,0.025000000000000022,-0.04166666666666667,0.10833333333333331,-0.13333333333333333,0.04999999999999999,0.1333333333333333,0.08333333333333329,0.06666666666666665,-0.06666666666666654,0.1333333333333332,0.36363636363636365,0.05555555555555555,0.8571428571428571,0.5833333333333334
100trials_477,7400,-8100,-700,0.16,0.32,0.24,0.28,0.4,0.07999999999999999,0.6000000000000001,-0.03999999999999998,0.52,0.48,0.040000000000000036,1.0833333333333335,0.225,0.11666666666666667,0.35,0.3,0.175,0.2833333333333333,0.25,0.3,0.4,0.4,-0.05000000000000002,0.16666666666666666,0.6,0.6,-0.09999999999999998,0,0.425,0.5833333333333333,0.575,0.41666666666666663,-0.14999999999999997,0.16666666666666663,-0.10833333333333334,-0.04999999999999999,0.10833333333333334,0.04999999999999999,0,0.21666666666666667,0,0.09999999999999998,0.15833333333333327,-0.15833333333333333,0.3166666666666666,0.1717171717171717,0.08333333333333333,1,0.4166666666666667
100trials_478,8300,-9225,-925,0.27,0.39,0.17,0.17,0.44000000000000006,-0.1,0.56,-0.22,0.34,0.66,-0.32,0.5151515151515151,0.25,0.2833333333333333,0.525,0.3,0.175,0.16666666666666666,0.05,0.25,0.425,0.44999999999999996,-0.07500000000000001,-0.11666666666666667,0.5750000000000001,0.55,-0.47500000000000003,-0.04999999999999999,0.22499999999999998,0.41666666666666663,0.775,0.5833333333333333,-0.55,-0.16666666666666663,0.033333333333333326,-0.22500000000000003,-0.008333333333333331,0.2,0.024999999999999967,-0.04166666666666666,-0.025000000000000022,0.42500000000000004,0.19166666666666665,-0.19166666666666676,0.3833333333333334,0.5858585858585859,0.46153846153846156,0.6428571428571429,0.4444444444444444
100trials_479,7000,-7600,-600,0.17,0.23,0.23,0.37,0.4,0.06,0.6,0.13999999999999999,0.6,0.4,0.19999999999999996,1.4999999999999998,0.175,0.16666666666666666,0.25,0.21666666666666667,0.225,0.23333333333333334,0.35,0.38333333333333336,0.4,0.4,0.05000000000000002,0.06666666666666668,0.6,0.6000000000000001,0.09999999999999998,0.16666666666666669,0.575,0.6166666666666667,0.425,0.3833333333333333,0.14999999999999997,0.2333333333333334,-0.008333333333333331,-0.033333333333333326,0.008333333333333331,0.03333333333333338,0,0.016666666666666663,1.1102230246251565e-16,0.06666666666666671,0.04166666666666674,-0.041666666666666685,0.08333333333333343,0.050505050505050504,0.2,1,0.9166666666666666
100trials_48,6900,-7650,-750,0.04,0.34,0.44,0.18,0.48,0.4,0.52,-0.16000000000000003,0.62,0.38,0.24,1.631578947368421,0.025,0.05,0.45,0.26666666666666666,0.325,0.5166666666666667,0.2,0.16666666666666666,0.35000000000000003,0.5666666666666668,0.3,0.46666666666666673,0.65,0.43333333333333335,-0.25,-0.1,0.525,0.6833333333333333,0.47500000000000003,0.31666666666666665,0.04999999999999999,0.3666666666666667,0.025,-0.18333333333333335,0.1916666666666667,-0.033333333333333354,0.21666666666666673,0.16666666666666674,-0.21666666666666667,0.15,0.15833333333333333,-0.15833333333333338,0.3166666666666667,0.7373737373737373,0.5161290322580645,1,0.625
100trials_480,7800,-8350,-550,0.17,0.39,0.2,0.24,0.37,0.03,0.63,-0.15000000000000002,0.44,0.56,-0.12000000000000005,0.7857142857142857,0.175,0.16666666666666666,0.325,0.43333333333333335,0.2,0.2,0.3,0.2,0.375,0.3666666666666667,0.025000000000000022,0.033333333333333354,0.625,0.6333333333333333,-0.025000000000000022,-0.23333333333333334,0.5,0.4,0.5,0.6,0,-0.19999999999999996,-0.008333333333333331,0.10833333333333334,0,-0.09999999999999998,-0.008333333333333304,0.008333333333333331,0.008333333333333304,-0.20833333333333331,-0.09999999999999998,0.09999999999999998,-0.19999999999999996,0.12121212121212122,0.08333333333333333,1,0.46153846153846156
100trials_481,6650,-6900,-250,0.12,0.21,0.54,0.13,0.66,0.42000000000000004,0.33999999999999997,-0.07999999999999999,0.67,0.32999999999999996,0.3400000000000001,2.0303030303030307,0.175,0.08333333333333333,0.4,0.08333333333333333,0.175,0.7833333333333333,0.25,0.05,0.35,0.8666666666666667,0,0.7,0.65,0.13333333333333333,-0.15000000000000002,-0.033333333333333326,0.425,0.8333333333333334,0.575,0.16666666666666666,-0.14999999999999997,0.6666666666666667,-0.09166666666666666,-0.3166666666666667,0.6083333333333334,-0.2,0.5166666666666667,0.7,-0.5166666666666667,0.1166666666666667,0.4083333333333334,-0.4083333333333333,0.8166666666666667,0.7373737373737373,0.7222222222222222,0.8333333333333334,0.6666666666666666
100trials_482,7750,-8200,-450,0.26,0.29,0.16,0.29,0.42000000000000004,-0.1,0.58,0,0.44999999999999996,0.55,-0.10000000000000009,0.818181818181818,0.3,0.23333333333333334,0.225,0.3333333333333333,0.2,0.13333333333333333,0.275,0.3,0.5,0.3666666666666667,-0.09999999999999998,-0.1,0.5,0.6333333333333333,0.05000000000000002,-0.033333333333333326,0.47500000000000003,0.43333333333333335,0.525,0.5666666666666667,-0.04999999999999999,-0.1333333333333333,-0.06666666666666665,0.10833333333333331,-0.06666666666666668,0.024999999999999967,-0.1333333333333333,-2.7755575615628914e-17,0.1333333333333333,-0.08333333333333334,-0.041666666666666685,0.04166666666666663,-0.08333333333333331,0.030303030303030304,0.08,1,0.625
100trials_483,7550,-8750,-1200,0.18,0.33,0.2,0.29,0.38,0.020000000000000018,0.62,-0.040000000000000036,0.49,0.51,-0.020000000000000018,0.9607843137254901,0.225,0.15,0.275,0.36666666666666664,0.225,0.18333333333333332,0.275,0.3,0.45,0.3333333333333333,0,0.033333333333333326,0.55,0.6666666666666666,0,-0.06666666666666665,0.5,0.4833333333333333,0.5,0.5166666666666666,0,-0.033333333333333326,-0.07500000000000001,0.09166666666666662,-0.041666666666666685,0.024999999999999967,-0.1166666666666667,0.033333333333333326,0.11666666666666659,-0.06666666666666665,-0.01666666666666672,0.016666666666666607,-0.033333333333333326,0.13131313131313133,0.19230769230769232,0.7777777777777778,0.5384615384615384
100trials_484,6800,-6900,-100,0.13,0.23,0.35,0.29,0.48,0.21999999999999997,0.52,0.05999999999999997,0.6399999999999999,0.36,0.2799999999999999,1.7777777777777777,0.175,0.1,0.25,0.21666666666666667,0.325,0.36666666666666664,0.25,0.31666666666666665,0.5,0.4666666666666667,0.15000000000000002,0.2666666666666666,0.5,0.5333333333333333,0,0.09999999999999998,0.575,0.6833333333333333,0.425,0.31666666666666665,0.14999999999999997,0.3666666666666667,-0.07499999999999998,-0.033333333333333326,0.04166666666666663,0.06666666666666665,-0.033333333333333326,0.11666666666666659,0.033333333333333326,0.09999999999999998,0.10833333333333339,-0.10833333333333334,0.21666666666666673,0.050505050505050504,0.21428571428571427,1,0.7
100trials_485,7700,-8150,-450,0.26,0.28,0.24,0.22,0.5,-0.020000000000000018,0.5,-0.060000000000000026,0.45999999999999996,0.54,-0.08000000000000007,0.8518518518518517,0.325,0.21666666666666667,0.225,0.31666666666666665,0.225,0.25,0.225,0.21666666666666667,0.55,0.4666666666666667,-0.1,0.033333333333333326,0.45,0.5333333333333333,0,-0.09999999999999998,0.45,0.4666666666666667,0.55,0.5333333333333333,-0.10000000000000003,-0.06666666666666665,-0.10833333333333334,0.09166666666666665,0.024999999999999994,-0.008333333333333331,-0.08333333333333337,0.13333333333333333,0.08333333333333331,-0.09999999999999998,0.016666666666666663,-0.01666666666666672,0.03333333333333338,0.04040404040404041,0.17857142857142858,1,0.6
100trials_486,7850,-8375,-525,0.18,0.39,0.17,0.26,0.35,-0.009999999999999981,0.65,-0.13,0.43000000000000005,0.5700000000000001,-0.14,0.7543859649122807,0.275,0.11666666666666667,0.35,0.4166666666666667,0.175,0.16666666666666666,0.2,0.3,0.45,0.2833333333333333,-0.10000000000000003,0.04999999999999999,0.55,0.7166666666666667,-0.14999999999999997,-0.1166666666666667,0.375,0.4666666666666667,0.625,0.5333333333333333,-0.25,-0.06666666666666665,-0.15833333333333335,0.06666666666666671,-0.008333333333333331,0.09999999999999998,-0.16666666666666669,0.15000000000000002,0.16666666666666663,0.03333333333333327,0.09166666666666667,-0.09166666666666667,0.18333333333333335,0.16161616161616163,0.08695652173913043,0.9090909090909091,0.26666666666666666
100trials_487,7300,-7675,-375,0.23,0.23,0.27,0.27,0.5,0.04000000000000001,0.5,0.04000000000000001,0.54,0.46,0.08000000000000002,1.173913043478261,0.25,0.21666666666666667,0.275,0.2,0.225,0.3,0.25,0.2833333333333333,0.475,0.5166666666666666,-0.024999999999999994,0.08333333333333331,0.525,0.48333333333333334,-0.025000000000000022,0.08333333333333331,0.475,0.5833333333333333,0.525,0.4166666666666667,-0.050000000000000044,0.16666666666666657,-0.033333333333333326,-0.07500000000000001,0.07499999999999998,0.033333333333333326,0.04166666666666663,0.10833333333333331,-0.041666666666666685,0.10833333333333334,0.10833333333333328,-0.10833333333333334,0.21666666666666662,0.1717171717171717,0.21428571428571427,0.9090909090909091,0.5
100trials_488,7350,-7800,-450,0.23,0.24,0.22,0.31,0.45,-0.010000000000000009,0.55,0.07,0.53,0.47,0.06000000000000005,1.1276595744680853,0.2,0.25,0.225,0.25,0.175,0.25,0.4,0.25,0.375,0.5,-0.025000000000000022,0,0.625,0.5,0.17500000000000002,0,0.575,0.5,0.42500000000000004,0.5,0.1499999999999999,0,0.04999999999999999,0.024999999999999994,0.07500000000000001,-0.15000000000000002,0.125,0.025000000000000022,-0.125,-0.17500000000000002,-0.07499999999999996,0.07499999999999996,-0.1499999999999999,0.16161616161616163,0.11538461538461539,0.9090909090909091,0.5714285714285714
100trials_489,9500,-11650,-2150,0.13,0.77,0.03,0.07,0.16,-0.1,0.8400000000000001,-0.7,0.1,0.9,-0.8,0.11111111111111112,0.125,0.13333333333333333,0.8,0.75,0.05,0.016666666666666666,0.025,0.1,0.175,0.15,-0.075,-0.11666666666666667,0.8250000000000001,0.85,-0.775,-0.65,0.07500000000000001,0.11666666666666667,0.925,0.8833333333333333,-0.8500000000000001,-0.7666666666666666,0.008333333333333331,-0.050000000000000044,-0.03333333333333334,0.07500000000000001,-0.024999999999999994,-0.04166666666666667,0.02499999999999991,0.125,0.04166666666666666,-0.04166666666666674,0.08333333333333348,0.696969696969697,0.5,1,0.14285714285714285
100trials_49,7600,-7200,400,0.17,0.35,0.11,0.37,0.28,-0.06000000000000001,0.72,0.020000000000000018,0.48,0.52,-0.040000000000000036,0.923076923076923,0.225,0.13333333333333333,0.375,0.3333333333333333,0.075,0.13333333333333333,0.325,0.4,0.3,0.26666666666666666,-0.15000000000000002,0,0.7,0.7333333333333334,-0.04999999999999999,0.06666666666666671,0.4,0.5333333333333333,0.6,0.4666666666666667,-0.19999999999999996,0.06666666666666665,-0.09166666666666667,-0.041666666666666685,0.058333333333333334,0.07500000000000001,-0.033333333333333326,0.15000000000000002,0.03333333333333344,0.1166666666666667,0.1333333333333333,-0.1333333333333333,0.2666666666666666,0.494949494949495,0.2857142857142857,0.5555555555555556,0.25
100trials_490,7600,-8550,-950,0.18,0.34,0.24,0.24,0.42,0.06,0.5800000000000001,-0.10000000000000003,0.48,0.52,-0.040000000000000036,0.923076923076923,0.225,0.15,0.275,0.38333333333333336,0.25,0.23333333333333334,0.25,0.23333333333333334,0.475,0.3833333333333333,0.024999999999999994,0.08333333333333334,0.525,0.6166666666666667,-0.025000000000000022,-0.15000000000000002,0.5,0.4666666666666667,0.5,0.5333333333333333,0,-0.06666666666666665,-0.07500000000000001,0.10833333333333334,-0.016666666666666663,-0.016666666666666663,-0.09166666666666667,0.05833333333333335,0.09166666666666667,-0.125,-0.033333333333333326,0.033333333333333326,-0.06666666666666665,0.1717171717171717,0.15384615384615385,1,0.8571428571428571
100trials_491,7350,-7675,-325,0.23,0.24,0.28,0.25,0.51,0.05000000000000002,0.49,0.010000000000000009,0.53,0.47,0.06000000000000005,1.1276595744680853,0.25,0.21666666666666667,0.225,0.25,0.275,0.2833333333333333,0.25,0.25,0.525,0.5,0.025000000000000022,0.06666666666666665,0.475,0.5,0.024999999999999994,0,0.525,0.5333333333333333,0.475,0.4666666666666667,0.050000000000000044,0.06666666666666665,-0.033333333333333326,0.024999999999999994,0.008333333333333304,0,-0.025000000000000022,0.04166666666666663,0.025000000000000022,-0.024999999999999994,0.008333333333333304,-0.008333333333333304,0.016666666666666607,0.04040404040404041,0.21428571428571427,1,0.8571428571428571
100trials_492,7400,-7225,175,0.17,0.31,0.27,0.25,0.44000000000000006,0.1,0.56,-0.06,0.52,0.48,0.040000000000000036,1.0833333333333335,0.2,0.15,0.325,0.3,0.175,0.3333333333333333,0.3,0.21666666666666667,0.375,0.4833333333333333,-0.025000000000000022,0.18333333333333332,0.625,0.5166666666666666,-0.025000000000000022,-0.08333333333333331,0.475,0.55,0.525,0.44999999999999996,-0.050000000000000044,0.10000000000000009,-0.05000000000000002,-0.025000000000000022,0.15833333333333333,-0.08333333333333331,0.10833333333333328,0.20833333333333334,-0.10833333333333339,-0.05833333333333329,0.07500000000000007,-0.07500000000000007,0.15000000000000013,0.45454545454545453,0.5384615384615384,0.4444444444444444,0.16666666666666666
100trials_493,7900,-9225,-1325,0.26,0.32,0.17,0.25,0.43000000000000005,-0.09,0.5700000000000001,-0.07,0.42000000000000004,0.5800000000000001,-0.16000000000000003,0.7241379310344828,0.25,0.26666666666666666,0.225,0.38333333333333336,0.175,0.16666666666666666,0.35,0.18333333333333332,0.425,0.43333333333333335,-0.07500000000000001,-0.1,0.575,0.5666666666666667,0.12499999999999997,-0.20000000000000004,0.5249999999999999,0.35,0.475,0.65,0.04999999999999993,-0.30000000000000004,0.016666666666666663,0.15833333333333335,-0.008333333333333331,-0.16666666666666666,0.00833333333333336,-0.024999999999999994,-0.008333333333333304,-0.325,-0.17499999999999993,0.17500000000000004,-0.35,0.5151515151515151,0.4230769230769231,0.5384615384615384,0.4375
100trials_494,7500,-8700,-1200,0.18,0.32,0.29,0.21,0.47,0.10999999999999999,0.53,-0.11000000000000001,0.5,0.5,0,1,0.2,0.16666666666666666,0.275,0.35,0.275,0.3,0.25,0.18333333333333332,0.47500000000000003,0.4666666666666667,0.07500000000000001,0.13333333333333333,0.525,0.5333333333333333,-0.025000000000000022,-0.16666666666666666,0.525,0.4833333333333333,0.47500000000000003,0.5166666666666666,0.04999999999999999,-0.033333333333333326,-0.033333333333333354,0.07499999999999996,0.024999999999999967,-0.06666666666666668,-0.00833333333333336,0.05833333333333332,0.008333333333333304,-0.14166666666666664,-0.04166666666666674,0.041666666666666574,-0.08333333333333331,0.010101010101010102,0.1724137931034483,1,0.5
100trials_495,5850,-2725,3125,0.09,0.08,0.78,0.05,0.87,0.6900000000000001,0.13,-0.03,0.8300000000000001,0.16999999999999998,0.6600000000000001,4.882352941176472,0.225,0,0.2,0,0.45,1,0.125,0,0.675,1,0.225,1,0.325,0,-0.07500000000000001,0,0.575,1,0.42500000000000004,0,0.1499999999999999,1,-0.225,-0.2,0.55,-0.125,0.32499999999999996,0.775,-0.325,0.07500000000000001,0.42500000000000004,-0.42500000000000004,0.8500000000000001,0.7272727272727273,0.8780487804878049,0.75,0.8
100trials_496,7400,-7300,100,0.2,0.28,0.24,0.28,0.44,0.03999999999999998,0.56,0,0.52,0.48000000000000004,0.03999999999999998,1.0833333333333333,0.2,0.2,0.325,0.25,0.225,0.25,0.25,0.3,0.42500000000000004,0.45,0.024999999999999994,0.04999999999999999,0.575,0.55,-0.07500000000000001,0.04999999999999999,0.475,0.55,0.525,0.45,-0.050000000000000044,0.10000000000000003,0,-0.07500000000000001,0.024999999999999994,0.04999999999999999,0.024999999999999967,0.024999999999999994,-0.02499999999999991,0.125,0.07500000000000007,-0.07500000000000001,0.15000000000000008,0.1919191919191919,0,1,0.7692307692307693
100trials_497,8350,-8900,-550,0.25,0.42,0.1,0.23,0.35,-0.15,0.65,-0.18999999999999997,0.33,0.6699999999999999,-0.3399999999999999,0.4925373134328359,0.3,0.21666666666666667,0.375,0.45,0.125,0.08333333333333333,0.2,0.25,0.425,0.3,-0.175,-0.13333333333333336,0.575,0.7,-0.175,-0.2,0.325,0.3333333333333333,0.675,0.6666666666666667,-0.35000000000000003,-0.3333333333333334,-0.08333333333333331,0.07500000000000001,-0.04166666666666667,0.04999999999999999,-0.125,0.04166666666666663,0.125,-0.025000000000000022,0.008333333333333304,-0.008333333333333304,0.016666666666666607,0.7474747474747475,0.45454545454545453,0.5833333333333334,0.1875
100trials_498,7200,-7850,-650,0.12,0.32,0.1,0.46,0.22,-0.01999999999999999,0.78,0.14,0.56,0.44,0.12000000000000005,1.272727272727273,0.125,0.11666666666666667,0.35,0.3,0.1,0.1,0.425,0.48333333333333334,0.225,0.21666666666666667,-0.024999999999999994,-0.016666666666666663,0.7749999999999999,0.7833333333333333,0.07500000000000001,0.18333333333333335,0.525,0.5833333333333334,0.475,0.41666666666666663,0.050000000000000044,0.16666666666666674,-0.008333333333333331,-0.04999999999999999,0,0.05833333333333335,-0.008333333333333331,0.008333333333333331,0.008333333333333415,0.10833333333333334,0.05833333333333335,-0.05833333333333335,0.1166666666666667,0.5454545454545454,0.05555555555555555,1,0.5
100trials_499,7600,-7950,-350,0.24,0.28,0.24,0.24,0.48,0,0.52,-0.040000000000000036,0.48,0.52,-0.040000000000000036,0.923076923076923,0.25,0.23333333333333334,0.25,0.3,0.25,0.23333333333333334,0.25,0.23333333333333334,0.5,0.4666666666666667,0,0,0.5,0.5333333333333333,0,-0.06666666666666665,0.5,0.4666666666666667,0.5,0.5333333333333333,0,-0.06666666666666665,-0.016666666666666663,0.04999999999999999,-0.016666666666666663,-0.016666666666666663,-0.033333333333333326,0,0.033333333333333326,-0.06666666666666665,-0.033333333333333326,0.033333333333333326,-0.06666666666666665,0.06060606060606061,0.1111111111111111,1,0.8666666666666667
100trials_5,7300,-8600,-1300,0.15,0.31,0.28,0.26,0.43000000000000005,0.13000000000000003,0.5700000000000001,-0.04999999999999999,0.54,0.45999999999999996,0.08000000000000007,1.173913043478261,0.175,0.13333333333333333,0.4,0.25,0.05,0.43333333333333335,0.375,0.18333333333333332,0.22499999999999998,0.5666666666666667,-0.12499999999999999,0.30000000000000004,0.775,0.43333333333333335,-0.025000000000000022,-0.06666666666666668,0.425,0.6166666666666667,0.575,0.3833333333333333,-0.14999999999999997,0.2333333333333334,-0.04166666666666666,-0.15000000000000002,0.38333333333333336,-0.19166666666666668,0.3416666666666667,0.42500000000000004,-0.3416666666666667,-0.04166666666666666,0.1916666666666667,-0.19166666666666665,0.38333333333333336,0.46464646464646464,0.39285714285714285,0.7777777777777778,0.3076923076923077
100trials_50,9100,-11400,-2300,0.29,0.53,0.1,0.08,0.39,-0.18999999999999997,0.61,-0.45,0.18,0.8200000000000001,-0.6400000000000001,0.2195121951219512,0.2,0.35,0.65,0.45,0.075,0.11666666666666667,0.075,0.08333333333333333,0.275,0.4666666666666667,-0.125,-0.2333333333333333,0.725,0.5333333333333333,-0.5750000000000001,-0.3666666666666667,0.15,0.2,0.8500000000000001,0.8,-0.7000000000000001,-0.6000000000000001,0.14999999999999997,-0.2,0.04166666666666667,0.008333333333333331,0.19166666666666665,-0.10833333333333331,-0.19166666666666665,0.20833333333333337,0.05000000000000002,-0.050000000000000044,0.09999999999999998,0.7070707070707071,0.32,0.5,0.15
100trials_500,7300,-7225,75,0.17,0.29,0.28,0.26,0.45000000000000007,0.11000000000000001,0.55,-0.02999999999999997,0.54,0.45999999999999996,0.08000000000000007,1.173913043478261,0.175,0.16666666666666666,0.35,0.25,0.225,0.31666666666666665,0.25,0.26666666666666666,0.4,0.4833333333333333,0.05000000000000002,0.15,0.6,0.5166666666666666,-0.09999999999999998,0.016666666666666663,0.475,0.5833333333333333,0.5249999999999999,0.41666666666666663,-0.04999999999999993,0.16666666666666663,-0.008333333333333331,-0.09999999999999998,0.09166666666666665,0.016666666666666663,0.08333333333333326,0.09999999999999998,-0.08333333333333337,0.11666666666666664,0.10833333333333328,-0.10833333333333328,0.21666666666666656,0.6464646464646465,0.34615384615384615,0.6666666666666666,0.3333333333333333
100trials_501,6450,-5850,600,0.14,0.15,0.44,0.27,0.5800000000000001,0.3,0.42000000000000004,0.12000000000000002,0.71,0.29000000000000004,0.41999999999999993,2.4482758620689653,0.125,0.15,0.225,0.1,0.325,0.5166666666666667,0.325,0.23333333333333334,0.45,0.6666666666666667,0.2,0.3666666666666667,0.55,0.33333333333333337,0.1,0.13333333333333333,0.65,0.75,0.35,0.25,0.30000000000000004,0.5,0.024999999999999994,-0.125,0.1916666666666667,-0.09166666666666667,0.21666666666666673,0.16666666666666669,-0.21666666666666667,0.033333333333333326,0.09999999999999998,-0.09999999999999998,0.19999999999999996,0.5858585858585859,0.5806451612903226,0.2857142857142857,0.2222222222222222
100trials_502,7950,-9475,-1525,0.27,0.32,0.17,0.24,0.44000000000000006,-0.1,0.56,-0.08000000000000002,0.41000000000000003,0.5900000000000001,-0.18000000000000005,0.6949152542372881,0.25,0.2833333333333333,0.325,0.31666666666666665,0.175,0.16666666666666666,0.25,0.23333333333333334,0.425,0.44999999999999996,-0.07500000000000001,-0.11666666666666667,0.575,0.55,-0.07500000000000001,-0.08333333333333331,0.425,0.4,0.575,0.6,-0.14999999999999997,-0.19999999999999996,0.033333333333333326,-0.00833333333333336,-0.008333333333333331,-0.016666666666666663,0.024999999999999967,-0.04166666666666666,-0.02499999999999991,-0.008333333333333304,-0.024999999999999967,0.025000000000000022,-0.04999999999999999,0.3333333333333333,0.2222222222222222,0.8571428571428571,0.6111111111111112
100trials_503,7600,-8350,-750,0.27,0.25,0.23,0.25,0.5,-0.04000000000000001,0.5,0,0.48,0.52,-0.040000000000000036,0.923076923076923,0.275,0.26666666666666666,0.25,0.25,0.225,0.23333333333333334,0.25,0.25,0.5,0.5,-0.05000000000000002,-0.033333333333333326,0.5,0.5,0,0,0.475,0.48333333333333334,0.525,0.5166666666666666,-0.050000000000000044,-0.03333333333333327,-0.00833333333333336,0,0.008333333333333331,0,0,0.01666666666666669,0,0,0.00833333333333336,-0.008333333333333415,0.016666666666666774,0.010101010101010102,0.17857142857142858,1,0.7647058823529411
100trials_504,6700,-6525,175,0.1,0.24,0.12,0.54,0.22,0.01999999999999999,0.78,0.30000000000000004,0.66,0.33999999999999997,0.32000000000000006,1.9411764705882355,0.125,0.08333333333333333,0.35,0.16666666666666666,0.225,0.05,0.3,0.7,0.35,0.13333333333333333,0.1,-0.033333333333333326,0.6499999999999999,0.8666666666666666,-0.04999999999999999,0.5333333333333333,0.525,0.75,0.475,0.25,0.050000000000000044,0.5,-0.04166666666666667,-0.18333333333333332,-0.175,0.39999999999999997,-0.21666666666666665,-0.13333333333333333,0.21666666666666667,0.5833333333333333,0.22499999999999998,-0.22499999999999998,0.44999999999999996,0.696969696969697,0.16666666666666666,0.8,0.625
100trials_51,7200,-7000,200,0.34,0.1,0.17,0.39,0.51,-0.17,0.49,0.29000000000000004,0.56,0.44000000000000006,0.12,1.2727272727272727,0.225,0.4166666666666667,0.1,0.1,0.175,0.16666666666666666,0.5,0.31666666666666665,0.4,0.5833333333333334,-0.05000000000000002,-0.25,0.6,0.41666666666666663,0.4,0.21666666666666665,0.675,0.4833333333333333,0.325,0.5166666666666667,0.35000000000000003,-0.03333333333333344,0.19166666666666668,0,-0.008333333333333331,-0.18333333333333335,0.18333333333333335,-0.19999999999999998,-0.18333333333333335,-0.18333333333333338,-0.19166666666666676,0.1916666666666667,-0.38333333333333347,0.5050505050505051,0.4,0.5294117647058824,0.5
100trials_52,7800,-8650,-850,0.09,0.47,0.05,0.39,0.14,-0.039999999999999994,0.86,-0.07999999999999996,0.44,0.5599999999999999,-0.11999999999999994,0.7857142857142858,0.125,0.06666666666666667,0.35,0.55,0.075,0.03333333333333333,0.45,0.35,0.2,0.1,-0.05,-0.03333333333333333,0.8,0.9,0.10000000000000003,-0.20000000000000007,0.525,0.3833333333333333,0.475,0.6166666666666667,0.050000000000000044,-0.2333333333333334,-0.058333333333333334,0.20000000000000007,-0.041666666666666664,-0.10000000000000003,-0.1,0.01666666666666667,0.09999999999999998,-0.3000000000000001,-0.14166666666666672,0.14166666666666672,-0.28333333333333344,0.48484848484848486,0.0625,1,0.6
100trials_53,8600,-10300,-1700,0.25,0.47,0.13,0.15,0.38,-0.12,0.62,-0.31999999999999995,0.28,0.72,-0.43999999999999995,0.38888888888888895,0.275,0.23333333333333334,0.4,0.5166666666666667,0.15,0.11666666666666667,0.175,0.13333333333333333,0.42500000000000004,0.35,-0.12500000000000003,-0.11666666666666667,0.575,0.65,-0.22500000000000003,-0.3833333333333334,0.32499999999999996,0.25,0.675,0.75,-0.3500000000000001,-0.5,-0.041666666666666685,0.1166666666666667,-0.033333333333333326,-0.04166666666666666,-0.07500000000000007,0.00833333333333336,0.07500000000000007,-0.15833333333333338,-0.07499999999999996,0.07499999999999996,-0.1499999999999999,0.2828282828282828,0.23076923076923078,1,0.3888888888888889
100trials_54,6700,-5650,1050,0.01,0.33,0.01,0.65,0.02,0,0.98,0.32,0.66,0.34,0.32,1.9411764705882353,0.025,0,0.325,0.3333333333333333,0.025,0,0.625,0.6666666666666666,0.05,0,0,0,0.95,1,0.3,0.3333333333333333,0.65,0.6666666666666666,0.35000000000000003,0.3333333333333333,0.3,0.3333333333333333,-0.025,0.008333333333333304,-0.025,0.04166666666666663,-0.05,0,0.050000000000000044,0.033333333333333326,0.016666666666666607,-0.01666666666666672,0.033333333333333326,0.7373737373737373,0.2,1,0.75
100trials_55,7100,-6900,200,0.02,0.4,0.22,0.36,0.24,0.2,0.76,-0.040000000000000036,0.58,0.42000000000000004,0.15999999999999992,1.3809523809523807,0.025,0.016666666666666666,0.5,0.3333333333333333,0.225,0.21666666666666667,0.25,0.43333333333333335,0.25,0.23333333333333334,0.2,0.2,0.75,0.7666666666666666,-0.25,0.10000000000000003,0.475,0.65,0.525,0.35,-0.050000000000000044,0.30000000000000004,-0.008333333333333335,-0.16666666666666669,-0.008333333333333331,0.18333333333333335,-0.016666666666666663,0,0.016666666666666607,0.35000000000000003,0.17500000000000004,-0.17500000000000004,0.3500000000000001,0.5353535353535354,0.2631578947368421,1,1
100trials_56,7250,-7150,100,0.17,0.28,0.19,0.36,0.36,0.01999999999999999,0.64,0.07999999999999996,0.55,0.45000000000000007,0.09999999999999998,1.222222222222222,0.125,0.2,0.475,0.15,0.1,0.25,0.3,0.4,0.225,0.45,-0.024999999999999994,0.04999999999999999,0.7749999999999999,0.55,-0.175,0.25,0.4,0.65,0.6,0.35,-0.19999999999999996,0.30000000000000004,0.07500000000000001,-0.32499999999999996,0.15,0.10000000000000003,0.225,0.07499999999999998,-0.22499999999999987,0.425,0.25,-0.25,0.5,0.29292929292929293,0.13043478260869565,1,0.7272727272727273
100trials_57,7750,-8550,-800,0.17,0.38,0.19,0.26,0.36,0.01999999999999999,0.64,-0.12,0.45,0.55,-0.10000000000000003,0.8181818181818181,0.175,0.16666666666666666,0.45,0.3333333333333333,0.175,0.2,0.2,0.3,0.35,0.3666666666666667,0,0.033333333333333354,0.65,0.6333333333333333,-0.25,-0.033333333333333326,0.375,0.5,0.625,0.5,-0.25,0,-0.008333333333333331,-0.1166666666666667,0.025000000000000022,0.09999999999999998,0.01666666666666672,0.033333333333333354,-0.01666666666666672,0.21666666666666667,0.125,-0.125,0.25,0.3333333333333333,0.20833333333333334,0.8888888888888888,0.5384615384615384
100trials_58,8000,-8700,-700,0.11,0.49,0.1,0.3,0.21000000000000002,-0.009999999999999995,0.79,-0.19,0.4,0.6,-0.19999999999999996,0.6666666666666667,0.1,0.11666666666666667,0.55,0.45,0.075,0.11666666666666667,0.275,0.31666666666666665,0.175,0.23333333333333334,-0.02500000000000001,0,0.8250000000000001,0.7666666666666666,-0.275,-0.13333333333333336,0.35000000000000003,0.43333333333333335,0.65,0.5666666666666667,-0.3,-0.1333333333333333,0.016666666666666663,-0.10000000000000003,0.04166666666666667,0.04166666666666663,0.05833333333333335,0.02500000000000001,-0.05833333333333346,0.14166666666666666,0.08333333333333331,-0.08333333333333337,0.16666666666666669,0.47474747474747475,0.05555555555555555,1,0.5454545454545454
100trials_59,7250,-7400,-150,0.05,0.4,0.42,0.13,0.47,0.37,0.53,-0.27,0.55,0.45,0.10000000000000003,1.2222222222222223,0.1,0.016666666666666666,0.35,0.43333333333333335,0.4,0.43333333333333335,0.15,0.11666666666666667,0.5,0.45,0.30000000000000004,0.4166666666666667,0.5,0.55,-0.19999999999999998,-0.31666666666666665,0.55,0.55,0.44999999999999996,0.45,0.10000000000000009,0.10000000000000003,-0.08333333333333334,0.08333333333333337,0.033333333333333326,-0.033333333333333326,-0.04999999999999999,0.11666666666666664,0.050000000000000044,-0.11666666666666667,0,5.551115123125783e-17,-5.551115123125783e-17,0.08080808080808081,0.5,0.75,0.875
100trials_6,9300,-10500,-1200,0.12,0.74,0.06,0.08,0.18,-0.06,0.82,-0.66,0.14,0.86,-0.72,0.16279069767441862,0.125,0.11666666666666667,0.6,0.8333333333333334,0.125,0.016666666666666666,0.15,0.03333333333333333,0.25,0.13333333333333333,0,-0.1,0.75,0.8666666666666667,-0.44999999999999996,-0.8,0.275,0.05,0.725,0.9500000000000001,-0.44999999999999996,-0.9,-0.008333333333333331,0.2333333333333334,-0.10833333333333334,-0.11666666666666667,-0.11666666666666667,-0.1,0.1166666666666667,-0.3500000000000001,-0.22500000000000003,0.2250000000000001,-0.45000000000000007,0.5555555555555556,0.13333333333333333,1,0.15384615384615385
100trials_60,8700,-9800,-1100,0.26,0.48,0.11,0.15,0.37,-0.15000000000000002,0.63,-0.32999999999999996,0.26,0.74,-0.48,0.35135135135135137,0.275,0.25,0.65,0.36666666666666664,0.025,0.16666666666666666,0.05,0.21666666666666667,0.30000000000000004,0.41666666666666663,-0.25,-0.08333333333333334,0.7000000000000001,0.5833333333333333,-0.6,-0.14999999999999997,0.07500000000000001,0.3833333333333333,0.925,0.6166666666666667,-0.8500000000000001,-0.2333333333333334,-0.025000000000000022,-0.2833333333333334,0.14166666666666666,0.16666666666666669,0.11666666666666659,0.16666666666666666,-0.11666666666666681,0.45,0.3083333333333333,-0.30833333333333335,0.6166666666666667,0.42424242424242425,0.2608695652173913,0.8333333333333334,0.17647058823529413
100trials_61,7000,-6800,200,0.12,0.28,0.44,0.16,0.56,0.32,0.44000000000000006,-0.12000000000000002,0.6,0.4,0.19999999999999996,1.4999999999999998,0.2,0.06666666666666667,0.325,0.25,0.25,0.5666666666666667,0.225,0.11666666666666667,0.45,0.6333333333333333,0.04999999999999999,0.5,0.55,0.3666666666666667,-0.1,-0.13333333333333333,0.475,0.6833333333333333,0.525,0.31666666666666665,-0.050000000000000044,0.3666666666666667,-0.13333333333333336,-0.07500000000000001,0.31666666666666665,-0.10833333333333334,0.1833333333333333,0.45,-0.18333333333333335,-0.033333333333333326,0.20833333333333337,-0.20833333333333337,0.41666666666666674,0.5252525252525253,0.4,1,0.4444444444444444
100trials_62,5450,-3750,1700,0.01,0.08,0.71,0.2,0.72,0.7,0.28,0.12000000000000001,0.9099999999999999,0.09,0.82,10.11111111111111,0.025,0,0.2,0,0.425,0.9,0.35,0.1,0.45,0.9,0.39999999999999997,0.9,0.55,0.1,0.14999999999999997,0.1,0.7749999999999999,1,0.225,0,0.5499999999999999,1,-0.025,-0.2,0.47500000000000003,-0.24999999999999997,0.45,0.5,-0.45000000000000007,-0.04999999999999996,0.2250000000000001,-0.225,0.45000000000000007,0.6666666666666666,0.8421052631578947,1,0.5
100trials_63,7450,-7800,-350,0.22,0.27,0.23,0.28,0.45,0.010000000000000009,0.55,0.010000000000000009,0.51,0.49,0.020000000000000018,1.0408163265306123,0.225,0.21666666666666667,0.175,0.3333333333333333,0.25,0.21666666666666667,0.35,0.23333333333333334,0.475,0.43333333333333335,0.024999999999999994,0,0.5249999999999999,0.5666666666666667,0.175,-0.09999999999999998,0.6,0.45,0.4,0.55,0.19999999999999996,-0.10000000000000003,-0.008333333333333331,0.15833333333333333,-0.033333333333333326,-0.11666666666666664,-0.04166666666666663,-0.024999999999999994,0.04166666666666674,-0.27499999999999997,-0.14999999999999997,0.15000000000000002,-0.3,0.10101010101010101,0.07142857142857142,1,0.7857142857142857
100trials_64,6650,-5450,1200,0.1,0.23,0.48,0.19,0.58,0.38,0.42000000000000004,-0.04000000000000001,0.6699999999999999,0.33,0.3399999999999999,2.03030303030303,0.125,0.08333333333333333,0.575,0,0.1,0.7333333333333333,0.2,0.18333333333333332,0.225,0.8166666666666667,-0.024999999999999994,0.6499999999999999,0.7749999999999999,0.18333333333333332,-0.37499999999999994,0.18333333333333332,0.30000000000000004,0.9166666666666666,0.7,0.08333333333333333,-0.3999999999999999,0.8333333333333333,-0.04166666666666667,-0.575,0.6333333333333333,-0.01666666666666669,0.5916666666666667,0.6749999999999999,-0.5916666666666666,0.5583333333333332,0.6166666666666666,-0.6166666666666666,1.2333333333333332,0.8282828282828283,0.625,0.6,0.42857142857142855
100trials_65,8400,-9650,-1250,0.23,0.45,0.17,0.15,0.4,-0.06,0.6,-0.30000000000000004,0.32,0.68,-0.36000000000000004,0.47058823529411764,0.3,0.18333333333333332,0.375,0.5,0.225,0.13333333333333333,0.1,0.18333333333333332,0.525,0.31666666666666665,-0.07499999999999998,-0.04999999999999999,0.475,0.6833333333333333,-0.275,-0.31666666666666665,0.325,0.31666666666666665,0.675,0.6833333333333333,-0.35000000000000003,-0.3666666666666667,-0.11666666666666667,0.125,-0.09166666666666667,0.08333333333333331,-0.20833333333333337,0.024999999999999994,0.20833333333333337,-0.04166666666666663,-0.00833333333333336,0.008333333333333304,-0.016666666666666663,0.494949494949495,0.3333333333333333,0.5454545454545454,0.25
100trials_66,7700,-7150,550,0.18,0.36,0.24,0.22,0.42,0.06,0.58,-0.13999999999999999,0.45999999999999996,0.54,-0.08000000000000007,0.8518518518518517,0.2,0.16666666666666666,0.425,0.31666666666666665,0.225,0.25,0.15,0.26666666666666666,0.42500000000000004,0.41666666666666663,0.024999999999999994,0.08333333333333334,0.575,0.5833333333333333,-0.275,-0.04999999999999999,0.375,0.5166666666666666,0.625,0.4833333333333333,-0.25,0.033333333333333326,-0.033333333333333354,-0.10833333333333334,0.024999999999999994,0.11666666666666667,-0.008333333333333415,0.05833333333333335,0.008333333333333304,0.22500000000000003,0.1416666666666666,-0.14166666666666672,0.2833333333333333,0.7272727272727273,0.52,0.5555555555555556,0.3333333333333333
100trials_67,7800,-7750,50,0.15,0.41,0.21,0.23,0.36,0.06,0.64,-0.17999999999999997,0.44,0.5599999999999999,-0.11999999999999994,0.7857142857142858,0.2,0.11666666666666667,0.475,0.36666666666666664,0.225,0.2,0.1,0.31666666666666665,0.42500000000000004,0.31666666666666665,0.024999999999999994,0.08333333333333334,0.575,0.6833333333333333,-0.375,-0.04999999999999999,0.325,0.5166666666666666,0.675,0.4833333333333333,-0.35000000000000003,0.033333333333333326,-0.08333333333333334,-0.10833333333333334,-0.024999999999999994,0.21666666666666665,-0.10833333333333339,0.05833333333333335,0.10833333333333339,0.325,0.1916666666666666,-0.19166666666666676,0.38333333333333336,0.2828282828282828,0.043478260869565216,1,0.45454545454545453
100trials_68,7650,-7450,200,0.2,0.33,0.08,0.39,0.28,-0.12000000000000001,0.72,0.06,0.47000000000000003,0.53,-0.06,0.8867924528301887,0.2,0.2,0.675,0.1,0.075,0.08333333333333333,0.05,0.6166666666666667,0.275,0.2833333333333333,-0.125,-0.11666666666666668,0.7250000000000001,0.7166666666666667,-0.625,0.5166666666666667,0.125,0.7000000000000001,0.875,0.30000000000000004,-0.75,0.4,0,-0.5750000000000001,0.008333333333333331,0.5666666666666667,0.008333333333333304,0.008333333333333318,-0.008333333333333415,1.1416666666666666,0.5750000000000001,-0.575,1.15,0.7676767676767676,0.4,0.3,0.23076923076923078
100trials_69,6000,-4500,1500,0.1,0.1,0.7,0.1,0.7999999999999999,0.6,0.2,0,0.7999999999999999,0.2,0.5999999999999999,3.9999999999999996,0.25,0,0.25,0,0.25,1,0.25,0,0.5,1,0,1,0.5,0,0,0,0.5,1,0.5,0,0,1,-0.25,-0.25,0.75,-0.25,0.5,1,-0.5,0,0.5,-0.5,1,0.9595959595959596,0.9024390243902439,0.2,0.16666666666666666
100trials_7,7650,-7250,400,0.14,0.39,0.12,0.35,0.26,-0.020000000000000018,0.74,-0.040000000000000036,0.47,0.53,-0.06000000000000005,0.8867924528301886,0.225,0.08333333333333333,0.275,0.4666666666666667,0.2,0.06666666666666667,0.3,0.38333333333333336,0.42500000000000004,0.15,-0.024999999999999994,-0.016666666666666663,0.575,0.8500000000000001,0.024999999999999967,-0.08333333333333331,0.5,0.45,0.5,0.55,0,-0.10000000000000003,-0.14166666666666666,0.19166666666666665,-0.13333333333333336,0.08333333333333337,-0.275,0.008333333333333331,0.27500000000000013,-0.10833333333333328,-0.04999999999999999,0.050000000000000044,-0.10000000000000003,0.3333333333333333,0.09523809523809523,1,0.7272727272727273
100trials_70,7700,-6950,750,0.15,0.39,0.17,0.29,0.32,0.020000000000000018,0.6799999999999999,-0.10000000000000003,0.45999999999999996,0.54,-0.08000000000000007,0.8518518518518517,0.175,0.13333333333333333,0.475,0.3333333333333333,0.175,0.16666666666666666,0.175,0.36666666666666664,0.35,0.3,0,0.033333333333333326,0.6499999999999999,0.7,-0.3,0.033333333333333326,0.35,0.5333333333333333,0.6499999999999999,0.4666666666666667,-0.29999999999999993,0.06666666666666665,-0.04166666666666666,-0.14166666666666666,-0.008333333333333331,0.19166666666666665,-0.04999999999999999,0.033333333333333326,0.050000000000000044,0.3333333333333333,0.18333333333333335,-0.18333333333333324,0.3666666666666666,0.6262626262626263,0.18181818181818182,0.75,0.45454545454545453
100trials_71,7900,-9250,-1350,0.24,0.34,0.18,0.24,0.42,-0.06,0.5800000000000001,-0.10000000000000003,0.42,0.5800000000000001,-0.1600000000000001,0.7241379310344827,0.25,0.23333333333333334,0.45,0.26666666666666666,0.125,0.21666666666666667,0.175,0.2833333333333333,0.375,0.45,-0.125,-0.016666666666666663,0.625,0.55,-0.275,0.016666666666666663,0.3,0.5,0.7,0.5,-0.39999999999999997,0,-0.016666666666666663,-0.18333333333333335,0.09166666666666667,0.10833333333333334,0.07500000000000001,0.10833333333333334,-0.07499999999999996,0.2916666666666667,0.2,-0.19999999999999996,0.39999999999999997,0.25252525252525254,0.07407407407407407,0.9230769230769231,0.5
100trials_72,5650,-3700,1950,0.01,0.12,0.43,0.44,0.44,0.42,0.56,0.32,0.87,0.13,0.74,6.692307692307692,0.025,0,0.275,0.016666666666666666,0.35,0.48333333333333334,0.35,0.5,0.375,0.48333333333333334,0.32499999999999996,0.48333333333333334,0.625,0.5166666666666667,0.07499999999999996,0.48333333333333334,0.7,0.9833333333333334,0.30000000000000004,0.016666666666666666,0.3999999999999999,0.9666666666666667,-0.025,-0.25833333333333336,0.13333333333333336,0.15000000000000002,0.10833333333333334,0.15833333333333338,-0.10833333333333328,0.4083333333333334,0.28333333333333344,-0.2833333333333334,0.5666666666666668,0.8080808080808081,0.6296296296296297,1,0.6666666666666666
100trials_73,7400,-6800,600,0.25,0.23,0.21,0.31,0.45999999999999996,-0.04000000000000001,0.54,0.07999999999999999,0.52,0.48,0.040000000000000036,1.0833333333333335,0.225,0.26666666666666666,0.3,0.18333333333333332,0.15,0.25,0.325,0.3,0.375,0.5166666666666666,-0.07500000000000001,-0.016666666666666663,0.625,0.4833333333333333,0.025000000000000022,0.11666666666666667,0.475,0.55,0.525,0.44999999999999996,-0.050000000000000044,0.10000000000000009,0.04166666666666666,-0.11666666666666667,0.1,-0.025000000000000022,0.1416666666666666,0.05833333333333335,-0.14166666666666672,0.09166666666666665,0.07500000000000007,-0.07500000000000007,0.15000000000000013,0.30303030303030304,0.25925925925925924,0.9166666666666666,0.7142857142857143
100trials_74,6100,-4950,1150,0.02,0.2,0.06,0.72,0.08,0.039999999999999994,0.9199999999999999,0.52,0.78,0.22,0.56,3.5454545454545454,0.025,0.016666666666666666,0.125,0.25,0.15,0,0.7,0.7333333333333333,0.175,0.016666666666666666,0.125,-0.016666666666666666,0.825,0.9833333333333333,0.575,0.4833333333333333,0.85,0.7333333333333333,0.15,0.26666666666666666,0.7,0.4666666666666666,-0.008333333333333335,0.125,-0.15,0.033333333333333326,-0.15833333333333333,-0.14166666666666666,0.15833333333333333,-0.09166666666666667,-0.1166666666666667,0.11666666666666667,-0.23333333333333334,0.6666666666666666,0.15384615384615385,1,0.75
100trials_75,7850,-8150,-300,0.17,0.4,0.04,0.39,0.21000000000000002,-0.13,0.79,-0.010000000000000009,0.43,0.5700000000000001,-0.14000000000000007,0.7543859649122806,0.125,0.2,0.3,0.4666666666666667,0.075,0.016666666666666666,0.5,0.31666666666666665,0.2,0.21666666666666667,-0.05,-0.18333333333333335,0.8,0.7833333333333333,0.2,-0.15000000000000002,0.575,0.3333333333333333,0.425,0.6666666666666667,0.14999999999999997,-0.3333333333333334,0.07500000000000001,0.16666666666666669,-0.058333333333333334,-0.18333333333333335,0.016666666666666663,-0.13333333333333336,-0.01666666666666672,-0.35000000000000003,-0.24166666666666664,0.24166666666666675,-0.4833333333333334,0.8181818181818182,0.05555555555555555,0.8571428571428571,0.45454545454545453
100trials_76,8100,-8000,100,0.15,0.47,0.08,0.3,0.22999999999999998,-0.06999999999999999,0.77,-0.16999999999999998,0.38,0.62,-0.24,0.6129032258064516,0.275,0.06666666666666667,0.425,0.5,0.1,0.06666666666666667,0.2,0.36666666666666664,0.375,0.13333333333333333,-0.17500000000000002,0,0.625,0.8666666666666667,-0.22499999999999998,-0.13333333333333336,0.30000000000000004,0.4333333333333333,0.7,0.5666666666666667,-0.3999999999999999,-0.13333333333333336,-0.20833333333333337,0.07500000000000001,-0.03333333333333334,0.16666666666666663,-0.24166666666666667,0.17500000000000002,0.2416666666666667,0.09166666666666662,0.13333333333333325,-0.1333333333333333,0.26666666666666655,0.47474747474747475,0.35294117647058826,0.6666666666666666,0.07692307692307693
100trials_77,7600,-8450,-850,0.06,0.46,0.07,0.41,0.13,0.010000000000000009,0.87,-0.050000000000000044,0.48,0.52,-0.040000000000000036,0.923076923076923,0.05,0.06666666666666667,0.475,0.45,0.15,0.016666666666666666,0.325,0.4666666666666667,0.2,0.08333333333333333,0.09999999999999999,-0.05,0.8,0.9166666666666667,-0.14999999999999997,0.016666666666666663,0.475,0.48333333333333334,0.525,0.5166666666666667,-0.050000000000000044,-0.03333333333333338,0.016666666666666663,-0.024999999999999967,-0.13333333333333333,0.14166666666666666,-0.11666666666666668,-0.15,0.1166666666666667,0.16666666666666663,0.00833333333333336,-0.008333333333333304,0.016666666666666663,0,0.13333333333333333,1,0.6666666666666666
100trials_78,6200,-5850,350,0.01,0.23,0.04,0.72,0.05,0.03,0.95,0.49,0.76,0.24000000000000002,0.52,3.1666666666666665,0.025,0,0.15,0.2833333333333333,0.1,0,0.725,0.7166666666666667,0.125,0,0.07500000000000001,0,0.875,1,0.575,0.43333333333333335,0.825,0.7166666666666667,0.175,0.2833333333333333,0.6499999999999999,0.43333333333333335,-0.025,0.13333333333333333,-0.1,-0.008333333333333304,-0.125,-0.07500000000000001,0.125,-0.1416666666666666,-0.10833333333333328,0.10833333333333334,-0.21666666666666656,0.696969696969697,0.6153846153846154,1,1
100trials_79,7250,-7700,-450,0.21,0.24,0.21,0.34,0.42,0,0.5800000000000001,0.10000000000000003,0.55,0.44999999999999996,0.10000000000000009,1.2222222222222225,0.225,0.2,0.275,0.21666666666666667,0.2,0.21666666666666667,0.3,0.36666666666666664,0.42500000000000004,0.4166666666666667,-0.024999999999999994,0.016666666666666663,0.575,0.5833333333333333,0.024999999999999967,0.14999999999999997,0.5,0.5833333333333333,0.5,0.4166666666666667,0,0.16666666666666657,-0.024999999999999994,-0.05833333333333335,0.016666666666666663,0.06666666666666665,-0.00833333333333336,0.04166666666666666,0.008333333333333304,0.125,0.08333333333333326,-0.08333333333333331,0.16666666666666657,0.23232323232323232,0.1111111111111111,1,0.5
100trials_8,7600,-8600,-1000,0.3,0.22,0.24,0.24,0.54,-0.06,0.45999999999999996,0.01999999999999999,0.48,0.52,-0.040000000000000036,0.923076923076923,0.225,0.35,0.2,0.23333333333333334,0.3,0.2,0.275,0.21666666666666667,0.525,0.55,0.07499999999999998,-0.14999999999999997,0.47500000000000003,0.45,0.07500000000000001,-0.016666666666666663,0.575,0.4166666666666667,0.42500000000000004,0.5833333333333333,0.1499999999999999,-0.16666666666666657,0.12499999999999997,0.033333333333333326,-0.09999999999999998,-0.05833333333333335,0.025000000000000022,-0.22499999999999995,-0.025000000000000022,-0.09166666666666667,-0.15833333333333327,0.15833333333333321,-0.3166666666666665,0.3333333333333333,0.1935483870967742,0.8,0.5
100trials_80,7600,-6800,800,0.17,0.35,0.21,0.27,0.38,0.03999999999999998,0.62,-0.07999999999999996,0.48,0.52,-0.040000000000000036,0.923076923076923,0.1,0.21666666666666667,0.425,0.3,0.275,0.16666666666666666,0.2,0.31666666666666665,0.375,0.3833333333333333,0.17500000000000002,-0.05000000000000002,0.625,0.6166666666666667,-0.22499999999999998,0.016666666666666663,0.47500000000000003,0.4833333333333333,0.525,0.5166666666666666,-0.04999999999999999,-0.033333333333333326,0.11666666666666667,-0.125,-0.10833333333333336,0.11666666666666664,0.008333333333333304,-0.22500000000000003,-0.008333333333333304,0.24166666666666664,0.008333333333333248,-0.008333333333333415,0.016666666666666663,0.13131313131313133,0.30434782608695654,0.8888888888888888,0.9166666666666666
100trials_81,7800,-7700,100,0.12,0.44,0.18,0.26,0.3,0.06,0.7,-0.18,0.44,0.56,-0.12000000000000005,0.7857142857142857,0.1,0.13333333333333333,0.525,0.38333333333333336,0.1,0.23333333333333334,0.275,0.25,0.2,0.3666666666666667,0,0.1,0.8,0.6333333333333333,-0.25,-0.13333333333333336,0.375,0.48333333333333334,0.625,0.5166666666666667,-0.25,-0.03333333333333338,0.033333333333333326,-0.14166666666666666,0.13333333333333333,-0.025000000000000022,0.16666666666666669,0.1,-0.16666666666666674,0.11666666666666664,0.10833333333333334,-0.10833333333333328,0.21666666666666662,0.6464646464646465,0.23809523809523808,0.8333333333333334,0.2
100trials_82,7800,-8400,-600,0.18,0.38,0.14,0.3,0.32,-0.03999999999999998,0.6799999999999999,-0.08000000000000002,0.44,0.56,-0.12000000000000005,0.7857142857142857,0.225,0.15,0.375,0.38333333333333336,0.15,0.13333333333333333,0.25,0.3333333333333333,0.375,0.2833333333333333,-0.07500000000000001,-0.016666666666666663,0.625,0.7166666666666667,-0.125,-0.050000000000000044,0.4,0.4666666666666667,0.6,0.5333333333333333,-0.19999999999999996,-0.06666666666666665,-0.07500000000000001,0.00833333333333336,-0.016666666666666663,0.08333333333333331,-0.09166666666666667,0.05833333333333335,0.09166666666666667,0.07499999999999996,0.06666666666666665,-0.06666666666666665,0.1333333333333333,0.5959595959595959,0.2857142857142857,0.7777777777777778,0.5384615384615384
100trials_83,6800,-6550,250,0.11,0.25,0.31,0.33,0.42,0.2,0.5800000000000001,0.08000000000000002,0.64,0.36,0.28,1.777777777777778,0.125,0.1,0.3,0.21666666666666667,0.325,0.3,0.25,0.38333333333333336,0.45,0.4,0.2,0.19999999999999998,0.55,0.6000000000000001,-0.04999999999999999,0.16666666666666669,0.575,0.6833333333333333,0.425,0.31666666666666665,0.14999999999999997,0.3666666666666667,-0.024999999999999994,-0.08333333333333331,-0.025000000000000022,0.13333333333333336,-0.04999999999999999,-2.7755575615628914e-17,0.050000000000000044,0.21666666666666667,0.10833333333333339,-0.10833333333333334,0.21666666666666673,0.20202020202020202,0.23076923076923078,1,0.75
100trials_84,7250,-6200,1050,0.06,0.39,0.06,0.49,0.12,0,0.88,0.09999999999999998,0.55,0.45,0.10000000000000003,1.2222222222222223,0.15,0,0.35,0.4166666666666667,0.15,0,0.35,0.5833333333333334,0.3,0,0,0,0.7,1,0,0.16666666666666669,0.5,0.5833333333333334,0.5,0.4166666666666667,0,0.16666666666666669,-0.15,0.06666666666666671,-0.15,0.2333333333333334,-0.3,0,0.30000000000000004,0.16666666666666669,0.08333333333333337,-0.08333333333333331,0.16666666666666669,0.3333333333333333,0.14285714285714285,1,0.14285714285714285
100trials_85,8750,-9950,-1200,0.02,0.73,0.03,0.22,0.05,0.009999999999999998,0.95,-0.51,0.25,0.75,-0.5,0.3333333333333333,0.05,0,0.725,0.7333333333333333,0.075,0,0.15,0.26666666666666666,0.125,0,0.024999999999999994,0,0.875,1,-0.575,-0.4666666666666666,0.22499999999999998,0.26666666666666666,0.775,0.7333333333333333,-0.55,-0.4666666666666666,-0.05,0.008333333333333304,-0.075,0.11666666666666667,-0.125,-0.024999999999999994,0.125,0.10833333333333334,0.041666666666666685,-0.04166666666666674,0.08333333333333343,0.696969696969697,0.3076923076923077,1,0.2222222222222222
100trials_86,7850,-7950,-100,0.17,0.4,0.13,0.3,0.30000000000000004,-0.04000000000000001,0.7,-0.10000000000000003,0.43,0.5700000000000001,-0.14000000000000007,0.7543859649122806,0.2,0.15,0.45,0.36666666666666664,0.1,0.15,0.25,0.3333333333333333,0.30000000000000004,0.3,-0.1,0,0.7,0.7,-0.2,-0.033333333333333326,0.35,0.4833333333333333,0.65,0.5166666666666666,-0.30000000000000004,-0.033333333333333326,-0.05000000000000002,-0.08333333333333337,0.04999999999999999,0.08333333333333331,-5.551115123125783e-17,0.1,0,0.16666666666666669,0.1333333333333333,-0.13333333333333341,0.2666666666666667,0.5757575757575758,0.2,0.75,0.4166666666666667
100trials_87,5300,-4250,1050,0.05,0.01,0.02,0.92,0.07,-0.030000000000000002,0.93,0.91,0.9400000000000001,0.060000000000000005,0.88,15.666666666666666,0.025,0.06666666666666667,0.025,0,0.05,0,0.9,0.9333333333333333,0.07500000000000001,0.06666666666666667,0.025,-0.06666666666666667,0.925,0.9333333333333333,0.875,0.9333333333333333,0.9500000000000001,0.9333333333333333,0.05,0.06666666666666667,0.9,0.8666666666666667,0.041666666666666664,-0.025,-0.05,0.033333333333333326,-0.008333333333333345,-0.09166666666666667,0.008333333333333304,0.05833333333333335,-0.01666666666666672,0.016666666666666663,-0.033333333333333326,0.8888888888888888,0.38461538461538464,1,0.75
100trials_88,9050,-11500,-2450,0.35,0.46,0.03,0.16,0.38,-0.31999999999999995,0.62,-0.30000000000000004,0.19,0.81,-0.6200000000000001,0.2345679012345679,0.35,0.35,0.475,0.45,0.025,0.03333333333333333,0.15,0.16666666666666666,0.375,0.3833333333333333,-0.32499999999999996,-0.31666666666666665,0.625,0.6166666666666667,-0.32499999999999996,-0.2833333333333333,0.175,0.19999999999999998,0.825,0.8,-0.6499999999999999,-0.6000000000000001,0,-0.024999999999999967,0.008333333333333331,0.016666666666666663,0.008333333333333304,0.008333333333333304,-0.008333333333333304,0.04166666666666663,0.024999999999999994,-0.02499999999999991,0.04999999999999982,0.6666666666666666,0.3333333333333333,0.7222222222222222,0.13043478260869565
100trials_89,6800,-7200,-400,0.13,0.23,0.37,0.27,0.5,0.24,0.5,0.04000000000000001,0.64,0.36,0.28,1.777777777777778,0.275,0.03333333333333333,0.225,0.23333333333333334,0.275,0.43333333333333335,0.225,0.3,0.55,0.4666666666666667,0,0.4,0.45,0.5333333333333333,0,0.06666666666666665,0.5,0.7333333333333334,0.5,0.26666666666666666,0,0.46666666666666673,-0.2416666666666667,0.008333333333333331,0.15833333333333333,0.07499999999999998,-0.08333333333333337,0.4,0.08333333333333331,0.06666666666666665,0.2333333333333334,-0.23333333333333334,0.46666666666666673,0.1717171717171717,0.4827586206896552,0.5714285714285714,0.5
100trials_9,7650,-6950,700,0.14,0.39,0.11,0.36,0.25,-0.030000000000000013,0.75,-0.030000000000000027,0.47,0.53,-0.06000000000000005,0.8867924528301886,0.225,0.08333333333333333,0.35,0.4166666666666667,0.225,0.03333333333333333,0.2,0.4666666666666667,0.45,0.11666666666666667,0,-0.049999999999999996,0.55,0.8833333333333333,-0.14999999999999997,0.04999999999999999,0.42500000000000004,0.5,0.575,0.5,-0.1499999999999999,0,-0.14166666666666666,0.06666666666666671,-0.19166666666666668,0.26666666666666666,-0.33333333333333337,-0.049999999999999996,0.33333333333333326,0.19999999999999996,0.07499999999999996,-0.07499999999999996,0.1499999999999999,0.5454545454545454,0.10526315789473684,1,0.7272727272727273
100trials_90,8850,-10150,-1300,0.17,0.6,0.07,0.16,0.24000000000000002,-0.1,0.76,-0.43999999999999995,0.23,0.77,-0.54,0.2987012987012987,0.25,0.11666666666666667,0.6,0.6,0.05,0.08333333333333333,0.1,0.2,0.3,0.2,-0.2,-0.03333333333333334,0.7,0.8,-0.5,-0.39999999999999997,0.15000000000000002,0.2833333333333333,0.85,0.7166666666666667,-0.7,-0.43333333333333335,-0.13333333333333333,0,0.033333333333333326,0.1,-0.09999999999999998,0.16666666666666669,0.10000000000000009,0.10000000000000003,0.1333333333333333,-0.1333333333333333,0.2666666666666666,0.42424242424242425,0.05263157894736842,1,0.3076923076923077
100trials_91,5300,-4100,1200,0.02,0.04,0.84,0.1,0.86,0.82,0.14,0.060000000000000005,0.94,0.06,0.8799999999999999,15.666666666666666,0.05,0,0.1,0,0.6,1,0.25,0,0.65,1,0.5499999999999999,1,0.35,0,0.15,0,0.85,1,0.15000000000000002,0,0.7,1,-0.05,-0.1,0.4,-0.25,0.35,0.45000000000000007,-0.35,-0.15,0.15000000000000002,-0.15000000000000002,0.30000000000000004,0.9393939393939394,0.8913043478260869,0.6666666666666666,0.5
100trials_92,8150,-7950,200,0.25,0.38,0.18,0.19,0.43,-0.07,0.5700000000000001,-0.19,0.37,0.63,-0.26,0.5873015873015873,0.25,0.25,0.4,0.36666666666666664,0.175,0.18333333333333332,0.175,0.2,0.425,0.43333333333333335,-0.07500000000000001,-0.06666666666666668,0.575,0.5666666666666667,-0.22500000000000003,-0.16666666666666663,0.35,0.3833333333333333,0.65,0.6166666666666667,-0.30000000000000004,-0.2333333333333334,0,-0.03333333333333338,0.008333333333333331,0.025000000000000022,0.00833333333333336,0.008333333333333331,-0.008333333333333304,0.058333333333333404,0.033333333333333326,-0.033333333333333326,0.06666666666666665,0.5050505050505051,0.4074074074074074,0.6923076923076923,0.1875
100trials_93,7300,-6500,800,0.21,0.25,0.17,0.37,0.38,-0.03999999999999998,0.62,0.12,0.54,0.45999999999999996,0.08000000000000007,1.173913043478261,0.25,0.18333333333333332,0.25,0.25,0.15,0.18333333333333332,0.35,0.38333333333333336,0.4,0.36666666666666664,-0.1,0,0.6,0.6333333333333333,0.09999999999999998,0.13333333333333336,0.5,0.5666666666666667,0.5,0.43333333333333335,0,0.1333333333333333,-0.06666666666666668,0,0.033333333333333326,0.03333333333333338,-0.03333333333333338,0.1,0.033333333333333326,0.03333333333333338,0.06666666666666665,-0.06666666666666665,0.1333333333333333,0.1919191919191919,0.21739130434782608,1,0.6153846153846154
100trials_94,6950,-6050,900,0.15,0.24,0.34,0.27,0.49,0.19000000000000003,0.51,0.030000000000000027,0.6100000000000001,0.39,0.22000000000000008,1.5641025641025643,0.125,0.16666666666666666,0.35,0.16666666666666666,0.25,0.4,0.275,0.26666666666666666,0.375,0.5666666666666667,0.125,0.23333333333333336,0.625,0.43333333333333335,-0.07499999999999996,0.1,0.525,0.6666666666666667,0.475,0.3333333333333333,0.050000000000000044,0.3333333333333334,0.04166666666666666,-0.18333333333333332,0.15000000000000002,-0.00833333333333336,0.19166666666666665,0.10833333333333336,-0.19166666666666665,0.17499999999999996,0.14166666666666672,-0.14166666666666666,0.2833333333333334,0.12121212121212122,0.41379310344827586,1,0.8
100trials_95,7750,-8250,-500,0.18,0.37,0.12,0.33,0.3,-0.06,0.7,-0.03999999999999998,0.45,0.55,-0.10000000000000003,0.8181818181818181,0.275,0.11666666666666667,0.25,0.45,0.225,0.05,0.25,0.38333333333333336,0.5,0.16666666666666669,-0.05000000000000002,-0.06666666666666667,0.5,0.8333333333333334,0,-0.06666666666666665,0.475,0.43333333333333335,0.525,0.5666666666666667,-0.050000000000000044,-0.1333333333333333,-0.15833333333333335,0.2,-0.175,0.13333333333333336,-0.3333333333333333,-0.01666666666666665,0.33333333333333337,-0.06666666666666665,-0.04166666666666663,0.04166666666666663,-0.08333333333333326,0.18181818181818182,0.18181818181818182,1,0.3076923076923077
100trials_96,7150,-6650,500,0.13,0.3,0.28,0.29,0.41000000000000003,0.15000000000000002,0.59,-0.010000000000000009,0.5700000000000001,0.43,0.14000000000000007,1.3255813953488373,0.225,0.06666666666666667,0.475,0.18333333333333332,0.1,0.4,0.2,0.35,0.325,0.4666666666666667,-0.125,0.33333333333333337,0.675,0.5333333333333333,-0.27499999999999997,0.16666666666666666,0.30000000000000004,0.75,0.7,0.25,-0.3999999999999999,0.5,-0.15833333333333333,-0.29166666666666663,0.30000000000000004,0.14999999999999997,0.14166666666666666,0.45833333333333337,-0.14166666666666672,0.44166666666666665,0.44999999999999996,-0.44999999999999996,0.8999999999999999,0.8787878787878788,0.6,0.5,0.1111111111111111
100trials_97,7350,-7600,-250,0.09,0.38,0.13,0.4,0.22,0.04000000000000001,0.78,0.020000000000000018,0.53,0.47,0.06000000000000005,1.1276595744680853,0.125,0.06666666666666667,0.35,0.4,0.175,0.1,0.35,0.43333333333333335,0.3,0.16666666666666669,0.04999999999999999,0.03333333333333334,0.7,0.8333333333333334,0,0.033333333333333326,0.5249999999999999,0.5333333333333333,0.475,0.4666666666666667,0.04999999999999993,0.06666666666666665,-0.058333333333333334,0.050000000000000044,-0.07499999999999998,0.08333333333333337,-0.1333333333333333,-0.01666666666666665,0.13333333333333341,0.033333333333333326,0.008333333333333415,-0.008333333333333304,0.01666666666666672,0.6868686868686869,0.5263157894736842,0.4,0.3333333333333333
100trials_98,8050,-8350,-300,0.17,0.44,0.08,0.31,0.25,-0.09000000000000001,0.75,-0.13,0.39,0.61,-0.21999999999999997,0.639344262295082,0.2,0.15,0.45,0.43333333333333335,0.075,0.08333333333333333,0.275,0.3333333333333333,0.275,0.23333333333333334,-0.125,-0.06666666666666667,0.7250000000000001,0.7666666666666666,-0.175,-0.10000000000000003,0.35000000000000003,0.41666666666666663,0.65,0.5833333333333334,-0.3,-0.16666666666666674,-0.05000000000000002,-0.016666666666666663,0.008333333333333331,0.05833333333333329,-0.041666666666666685,0.058333333333333334,0.04166666666666652,0.07499999999999996,0.0666666666666666,-0.06666666666666665,0.13333333333333325,0.6464646464646465,0.15,0.7777777777777778,0.6153846153846154
100trials_99,7750,-7150,600,0.18,0.37,0.18,0.27,0.36,0,0.64,-0.09999999999999998,0.45,0.55,-0.10000000000000003,0.8181818181818181,0.125,0.21666666666666667,0.45,0.31666666666666665,0.15,0.2,0.275,0.26666666666666666,0.275,0.4166666666666667,0.024999999999999994,-0.016666666666666663,0.7250000000000001,0.5833333333333333,-0.175,-0.04999999999999999,0.42500000000000004,0.4666666666666667,0.575,0.5333333333333333,-0.1499999999999999,-0.06666666666666665,0.09166666666666667,-0.13333333333333336,0.05000000000000002,-0.00833333333333336,0.14166666666666666,-0.04166666666666666,-0.14166666666666683,0.125,0.04166666666666663,-0.04166666666666663,0.08333333333333326,0.1111111111111111,0.25,1,0.16666666666666666
150trials_1,11650,-12200,-550,0.30666666666666664,0.24666666666666667,0.19333333333333333,0.25333333333333335,0.5,-0.11333333333333331,0.5,0.006666666666666682,0.44666666666666666,0.5533333333333333,-0.10666666666666669,0.8072289156626505,0.38333333333333336,0.25555555555555554,0.23333333333333334,0.25555555555555554,0.15,0.2222222222222222,0.23333333333333334,0.26666666666666666,0.5333333333333333,0.47777777777777775,-0.23333333333333336,-0.033333333333333326,0.4666666666666667,0.5222222222222221,0,0.011111111111111127,0.3833333333333333,0.4888888888888889,0.6166666666666667,0.5111111111111111,-0.2333333333333334,-0.0222222222222222,-0.12777777777777782,0.0222222222222222,0.07222222222222222,0.033333333333333326,-0.05555555555555558,0.20000000000000004,0.05555555555555547,0.011111111111111127,0.10555555555555557,-0.10555555555555562,0.2111111111111112,0.2953020134228188,0.4186046511627907,0.6818181818181818,0.5384615384615384
150trials_10,8150,-5600,2550,0.06,0.02666666666666667,0.8466666666666667,0.06666666666666667,0.9066666666666667,0.7866666666666666,0.09333333333333334,0.039999999999999994,0.9133333333333333,0.08666666666666667,0.8266666666666667,10.538461538461538,0.15,0,0.06666666666666667,0,0.6166666666666667,1,0.16666666666666666,0,0.7666666666666667,1,0.4666666666666667,1,0.23333333333333334,0,0.09999999999999999,0,0.7833333333333333,1,0.21666666666666667,0,0.5666666666666667,1,-0.15,-0.06666666666666667,0.3833333333333333,-0.16666666666666666,0.23333333333333328,0.5333333333333333,-0.23333333333333334,-0.09999999999999999,0.21666666666666667,-0.21666666666666667,0.43333333333333335,0.9261744966442953,0.8823529411764706,0.75,0.4
150trials_11,9250,-7800,1450,0.19333333333333333,0.04,0.006666666666666667,0.76,0.19999999999999998,-0.18666666666666668,0.8,0.72,0.7666666666666667,0.23333333333333334,0.5333333333333334,3.285714285714286,0.48333333333333334,0,0,0.06666666666666667,0.016666666666666666,0,0.5,0.9333333333333333,0.5,0,-0.4666666666666667,0,0.5,1,0.5,0.8666666666666667,0.5166666666666667,0.9333333333333333,0.48333333333333334,0.06666666666666667,0.03333333333333338,0.8666666666666667,-0.48333333333333334,0.06666666666666667,-0.016666666666666666,0.43333333333333335,-0.5,0.4666666666666667,0.5,0.3666666666666667,0.41666666666666663,-0.4166666666666667,0.8333333333333333,0.9530201342281879,0.8148148148148148,0.13333333333333333,0.1875
150trials_12,12050,-12950,-900,0.09333333333333334,0.5133333333333333,0.2733333333333333,0.12,0.36666666666666664,0.18,0.6333333333333333,-0.3933333333333333,0.3933333333333333,0.6066666666666667,-0.21333333333333337,0.6483516483516483,0.11666666666666667,0.07777777777777778,0.4666666666666667,0.5444444444444444,0.23333333333333334,0.3,0.18333333333333332,0.07777777777777778,0.35,0.37777777777777777,0.11666666666666667,0.2222222222222222,0.65,0.6222222222222222,-0.2833333333333333,-0.4666666666666666,0.41666666666666663,0.37777777777777777,0.5833333333333334,0.6222222222222222,-0.16666666666666674,-0.24444444444444446,-0.03888888888888889,0.07777777777777772,0.06666666666666665,-0.10555555555555554,0.02777777777777779,0.10555555555555554,-0.02777777777777779,-0.1833333333333333,-0.03888888888888886,0.03888888888888886,-0.07777777777777772,0.7046979865771812,0.4722222222222222,0.6666666666666666,0.42857142857142855
150trials_13,9650,-8000,1650,0.08666666666666667,0.2,0.05333333333333334,0.66,0.14,-0.03333333333333333,0.8600000000000001,0.46,0.7133333333333334,0.2866666666666667,0.4266666666666667,2.488372093023256,0.21666666666666667,0,0.5,0,0.13333333333333333,0,0.15,1,0.35,0,-0.08333333333333334,0,0.65,1,-0.35,1,0.2833333333333333,1,0.7166666666666667,0,-0.43333333333333335,1,-0.21666666666666667,-0.5,-0.13333333333333333,0.85,-0.35,0.08333333333333334,0.35,1.35,0.7166666666666667,-0.7166666666666667,1.4333333333333333,0.7516778523489933,0.43478260869565216,0.6666666666666666,0.2222222222222222
150trials_14,13550,-15800,-2250,0.12666666666666668,0.68,0.15333333333333332,0.04,0.28,0.026666666666666644,0.7200000000000001,-0.64,0.19333333333333333,0.8066666666666668,-0.6133333333333334,0.23966942148760328,0.21666666666666667,0.06666666666666667,0.6166666666666667,0.7222222222222222,0.11666666666666667,0.17777777777777778,0.05,0.03333333333333333,0.33333333333333337,0.24444444444444446,-0.1,0.11111111111111112,0.6666666666666667,0.7555555555555555,-0.5666666666666667,-0.6888888888888889,0.16666666666666669,0.2111111111111111,0.8333333333333334,0.7888888888888889,-0.6666666666666667,-0.5777777777777777,-0.15000000000000002,0.10555555555555551,0.061111111111111116,-0.01666666666666667,-0.0888888888888889,0.21111111111111114,0.0888888888888888,-0.12222222222222223,0.044444444444444425,-0.04444444444444451,0.08888888888888902,0.5973154362416108,0.22580645161290322,1,0.3
150trials_15,11900,-11950,-50,0.17333333333333334,0.41333333333333333,0.17333333333333334,0.24,0.3466666666666667,0,0.6533333333333333,-0.17333333333333334,0.41333333333333333,0.5866666666666667,-0.17333333333333334,0.7045454545454546,0.16666666666666666,0.17777777777777778,0.5333333333333333,0.3333333333333333,0.1,0.2222222222222222,0.2,0.26666666666666666,0.26666666666666666,0.4,-0.06666666666666665,0.044444444444444425,0.7333333333333334,0.6,-0.3333333333333333,-0.06666666666666665,0.30000000000000004,0.4888888888888889,0.7,0.5111111111111111,-0.3999999999999999,-0.0222222222222222,0.011111111111111127,-0.2,0.1222222222222222,0.06666666666666665,0.13333333333333336,0.11111111111111108,-0.13333333333333341,0.26666666666666666,0.18888888888888883,-0.18888888888888888,0.3777777777777777,0.40268456375838924,0.18181818181818182,1,0.8333333333333334
150trials_16,9150,-7650,1500,0.03333333333333333,0.18666666666666668,0.7,0.08,0.7333333333333333,0.6666666666666666,0.26666666666666666,-0.10666666666666667,0.7799999999999999,0.22,0.5599999999999999,3.545454545454545,0.08333333333333333,0,0.4,0.044444444444444446,0.31666666666666665,0.9555555555555556,0.2,0,0.39999999999999997,0.9555555555555556,0.23333333333333334,0.9555555555555556,0.6000000000000001,0.044444444444444446,-0.2,-0.044444444444444446,0.5166666666666666,0.9555555555555556,0.48333333333333334,0.044444444444444446,0.03333333333333327,0.9111111111111112,-0.08333333333333333,-0.35555555555555557,0.638888888888889,-0.2,0.5555555555555556,0.7222222222222223,-0.5555555555555557,0.15555555555555556,0.438888888888889,-0.4388888888888889,0.877777777777778,0.8791946308724832,0.8688524590163934,0.5,0.2857142857142857
150trials_17,12050,-12200,-150,0.18,0.4266666666666667,0.20666666666666667,0.18666666666666668,0.38666666666666666,0.026666666666666672,0.6133333333333334,-0.24000000000000002,0.3933333333333333,0.6066666666666667,-0.21333333333333337,0.6483516483516483,0.16666666666666666,0.18888888888888888,0.55,0.34444444444444444,0.16666666666666666,0.23333333333333334,0.11666666666666667,0.23333333333333334,0.3333333333333333,0.4222222222222222,0,0.04444444444444445,0.6666666666666667,0.5777777777777777,-0.43333333333333335,-0.1111111111111111,0.2833333333333333,0.4666666666666667,0.7166666666666667,0.5333333333333333,-0.43333333333333335,-0.06666666666666665,0.022222222222222227,-0.2055555555555556,0.06666666666666668,0.11666666666666667,0.0888888888888889,0.04444444444444445,-0.08888888888888902,0.32222222222222224,0.18333333333333335,-0.18333333333333335,0.3666666666666667,0.6375838926174496,0.3888888888888889,0.5714285714285714,0.3
150trials_18,11300,-10200,1100,0.12666666666666668,0.38,0.16666666666666666,0.32666666666666666,0.29333333333333333,0.03999999999999998,0.7066666666666667,-0.053333333333333344,0.4933333333333333,0.5066666666666667,-0.01333333333333342,0.9736842105263156,0.16666666666666666,0.1,0.31666666666666665,0.4222222222222222,0.21666666666666667,0.13333333333333333,0.3,0.34444444444444444,0.3833333333333333,0.23333333333333334,0.05000000000000002,0.033333333333333326,0.6166666666666667,0.7666666666666666,-0.016666666666666663,-0.07777777777777778,0.5166666666666666,0.47777777777777775,0.4833333333333333,0.5222222222222223,0.033333333333333326,-0.04444444444444451,-0.06666666666666665,0.10555555555555557,-0.08333333333333334,0.04444444444444445,-0.14999999999999997,-0.01666666666666669,0.1499999999999999,-0.061111111111111116,-0.03888888888888886,0.03888888888888897,-0.07777777777777783,0.348993288590604,0.06896551724137931,0.8888888888888888,0.5714285714285714
150trials_19,10350,-9800,550,0.13333333333333333,0.24666666666666667,0.43333333333333335,0.18666666666666668,0.5666666666666667,0.30000000000000004,0.43333333333333335,-0.06,0.62,0.38,0.24,1.631578947368421,0.1,0.15555555555555556,0.3,0.2111111111111111,0.4666666666666667,0.4111111111111111,0.13333333333333333,0.2222222222222222,0.5666666666666667,0.5666666666666667,0.3666666666666667,0.25555555555555554,0.43333333333333335,0.43333333333333335,-0.16666666666666666,0.0111111111111111,0.6,0.6333333333333333,0.4,0.3666666666666667,0.19999999999999996,0.2666666666666666,0.05555555555555555,-0.08888888888888888,-0.05555555555555558,0.08888888888888888,0,-0.11111111111111116,0,0.17777777777777776,0.033333333333333326,-0.033333333333333326,0.06666666666666665,0.4161073825503356,0.574468085106383,1,0.5714285714285714
150trials_2,12350,-13950,-1600,0.26666666666666666,0.38,0.12666666666666668,0.22666666666666666,0.3933333333333333,-0.13999999999999999,0.6066666666666667,-0.15333333333333335,0.35333333333333333,0.6466666666666667,-0.2933333333333334,0.5463917525773195,0.21666666666666667,0.3,0.4666666666666667,0.32222222222222224,0.08333333333333333,0.15555555555555556,0.23333333333333334,0.2222222222222222,0.3,0.45555555555555555,-0.13333333333333336,-0.14444444444444443,0.7,0.5444444444444445,-0.23333333333333334,-0.10000000000000003,0.31666666666666665,0.37777777777777777,0.6833333333333333,0.6222222222222222,-0.3666666666666667,-0.24444444444444446,0.08333333333333331,-0.14444444444444443,0.07222222222222223,-0.011111111111111127,0.15555555555555556,-0.011111111111111072,-0.15555555555555545,0.1333333333333333,0.061111111111111116,-0.061111111111111116,0.12222222222222223,0.5771812080536913,0.34210526315789475,0.5238095238095238,0.4074074074074074
150trials_20,10400,-8800,1600,0.14,0.24666666666666667,0.49333333333333335,0.12,0.6333333333333333,0.35333333333333333,0.3666666666666667,-0.12666666666666668,0.6133333333333333,0.3866666666666667,0.22666666666666657,1.5862068965517238,0.26666666666666666,0.05555555555555555,0.36666666666666664,0.16666666666666666,0.21666666666666667,0.6777777777777778,0.15,0.1,0.48333333333333334,0.7333333333333334,-0.04999999999999999,0.6222222222222222,0.5166666666666666,0.26666666666666666,-0.21666666666666665,-0.06666666666666665,0.3666666666666667,0.7777777777777778,0.6333333333333333,0.2222222222222222,-0.2666666666666666,0.5555555555555556,-0.2111111111111111,-0.19999999999999998,0.46111111111111114,-0.04999999999999999,0.25000000000000006,0.6722222222222223,-0.24999999999999994,0.15,0.4111111111111111,-0.4111111111111111,0.8222222222222222,0.8993288590604027,0.7843137254901961,0.18181818181818182,0.14285714285714285
150trials_21,8650,-6350,2300,0.03333333333333333,0.12,0.78,0.06666666666666667,0.8133333333333334,0.7466666666666667,0.18666666666666665,-0.05333333333333333,0.8466666666666667,0.15333333333333332,0.6933333333333334,5.521739130434783,0.08333333333333333,0,0.21666666666666667,0.05555555555555555,0.5333333333333333,0.9444444444444444,0.16666666666666666,0,0.6166666666666667,0.9444444444444444,0.45,0.9444444444444444,0.3833333333333333,0.05555555555555555,-0.05000000000000002,-0.05555555555555555,0.7,0.9444444444444444,0.3,0.05555555555555555,0.39999999999999997,0.8888888888888888,-0.08333333333333333,-0.16111111111111112,0.4111111111111111,-0.16666666666666666,0.3277777777777777,0.4944444444444444,-0.3277777777777777,-0.005555555555555536,0.24444444444444446,-0.24444444444444444,0.4888888888888889,0.9194630872483222,0.90625,0.6666666666666666,0.6
150trials_22,11250,-11750,-500,0.18,0.32,0.21333333333333335,0.2866666666666667,0.3933333333333333,0.033333333333333354,0.6066666666666667,-0.033333333333333326,0.5,0.5,0,1,0.18333333333333332,0.17777777777777778,0.3333333333333333,0.3111111111111111,0.16666666666666666,0.24444444444444444,0.31666666666666665,0.26666666666666666,0.35,0.4222222222222222,-0.016666666666666663,0.06666666666666665,0.6499999999999999,0.5777777777777777,-0.016666666666666663,-0.04444444444444445,0.4833333333333333,0.5111111111111111,0.5166666666666666,0.48888888888888893,-0.033333333333333326,0.022222222222222143,-0.005555555555555536,-0.0222222222222222,0.07777777777777778,-0.04999999999999999,0.07222222222222224,0.08333333333333331,-0.07222222222222219,-0.02777777777777779,0.02777777777777779,-0.02777777777777768,0.05555555555555547,0.35570469798657717,0.20512820512820512,1,0.9444444444444444
150trials_23,12750,-14400,-1650,0.08666666666666667,0.6133333333333333,0.013333333333333334,0.2866666666666667,0.1,-0.07333333333333333,0.8999999999999999,-0.3266666666666666,0.3,0.7,-0.39999999999999997,0.4285714285714286,0.2,0.011111111111111112,0.5,0.6888888888888889,0.03333333333333333,0,0.26666666666666666,0.3,0.23333333333333334,0.011111111111111112,-0.16666666666666669,-0.011111111111111112,0.7666666666666666,0.9888888888888889,-0.23333333333333334,-0.3888888888888889,0.3,0.3,0.7,0.7,-0.39999999999999997,-0.39999999999999997,-0.1888888888888889,0.18888888888888888,-0.03333333333333333,0.033333333333333326,-0.22222222222222224,0.15555555555555559,0.22222222222222232,-0.15555555555555556,0,0,0,0.4228187919463087,0.3181818181818182,1,0.35294117647058826
150trials_24,11100,-11700,-600,0.10666666666666667,0.37333333333333335,0.44666666666666666,0.07333333333333333,0.5533333333333333,0.33999999999999997,0.44666666666666666,-0.30000000000000004,0.52,0.48000000000000004,0.03999999999999998,1.0833333333333333,0.15,0.07777777777777778,0.6333333333333333,0.2,0.08333333333333333,0.6888888888888889,0.13333333333333333,0.03333333333333333,0.23333333333333334,0.7666666666666666,-0.06666666666666667,0.6111111111111112,0.7666666666666666,0.23333333333333334,-0.5,-0.16666666666666669,0.21666666666666667,0.7222222222222222,0.7833333333333333,0.2777777777777778,-0.5666666666666667,0.4444444444444444,-0.07222222222222222,-0.4333333333333333,0.6055555555555555,-0.1,0.5333333333333332,0.6777777777777778,-0.5333333333333332,0.3333333333333333,0.5055555555555555,-0.5055555555555555,1.011111111111111,0.7046979865771812,0.6875,0.875,0.42857142857142855
150trials_25,10650,-10450,200,0.16666666666666666,0.25333333333333335,0.2866666666666667,0.29333333333333333,0.45333333333333337,0.12000000000000002,0.5466666666666666,0.03999999999999998,0.5800000000000001,0.42000000000000004,0.16000000000000003,1.380952380952381,0.21666666666666667,0.13333333333333333,0.2833333333333333,0.23333333333333334,0.2,0.34444444444444444,0.3,0.28888888888888886,0.4166666666666667,0.47777777777777775,-0.016666666666666663,0.2111111111111111,0.5833333333333333,0.5222222222222221,0.016666666666666663,0.055555555555555525,0.5,0.6333333333333333,0.5,0.3666666666666667,0,0.2666666666666666,-0.08333333333333334,-0.04999999999999999,0.14444444444444443,-0.011111111111111127,0.06111111111111106,0.22777777777777777,-0.061111111111111116,0.03888888888888886,0.1333333333333333,-0.1333333333333333,0.2666666666666666,0.1476510067114094,0.3170731707317073,1,0.5
150trials_26,12450,-13950,-1500,0.13333333333333333,0.5266666666666666,0.12,0.22,0.2533333333333333,-0.013333333333333336,0.7466666666666666,-0.30666666666666664,0.33999999999999997,0.6599999999999999,-0.31999999999999995,0.5151515151515151,0.11666666666666667,0.14444444444444443,0.5,0.5444444444444444,0.16666666666666666,0.08888888888888889,0.21666666666666667,0.2222222222222222,0.2833333333333333,0.23333333333333334,0.04999999999999999,-0.05555555555555554,0.7166666666666667,0.7666666666666666,-0.2833333333333333,-0.3222222222222222,0.3833333333333333,0.3111111111111111,0.6166666666666667,0.6888888888888889,-0.2333333333333334,-0.37777777777777777,0.027777777777777762,0.0444444444444444,-0.07777777777777777,0.005555555555555536,-0.04999999999999999,-0.10555555555555553,0.04999999999999993,-0.03888888888888886,-0.07222222222222219,0.07222222222222219,-0.14444444444444438,0.4899328859060403,0.1,1,0.5882352941176471
150trials_27,8850,-7550,1300,0.013333333333333334,0.16666666666666666,0.8066666666666666,0.013333333333333334,0.82,0.7933333333333333,0.18,-0.15333333333333332,0.82,0.18,0.6399999999999999,4.555555555555555,0.03333333333333333,0,0.4166666666666667,0,0.5166666666666667,1,0.03333333333333333,0,0.55,1,0.4833333333333334,1,0.45,0,-0.38333333333333336,0,0.55,1,0.45,0,0.10000000000000003,1,-0.03333333333333333,-0.4166666666666667,0.4833333333333333,-0.03333333333333333,0.44999999999999996,0.5166666666666666,-0.45,0.38333333333333336,0.44999999999999996,-0.45,0.8999999999999999,0.912751677852349,0.9076923076923077,1,0.16666666666666666
150trials_28,12500,-14750,-2250,0.10666666666666667,0.56,0.04,0.29333333333333333,0.14666666666666667,-0.06666666666666668,0.8533333333333334,-0.2666666666666667,0.3333333333333333,0.6666666666666667,-0.3333333333333334,0.49999999999999994,0.13333333333333333,0.08888888888888889,0.6166666666666667,0.5222222222222223,0.06666666666666667,0.022222222222222223,0.18333333333333332,0.36666666666666664,0.2,0.11111111111111112,-0.06666666666666667,-0.06666666666666667,0.8,0.8888888888888888,-0.43333333333333335,-0.1555555555555556,0.25,0.38888888888888884,0.75,0.6111111111111112,-0.5,-0.22222222222222232,-0.04444444444444444,-0.09444444444444444,-0.04444444444444444,0.18333333333333332,-0.08888888888888889,0,0.0888888888888888,0.27777777777777773,0.13888888888888884,-0.13888888888888884,0.2777777777777777,0.6040268456375839,0.038461538461538464,0.8571428571428571,0.5
150trials_29,14750,-18150,-3400,0.013333333333333334,0.9533333333333334,0.013333333333333334,0.02,0.02666666666666667,0,0.9733333333333334,-0.9333333333333333,0.03333333333333333,0.9666666666666667,-0.9333333333333333,0.034482758620689655,0.03333333333333333,0,0.8833333333333333,1,0.03333333333333333,0,0.05,0,0.06666666666666667,0,0,0,0.9333333333333333,1,-0.8333333333333333,-1,0.08333333333333334,0,0.9166666666666666,1,-0.8333333333333333,-1,-0.03333333333333333,0.1166666666666667,-0.03333333333333333,-0.05,-0.06666666666666667,0,0.06666666666666665,-0.16666666666666674,-0.08333333333333334,0.08333333333333337,-0.16666666666666674,0.9395973154362416,0.875,1,0.17647058823529413
150trials_3,10200,-9300,900,0.12666666666666668,0.23333333333333334,0.05333333333333334,0.5866666666666667,0.18000000000000002,-0.07333333333333333,0.8200000000000001,0.35333333333333333,0.64,0.36,0.28,1.777777777777778,0.08333333333333333,0.15555555555555556,0.2833333333333333,0.2,0.05,0.05555555555555555,0.5833333333333334,0.5888888888888889,0.13333333333333333,0.2111111111111111,-0.033333333333333326,-0.1,0.8666666666666667,0.788888888888889,0.30000000000000004,0.3888888888888889,0.6333333333333334,0.6444444444444445,0.36666666666666664,0.35555555555555557,0.2666666666666668,0.2888888888888889,0.07222222222222223,-0.08333333333333331,0.00555555555555555,0.005555555555555536,0.07777777777777778,-0.06666666666666668,-0.07777777777777772,0.08888888888888885,0.011111111111111072,-0.011111111111111072,0.022222222222222143,0.8389261744966443,0.30434782608695654,0.6666666666666666,0.5384615384615384
150trials_30,10650,-9950,700,0.08666666666666667,0.3333333333333333,0.10666666666666667,0.47333333333333333,0.19333333333333336,0.020000000000000004,0.8066666666666666,0.14,0.58,0.42,0.15999999999999998,1.380952380952381,0.13333333333333333,0.05555555555555555,0.55,0.18888888888888888,0.15,0.07777777777777778,0.16666666666666666,0.6777777777777778,0.2833333333333333,0.13333333333333333,0.016666666666666663,0.022222222222222227,0.7166666666666667,0.8666666666666667,-0.3833333333333334,0.48888888888888893,0.31666666666666665,0.7555555555555555,0.6833333333333333,0.24444444444444444,-0.3666666666666667,0.5111111111111111,-0.07777777777777778,-0.36111111111111116,-0.07222222222222222,0.5111111111111112,-0.15,0.005555555555555564,0.15000000000000002,0.8722222222222223,0.4388888888888889,-0.4388888888888889,0.8777777777777778,0.5503355704697986,0.28,1,0.2727272727272727
150trials_31,13050,-15250,-2200,0.22666666666666666,0.5133333333333333,0.04666666666666667,0.21333333333333335,0.2733333333333333,-0.18,0.7266666666666667,-0.29999999999999993,0.26,0.74,-0.48,0.35135135135135137,0.16666666666666666,0.26666666666666666,0.5833333333333334,0.4666666666666667,0.08333333333333333,0.022222222222222223,0.16666666666666666,0.24444444444444444,0.25,0.28888888888888886,-0.08333333333333333,-0.24444444444444444,0.75,0.7111111111111111,-0.41666666666666674,-0.22222222222222224,0.25,0.26666666666666666,0.75,0.7333333333333334,-0.5,-0.46666666666666673,0.1,-0.1166666666666667,-0.0611111111111111,0.07777777777777778,0.03888888888888886,-0.1611111111111111,-0.03888888888888886,0.1944444444444445,0.016666666666666663,-0.016666666666666607,0.03333333333333327,0.6912751677852349,0.3225806451612903,0.5625,0.375
150trials_32,12250,-13800,-1550,0.11333333333333333,0.52,0.20666666666666667,0.16,0.32,0.09333333333333334,0.68,-0.36,0.3666666666666667,0.6333333333333333,-0.2666666666666666,0.5789473684210527,0.08333333333333333,0.13333333333333333,0.8333333333333334,0.3111111111111111,0.03333333333333333,0.32222222222222224,0.05,0.23333333333333334,0.11666666666666667,0.4555555555555556,-0.049999999999999996,0.1888888888888889,0.8833333333333334,0.5444444444444445,-0.7833333333333333,-0.07777777777777778,0.08333333333333334,0.5555555555555556,0.9166666666666667,0.4444444444444444,-0.8333333333333334,0.11111111111111116,0.05,-0.5222222222222223,0.2888888888888889,0.18333333333333335,0.3388888888888889,0.2388888888888889,-0.3388888888888889,0.7055555555555555,0.4722222222222222,-0.4722222222222223,0.9444444444444445,0.7315436241610739,0.5714285714285714,0.6363636363636364,0.3684210526315789
150trials_33,11500,-12950,-1450,0.18666666666666668,0.3466666666666667,0.26,0.20666666666666667,0.44666666666666666,0.07333333333333333,0.5533333333333333,-0.14,0.4666666666666667,0.5333333333333333,-0.06666666666666665,0.875,0.21666666666666667,0.16666666666666666,0.3333333333333333,0.35555555555555557,0.21666666666666667,0.28888888888888886,0.23333333333333334,0.18888888888888888,0.43333333333333335,0.4555555555555555,0,0.1222222222222222,0.5666666666666667,0.5444444444444445,-0.09999999999999998,-0.16666666666666669,0.45,0.47777777777777775,0.55,0.5222222222222223,-0.10000000000000003,-0.04444444444444451,-0.05000000000000002,0.022222222222222254,0.07222222222222219,-0.04444444444444445,0.022222222222222143,0.1222222222222222,-0.022222222222222143,-0.06666666666666671,0.027777777777777735,-0.02777777777777779,0.055555555555555525,0.4899328859060403,0.38095238095238093,0.7857142857142857,0.45
150trials_34,8000,-5200,2800,0.013333333333333334,0.05333333333333334,0.92,0.013333333333333334,0.9333333333333333,0.9066666666666667,0.06666666666666667,-0.04,0.9333333333333333,0.06666666666666667,0.8666666666666667,14,0.03333333333333333,0,0.11666666666666667,0.011111111111111112,0.8166666666666667,0.9888888888888889,0.03333333333333333,0,0.85,0.9888888888888889,0.7833333333333333,0.9888888888888889,0.15,0.011111111111111112,-0.08333333333333334,-0.011111111111111112,0.85,0.9888888888888889,0.15,0.011111111111111112,0.7,0.9777777777777779,-0.03333333333333333,-0.10555555555555556,0.17222222222222228,-0.03333333333333333,0.13888888888888895,0.2055555555555556,-0.1388888888888889,0.07222222222222223,0.13888888888888895,-0.1388888888888889,0.2777777777777779,0.9261744966442953,0.9577464788732394,1,0.6666666666666666
150trials_35,14600,-18800,-4200,0.18,0.7666666666666667,0.02666666666666667,0.02666666666666667,0.20666666666666667,-0.15333333333333332,0.7933333333333333,-0.7400000000000001,0.05333333333333334,0.9466666666666668,-0.8933333333333334,0.05633802816901408,0.3333333333333333,0.07777777777777778,0.5833333333333334,0.8888888888888888,0.03333333333333333,0.022222222222222223,0.05,0.011111111111111112,0.36666666666666664,0.1,-0.3,-0.05555555555555555,0.6333333333333334,0.8999999999999999,-0.5333333333333333,-0.8777777777777778,0.08333333333333334,0.03333333333333333,0.9166666666666667,0.9666666666666666,-0.8333333333333334,-0.9333333333333332,-0.25555555555555554,0.30555555555555547,-0.01111111111111111,-0.03888888888888889,-0.2666666666666666,0.24444444444444444,0.2666666666666665,-0.34444444444444444,-0.05000000000000001,0.04999999999999982,-0.09999999999999987,0.8926174496644296,0.75,0.21428571428571427,0.038461538461538464
150trials_36,11850,-11650,200,0.2,0.38,0.10666666666666667,0.31333333333333335,0.3066666666666667,-0.09333333333333334,0.6933333333333334,-0.06666666666666665,0.42000000000000004,0.5800000000000001,-0.16000000000000003,0.7241379310344828,0.3,0.13333333333333333,0.23333333333333334,0.4777777777777778,0.11666666666666667,0.1,0.35,0.28888888888888886,0.41666666666666663,0.23333333333333334,-0.18333333333333332,-0.033333333333333326,0.5833333333333333,0.7666666666666666,0.11666666666666664,-0.18888888888888894,0.4666666666666667,0.38888888888888884,0.5333333333333333,0.6111111111111112,-0.06666666666666665,-0.22222222222222232,-0.16666666666666666,0.24444444444444446,-0.016666666666666663,-0.061111111111111116,-0.1833333333333333,0.15,0.18333333333333335,-0.3055555555555556,-0.07777777777777783,0.07777777777777783,-0.15555555555555567,0.5771812080536913,0.21875,0.6,0.35
150trials_37,10000,-8700,1300,0.08666666666666667,0.24666666666666667,0.24,0.4266666666666667,0.32666666666666666,0.15333333333333332,0.6733333333333333,0.18000000000000002,0.6666666666666667,0.33333333333333337,0.33333333333333337,2,0.11666666666666667,0.06666666666666667,0.38333333333333336,0.15555555555555556,0.18333333333333332,0.2777777777777778,0.31666666666666665,0.5,0.3,0.34444444444444444,0.06666666666666665,0.21111111111111114,0.7,0.6555555555555556,-0.06666666666666671,0.34444444444444444,0.5,0.7777777777777778,0.5,0.2222222222222222,0,0.5555555555555556,-0.05,-0.2277777777777778,0.09444444444444447,0.18333333333333335,0.04444444444444445,0.1444444444444445,-0.0444444444444444,0.41111111111111115,0.2777777777777778,-0.2777777777777778,0.5555555555555556,0.436241610738255,0.3333333333333333,1,0.5
150trials_38,7700,-5250,2450,0.013333333333333334,0.013333333333333334,0.9533333333333334,0.02,0.9666666666666667,0.9400000000000001,0.03333333333333333,0.006666666666666666,0.9733333333333334,0.02666666666666667,0.9466666666666668,36.5,0.03333333333333333,0,0.03333333333333333,0,0.8833333333333333,1,0.05,0,0.9166666666666666,1,0.85,1,0.08333333333333334,0,0.01666666666666667,0,0.9333333333333333,1,0.06666666666666667,0,0.8666666666666667,1,-0.03333333333333333,-0.03333333333333333,0.1166666666666667,-0.05,0.08333333333333337,0.15000000000000002,-0.08333333333333334,-0.01666666666666667,0.06666666666666665,-0.06666666666666667,0.1333333333333333,0.959731543624161,0.9459459459459459,1,0.6666666666666666
150trials_39,10800,-10700,100,0.12666666666666668,0.31333333333333335,0.3933333333333333,0.16666666666666666,0.52,0.2666666666666666,0.48,-0.1466666666666667,0.5599999999999999,0.44000000000000006,0.11999999999999988,1.2727272727272725,0.18333333333333332,0.08888888888888889,0.4166666666666667,0.24444444444444444,0.18333333333333332,0.5333333333333333,0.21666666666666667,0.13333333333333333,0.36666666666666664,0.6222222222222222,0,0.4444444444444444,0.6333333333333333,0.37777777777777777,-0.2,-0.1111111111111111,0.4,0.6666666666666666,0.6,0.3333333333333333,-0.19999999999999996,0.3333333333333333,-0.09444444444444443,-0.17222222222222225,0.35,-0.08333333333333334,0.2555555555555556,0.4444444444444444,-0.25555555555555554,0.0888888888888889,0.2666666666666666,-0.26666666666666666,0.5333333333333332,0.3624161073825503,0.45652173913043476,1,0.5714285714285714
150trials_4,8950,-6750,2200,0.12,0.07333333333333333,0.06666666666666667,0.74,0.18666666666666665,-0.05333333333333333,0.8133333333333334,0.6666666666666666,0.8066666666666666,0.19333333333333333,0.6133333333333333,4.172413793103448,0.2833333333333333,0.011111111111111112,0.18333333333333332,0,0.13333333333333333,0.022222222222222223,0.4,0.9666666666666667,0.41666666666666663,0.03333333333333333,-0.15,0.011111111111111112,0.5833333333333334,0.9666666666666667,0.2166666666666667,0.9666666666666667,0.5333333333333333,0.9888888888888889,0.4666666666666667,0.011111111111111112,0.06666666666666665,0.9777777777777779,-0.2722222222222222,-0.18333333333333332,-0.1111111111111111,0.5666666666666667,-0.3833333333333333,0.1611111111111111,0.3833333333333333,0.75,0.4555555555555556,-0.45555555555555555,0.9111111111111112,0.8389261744966443,0.4230769230769231,0.7,0.5454545454545454
150trials_40,11850,-11650,200,0.2,0.38,0.24,0.18,0.44,0.03999999999999998,0.56,-0.2,0.42,0.5800000000000001,-0.1600000000000001,0.7241379310344827,0.21666666666666667,0.18888888888888888,0.35,0.4,0.23333333333333334,0.24444444444444444,0.2,0.16666666666666666,0.45,0.43333333333333335,0.016666666666666663,0.05555555555555555,0.55,0.5666666666666667,-0.14999999999999997,-0.23333333333333336,0.43333333333333335,0.4111111111111111,0.5666666666666667,0.5888888888888889,-0.1333333333333333,-0.1777777777777778,-0.02777777777777779,0.050000000000000044,0.0111111111111111,-0.033333333333333354,-0.016666666666666663,0.03888888888888889,0.016666666666666607,-0.0833333333333334,-0.022222222222222254,0.022222222222222254,-0.04444444444444451,0.1610738255033557,0.25,1,0.55
150trials_41,11450,-11450,0,0.18,0.3466666666666667,0.24666666666666667,0.22666666666666666,0.42666666666666664,0.06666666666666668,0.5733333333333334,-0.12000000000000002,0.47333333333333333,0.5266666666666666,-0.05333333333333329,0.89873417721519,0.21666666666666667,0.15555555555555556,0.35,0.34444444444444444,0.3,0.2111111111111111,0.13333333333333333,0.28888888888888886,0.5166666666666666,0.3666666666666667,0.08333333333333331,0.05555555555555555,0.4833333333333333,0.6333333333333333,-0.21666666666666665,-0.05555555555555558,0.43333333333333335,0.5,0.5666666666666667,0.5,-0.1333333333333333,0,-0.061111111111111116,-0.005555555555555536,-0.08888888888888888,0.15555555555555553,-0.1499999999999999,-0.027777777777777762,0.15000000000000002,0.16111111111111107,0.06666666666666665,-0.06666666666666665,0.1333333333333333,0.3959731543624161,0.25,0.5714285714285714,0.21052631578947367
150trials_42,10400,-9850,550,0.12,0.26666666666666666,0.5333333333333333,0.08,0.6533333333333333,0.41333333333333333,0.3466666666666667,-0.18666666666666665,0.6133333333333333,0.38666666666666666,0.22666666666666663,1.586206896551724,0.2,0.06666666666666667,0.5,0.1111111111111111,0.2,0.7555555555555555,0.1,0.06666666666666667,0.4,0.8222222222222222,0,0.6888888888888889,0.6,0.17777777777777776,-0.4,-0.04444444444444444,0.30000000000000004,0.8222222222222222,0.7,0.17777777777777776,-0.3999999999999999,0.6444444444444444,-0.13333333333333336,-0.3888888888888889,0.5555555555555556,-0.03333333333333334,0.42222222222222217,0.6888888888888889,-0.4222222222222222,0.35555555555555557,0.5222222222222221,-0.5222222222222221,1.0444444444444443,0.825503355704698,0.7407407407407407,0.2222222222222222,0.15384615384615385
150trials_43,11000,-10200,800,0.12,0.3466666666666667,0.18666666666666668,0.3466666666666667,0.30666666666666664,0.06666666666666668,0.6933333333333334,0,0.5333333333333333,0.4666666666666667,0.06666666666666665,1.1428571428571428,0.16666666666666666,0.08888888888888889,0.3333333333333333,0.35555555555555557,0.16666666666666666,0.2,0.3333333333333333,0.35555555555555557,0.3333333333333333,0.2888888888888889,0,0.11111111111111112,0.6666666666666666,0.7111111111111111,0,0,0.5,0.5555555555555556,0.5,0.4444444444444445,0,0.1111111111111111,-0.07777777777777777,0.022222222222222254,0.033333333333333354,0.022222222222222254,-0.0444444444444444,0.11111111111111112,0.04444444444444451,0,0.05555555555555558,-0.055555555555555525,0.1111111111111111,0.14093959731543623,0.22580645161290322,1,0.9230769230769231
150trials_44,10650,-10850,-200,0.03333333333333333,0.38666666666666666,0.3,0.28,0.3333333333333333,0.26666666666666666,0.6666666666666667,-0.10666666666666663,0.5800000000000001,0.42,0.1600000000000001,1.3809523809523812,0.03333333333333333,0.03333333333333333,0.48333333333333334,0.32222222222222224,0.06666666666666667,0.45555555555555555,0.4166666666666667,0.18888888888888888,0.1,0.4888888888888889,0.03333333333333333,0.4222222222222222,0.9,0.5111111111111111,-0.06666666666666665,-0.13333333333333336,0.48333333333333334,0.6444444444444444,0.5166666666666667,0.35555555555555557,-0.03333333333333338,0.2888888888888888,0,-0.1611111111111111,0.3888888888888889,-0.2277777777777778,0.38888888888888884,0.3888888888888889,-0.38888888888888895,-0.06666666666666671,0.16111111111111104,-0.16111111111111115,0.3222222222222222,0.8187919463087249,0.4864864864864865,1,0.9
150trials_45,12800,-14100,-1300,0.16666666666666666,0.54,0.09333333333333334,0.2,0.26,-0.07333333333333332,0.74,-0.34,0.29333333333333333,0.7066666666666667,-0.41333333333333333,0.41509433962264153,0.2,0.14444444444444443,0.48333333333333334,0.5777777777777777,0.08333333333333333,0.1,0.23333333333333334,0.17777777777777778,0.2833333333333333,0.24444444444444444,-0.11666666666666668,-0.044444444444444425,0.7166666666666667,0.7555555555555555,-0.25,-0.3999999999999999,0.31666666666666665,0.2777777777777778,0.6833333333333333,0.7222222222222221,-0.3666666666666667,-0.4444444444444443,-0.05555555555555558,0.09444444444444439,0.016666666666666677,-0.05555555555555555,-0.03888888888888889,0.07222222222222226,0.03888888888888886,-0.1499999999999999,-0.03888888888888886,0.03888888888888875,-0.07777777777777761,0.5100671140939598,0.20689655172413793,0.75,0.5
150trials_46,7800,-5450,2350,0.02666666666666667,0.013333333333333334,0.14,0.82,0.16666666666666669,0.11333333333333334,0.8333333333333333,0.8066666666666666,0.96,0.04,0.9199999999999999,24,0,0.044444444444444446,0,0.022222222222222223,0.05,0.2,0.95,0.7333333333333333,0.05,0.24444444444444446,0.05,0.15555555555555556,0.95,0.7555555555555555,0.95,0.711111111111111,1,0.9333333333333333,0,0.06666666666666667,1,0.8666666666666667,0.044444444444444446,0.022222222222222223,0.15000000000000002,-0.21666666666666667,0.19444444444444448,0.10555555555555556,-0.19444444444444442,-0.23888888888888893,-0.06666666666666665,0.06666666666666667,-0.1333333333333333,0.7516778523489933,0.6,0,0.3333333333333333
150trials_47,10800,-10400,400,0.11333333333333333,0.32666666666666666,0.08666666666666667,0.47333333333333333,0.2,-0.026666666666666658,0.8,0.14666666666666667,0.56,0.44,0.12000000000000005,1.272727272727273,0.13333333333333333,0.1,0.2833333333333333,0.35555555555555557,0.08333333333333333,0.08888888888888889,0.5,0.45555555555555555,0.21666666666666667,0.18888888888888888,-0.05,-0.011111111111111113,0.7833333333333333,0.8111111111111111,0.21666666666666667,0.09999999999999998,0.5833333333333334,0.5444444444444444,0.41666666666666663,0.4555555555555556,0.16666666666666674,0.0888888888888888,-0.033333333333333326,0.07222222222222224,0.005555555555555564,-0.04444444444444445,-0.02777777777777779,0.03888888888888889,0.02777777777777779,-0.1166666666666667,-0.03888888888888897,0.03888888888888897,-0.07777777777777795,0.6174496644295302,0.038461538461538464,1,0.6153846153846154
150trials_48,11100,-10900,200,0.22,0.26,0.22666666666666666,0.29333333333333333,0.44666666666666666,0.006666666666666654,0.5533333333333333,0.033333333333333326,0.52,0.48,0.040000000000000036,1.0833333333333335,0.21666666666666667,0.2222222222222222,0.2833333333333333,0.24444444444444444,0.18333333333333332,0.25555555555555554,0.31666666666666665,0.2777777777777778,0.4,0.47777777777777775,-0.033333333333333354,0.033333333333333326,0.6,0.5222222222222223,0.033333333333333326,0.033333333333333354,0.5,0.5333333333333333,0.5,0.4666666666666667,0,0.06666666666666665,0.005555555555555536,-0.03888888888888889,0.07222222222222222,-0.03888888888888886,0.07777777777777772,0.06666666666666668,-0.07777777777777772,2.7755575615628914e-17,0.033333333333333326,-0.033333333333333326,0.06666666666666665,0.013422818791946308,0.17073170731707318,1,0.5
150trials_49,12100,-12250,-150,0.11333333333333333,0.5,0.16666666666666666,0.22,0.27999999999999997,0.05333333333333333,0.72,-0.28,0.38666666666666666,0.6133333333333333,-0.22666666666666663,0.6304347826086957,0.06666666666666667,0.14444444444444443,0.6333333333333333,0.4111111111111111,0.11666666666666667,0.2,0.18333333333333332,0.24444444444444444,0.18333333333333335,0.34444444444444444,0.05,0.05555555555555558,0.8166666666666667,0.6555555555555556,-0.44999999999999996,-0.16666666666666666,0.3,0.4444444444444444,0.7,0.5555555555555556,-0.39999999999999997,-0.11111111111111116,0.07777777777777777,-0.2222222222222222,0.08333333333333334,0.061111111111111116,0.1611111111111111,0.0055555555555555775,-0.1611111111111111,0.2833333333333333,0.14444444444444443,-0.14444444444444438,0.2888888888888888,0.5167785234899329,0.1,0.7777777777777778,0.3125
150trials_5,8200,-6300,1900,0.08666666666666667,0.006666666666666667,0.006666666666666667,0.9,0.09333333333333334,-0.08,0.9066666666666667,0.8933333333333333,0.9066666666666667,0.09333333333333334,0.8133333333333334,9.714285714285715,0.18333333333333332,0.022222222222222223,0.016666666666666666,0,0.016666666666666666,0,0.7833333333333333,0.9777777777777777,0.19999999999999998,0.022222222222222223,-0.16666666666666666,-0.022222222222222223,0.8,0.9777777777777777,0.7666666666666666,0.9777777777777777,0.8,0.9777777777777777,0.19999999999999998,0.022222222222222223,0.6000000000000001,0.9555555555555555,-0.1611111111111111,-0.016666666666666666,-0.016666666666666666,0.19444444444444442,-0.17777777777777776,0.14444444444444443,0.1777777777777777,0.21111111111111114,0.1777777777777777,-0.17777777777777776,0.3555555555555554,0.912751677852349,0.6190476190476191,0.3333333333333333,0.2857142857142857
150trials_50,12300,-13750,-1450,0.17333333333333334,0.4666666666666667,0.10666666666666667,0.25333333333333335,0.28,-0.06666666666666667,0.72,-0.21333333333333332,0.36000000000000004,0.64,-0.27999999999999997,0.5625,0.13333333333333333,0.2,0.6333333333333333,0.35555555555555557,0.06666666666666667,0.13333333333333333,0.16666666666666666,0.3111111111111111,0.2,0.33333333333333337,-0.06666666666666667,-0.06666666666666668,0.7999999999999999,0.6666666666666667,-0.4666666666666667,-0.04444444444444445,0.23333333333333334,0.4444444444444444,0.7666666666666666,0.5555555555555556,-0.5333333333333332,-0.11111111111111116,0.06666666666666668,-0.27777777777777773,0.06666666666666667,0.14444444444444446,0.13333333333333336,-1.3877787807814457e-17,-0.1333333333333332,0.4222222222222222,0.21111111111111108,-0.21111111111111103,0.42222222222222205,0.5369127516778524,0.21212121212121213,0.6923076923076923,0.4
150trials_51,11250,-10700,550,0.14,0.36,0.18666666666666668,0.31333333333333335,0.32666666666666666,0.04666666666666666,0.6733333333333333,-0.046666666666666634,0.5,0.5,0,1,0.16666666666666666,0.12222222222222222,0.35,0.36666666666666664,0.21666666666666667,0.16666666666666666,0.26666666666666666,0.34444444444444444,0.3833333333333333,0.28888888888888886,0.05000000000000002,0.04444444444444444,0.6166666666666667,0.711111111111111,-0.08333333333333331,-0.0222222222222222,0.48333333333333334,0.5111111111111111,0.5166666666666666,0.4888888888888889,-0.03333333333333327,0.0222222222222222,-0.04444444444444444,0.016666666666666663,-0.05000000000000002,0.07777777777777778,-0.09444444444444444,-0.0055555555555555775,0.09444444444444433,0.061111111111111116,0.027777777777777735,-0.027777777777777735,0.05555555555555547,0.3959731543624161,0.11764705882352941,1,0.5882352941176471
150trials_52,9200,-7950,1250,0.06666666666666667,0.16,0.17333333333333334,0.6,0.24,0.10666666666666667,0.76,0.43999999999999995,0.7733333333333333,0.22666666666666668,0.5466666666666666,3.411764705882353,0.16666666666666666,0,0.38333333333333336,0.011111111111111112,0.21666666666666667,0.14444444444444443,0.23333333333333334,0.8444444444444444,0.3833333333333333,0.14444444444444443,0.05000000000000002,0.14444444444444443,0.6166666666666667,0.8555555555555555,-0.15000000000000002,0.8333333333333334,0.45,0.9888888888888889,0.55,0.011111111111111112,-0.10000000000000003,0.9777777777777779,-0.16666666666666666,-0.37222222222222223,-0.07222222222222224,0.6111111111111112,-0.23888888888888887,0.09444444444444441,0.23888888888888882,0.9833333333333334,0.538888888888889,-0.538888888888889,1.077777777777778,0.6912751677852349,0.36666666666666664,1,0.25
150trials_53,11400,-11900,-500,0.20666666666666667,0.31333333333333335,0.13333333333333333,0.3466666666666667,0.33999999999999997,-0.07333333333333333,0.66,0.033333333333333326,0.48,0.52,-0.040000000000000036,0.923076923076923,0.26666666666666666,0.16666666666666666,0.45,0.2222222222222222,0.06666666666666667,0.17777777777777778,0.21666666666666667,0.43333333333333335,0.3333333333333333,0.34444444444444444,-0.2,0.011111111111111127,0.6666666666666667,0.6555555555555556,-0.23333333333333334,0.21111111111111114,0.2833333333333333,0.6111111111111112,0.7166666666666667,0.38888888888888884,-0.43333333333333335,0.22222222222222232,-0.1,-0.2277777777777778,0.11111111111111112,0.21666666666666667,0.011111111111111127,0.21111111111111114,-0.011111111111111183,0.4444444444444445,0.32777777777777783,-0.32777777777777783,0.6555555555555557,0.4697986577181208,0.2857142857142857,0.8125,0.6
150trials_54,11450,-10750,700,0.28,0.24666666666666667,0.20666666666666667,0.26666666666666666,0.4866666666666667,-0.07333333333333336,0.5133333333333333,0.01999999999999999,0.47333333333333333,0.5266666666666667,-0.0533333333333334,0.8987341772151898,0.21666666666666667,0.32222222222222224,0.31666666666666665,0.2,0.11666666666666667,0.26666666666666666,0.35,0.2111111111111111,0.33333333333333337,0.5888888888888889,-0.1,-0.05555555555555558,0.6666666666666666,0.4111111111111111,0.033333333333333326,0.0111111111111111,0.4666666666666667,0.47777777777777775,0.5333333333333333,0.5222222222222223,-0.06666666666666665,-0.04444444444444451,0.10555555555555557,-0.11666666666666664,0.15,-0.13888888888888887,0.25555555555555554,0.044444444444444425,-0.25555555555555554,-0.022222222222222227,0.011111111111111072,-0.011111111111111072,0.022222222222222143,0.3288590604026846,0.35714285714285715,0.8095238095238095,0.68
150trials_55,8850,-6400,2450,0.03333333333333333,0.14666666666666667,0.07333333333333333,0.7466666666666667,0.10666666666666666,0.04,0.8933333333333333,0.6000000000000001,0.8200000000000001,0.18,0.6400000000000001,4.555555555555556,0.05,0.022222222222222223,0.31666666666666665,0.03333333333333333,0.1,0.05555555555555555,0.5333333333333333,0.8888888888888888,0.15000000000000002,0.07777777777777778,0.05,0.033333333333333326,0.85,0.9222222222222222,0.21666666666666667,0.8555555555555555,0.6333333333333333,0.9444444444444444,0.36666666666666664,0.05555555555555555,0.26666666666666666,0.8888888888888888,-0.02777777777777778,-0.2833333333333333,-0.04444444444444445,0.3555555555555555,-0.07222222222222224,-0.016666666666666677,0.07222222222222219,0.6388888888888888,0.3111111111111111,-0.3111111111111111,0.6222222222222222,0.7516778523489933,0.3333333333333333,1,0.2
150trials_56,13000,-14650,-1650,0.12666666666666668,0.6066666666666667,0.09333333333333334,0.17333333333333334,0.22000000000000003,-0.03333333333333334,0.78,-0.43333333333333335,0.26666666666666666,0.7333333333333334,-0.46666666666666673,0.3636363636363636,0.03333333333333333,0.18888888888888888,0.8666666666666667,0.43333333333333335,0.06666666666666667,0.1111111111111111,0.03333333333333333,0.26666666666666666,0.1,0.3,0.03333333333333333,-0.07777777777777778,0.9,0.7,-0.8333333333333334,-0.16666666666666669,0.1,0.37777777777777777,0.9,0.6222222222222222,-0.8,-0.24444444444444446,0.15555555555555556,-0.43333333333333335,0.04444444444444444,0.23333333333333334,0.19999999999999998,-0.1111111111111111,-0.20000000000000007,0.6666666666666667,0.2777777777777778,-0.2777777777777778,0.5555555555555556,0.7785234899328859,0.35714285714285715,0.4444444444444444,0.16666666666666666
150trials_57,7500,-3750,3750,0,0,1,0,1,1,0,0,1,0,1,Inf,0,0,0,0,1,1,0,0,1,1,1,1,0,0,0,0,1,1,0,0,1,1,0,0,0,0,0,0,0,0,0,0,0,1,1,NA,NA
150trials_58,11800,-11950,-150,0.22,0.35333333333333333,0.22,0.20666666666666667,0.44,0,0.56,-0.14666666666666667,0.42666666666666664,0.5733333333333334,-0.14666666666666672,0.7441860465116278,0.2833333333333333,0.17777777777777778,0.3333333333333333,0.36666666666666664,0.18333333333333332,0.24444444444444444,0.2,0.2111111111111111,0.4666666666666667,0.4222222222222222,-0.1,0.06666666666666665,0.5333333333333333,0.5777777777777777,-0.1333333333333333,-0.15555555555555553,0.3833333333333333,0.45555555555555555,0.6166666666666667,0.5444444444444444,-0.2333333333333334,-0.08888888888888885,-0.10555555555555554,0.033333333333333326,0.061111111111111116,0.0111111111111111,-0.04444444444444445,0.16666666666666666,0.0444444444444444,-0.022222222222222227,0.07222222222222224,-0.0722222222222223,0.14444444444444454,0.4228187919463087,0.3,0.6470588235294118,0.45454545454545453
150trials_59,11000,-10850,150,0.13333333333333333,0.3333333333333333,0.16,0.37333333333333335,0.29333333333333333,0.026666666666666672,0.7066666666666667,0.040000000000000036,0.5333333333333333,0.4666666666666667,0.06666666666666665,1.1428571428571428,0.13333333333333333,0.13333333333333333,0.3333333333333333,0.3333333333333333,0.13333333333333333,0.17777777777777778,0.4,0.35555555555555557,0.26666666666666666,0.3111111111111111,0,0.04444444444444445,0.7333333333333334,0.6888888888888889,0.06666666666666671,0.022222222222222254,0.5333333333333333,0.5333333333333333,0.4666666666666667,0.4666666666666667,0.06666666666666665,0.06666666666666665,0,0,0.04444444444444445,-0.04444444444444445,0.04444444444444445,0.04444444444444445,-0.04444444444444451,-0.04444444444444445,0,0,0,0.10067114093959731,0.125,0.9,0.6666666666666666
150trials_6,12200,-13700,-1500,0.32,0.30666666666666664,0.14,0.23333333333333334,0.46,-0.18,0.54,-0.0733333333333333,0.37333333333333335,0.6266666666666667,-0.25333333333333335,0.5957446808510638,0.3333333333333333,0.3111111111111111,0.4166666666666667,0.23333333333333334,0.1,0.16666666666666666,0.15,0.28888888888888886,0.43333333333333335,0.47777777777777775,-0.2333333333333333,-0.14444444444444446,0.5666666666666667,0.5222222222222221,-0.2666666666666667,0.055555555555555525,0.25,0.4555555555555555,0.75,0.5444444444444445,-0.5,-0.08888888888888902,-0.0222222222222222,-0.18333333333333335,0.06666666666666665,0.13888888888888887,0.0444444444444444,0.08888888888888885,-0.04444444444444451,0.32222222222222224,0.2055555555555555,-0.2055555555555555,0.411111111111111,0.5167785234899329,0.38095238095238093,0.36363636363636365,0.07407407407407407
150trials_60,8450,-5500,2950,0.04666666666666667,0.08,0.78,0.09333333333333334,0.8266666666666667,0.7333333333333334,0.17333333333333334,0.013333333333333336,0.8733333333333334,0.12666666666666668,0.7466666666666667,6.894736842105263,0.11666666666666667,0,0.2,0,0.45,1,0.23333333333333334,0,0.5666666666666667,1,0.33333333333333337,1,0.43333333333333335,0,0.033333333333333326,0,0.6833333333333333,1,0.31666666666666665,0,0.3666666666666667,1,-0.11666666666666667,-0.2,0.55,-0.23333333333333334,0.43333333333333335,0.6666666666666666,-0.43333333333333335,-0.033333333333333326,0.31666666666666665,-0.31666666666666665,0.6333333333333333,0.8926174496644296,0.873015873015873,1,0.6
150trials_61,11550,-11300,250,0.18666666666666668,0.35333333333333333,0.16,0.3,0.3466666666666667,-0.026666666666666672,0.6533333333333333,-0.053333333333333344,0.45999999999999996,0.54,-0.08000000000000007,0.8518518518518517,0.16666666666666666,0.2,0.35,0.35555555555555557,0.16666666666666666,0.15555555555555556,0.31666666666666665,0.28888888888888886,0.3333333333333333,0.35555555555555557,0,-0.04444444444444445,0.6666666666666666,0.6444444444444444,-0.033333333333333326,-0.06666666666666671,0.4833333333333333,0.4444444444444444,0.5166666666666666,0.5555555555555556,-0.033333333333333326,-0.11111111111111116,0.033333333333333354,0.005555555555555591,-0.0111111111111111,-0.02777777777777779,0.022222222222222254,-0.04444444444444445,-0.022222222222222254,-0.03333333333333338,-0.03888888888888886,0.03888888888888897,-0.07777777777777783,0.10067114093959731,0.17647058823529413,1,0.7368421052631579
150trials_62,12200,-12700,-500,0.19333333333333333,0.43333333333333335,0.12666666666666668,0.24666666666666667,0.32,-0.06666666666666665,0.68,-0.18666666666666668,0.37333333333333335,0.6266666666666667,-0.25333333333333335,0.5957446808510638,0.23333333333333334,0.16666666666666666,0.35,0.4888888888888889,0.15,0.1111111111111111,0.26666666666666666,0.23333333333333334,0.3833333333333333,0.2777777777777778,-0.08333333333333334,-0.05555555555555555,0.6166666666666667,0.7222222222222222,-0.08333333333333331,-0.25555555555555554,0.41666666666666663,0.34444444444444444,0.5833333333333333,0.6555555555555556,-0.16666666666666663,-0.3111111111111111,-0.06666666666666668,0.1388888888888889,-0.03888888888888889,-0.033333333333333326,-0.10555555555555551,0.02777777777777779,0.10555555555555551,-0.17222222222222222,-0.07222222222222219,0.0722222222222223,-0.1444444444444445,0.42953020134228187,0.2727272727272727,0.8666666666666667,0.5238095238095238
150trials_63,10200,-8100,2100,0.11333333333333333,0.24666666666666667,0.4266666666666667,0.21333333333333335,0.54,0.31333333333333335,0.46,-0.033333333333333326,0.64,0.36,0.28,1.777777777777778,0.18333333333333332,0.06666666666666667,0.48333333333333334,0.08888888888888889,0.18333333333333332,0.5888888888888889,0.15,0.25555555555555554,0.36666666666666664,0.6555555555555556,0,0.5222222222222223,0.6333333333333333,0.34444444444444444,-0.33333333333333337,0.16666666666666663,0.3333333333333333,0.8444444444444444,0.6666666666666666,0.15555555555555556,-0.3333333333333333,0.6888888888888889,-0.11666666666666665,-0.39444444444444443,0.40555555555555556,0.10555555555555554,0.2888888888888889,0.5222222222222223,-0.28888888888888886,0.5,0.5111111111111111,-0.5111111111111111,1.0222222222222221,0.7449664429530202,0.6739130434782609,0.5,0.18181818181818182
150trials_64,9350,-7100,2250,0.03333333333333333,0.21333333333333335,0.14,0.6133333333333333,0.17333333333333334,0.10666666666666669,0.8266666666666667,0.3999999999999999,0.7533333333333333,0.24666666666666667,0.5066666666666666,3.054054054054054,0.06666666666666667,0.011111111111111112,0.2,0.2222222222222222,0.16666666666666666,0.12222222222222222,0.5666666666666667,0.6444444444444445,0.23333333333333334,0.13333333333333333,0.09999999999999999,0.1111111111111111,0.7666666666666666,0.8666666666666667,0.36666666666666664,0.4222222222222223,0.7333333333333333,0.7666666666666667,0.26666666666666666,0.2333333333333333,0.4666666666666666,0.5333333333333334,-0.05555555555555555,0.0222222222222222,-0.04444444444444444,0.07777777777777783,-0.1,0.011111111111111113,0.10000000000000009,0.055555555555555636,0.03333333333333344,-0.033333333333333354,0.06666666666666682,0.4899328859060403,0.16666666666666666,1,0.8
150trials_65,12050,-13600,-1550,0.03333333333333333,0.5733333333333334,0.02666666666666667,0.36666666666666664,0.06,-0.0066666666666666645,0.94,-0.20666666666666672,0.3933333333333333,0.6066666666666667,-0.21333333333333337,0.6483516483516483,0.08333333333333333,0,0.4166666666666667,0.6777777777777778,0.06666666666666667,0,0.43333333333333335,0.32222222222222224,0.15,0,-0.016666666666666663,0,0.8500000000000001,1,0.016666666666666663,-0.35555555555555557,0.5,0.32222222222222224,0.5,0.6777777777777778,0,-0.35555555555555557,-0.08333333333333333,0.2611111111111111,-0.06666666666666667,-0.1111111111111111,-0.15,0.016666666666666663,0.1499999999999999,-0.37222222222222223,-0.17777777777777776,0.1777777777777778,-0.35555555555555557,0.5369127516778524,0.35,1,0.3076923076923077
150trials_66,11100,-10700,400,0.2,0.28,0.26,0.26,0.46,0.06,0.54,-0.020000000000000018,0.52,0.48000000000000004,0.03999999999999998,1.0833333333333333,0.25,0.16666666666666666,0.3,0.26666666666666666,0.23333333333333334,0.2777777777777778,0.21666666666666667,0.28888888888888886,0.48333333333333334,0.4444444444444444,-0.016666666666666663,0.11111111111111113,0.5166666666666666,0.5555555555555556,-0.08333333333333331,0.0222222222222222,0.45,0.5666666666666667,0.55,0.43333333333333335,-0.10000000000000003,0.1333333333333333,-0.08333333333333334,-0.033333333333333326,0.04444444444444445,0.07222222222222219,-0.03888888888888892,0.1277777777777778,0.03888888888888897,0.10555555555555551,0.11666666666666664,-0.1166666666666667,0.23333333333333334,0.1476510067114094,0.2682926829268293,0.8571428571428571,0.5555555555555556
150trials_67,11150,-10750,400,0.19333333333333333,0.29333333333333333,0.3933333333333333,0.12,0.5866666666666667,0.19999999999999998,0.41333333333333333,-0.17333333333333334,0.5133333333333333,0.4866666666666667,0.026666666666666616,1.0547945205479452,0.26666666666666666,0.14444444444444443,0.31666666666666665,0.2777777777777778,0.25,0.4888888888888889,0.16666666666666666,0.08888888888888889,0.5166666666666666,0.6333333333333333,-0.016666666666666663,0.34444444444444444,0.4833333333333333,0.3666666666666667,-0.15,-0.18888888888888888,0.41666666666666663,0.5777777777777777,0.5833333333333333,0.4222222222222222,-0.16666666666666663,0.1555555555555555,-0.12222222222222223,-0.03888888888888886,0.23888888888888887,-0.07777777777777777,0.1166666666666667,0.3611111111111111,-0.11666666666666659,-0.03888888888888889,0.1611111111111111,-0.16111111111111104,0.32222222222222213,0.6912751677852349,0.68,0.125,0.1
150trials_68,11850,-11750,100,0.14,0.44,0.12,0.3,0.26,-0.020000000000000018,0.74,-0.14,0.42,0.5800000000000001,-0.1600000000000001,0.7241379310344827,0.16666666666666666,0.12222222222222222,0.4,0.4666666666666667,0.18333333333333332,0.07777777777777778,0.25,0.3333333333333333,0.35,0.2,0.016666666666666663,-0.04444444444444444,0.65,0.8,-0.15000000000000002,-0.13333333333333336,0.43333333333333335,0.4111111111111111,0.5666666666666667,0.5888888888888889,-0.1333333333333333,-0.1777777777777778,-0.04444444444444444,0.06666666666666665,-0.10555555555555554,0.08333333333333331,-0.14999999999999997,-0.0611111111111111,0.15000000000000002,0.016666666666666663,-0.022222222222222254,0.022222222222222254,-0.04444444444444451,0.348993288590604,0.13793103448275862,0.9090909090909091,0.6470588235294118
150trials_69,9200,-7300,1900,0.02666666666666667,0.2,0.006666666666666667,0.7666666666666667,0.03333333333333333,-0.02,0.9666666666666668,0.5666666666666667,0.7733333333333334,0.22666666666666668,0.5466666666666667,3.4117647058823533,0.06666666666666667,0,0.15,0.23333333333333334,0.016666666666666666,0,0.7666666666666667,0.7666666666666667,0.08333333333333333,0,-0.05,0,0.9166666666666667,1,0.6166666666666667,0.5333333333333334,0.7833333333333334,0.7666666666666667,0.21666666666666667,0.23333333333333334,0.5666666666666668,0.5333333333333334,-0.06666666666666667,0.08333333333333334,-0.016666666666666666,0,-0.08333333333333333,0.05,0.08333333333333326,-0.08333333333333326,-0.01666666666666672,0.016666666666666663,-0.033333333333333326,0.7114093959731543,0.5625,0.5,0.6
150trials_7,10300,-9850,450,0.06,0.31333333333333335,0.28,0.3466666666666667,0.34,0.22000000000000003,0.66,0.033333333333333326,0.6266666666666667,0.37333333333333335,0.25333333333333335,1.6785714285714286,0.06666666666666667,0.05555555555555555,0.3,0.32222222222222224,0.4,0.2,0.23333333333333334,0.4222222222222222,0.4666666666666667,0.25555555555555554,0.33333333333333337,0.14444444444444446,0.5333333333333333,0.7444444444444445,-0.06666666666666665,0.09999999999999998,0.6333333333333333,0.6222222222222222,0.36666666666666664,0.37777777777777777,0.26666666666666666,0.24444444444444446,-0.011111111111111113,0.022222222222222254,-0.2,0.18888888888888888,-0.21111111111111114,-0.1888888888888889,0.21111111111111114,0.16666666666666663,-0.011111111111111072,0.011111111111111127,-0.0222222222222222,0.7114093959731543,0.5277777777777778,0.6666666666666666,0.2
150trials_70,9750,-8750,1000,0.10666666666666667,0.19333333333333333,0.44,0.26,0.5466666666666666,0.3333333333333333,0.45333333333333337,0.06666666666666668,0.7,0.3,0.39999999999999997,2.3333333333333335,0.18333333333333332,0.05555555555555555,0.45,0.022222222222222223,0.1,0.6666666666666666,0.26666666666666666,0.25555555555555554,0.2833333333333333,0.7222222222222222,-0.08333333333333331,0.611111111111111,0.7166666666666667,0.27777777777777773,-0.18333333333333335,0.2333333333333333,0.3666666666666667,0.9222222222222222,0.6333333333333333,0.07777777777777778,-0.2666666666666666,0.8444444444444443,-0.12777777777777777,-0.4277777777777778,0.5666666666666667,-0.011111111111111127,0.4388888888888889,0.6944444444444444,-0.43888888888888894,0.41666666666666663,0.5555555555555555,-0.5555555555555556,1.111111111111111,0.738255033557047,0.6458333333333334,0.6666666666666666,0.4166666666666667
150trials_71,8400,-5950,2450,0.06,0.06,0.6466666666666666,0.23333333333333334,0.7066666666666666,0.5866666666666667,0.29333333333333333,0.17333333333333334,0.8799999999999999,0.12,0.7599999999999999,7.333333333333333,0.1,0.03333333333333333,0.06666666666666667,0.05555555555555555,0.6833333333333333,0.6222222222222222,0.15,0.28888888888888886,0.7833333333333333,0.6555555555555556,0.5833333333333334,0.5888888888888889,0.21666666666666667,0.34444444444444444,0.08333333333333333,0.2333333333333333,0.8333333333333334,0.9111111111111111,0.16666666666666669,0.08888888888888888,0.6666666666666667,0.8222222222222222,-0.06666666666666668,-0.011111111111111113,-0.061111111111111116,0.13888888888888887,-0.12777777777777777,0.005555555555555536,0.12777777777777777,0.14999999999999997,0.07777777777777772,-0.0777777777777778,0.15555555555555545,0.7986577181208053,0.8103448275862069,0.4,0.3333333333333333
150trials_72,10600,-10350,250,0.17333333333333334,0.24,0.5333333333333333,0.05333333333333334,0.7066666666666667,0.36,0.29333333333333333,-0.18666666666666665,0.5866666666666667,0.41333333333333333,0.17333333333333334,1.4193548387096775,0.3333333333333333,0.06666666666666667,0.48333333333333334,0.07777777777777778,0.05,0.8555555555555555,0.13333333333333333,0,0.3833333333333333,0.9222222222222222,-0.2833333333333333,0.7888888888888889,0.6166666666666667,0.07777777777777778,-0.35,-0.07777777777777778,0.18333333333333335,0.8555555555555555,0.8166666666666667,0.14444444444444443,-0.6333333333333333,0.711111111111111,-0.26666666666666666,-0.40555555555555556,0.8055555555555555,-0.13333333333333333,0.5388888888888889,1.0722222222222222,-0.538888888888889,0.2722222222222222,0.6722222222222222,-0.6722222222222223,1.3444444444444443,0.7986577181208053,0.7894736842105263,0.38461538461538464,0.23529411764705882
150trials_73,11900,-11700,200,0.26666666666666666,0.32,0.18666666666666668,0.22666666666666666,0.45333333333333337,-0.07999999999999999,0.5466666666666666,-0.09333333333333335,0.41333333333333333,0.5866666666666667,-0.17333333333333334,0.7045454545454546,0.4,0.17777777777777778,0.13333333333333333,0.4444444444444444,0.16666666666666666,0.2,0.3,0.17777777777777778,0.5666666666666667,0.37777777777777777,-0.23333333333333336,0.022222222222222227,0.43333333333333335,0.6222222222222222,0.16666666666666666,-0.2666666666666666,0.4666666666666667,0.37777777777777777,0.5333333333333333,0.6222222222222222,-0.06666666666666665,-0.24444444444444446,-0.22222222222222224,0.3111111111111111,0.033333333333333354,-0.1222222222222222,-0.18888888888888888,0.2555555555555556,0.18888888888888888,-0.43333333333333324,-0.0888888888888889,0.0888888888888889,-0.1777777777777778,0.6442953020134228,0.4634146341463415,0.45,0.16666666666666666
150trials_74,10200,-10050,150,0.13333333333333333,0.22666666666666666,0.4866666666666667,0.15333333333333332,0.62,0.3533333333333334,0.38,-0.07333333333333333,0.64,0.36,0.28,1.777777777777778,0.26666666666666666,0.044444444444444446,0.3333333333333333,0.15555555555555556,0.25,0.6444444444444445,0.15,0.15555555555555556,0.5166666666666666,0.6888888888888889,-0.016666666666666663,0.6000000000000001,0.4833333333333333,0.3111111111111111,-0.18333333333333332,0,0.4,0.8,0.6,0.2,-0.19999999999999996,0.6000000000000001,-0.2222222222222222,-0.17777777777777776,0.3944444444444445,0.005555555555555564,0.17222222222222228,0.6166666666666667,-0.17222222222222217,0.18333333333333332,0.4,-0.39999999999999997,0.8,0.7919463087248322,0.6730769230769231,0.4,0.5
150trials_75,10250,-9000,1250,0.07333333333333333,0.29333333333333333,0.35333333333333333,0.28,0.42666666666666664,0.28,0.5733333333333334,-0.013333333333333308,0.6333333333333333,0.3666666666666667,0.2666666666666666,1.727272727272727,0.16666666666666666,0.011111111111111112,0.4166666666666667,0.2111111111111111,0.2,0.45555555555555555,0.21666666666666667,0.32222222222222224,0.3666666666666667,0.4666666666666667,0.033333333333333354,0.4444444444444444,0.6333333333333333,0.5333333333333333,-0.2,0.11111111111111113,0.4166666666666667,0.7777777777777778,0.5833333333333334,0.2222222222222222,-0.16666666666666669,0.5555555555555556,-0.15555555555555556,-0.20555555555555557,0.25555555555555554,0.10555555555555557,0.09999999999999998,0.4111111111111111,-0.09999999999999998,0.3111111111111111,0.3611111111111111,-0.36111111111111116,0.7222222222222223,0.37583892617449666,0.4146341463414634,1,0.5
150trials_76,11100,-11000,100,0.07333333333333333,0.4066666666666667,0.11333333333333333,0.4066666666666667,0.18666666666666665,0.039999999999999994,0.8133333333333334,0,0.52,0.48,0.040000000000000036,1.0833333333333335,0.06666666666666667,0.07777777777777778,0.4,0.4111111111111111,0.18333333333333332,0.06666666666666667,0.35,0.4444444444444444,0.25,0.14444444444444443,0.11666666666666665,-0.011111111111111113,0.75,0.8555555555555555,-0.050000000000000044,0.033333333333333326,0.5333333333333333,0.5111111111111111,0.4666666666666667,0.4888888888888889,0.06666666666666665,0.0222222222222222,0.011111111111111113,0.011111111111111072,-0.11666666666666665,0.09444444444444444,-0.10555555555555557,-0.12777777777777777,0.10555555555555551,0.08333333333333337,-0.022222222222222254,0.0222222222222222,-0.04444444444444445,0.2684563758389262,0.11538461538461539,1,0.5833333333333334
150trials_77,10300,-8750,1550,0.20666666666666667,0.16666666666666666,0.15333333333333332,0.47333333333333333,0.36,-0.053333333333333344,0.64,0.30666666666666664,0.6266666666666667,0.3733333333333333,0.2533333333333334,1.6785714285714288,0.2833333333333333,0.15555555555555556,0.25,0.1111111111111111,0.2,0.12222222222222222,0.26666666666666666,0.6111111111111112,0.48333333333333334,0.2777777777777778,-0.08333333333333331,-0.03333333333333334,0.5166666666666666,0.7222222222222223,0.016666666666666663,0.5,0.4666666666666667,0.7333333333333334,0.5333333333333333,0.26666666666666666,-0.06666666666666665,0.46666666666666673,-0.12777777777777777,-0.1388888888888889,-0.07777777777777779,0.3444444444444445,-0.20555555555555555,0.049999999999999975,0.2055555555555557,0.48333333333333334,0.2666666666666667,-0.26666666666666666,0.5333333333333334,0.3959731543624161,0.3055555555555556,0.6875,0.5555555555555556
150trials_78,10650,-9950,700,0.16666666666666666,0.25333333333333335,0.07333333333333333,0.5066666666666667,0.24,-0.09333333333333332,0.76,0.25333333333333335,0.5800000000000001,0.42000000000000004,0.16000000000000003,1.380952380952381,0.2,0.14444444444444443,0.31666666666666665,0.2111111111111111,0.13333333333333333,0.03333333333333333,0.35,0.6111111111111112,0.33333333333333337,0.17777777777777776,-0.06666666666666668,-0.1111111111111111,0.6666666666666666,0.8222222222222223,0.033333333333333326,0.4,0.4833333333333333,0.6444444444444445,0.5166666666666666,0.3555555555555555,-0.033333333333333326,0.288888888888889,-0.05555555555555558,-0.10555555555555554,-0.1,0.2611111111111112,-0.1555555555555556,-0.044444444444444425,0.15555555555555567,0.3666666666666667,0.1611111111111112,-0.1611111111111111,0.3222222222222223,0.5973154362416108,0.25,0.5,0.4375
150trials_79,9750,-8550,1200,0.10666666666666667,0.19333333333333333,0.56,0.14,0.6666666666666667,0.45333333333333337,0.33333333333333337,-0.053333333333333316,0.7000000000000001,0.3,0.4000000000000001,2.3333333333333335,0.13333333333333333,0.08888888888888889,0.38333333333333336,0.06666666666666667,0.15,0.8333333333333334,0.3333333333333333,0.011111111111111112,0.2833333333333333,0.9222222222222223,0.016666666666666663,0.7444444444444445,0.7166666666666667,0.07777777777777778,-0.050000000000000044,-0.05555555555555555,0.4833333333333333,0.8444444444444444,0.5166666666666667,0.15555555555555556,-0.03333333333333344,0.6888888888888889,-0.04444444444444444,-0.3166666666666667,0.6833333333333333,-0.3222222222222222,0.638888888888889,0.7277777777777779,-0.6388888888888888,-0.005555555555555508,0.36111111111111116,-0.36111111111111116,0.7222222222222223,0.610738255033557,0.6363636363636364,1,0.6363636363636364
150trials_8,7500,-3750,3750,0,0,1,0,1,1,0,0,1,0,1,Inf,0,0,0,0,1,1,0,0,1,1,1,1,0,0,0,0,1,1,0,0,1,1,0,0,0,0,0,0,0,0,0,0,0,1,1,NA,1
150trials_80,9600,-7450,2150,0.03333333333333333,0.24666666666666667,0.6666666666666666,0.05333333333333334,0.7,0.6333333333333333,0.3,-0.19333333333333333,0.72,0.28,0.43999999999999995,2.571428571428571,0.08333333333333333,0,0.6166666666666667,0,0.21666666666666667,0.9666666666666667,0.08333333333333333,0.03333333333333333,0.3,0.9666666666666667,0.13333333333333336,0.9666666666666667,0.7000000000000001,0.03333333333333333,-0.5333333333333333,0.03333333333333333,0.3,1,0.7000000000000001,0,-0.4000000000000001,1,-0.08333333333333333,-0.6166666666666667,0.75,-0.049999999999999996,0.6666666666666667,0.8333333333333333,-0.6666666666666667,0.5666666666666667,0.7,-0.7000000000000001,1.4000000000000001,0.87248322147651,0.8245614035087719,1,0.5714285714285714
150trials_81,12600,-14450,-1850,0.10666666666666667,0.5733333333333334,0.16666666666666666,0.15333333333333332,0.2733333333333333,0.059999999999999984,0.7266666666666667,-0.42000000000000004,0.31999999999999995,0.68,-0.3600000000000001,0.47058823529411753,0.1,0.1111111111111111,0.43333333333333335,0.6666666666666666,0.2833333333333333,0.08888888888888889,0.18333333333333332,0.13333333333333333,0.3833333333333333,0.2,0.18333333333333332,-0.022222222222222213,0.6166666666666667,0.7999999999999999,-0.25,-0.5333333333333333,0.4666666666666667,0.2222222222222222,0.5333333333333333,0.7777777777777777,-0.06666666666666665,-0.5555555555555555,0.0111111111111111,0.23333333333333328,-0.19444444444444442,-0.04999999999999999,-0.1833333333333333,-0.20555555555555555,0.18333333333333324,-0.2833333333333333,-0.24444444444444446,0.24444444444444435,-0.4888888888888888,0.5906040268456376,0.27586206896551724,0.7777777777777778,0.3333333333333333
150trials_82,11250,-11300,-50,0.10666666666666667,0.3933333333333333,0.03333333333333333,0.4666666666666667,0.14,-0.07333333333333333,0.86,0.07333333333333336,0.5,0.5,0,1,0.15,0.07777777777777778,0.3,0.45555555555555555,0.03333333333333333,0.03333333333333333,0.5166666666666667,0.43333333333333335,0.18333333333333332,0.1111111111111111,-0.11666666666666667,-0.044444444444444446,0.8166666666666667,0.8888888888888888,0.21666666666666673,-0.0222222222222222,0.55,0.4666666666666667,0.44999999999999996,0.5333333333333333,0.10000000000000009,-0.06666666666666665,-0.07222222222222222,0.15555555555555556,0,-0.08333333333333337,-0.07222222222222222,0.07222222222222222,0.07222222222222219,-0.23888888888888893,-0.08333333333333337,0.08333333333333337,-0.16666666666666674,0.6644295302013423,0.21739130434782608,0.8333333333333334,0.5833333333333334
150trials_83,11650,-12950,-1300,0.26666666666666666,0.2866666666666667,0.17333333333333334,0.2733333333333333,0.44,-0.09333333333333332,0.56,-0.013333333333333364,0.44666666666666666,0.5533333333333333,-0.10666666666666669,0.8072289156626505,0.3,0.24444444444444444,0.23333333333333334,0.32222222222222224,0.16666666666666666,0.17777777777777778,0.3,0.25555555555555554,0.4666666666666667,0.4222222222222222,-0.13333333333333333,-0.06666666666666665,0.5333333333333333,0.5777777777777777,0.06666666666666665,-0.06666666666666671,0.4666666666666667,0.43333333333333335,0.5333333333333333,0.5666666666666667,-0.06666666666666665,-0.1333333333333333,-0.05555555555555555,0.0888888888888889,0.011111111111111127,-0.04444444444444445,-0.04444444444444445,0.06666666666666668,0.0444444444444444,-0.13333333333333336,-0.033333333333333326,0.033333333333333326,-0.06666666666666665,0.053691275167785234,0.19047619047619047,0.9,0.48
150trials_84,12100,-13100,-1000,0.15333333333333332,0.46,0.10666666666666667,0.28,0.26,-0.04666666666666665,0.74,-0.18,0.3866666666666667,0.6133333333333333,-0.22666666666666657,0.6304347826086958,0.16666666666666666,0.14444444444444443,0.48333333333333334,0.4444444444444444,0.13333333333333333,0.08888888888888889,0.21666666666666667,0.32222222222222224,0.3,0.23333333333333334,-0.033333333333333326,-0.05555555555555554,0.7,0.7666666666666666,-0.26666666666666666,-0.12222222222222218,0.35,0.41111111111111115,0.65,0.5888888888888888,-0.30000000000000004,-0.17777777777777765,-0.022222222222222227,-0.03888888888888892,-0.04444444444444444,0.10555555555555557,-0.06666666666666665,-0.022222222222222213,0.06666666666666665,0.1444444444444445,0.06111111111111117,-0.06111111111111123,0.1222222222222224,0.3624161073825503,0.034482758620689655,1,0.5
150trials_85,10900,-11550,-650,0.16,0.29333333333333333,0.17333333333333334,0.37333333333333335,0.33333333333333337,0.013333333333333336,0.6666666666666667,0.08000000000000002,0.5466666666666666,0.45333333333333337,0.09333333333333327,1.2058823529411764,0.18333333333333332,0.14444444444444443,0.38333333333333336,0.23333333333333334,0.21666666666666667,0.14444444444444443,0.21666666666666667,0.4777777777777778,0.4,0.28888888888888886,0.033333333333333354,0,0.6000000000000001,0.7111111111111111,-0.16666666666666669,0.24444444444444446,0.43333333333333335,0.6222222222222222,0.5666666666666667,0.37777777777777777,-0.1333333333333333,0.24444444444444446,-0.03888888888888889,-0.15000000000000002,-0.07222222222222224,0.2611111111111111,-0.11111111111111116,-0.033333333333333354,0.11111111111111105,0.41111111111111115,0.18888888888888888,-0.18888888888888888,0.37777777777777777,0.2684563758389262,0.05714285714285714,0.9230769230769231,0.6111111111111112
150trials_86,7800,-5750,2050,0.03333333333333333,0.006666666666666667,0.9333333333333333,0.02666666666666667,0.9666666666666667,0.9,0.03333333333333333,0.02,0.96,0.04,0.9199999999999999,24,0.08333333333333333,0,0.016666666666666666,0,0.8333333333333334,1,0.06666666666666667,0,0.9166666666666667,1,0.75,1,0.08333333333333333,0,0.05,0,0.9,1,0.09999999999999999,0,0.8,1,-0.08333333333333333,-0.016666666666666666,0.16666666666666663,-0.06666666666666667,0.08333333333333326,0.25,-0.08333333333333333,-0.05,0.09999999999999998,-0.09999999999999999,0.19999999999999996,0.9328859060402684,0.918918918918919,0.6666666666666666,0.5
150trials_87,11100,-11400,-300,0.15333333333333332,0.32666666666666666,0.42,0.1,0.5733333333333333,0.26666666666666666,0.42666666666666664,-0.22666666666666666,0.52,0.48,0.040000000000000036,1.0833333333333335,0.18333333333333332,0.13333333333333333,0.13333333333333333,0.45555555555555555,0.43333333333333335,0.4111111111111111,0.25,0,0.6166666666666667,0.5444444444444444,0.25,0.2777777777777778,0.3833333333333333,0.45555555555555555,0.11666666666666667,-0.45555555555555555,0.6833333333333333,0.4111111111111111,0.31666666666666665,0.5888888888888889,0.3666666666666667,-0.1777777777777778,-0.04999999999999999,0.3222222222222222,-0.022222222222222254,-0.25,-0.0722222222222223,0.02777777777777779,0.07222222222222224,-0.5722222222222222,-0.27222222222222225,0.27222222222222225,-0.5444444444444445,0.610738255033557,0.56,0.5833333333333334,0.17647058823529413
150trials_88,11450,-10700,750,0.22,0.30666666666666664,0.2,0.2733333333333333,0.42000000000000004,-0.01999999999999999,0.58,-0.033333333333333326,0.47333333333333333,0.5266666666666666,-0.05333333333333329,0.89873417721519,0.16666666666666666,0.25555555555555554,0.4166666666666667,0.23333333333333334,0.13333333333333333,0.24444444444444444,0.2833333333333333,0.26666666666666666,0.3,0.5,-0.033333333333333326,-0.0111111111111111,0.7,0.5,-0.13333333333333336,0.033333333333333326,0.41666666666666663,0.5111111111111111,0.5833333333333334,0.4888888888888889,-0.16666666666666674,0.0222222222222222,0.08888888888888888,-0.18333333333333335,0.1111111111111111,-0.016666666666666663,0.2,0.022222222222222227,-0.19999999999999996,0.16666666666666669,0.09444444444444444,-0.0944444444444445,0.18888888888888894,0.19463087248322147,0.10526315789473684,0.875,0.45
150trials_89,10350,-8700,1650,0.13333333333333333,0.24666666666666667,0.11333333333333333,0.5066666666666667,0.24666666666666665,-0.020000000000000004,0.7533333333333334,0.26,0.62,0.38,0.24,1.631578947368421,0.18333333333333332,0.1,0.4166666666666667,0.13333333333333333,0.16666666666666666,0.07777777777777778,0.23333333333333334,0.6888888888888889,0.35,0.17777777777777778,-0.016666666666666663,-0.022222222222222227,0.65,0.8222222222222222,-0.18333333333333335,0.5555555555555556,0.4,0.7666666666666666,0.6,0.23333333333333334,-0.19999999999999996,0.5333333333333332,-0.08333333333333331,-0.2833333333333333,-0.08888888888888888,0.45555555555555555,-0.1722222222222222,-0.005555555555555564,0.17222222222222217,0.7388888888888889,0.3666666666666666,-0.36666666666666664,0.7333333333333332,0.5570469798657718,0.20689655172413793,1,0.6153846153846154
150trials_9,11750,-11800,-50,0.14,0.4266666666666667,0.23333333333333334,0.2,0.37333333333333335,0.09333333333333332,0.6266666666666667,-0.22666666666666668,0.43333333333333335,0.5666666666666667,-0.1333333333333333,0.7647058823529412,0.08333333333333333,0.17777777777777778,0.65,0.2777777777777778,0.16666666666666666,0.2777777777777778,0.1,0.26666666666666666,0.25,0.4555555555555556,0.08333333333333333,0.1,0.75,0.5444444444444445,-0.55,-0.011111111111111127,0.26666666666666666,0.5444444444444445,0.7333333333333334,0.4555555555555556,-0.46666666666666673,0.0888888888888889,0.09444444444444446,-0.37222222222222223,0.11111111111111113,0.16666666666666666,0.2055555555555556,0.016666666666666677,-0.2055555555555555,0.538888888888889,0.27777777777777785,-0.2777777777777778,0.5555555555555556,0.35570469798657717,0.22857142857142856,0.9090909090909091,0.11764705882352941
150trials_90,9900,-8500,1400,0.10666666666666667,0.21333333333333335,0.5466666666666666,0.13333333333333333,0.6533333333333333,0.43999999999999995,0.3466666666666667,-0.08000000000000002,0.6799999999999999,0.32,0.35999999999999993,2.1249999999999996,0.18333333333333332,0.05555555555555555,0.3333333333333333,0.13333333333333333,0.23333333333333334,0.7555555555555555,0.25,0.05555555555555555,0.41666666666666663,0.8111111111111111,0.05000000000000002,0.7,0.5833333333333333,0.18888888888888888,-0.08333333333333331,-0.07777777777777778,0.48333333333333334,0.8111111111111111,0.5166666666666666,0.18888888888888888,-0.03333333333333327,0.6222222222222222,-0.12777777777777777,-0.19999999999999998,0.5222222222222221,-0.19444444444444445,0.3944444444444445,0.6499999999999999,-0.3944444444444444,0.005555555555555536,0.3277777777777778,-0.3277777777777777,0.6555555555555554,0.6711409395973155,0.6666666666666666,0.8888888888888888,0.5
150trials_91,10500,-9400,1100,0.18,0.22,0.21333333333333335,0.38666666666666666,0.3933333333333333,0.033333333333333354,0.6066666666666667,0.16666666666666666,0.6,0.4,0.19999999999999996,1.4999999999999998,0.2,0.16666666666666666,0.18333333333333332,0.24444444444444444,0.23333333333333334,0.2,0.38333333333333336,0.3888888888888889,0.43333333333333335,0.3666666666666667,0.033333333333333326,0.033333333333333354,0.5666666666666667,0.6333333333333333,0.20000000000000004,0.14444444444444446,0.6166666666666667,0.5888888888888889,0.3833333333333333,0.4111111111111111,0.2333333333333334,0.1777777777777778,-0.033333333333333354,0.061111111111111116,-0.033333333333333326,0.005555555555555536,-0.06666666666666665,2.7755575615628914e-17,0.06666666666666665,-0.05555555555555558,-0.02777777777777779,0.02777777777777779,-0.05555555555555558,0.48322147651006714,0.2972972972972973,0.5714285714285714,0.35294117647058826
150trials_92,12550,-14500,-1950,0.16,0.5133333333333333,0.12666666666666668,0.2,0.2866666666666667,-0.033333333333333326,0.7133333333333334,-0.3133333333333333,0.32666666666666666,0.6733333333333333,-0.3466666666666667,0.48514851485148514,0.2,0.13333333333333333,0.5,0.5222222222222223,0.13333333333333333,0.12222222222222222,0.16666666666666666,0.2222222222222222,0.33333333333333337,0.25555555555555554,-0.06666666666666668,-0.011111111111111113,0.6666666666666666,0.7444444444444445,-0.33333333333333337,-0.30000000000000004,0.3,0.34444444444444444,0.7,0.6555555555555556,-0.39999999999999997,-0.3111111111111111,-0.06666666666666668,0.022222222222222254,-0.011111111111111113,0.05555555555555555,-0.07777777777777783,0.055555555555555566,0.07777777777777783,0.033333333333333326,0.04444444444444445,-0.0444444444444444,0.08888888888888885,0.49664429530201343,0.0625,0.6923076923076923,0.3333333333333333
150trials_93,10300,-8750,1550,0.26666666666666666,0.10666666666666667,0.4666666666666667,0.16,0.7333333333333334,0.2,0.26666666666666666,0.05333333333333333,0.6266666666666667,0.37333333333333335,0.25333333333333335,1.6785714285714286,0.5333333333333333,0.08888888888888889,0.08333333333333333,0.12222222222222222,0.15,0.6777777777777778,0.23333333333333334,0.1111111111111111,0.6833333333333333,0.7666666666666667,-0.3833333333333333,0.5888888888888889,0.31666666666666665,0.23333333333333334,0.15000000000000002,-0.011111111111111113,0.3833333333333333,0.788888888888889,0.6166666666666667,0.2111111111111111,-0.2333333333333334,0.5777777777777778,-0.4444444444444444,0.03888888888888889,0.5277777777777778,-0.12222222222222223,0.08333333333333337,0.9722222222222222,-0.08333333333333331,-0.16111111111111115,0.40555555555555567,-0.40555555555555556,0.8111111111111112,0.6442953020134228,0.7758620689655172,0.45,0.38095238095238093
150trials_94,12150,-11850,300,0.16,0.46,0.08666666666666667,0.29333333333333333,0.24666666666666667,-0.07333333333333333,0.7533333333333334,-0.16666666666666669,0.38,0.62,-0.24,0.6129032258064516,0.1,0.2,0.31666666666666665,0.5555555555555556,0.11666666666666667,0.06666666666666667,0.4666666666666667,0.17777777777777778,0.21666666666666667,0.26666666666666666,0.016666666666666663,-0.13333333333333336,0.7833333333333333,0.7333333333333334,0.15000000000000002,-0.37777777777777777,0.5833333333333334,0.24444444444444446,0.41666666666666663,0.7555555555555555,0.16666666666666674,-0.5111111111111111,0.1,0.23888888888888893,-0.05,-0.28888888888888886,0.04999999999999999,-0.15000000000000002,-0.04999999999999993,-0.5277777777777778,-0.3388888888888889,0.3388888888888889,-0.6777777777777778,0.7248322147651006,0.17857142857142858,0.75,0.3333333333333333
150trials_95,9300,-7150,2150,0.03333333333333333,0.20666666666666667,0.30666666666666664,0.4533333333333333,0.33999999999999997,0.2733333333333333,0.6599999999999999,0.24666666666666665,0.76,0.24,0.52,3.166666666666667,0.08333333333333333,0,0.31666666666666665,0.13333333333333333,0.2,0.37777777777777777,0.4,0.4888888888888889,0.2833333333333333,0.37777777777777777,0.11666666666666668,0.37777777777777777,0.7166666666666667,0.6222222222222222,0.08333333333333337,0.3555555555555555,0.6000000000000001,0.8666666666666667,0.39999999999999997,0.13333333333333333,0.20000000000000012,0.7333333333333334,-0.08333333333333333,-0.18333333333333332,0.17777777777777776,0.08888888888888885,0.09444444444444444,0.26111111111111107,-0.09444444444444444,0.27222222222222214,0.2666666666666666,-0.2666666666666666,0.5333333333333332,0.3959731543624161,0.48484848484848486,1,0.4
150trials_96,9350,-7900,1450,0.12,0.12666666666666668,0.24666666666666667,0.5066666666666667,0.3666666666666667,0.12666666666666668,0.6333333333333334,0.38,0.7533333333333334,0.24666666666666667,0.5066666666666667,3.0540540540540544,0.13333333333333333,0.1111111111111111,0.11666666666666667,0.13333333333333333,0.35,0.17777777777777778,0.4,0.5777777777777777,0.4833333333333333,0.28888888888888886,0.21666666666666665,0.06666666666666668,0.5166666666666667,0.711111111111111,0.2833333333333333,0.4444444444444444,0.75,0.7555555555555555,0.25,0.24444444444444444,0.5,0.5111111111111111,-0.022222222222222227,0.016666666666666663,-0.1722222222222222,0.1777777777777777,-0.19444444444444442,-0.14999999999999997,0.1944444444444443,0.1611111111111111,0.005555555555555536,-0.005555555555555564,0.011111111111111072,0.2751677852348993,0.21621621621621623,1,1
150trials_97,10250,-9050,1200,0.16666666666666666,0.2,0.29333333333333333,0.34,0.45999999999999996,0.12666666666666668,0.54,0.14,0.6333333333333333,0.3666666666666667,0.2666666666666666,1.727272727272727,0.2,0.14444444444444443,0.26666666666666666,0.15555555555555556,0.2833333333333333,0.3,0.25,0.4,0.48333333333333334,0.4444444444444444,0.08333333333333331,0.15555555555555556,0.5166666666666666,0.5555555555555556,-0.016666666666666663,0.24444444444444446,0.5333333333333333,0.7,0.4666666666666667,0.3,0.06666666666666665,0.39999999999999997,-0.05555555555555558,-0.1111111111111111,0.016666666666666663,0.15000000000000002,-0.03888888888888892,0.07222222222222224,0.03888888888888897,0.2611111111111111,0.16666666666666663,-0.16666666666666669,0.3333333333333333,0.174496644295302,0.24390243902439024,1,0.5333333333333333
150trials_98,13250,-15050,-1800,0.07333333333333333,0.6933333333333334,0.04,0.19333333333333333,0.11333333333333334,-0.03333333333333333,0.8866666666666667,-0.5,0.23333333333333334,0.7666666666666667,-0.5333333333333334,0.3043478260869565,0.08333333333333333,0.06666666666666667,0.7666666666666667,0.6444444444444445,0.05,0.03333333333333333,0.1,0.25555555555555554,0.13333333333333333,0.1,-0.033333333333333326,-0.03333333333333333,0.8666666666666667,0.9,-0.6666666666666667,-0.38888888888888895,0.15000000000000002,0.28888888888888886,0.8500000000000001,0.7111111111111111,-0.7000000000000001,-0.4222222222222223,-0.016666666666666663,-0.12222222222222223,-0.01666666666666667,0.15555555555555553,-0.033333333333333326,-6.938893903907228e-18,0.033333333333333326,0.2777777777777778,0.13888888888888884,-0.13888888888888895,0.2777777777777778,0.7181208053691275,0.4090909090909091,0.6666666666666666,0.1875
95trials_1,5800,-4650,1150,0.12631578947368421,0.09473684210526316,0.031578947368421054,0.7473684210526316,0.15789473684210525,-0.09473684210526316,0.8421052631578947,0.6526315789473685,0.7789473684210526,0.2210526315789474,0.5578947368421052,3.5238095238095233,0.21052631578947367,0.07017543859649122,0.23684210526315788,0,0.07894736842105263,0,0.47368421052631576,0.9298245614035088,0.2894736842105263,0.07017543859649122,-0.13157894736842105,-0.07017543859649122,0.7105263157894737,0.9298245614035088,0.23684210526315788,0.9298245614035088,0.5526315789473684,0.9298245614035088,0.4473684210526315,0.07017543859649122,0.10526315789473684,0.8596491228070176,-0.14035087719298245,-0.23684210526315788,-0.07894736842105263,0.456140350877193,-0.2192982456140351,0.06140350877192982,0.2192982456140351,0.6929824561403509,0.3771929824561404,-0.3771929824561403,0.7543859649122807,0.7872340425531915,0.21428571428571427,1,0.8571428571428571
95trials_10,5900,-4425,1475,0.031578947368421054,0.21052631578947367,0.12631578947368421,0.631578947368421,0.15789473684210525,0.09473684210526316,0.8421052631578947,0.42105263157894735,0.7578947368421052,0.2421052631578947,0.5157894736842105,3.130434782608696,0.07894736842105263,0,0.39473684210526316,0.08771929824561403,0.13157894736842105,0.12280701754385964,0.39473684210526316,0.7894736842105263,0.21052631578947367,0.12280701754385964,0.05263157894736842,0.12280701754385964,0.7894736842105263,0.8771929824561404,0,0.7017543859649122,0.5263157894736842,0.9122807017543859,0.4736842105263158,0.08771929824561403,0.05263157894736836,0.8245614035087718,-0.07894736842105263,-0.30701754385964913,-0.008771929824561403,0.39473684210526316,-0.08771929824561403,0.07017543859649122,0.08771929824561409,0.7017543859649122,0.38596491228070173,-0.3859649122807018,0.7719298245614035,0.46808510638297873,0.21428571428571427,1,0.3333333333333333
95trials_11,7450,-7800,-350,0.14736842105263157,0.42105263157894735,0.09473684210526316,0.3368421052631579,0.2421052631578947,-0.052631578947368404,0.7578947368421052,-0.08421052631578946,0.43157894736842106,0.5684210526315789,-0.13684210526315788,0.7592592592592593,0.21052631578947367,0.10526315789473684,0.47368421052631576,0.38596491228070173,0.15789473684210525,0.05263157894736842,0.15789473684210525,0.45614035087719296,0.3684210526315789,0.15789473684210525,-0.05263157894736842,-0.05263157894736842,0.631578947368421,0.8421052631578947,-0.3157894736842105,0.07017543859649122,0.3157894736842105,0.5087719298245614,0.6842105263157894,0.49122807017543857,-0.36842105263157887,0.01754385964912286,-0.10526315789473684,-0.08771929824561403,-0.10526315789473684,0.2982456140350877,-0.21052631578947367,0,0.21052631578947367,0.38596491228070173,0.19298245614035092,-0.1929824561403508,0.38596491228070173,0.4574468085106383,0.11764705882352941,0.16666666666666666,0.4
95trials_12,7600,-7925,-325,0.15789473684210525,0.4421052631578947,0.17894736842105263,0.22105263157894736,0.3368421052631579,0.02105263157894738,0.6631578947368421,-0.22105263157894736,0.4,0.6,-0.19999999999999996,0.6666666666666667,0.13157894736842105,0.17543859649122806,0.3684210526315789,0.49122807017543857,0.23684210526315788,0.14035087719298245,0.2631578947368421,0.19298245614035087,0.3684210526315789,0.3157894736842105,0.10526315789473684,-0.03508771929824561,0.631578947368421,0.6842105263157894,-0.10526315789473684,-0.2982456140350877,0.5,0.3333333333333333,0.5,0.6666666666666666,0,-0.3333333333333333,0.043859649122807015,0.12280701754385964,-0.09649122807017543,-0.07017543859649122,-0.05263157894736842,-0.14035087719298245,0.05263157894736836,-0.19298245614035087,-0.16666666666666669,0.16666666666666663,-0.3333333333333333,0.3191489361702128,0.09523809523809523,1,0.6153846153846154
95trials_13,6800,-6350,450,0.11578947368421053,0.3157894736842105,0.14736842105263157,0.42105263157894735,0.2631578947368421,0.03157894736842104,0.7368421052631579,0.10526315789473684,0.5684210526315789,0.43157894736842106,0.13684210526315788,1.3170731707317074,0.18421052631578946,0.07017543859649122,0.39473684210526316,0.2631578947368421,0.13157894736842105,0.15789473684210525,0.2894736842105263,0.5087719298245614,0.3157894736842105,0.22807017543859648,-0.05263157894736842,0.08771929824561403,0.6842105263157895,0.7719298245614035,-0.10526315789473684,0.24561403508771934,0.42105263157894735,0.6666666666666667,0.5789473684210527,0.3333333333333333,-0.1578947368421053,0.3333333333333334,-0.11403508771929824,-0.13157894736842107,0.02631578947368421,0.2192982456140351,-0.08771929824561403,0.14035087719298245,0.08771929824561397,0.3508771929824562,0.2456140350877194,-0.24561403508771934,0.49122807017543874,0.40425531914893614,0.16666666666666666,1,0.375
95trials_14,7300,-7725,-425,0.14736842105263157,0.3894736842105263,0.17894736842105263,0.28421052631578947,0.3263157894736842,0.03157894736842107,0.6736842105263158,-0.10526315789473684,0.4631578947368421,0.5368421052631579,-0.0736842105263158,0.8627450980392156,0.15789473684210525,0.14035087719298245,0.3684210526315789,0.40350877192982454,0.18421052631578946,0.17543859649122806,0.2894736842105263,0.2807017543859649,0.3421052631578947,0.3157894736842105,0.02631578947368421,0.03508771929824561,0.6578947368421053,0.6842105263157894,-0.0789473684210526,-0.12280701754385964,0.4736842105263158,0.45614035087719296,0.5263157894736842,0.5438596491228069,-0.05263157894736836,-0.08771929824561397,-0.017543859649122806,0.03508771929824561,-0.008771929824561403,-0.00877192982456143,-0.02631578947368418,0.008771929824561403,0.02631578947368407,-0.04385964912280704,-0.01754385964912286,0.01754385964912275,-0.03508771929824561,0.14893617021276595,0.05,1,0.2727272727272727
95trials_15,6300,-5850,450,0.14736842105263157,0.17894736842105263,0.24210526315789474,0.43157894736842106,0.3894736842105263,0.09473684210526317,0.6105263157894737,0.25263157894736843,0.6736842105263158,0.3263157894736842,0.34736842105263155,2.064516129032258,0.21052631578947367,0.10526315789473684,0.2631578947368421,0.12280701754385964,0.18421052631578946,0.2807017543859649,0.34210526315789475,0.49122807017543857,0.39473684210526316,0.38596491228070173,-0.02631578947368421,0.17543859649122806,0.6052631578947368,0.6140350877192982,0.07894736842105265,0.3684210526315789,0.5263157894736842,0.7719298245614035,0.47368421052631576,0.22807017543859648,0.05263157894736842,0.5438596491228069,-0.10526315789473684,-0.14035087719298245,0.09649122807017543,0.14912280701754382,-0.00877192982456143,0.20175438596491227,0.00877192982456132,0.28947368421052627,0.24561403508771928,-0.24561403508771928,0.4912280701754385,0.5957446808510638,0.2727272727272727,0.42857142857142855,0.3333333333333333
95trials_2,7250,-7925,-675,0.25263157894736843,0.2736842105263158,0.12631578947368421,0.3473684210526316,0.37894736842105264,-0.12631578947368421,0.6210526315789474,0.0736842105263158,0.4736842105263158,0.5263157894736843,-0.052631578947368474,0.8999999999999999,0.2631578947368421,0.24561403508771928,0.39473684210526316,0.19298245614035087,0.13157894736842105,0.12280701754385964,0.21052631578947367,0.43859649122807015,0.39473684210526316,0.3684210526315789,-0.13157894736842105,-0.12280701754385964,0.6052631578947368,0.631578947368421,-0.1842105263157895,0.24561403508771928,0.3421052631578947,0.5614035087719298,0.6578947368421053,0.43859649122807015,-0.3157894736842106,0.12280701754385964,-0.017543859649122806,-0.2017543859649123,-0.008771929824561403,0.22807017543859648,-0.026315789473684237,0.008771929824561403,0.02631578947368418,0.4298245614035088,0.2192982456140351,-0.21929824561403516,0.43859649122807026,0.5638297872340425,0.34782608695652173,0.4166666666666667,0.26666666666666666
95trials_3,7100,-7850,-750,0.12631578947368421,0.3684210526315789,0.10526315789473684,0.4,0.23157894736842105,-0.02105263157894738,0.7684210526315789,0.031578947368421095,0.5052631578947369,0.49473684210526314,0.010526315789473717,1.021276595744681,0.21052631578947367,0.07017543859649122,0.42105263157894735,0.3333333333333333,0.15789473684210525,0.07017543859649122,0.21052631578947367,0.5263157894736842,0.3684210526315789,0.14035087719298245,-0.05263157894736842,0,0.631578947368421,0.8596491228070176,-0.21052631578947367,0.19298245614035087,0.3684210526315789,0.5964912280701754,0.631578947368421,0.40350877192982454,-0.2631578947368421,0.19298245614035087,-0.14035087719298245,-0.08771929824561403,-0.08771929824561403,0.3157894736842105,-0.22807017543859648,0.05263157894736842,0.22807017543859653,0.40350877192982454,0.22807017543859648,-0.22807017543859648,0.45614035087719296,0.5425531914893617,0.16666666666666666,0.3333333333333333,0.4
95trials_4,7000,-7525,-525,0.11578947368421053,0.35789473684210527,0.12631578947368421,0.4,0.24210526315789474,0.01052631578947369,0.7578947368421053,0.04210526315789476,0.5263157894736843,0.4736842105263158,0.052631578947368474,1.1111111111111112,0.15789473684210525,0.08771929824561403,0.42105263157894735,0.3157894736842105,0.07894736842105263,0.15789473684210525,0.34210526315789475,0.43859649122807015,0.23684210526315788,0.24561403508771928,-0.07894736842105263,0.07017543859649122,0.763157894736842,0.7543859649122806,-0.0789473684210526,0.12280701754385964,0.42105263157894735,0.5964912280701754,0.5789473684210527,0.40350877192982454,-0.1578947368421053,0.19298245614035087,-0.07017543859649122,-0.10526315789473684,0.07894736842105263,0.0964912280701754,0.008771929824561403,0.14912280701754385,-0.00877192982456143,0.20175438596491224,0.17543859649122806,-0.17543859649122812,0.3508771929824562,0.48936170212765956,0.2222222222222222,0.8,0.2222222222222222
95trials_5,6450,-6350,100,0.10526315789473684,0.25263157894736843,0.15789473684210525,0.4842105263157895,0.2631578947368421,0.05263157894736842,0.736842105263158,0.23157894736842105,0.6421052631578947,0.35789473684210527,0.28421052631578947,1.7941176470588236,0.15789473684210525,0.07017543859649122,0.2894736842105263,0.22807017543859648,0.15789473684210525,0.15789473684210525,0.39473684210526316,0.543859649122807,0.3157894736842105,0.22807017543859648,0,0.08771929824561403,0.6842105263157895,0.7719298245614035,0.10526315789473684,0.31578947368421056,0.5526315789473684,0.7017543859649122,0.4473684210526316,0.2982456140350877,0.10526315789473678,0.40350877192982454,-0.08771929824561403,-0.06140350877192985,0,0.14912280701754388,-0.08771929824561403,0.08771929824561403,0.08771929824561397,0.21052631578947373,0.14912280701754388,-0.14912280701754388,0.29824561403508776,0.5106382978723404,0.16666666666666666,1,0.125
95trials_6,5950,-4700,1250,0.06315789473684211,0.18947368421052632,0.21052631578947367,0.5368421052631579,0.27368421052631575,0.14736842105263157,0.7263157894736842,0.34736842105263155,0.7473684210526316,0.25263157894736843,0.49473684210526314,2.958333333333333,0.13157894736842105,0.017543859649122806,0.2894736842105263,0.12280701754385964,0.23684210526315788,0.19298245614035087,0.34210526315789475,0.6666666666666666,0.3684210526315789,0.21052631578947367,0.10526315789473684,0.17543859649122806,0.631578947368421,0.7894736842105263,0.05263157894736842,0.5438596491228069,0.5789473684210527,0.8596491228070176,0.42105263157894735,0.14035087719298245,0.1578947368421053,0.7192982456140351,-0.11403508771929824,-0.16666666666666669,-0.043859649122807015,0.3245614035087719,-0.15789473684210525,0.07017543859649122,0.1578947368421053,0.4912280701754385,0.2807017543859649,-0.2807017543859649,0.5614035087719298,0.39361702127659576,0.2222222222222222,1,0.5
95trials_7,7250,-7400,-150,0.2,0.3263157894736842,0.08421052631578947,0.3894736842105263,0.28421052631578947,-0.11578947368421054,0.7157894736842105,0.06315789473684208,0.47368421052631576,0.5263157894736843,-0.05263157894736853,0.8999999999999998,0.15789473684210525,0.22807017543859648,0.34210526315789475,0.3157894736842105,0.13157894736842105,0.05263157894736842,0.3684210526315789,0.40350877192982454,0.2894736842105263,0.2807017543859649,-0.02631578947368421,-0.17543859649122806,0.7105263157894737,0.7192982456140351,0.02631578947368418,0.08771929824561403,0.5,0.45614035087719296,0.5,0.5438596491228069,0,-0.08771929824561397,0.07017543859649122,-0.026315789473684237,-0.07894736842105263,0.03508771929824561,-0.00877192982456143,-0.14912280701754385,0.00877192982456143,0.06140350877192985,-0.04385964912280704,0.04385964912280693,-0.08771929824561397,0.35106382978723405,0.21052631578947367,0.6,0.23076923076923078
95trials_8,6750,-6600,150,0.12631578947368421,0.29473684210526313,0.10526315789473684,0.47368421052631576,0.23157894736842105,-0.02105263157894738,0.7684210526315789,0.17894736842105263,0.5789473684210527,0.42105263157894735,0.1578947368421053,1.3750000000000002,0.21052631578947367,0.07017543859649122,0.34210526315789475,0.2631578947368421,0.15789473684210525,0.07017543859649122,0.2894736842105263,0.5964912280701754,0.3684210526315789,0.14035087719298245,-0.05263157894736842,0,0.631578947368421,0.8596491228070176,-0.05263157894736842,0.3333333333333333,0.4473684210526316,0.6666666666666666,0.5526315789473684,0.3333333333333333,-0.10526315789473678,0.3333333333333333,-0.14035087719298245,-0.07894736842105265,-0.08771929824561403,0.3070175438596491,-0.22807017543859648,0.05263157894736842,0.22807017543859653,0.38596491228070173,0.21929824561403505,-0.21929824561403505,0.4385964912280701,0.32978723404255317,0.058823529411764705,0.8333333333333334,0.2222222222222222
95trials_9,6950,-7525,-575,0.10526315789473684,0.35789473684210527,0.12631578947368421,0.4105263157894737,0.23157894736842105,0.02105263157894738,0.7684210526315789,0.05263157894736842,0.5368421052631579,0.4631578947368421,0.0736842105263158,1.1590909090909092,0.10526315789473684,0.10526315789473684,0.3684210526315789,0.3508771929824561,0.13157894736842105,0.12280701754385964,0.39473684210526316,0.42105263157894735,0.23684210526315788,0.22807017543859648,0.02631578947368421,0.017543859649122806,0.763157894736842,0.7719298245614035,0.026315789473684237,0.07017543859649122,0.5263157894736842,0.5438596491228069,0.47368421052631576,0.45614035087719296,0.05263157894736842,0.08771929824561397,0,-0.017543859649122806,-0.008771929824561403,0.02631578947368418,-0.008771929824561403,-0.008771929824561403,0.00877192982456143,0.04385964912280699,0.01754385964912275,-0.017543859649122806,0.03508771929824556,0.3404255319148936,0.2222222222222222,1,0.5555555555555556
