id,total_won,total_lost,total_balance,C_plus_D_minus_A_plus_B_blocks_5_block_1,C_plus_D_minus_A_plus_B_blocks_5_block_2,C_plus_D_minus_A_plus_B_blocks_5_block_3,C_plus_D_minus_A_plus_B_blocks_5_block_4,C_plus_D_minus_A_plus_B_blocks_5_block_5,C_plus_D_minus_A_plus_B_blocks_5_block_6,C_plus_D_minus_A_plus_B_blocks_5_block_7,C_plus_D_minus_A_plus_B_blocks_5_block_8,C_plus_D_minus_A_plus_B_blocks_5_block_9,C_plus_D_minus_A_plus_B_blocks_5_block_10,C_plus_D_minus_A_plus_B_blocks_5_block_11,C_plus_D_minus_A_plus_B_blocks_5_block_12,C_plus_D_minus_A_plus_B_blocks_5_block_13,C_plus_D_minus_A_plus_B_blocks_5_block_14,C_plus_D_minus_A_plus_B_blocks_5_block_15,C_plus_D_minus_A_plus_B_blocks_5_block_16,C_plus_D_minus_A_plus_B_blocks_5_block_17,C_plus_D_minus_A_plus_B_blocks_5_block_18,C_plus_D_minus_A_plus_B_blocks_5_block_19,C_plus_D_minus_A_plus_B_blocks_5_block_20,C_plus_D_minus_A_plus_B_blocks_10_block_1,C_plus_D_minus_A_plus_B_blocks_10_block_2,C_plus_D_minus_A_plus_B_blocks_10_block_3,C_plus_D_minus_A_plus_B_blocks_10_block_4,C_plus_D_minus_A_plus_B_blocks_10_block_5,C_plus_D_minus_A_plus_B_blocks_10_block_6,C_plus_D_minus_A_plus_B_blocks_10_block_7,C_plus_D_minus_A_plus_B_blocks_10_block_8,C_plus_D_minus_A_plus_B_blocks_10_block_9,C_plus_D_minus_A_plus_B_blocks_10_block_10,C_plus_D_minus_A_plus_B_blocks_16_block_1,C_plus_D_minus_A_plus_B_blocks_16_block_2,C_plus_D_minus_A_plus_B_blocks_16_block_3,C_plus_D_minus_A_plus_B_blocks_16_block_4,C_plus_D_minus_A_plus_B_blocks_16_block_5,C_plus_D_minus_A_plus_B_blocks_16_block_6,C_plus_D_minus_A_plus_B_blocks_20_block_1,C_plus_D_minus_A_plus_B_blocks_20_block_2,C_plus_D_minus_A_plus_B_blocks_20_block_3,C_plus_D_minus_A_plus_B_blocks_20_block_4,C_plus_D_minus_A_plus_B_blocks_20_block_5,C_plus_D_minus_A_plus_B_blocks_25_block_1,C_plus_D_minus_A_plus_B_blocks_25_block_2,C_plus_D_minus_A_plus_B_blocks_25_block_3,C_plus_D_minus_A_plus_B_blocks_25_block_4,C_plus_D_minus_A_plus_B_blocks_33_block_1,C_plus_D_minus_A_plus_B_blocks_33_block_2,C_plus_D_minus_A_plus_B_blocks_33_block_3,C_plus_D_minus_A_plus_B_1_to_40,C_plus_D_minus_A_plus_B_1_to_50,C_plus_D_minus_A_plus_B_1_to_60,C_plus_D_minus_A_plus_B_11_to_50,C_plus_D_minus_A_plus_B_41_to_100,C_plus_D_minus_A_plus_B_51_to_80,C_plus_D_minus_A_plus_B_51_to_100,C_plus_D_minus_A_plus_B_61_to_100,C_plus_D_minus_A_plus_B_68_to_100,C_plus_D_minus_A_plus_B_76_to_100,total_loss_trials,A,B,C,D,A_60_cutoff,B_60_cutoff,C_60_cutoff,D_60_cutoff,A_plus_C,C_minus_A,C_plus_D_log_transform,D_minus_B,C_plus_D_minus_A_plus_B,C_plus_D_minus_A_plus_B_median_split,C_plus_D_minus_A_plus_B_zero_cutoff,C_plus_D_minus_A_plus_B_t_score,C_plus_D_minus_A_plus_B_t_score_50_cutoff,C_plus_D_minus_A_plus_B_t_score_39_cutoff,C_plus_D_divided_by_A_plus_B,modal_deck_choice_dichotomised,proportion_switch_any,proportion_switch_after_loss,proportion_switch_advantageous,proportion_switch_advantageous_after_loss,A_after_loss_on_A,one_lag_autocorrelation_block_1,one_lag_autocorrelation_block_3,one_lag_autocorrelation_block_3_minus_block_1,C_plus_D_minus_A_plus_B_blocks_33_block_3_minus_1,C_plus_D_minus_A_plus_B_blocks_16_block_6_minus_1,C_plus_D_minus_A_plus_B_last_60_minus_first_40
100trials_1,8150,-9950,-1800,-0.2,-0.6,-0.2,0.2,0.2,-0.2,0.2,-0.2,-0.6,-0.2,0.2,-0.2,-1,-0.6,0.2,-0.2,-1,0.2,-1,-0.2,-0.4,0,0,0,-0.4,0,-0.8,0,-0.4,-0.6,-0.25,-0.0588,-0.1765,-0.4118,-0.25,-0.4118,-0.2,0,-0.2,-0.4,-0.5,-0.12,-0.2,-0.28,-0.44,-0.1515,-0.2727,-0.3529,-0.1,-0.16,-0.1333,-0.1,-0.3667,-0.2667,-0.36,-0.45,-0.3333,-0.44,25,0.21,0.42,0.15,0.22,0,0,0,0,0.36,-0.06,-1.0339,-0.2,-0.26,0,0,39.4227,0,1,0.5873,0,0.7778,0.875,0.4242,0.25,0.0303,-0.1586,-0.0648,0.0938,-0.2014,-0.1618,-0.2667
100trials_10,8200,-8300,-100,0.6,0.2,0.2,-1,-1,-0.2,-0.2,0.2,-0.2,0.2,-0.2,-0.6,-1,0.2,-0.6,-0.6,-0.2,0.2,-0.6,-1,0.4,-0.4,-0.6,0,0,-0.4,-0.4,-0.6,0,-0.8,0.25,-0.6471,0.0588,-0.5294,-0.25,-0.5294,0,-0.3,-0.2,-0.5,-0.4,-0.2,-0.04,-0.44,-0.44,-0.2121,-0.2121,-0.4118,-0.15,-0.12,-0.1667,-0.25,-0.3667,-0.4667,-0.44,-0.45,-0.3939,-0.44,24,0.19,0.45,0.15,0.21,0,0,0,0,0.34,-0.04,-1.0552,-0.24,-0.28,0,0,38.7934,0,0,0.5625,0,0.5657,1,0.4949,0.875,0,-0.377,-0.3101,0.0668,-0.1996,-0.7794,-0.2167
100trials_100,7450,-7050,400,0.2,-0.2,-0.2,0.2,0.2,-0.2,-0.2,-0.2,0.2,-0.2,0.2,-0.2,0.2,-0.2,0.6,0.2,0.6,-0.2,-0.2,-0.2,0,0,0,-0.2,0,0,0,0.4,0.2,-0.2,0,-0.0588,-0.0588,-0.0588,0.375,-0.0588,0,-0.1,0,0.2,0,0.04,-0.12,0.12,0.04,-0.0303,-0.0303,0.1176,-0.05,-0.04,-0.0333,-0.05,0.0667,0.1333,0.08,0.1,0.1515,0.04,23,0.17,0.32,0.16,0.35,0,0,0,0,0.33,-0.01,-0.7894,0.03,0.02,0,1,48.2321,0,1,1.0408,1,0.9394,1,0.7475,0.6087,0,-0.1254,-0.1271,-0.0017,0.148,-0.0588,0.1167
100trials_101,7250,-6200,1050,-0.2,-1,0.2,-0.6,-0.6,-1,0.6,1,1,1,1,-1,-0.6,1,1,0.2,-1,-0.6,1,0.6,-0.6,-0.2,-0.8,0.8,1,0,0.2,0.6,-0.8,0.8,-0.375,-0.5294,1,-0.0588,0.375,0.1765,-0.4,0,0.5,0.4,0,-0.44,0.52,0.28,0.04,-0.4545,0.4545,0.2941,-0.2,0.04,0.0333,0.2,0.3,0.2667,0.16,0.2,0.2727,0.04,16,0.11,0.34,0.09,0.46,0,0,0,0,0.2,-0.02,-0.8539,0.12,0.1,1,1,50.7491,1,1,1.2222,1,0.1717,0.375,0.1313,0.3125,0.03,-0.156,0.164,0.32,0.7487,0.5515,0.5
100trials_102,5750,-5200,550,0.2,1,1,-1,-1,-0.2,1,1,1,1,1,1,1,1,1,1,1,1,1,1,0.6,0,-0.6,1,1,1,1,1,1,1,0.625,-0.4118,1,1,1,1,0.3,0.2,1,1,1,0.04,0.76,1,1,0.0909,1,1,0.25,0.4,0.5,0.35,1,1,1,1,1,1,39,0.02,0.13,0.66,0.19,0,0,1,0,0.68,0.64,0.0183,0.06,0.7,1,1,69.6265,1,1,5.6667,1,0.0909,0.2051,0.0303,0.0769,0,0.1514,NA,NA,0.9091,0.375,0.75
100trials_103,8750,-9850,-1100,0.6,0.6,1,0.6,-1,-1,-0.6,-0.2,-1,-1,-1,-1,-1,-1,-1,0.2,-0.2,-1,-1,-1,0.6,0.8,-1,-0.4,-1,-1,-1,-0.4,-0.6,-1,0.75,-0.5294,-0.7647,-1,-0.375,-1,0.7,-0.7,-1,-0.7,-0.8,0.36,-0.76,-1,-0.6,0.0909,-0.8788,-0.7059,0,-0.2,-0.3333,-0.4,-0.8333,-0.8,-0.8,-0.75,-0.697,-0.6,13,0.02,0.73,0.06,0.19,0,1,0,0,0.08,0.04,-1.4778,-0.54,-0.5,0,0,31.8717,0,0,0.3333,0,0.1515,0.3077,0.1313,0.2308,0,-0.3567,0.096,0.4527,-0.7968,-1.75,-0.8333
100trials_104,7150,-6450,700,-0.2,-0.2,0.6,0.6,0.2,1,-0.6,0.6,-0.6,0.6,0.6,-0.2,0.2,1,-0.6,0.2,0.6,0.2,-0.6,-0.6,-0.2,0.6,0.6,0,0,0.2,0.6,-0.2,0.4,-0.6,0.125,0.4118,0.0588,0.2941,0.125,-0.1765,0.2,0.3,0.1,0.2,-0.1,0.2,0.2,0.2,-0.04,0.2727,0.1515,0,0.25,0.2,0.2,0.3,0.0667,0.2,0.08,0.05,-0.0303,-0.04,22,0.13,0.3,0.19,0.38,0,0,0,0,0.32,0.06,-0.6747,0.08,0.14,1,1,52.0076,1,1,1.3256,1,0.4646,1,0.3232,0.5909,0,-0.1478,-0.1827,-0.035,-0.2727,-0.3015,-0.1833
100trials_105,7400,-7350,50,-0.2,-0.2,-1,-1,-1,0.6,1,-0.2,-0.2,0.2,0.2,0.6,1,0.6,1,-0.2,-1,-0.6,1,0.2,-0.2,-1,-0.2,0.4,0,0.4,0.8,0.4,-0.8,0.6,-0.5,-0.1765,0.0588,0.6471,0.125,0.0588,-0.6,0.1,0.2,0.6,-0.1,-0.68,0.28,0.68,-0.12,-0.3333,0.3333,0.1176,-0.25,-0.2,-0.1,-0.2,0.2333,0.5333,0.28,0.25,0.0909,-0.12,27,0.19,0.29,0.23,0.29,0,0,0,0,0.42,0.04,-0.686,0,0.04,0,1,48.8614,0,1,1.0833,0,0.3434,0.7407,0.2525,0.5185,0.02,-0.1932,-0.074,0.1192,0.451,0.5588,0.4833
100trials_106,7550,-7400,150,-0.2,-0.2,0.2,-0.6,-0.6,0.2,-0.2,0.6,-0.6,0.6,0.2,-0.2,0.2,0.6,-0.2,-0.2,-0.2,0.2,-0.2,0.2,-0.2,-0.2,-0.2,0.2,0,0,0.4,-0.2,0,0,-0.125,-0.4118,0.2941,0.0588,0,0.0588,-0.2,0,0,0.1,0,-0.28,0.12,0.12,-0.04,-0.2727,0.1515,0.0588,-0.1,-0.08,-0.0667,-0.05,0.0333,0.0667,0.04,0.05,0.0303,-0.04,19,0.09,0.42,0.15,0.34,0,0,0,0,0.24,0.06,-0.8308,-0.08,-0.02,0,0,46.9736,0,1,0.9608,0,0.7273,0.9444,0.5354,0.6667,0,-0.0789,-0.303,-0.2241,0.3316,0.1838,0.1333
100trials_107,7150,-6350,800,-0.2,0.2,1,0.2,0.6,0.2,1,-1,0.6,1,0.2,-0.6,0.2,0.2,0.6,-0.2,0.2,-0.6,-0.2,-0.6,0,0.6,0.4,0,0.8,-0.2,0.2,0.2,-0.2,-0.4,0.375,0.4118,0.2941,-0.1765,0.25,-0.2941,0.3,0.2,0.3,0.2,-0.3,0.36,0.36,0.12,-0.28,0.3939,0.0909,-0.0588,0.25,0.36,0.2667,0.45,0.0667,0.0667,-0.08,-0.05,-0.0303,-0.28,17,0.07,0.36,0.07,0.5,0,0,0,0,0.14,0,-0.8683,0.14,0.14,1,1,52.0076,1,1,1.3256,1,0.404,1,0.2727,0.6471,0,-0.0272,-0.2945,-0.2673,-0.4528,-0.6691,-0.1833
100trials_108,7600,-7900,-300,-0.2,1,-0.2,-1,-0.2,-0.6,-0.2,-0.2,0.6,0.6,-0.6,-0.2,1,0.6,-1,-1,0.2,0.6,-0.2,0.2,0.4,-0.6,-0.4,-0.2,0.6,-0.4,0.8,-1,0.4,0,0.125,-0.5294,0.2941,0.1765,-0.625,0.2941,-0.1,-0.3,0.1,-0.1,0.2,-0.12,0.04,-0.04,-0.04,-0.2121,0.2121,-0.1176,-0.2,-0.04,-0.1,-0.15,0.0667,-0.2,-0.04,0.05,-0.1515,-0.04,28,0.24,0.28,0.21,0.27,0,0,0,0,0.45,-0.03,-0.7663,-0.01,-0.04,0,0,46.3444,0,1,0.9231,0,0.4646,0.5357,0.3333,0.3214,0.0505,0.249,0.0773,-0.1716,0.0945,0.1691,0.2667
100trials_109,6050,-5350,700,0.2,-0.2,0.2,-0.2,-0.2,0.2,0.6,-0.6,0.6,1,1,1,1,1,1,1,1,1,1,1,0,0,0,0,0.8,1,1,1,1,1,0,0.1765,0.2941,1,1,1,0,0,0.9,1,1,-0.04,0.36,1,1,0.0909,0.6364,1,0,0.16,0.3,0.2,0.9667,1,1,1,1,1,32,0.13,0.08,0.34,0.45,0,0,0,0,0.47,0.21,-0.2938,0.37,0.58,1,1,65.851,1,1,3.7619,1,0.5455,0.5313,0.303,0.3125,0.03,-0.1346,NA,NA,0.9091,1,0.9667
100trials_11,7800,-7750,50,0.2,-0.6,-1,0.2,-0.2,-0.2,-0.6,0.2,0.2,0.2,0.2,-0.2,0.2,-0.2,-0.2,0.2,-0.2,-0.2,-0.2,-0.2,-0.2,-0.4,-0.2,-0.2,0.2,0,0,0,-0.2,-0.2,-0.5,-0.0588,0.0588,-0.0588,0.125,-0.2941,-0.3,-0.2,0.1,0,-0.2,-0.28,-0.04,-0.04,-0.12,-0.2727,0.0303,-0.1176,-0.25,-0.16,-0.1333,-0.15,-0.0333,0,-0.08,-0.1,-0.0909,-0.12,30,0.22,0.34,0.27,0.17,0,0,0,0,0.49,0.05,-0.7789,-0.17,-0.12,0,0,43.8274,0,1,0.7857,0,0.7475,0.7667,0.4141,0.4333,0.01,0.0481,0.1815,0.1334,0.1551,0.2059,0.2167
100trials_110,6550,-5650,900,0.2,-0.6,1,-0.2,1,0.6,-1,-0.6,0.2,0.2,0.6,0.6,-0.6,1,1,1,0.2,1,1,1,-0.2,0.4,0.8,-0.8,0.2,0.6,0.2,1,0.6,1,0.125,0.2941,-0.1765,0.2941,0.75,1,0.1,0,0.4,0.6,0.8,0.28,-0.12,0.52,0.84,0.2121,0.0303,0.8824,0.05,0.08,0.1667,0.15,0.6,0.6,0.68,0.7,0.8788,0.84,23,0.12,0.19,0.21,0.48,0,0,0,0,0.33,0.09,-0.5311,0.29,0.38,1,1,59.5586,1,1,2.2258,1,0.3939,0.4783,0.2525,0.2609,0.0404,0.239,0.3357,0.0966,0.6702,0.875,0.55
100trials_111,7900,-7500,400,-1,-0.2,1,0.2,-0.6,1,1,0.6,-1,-0.2,-0.6,-0.2,-0.6,-1,0.6,0.2,-0.2,-0.2,-1,-1,-0.6,0.6,0.2,0.8,-0.6,-0.4,-0.8,0.4,-0.2,-1,0,0.2941,-0.0588,-0.5294,0.125,-0.7647,0,0.5,-0.5,-0.2,-0.6,-0.12,0.28,-0.36,-0.44,0.1515,-0.2727,-0.3529,0.25,0.08,0,0.25,-0.4333,-0.2667,-0.4,-0.4,-0.3333,-0.44,18,0.11,0.47,0.13,0.29,0,0,0,0,0.24,0.02,-0.9676,-0.18,-0.16,0,0,42.5689,0,1,0.7241,0,0.2424,0.8333,0.1616,0.5,0.01,-0.3107,-0.2738,0.0369,-0.5045,-0.7647,-0.6833
100trials_112,9450,-11950,-2500,0.2,-0.2,-0.6,-1,-1,-1,-1,-1,0.2,-1,-1,-1,-0.2,-1,-1,-1,-1,-1,-1,-1,0,-0.8,-1,-1,-0.4,-1,-0.6,-1,-1,-1,-0.25,-1,-0.6471,-0.7647,-1,-1,-0.4,-1,-0.7,-0.8,-1,-0.52,-0.76,-0.84,-1,-0.6364,-0.697,-1,-0.7,-0.64,-0.7,-0.8,-0.8333,-0.8667,-0.92,-0.9,-1,-1,26,0.32,0.57,0.06,0.05,0,0,0,0,0.38,-0.26,-2.2027,-0.52,-0.78,0,0,23.0622,0,0,0.1236,0,0.303,0.3846,0.101,0.0769,0.1,0.0947,NA,NA,-0.3636,-0.75,-0.1333
100trials_113,7250,-6650,600,0.2,-0.6,-0.6,0.2,-0.2,-0.2,-0.6,0.2,-0.2,-0.6,0.6,1,0.6,-1,1,0.6,1,-0.6,1,0.2,-0.2,-0.2,-0.2,-0.2,-0.4,0.8,-0.2,0.8,0.2,0.6,-0.25,-0.2941,-0.1765,0.5294,0.5,0.2941,-0.2,-0.2,0.2,0.3,0.4,-0.2,-0.28,0.44,0.44,-0.2727,0.2121,0.3529,-0.2,-0.24,-0.0667,-0.25,0.3,0.4667,0.44,0.35,0.3939,0.44,19,0.16,0.29,0.12,0.43,0,0,0,0,0.28,-0.04,-0.8024,0.14,0.1,1,1,50.7491,1,1,1.2222,1,0.5758,0.9474,0.3939,0.5789,0.01,0.2415,0.077,-0.1645,0.6257,0.5441,0.5
100trials_114,6950,-6950,0,-0.2,-0.6,1,1,0.2,-1,-0.6,1,1,-1,1,1,1,-1,-1,0.2,1,1,0.6,-0.2,-0.4,1,-0.4,0.2,0,1,0,-0.4,1,0.2,0.125,-0.1765,0.2941,0.7647,-0.25,0.5294,0.3,-0.1,0.5,-0.2,0.6,0.28,-0.12,0.2,0.52,-0.0303,0.5758,0.1176,0.1,0.08,0.2333,0.2,0.3,0.2,0.36,0.2,0.1515,0.52,25,0.21,0.18,0.12,0.49,0,0,0,0,0.33,-0.09,-0.7388,0.31,0.22,1,1,54.5246,1,1,1.5641,1,0.2222,0.6,0.1212,0.32,0.06,-0.2102,-0.0335,0.1768,0.148,0.4044,0.2
100trials_115,7450,-8250,-800,-0.2,0.6,0.2,0.6,0.2,0.2,0.2,-0.2,-0.2,-0.2,-0.2,0.2,-0.2,-0.2,-0.2,-0.2,-0.2,0.2,-0.2,0.2,0.2,0.4,0.2,0,-0.2,0,-0.2,-0.2,0,0,0.25,0.2941,-0.1765,-0.0588,-0.25,0.0588,0.3,0.1,-0.1,-0.2,0,0.28,-0.04,-0.12,-0.04,0.2727,-0.0909,-0.1176,0.2,0.12,0.1,0.1,-0.1,-0.1333,-0.08,-0.1,-0.0909,-0.04,28,0.24,0.25,0.18,0.33,0,0,0,0,0.42,-0.06,-0.7615,0.08,0.02,0,1,48.2321,0,1,1.0408,1,0.9394,1,0.7273,0.7857,0,-0.1153,-0.0549,0.0604,-0.3904,-0.1912,-0.3
100trials_116,7650,-7550,100,-0.2,0.2,0.2,0.2,-0.6,1,-0.6,-0.6,0.6,0.2,-0.2,-0.2,-0.2,0.2,0.2,-0.6,-0.2,-0.2,0.2,-0.6,0,0.2,0.2,-0.6,0.4,-0.2,0,-0.2,-0.2,-0.2,0.125,-0.0588,0.0588,-0.1765,-0.125,-0.1765,0.1,-0.2,0.1,-0.1,-0.2,-0.04,0.12,-0.04,-0.28,0.0303,-0.0909,-0.1176,-0.05,0.04,0,0.05,-0.0667,-0.1333,-0.16,-0.15,-0.1515,-0.28,27,0.19,0.34,0.23,0.24,0,0,0,0,0.42,0.04,-0.7601,-0.1,-0.06,0,0,45.7151,0,1,0.8868,0,0.7778,0.9231,0.4545,0.5769,0.01,-0.1916,0.1481,0.3397,-0.148,-0.3015,-0.0167
100trials_117,8000,-9550,-1550,-0.2,-0.2,-0.6,-0.2,0.2,-0.2,-0.6,-0.2,-0.2,0.2,-0.6,-0.2,-0.6,0.2,0.2,-0.6,-0.2,0.6,-0.2,-0.6,-0.2,-0.4,0,-0.4,0,-0.4,-0.2,-0.2,0.2,-0.4,-0.375,-0.0588,-0.1765,-0.4118,-0.125,-0.0588,-0.3,-0.2,-0.2,-0.2,-0.1,-0.2,-0.2,-0.2,-0.2,-0.2121,-0.3333,-0.0588,-0.25,-0.2,-0.2333,-0.2,-0.1667,-0.2667,-0.2,-0.15,-0.0909,-0.2,21,0.19,0.41,0.04,0.36,0,0,0,0,0.23,-0.15,-1.1624,-0.05,-0.2,0,0,41.3104,0,1,0.6667,0,0.6869,0.95,0.4949,0.55,0.01,0.1559,-0.2304,-0.3863,0.1533,0.3162,0.0833
100trials_118,9550,-11700,-2150,0.2,-1,-1,-0.6,-1,-1,-1,-1,-1,-1,-0.2,-1,-1,-1,0.2,-1,-1,-1,-1,-1,-0.4,-0.8,-1,-1,-1,-0.6,-1,-0.4,-1,-1,-0.5,-1,-1,-0.7647,-0.625,-1,-0.6,-1,-0.8,-0.7,-1,-0.68,-1,-0.6,-1,-0.7576,-0.8788,-0.8235,-0.8,-0.84,-0.8,-0.95,-0.8333,-0.6667,-0.8,-0.85,-0.8182,-1,22,0.2,0.71,0.08,0.01,0,1,0,0,0.28,-0.12,-2.3996,-0.7,-0.82,0,0,21.8037,0,0,0.0989,0,0.1818,0.3636,0.0707,0.1818,0.05,0.0908,0.0496,-0.0413,-0.066,-0.5,-0.0333
100trials_119,8250,-8900,-650,-0.2,-0.2,-1,0.2,-1,-0.2,-0.6,-0.6,-0.6,-0.6,-0.6,-0.2,0.2,-0.2,0.2,0.2,0.2,-0.6,0.2,-0.6,-0.2,-0.4,-0.6,-0.6,-0.6,-0.4,0,0.2,-0.2,-0.2,-0.375,-0.4118,-0.6471,-0.1765,0,-0.1765,-0.3,-0.6,-0.5,0.1,-0.2,-0.44,-0.52,-0.12,-0.12,-0.3939,-0.4545,-0.0588,-0.45,-0.48,-0.4667,-0.55,-0.2,-0.0667,-0.12,-0.05,-0.0909,-0.12,15,0.03,0.62,0.06,0.29,0,1,0,0,0.09,0.03,-1.2182,-0.33,-0.3,0,0,38.1642,0,0,0.5385,0,0.4949,1,0.4343,0.8,0,-0.3899,-0.2873,0.1025,0.3351,0.1985,0.25
100trials_12,7250,-7100,150,1,0.2,0.6,0.2,-1,-1,0.2,0.6,-0.2,0.2,-0.2,0.2,0.2,-0.6,0.6,0.2,1,-0.2,0.6,-0.6,0.6,0.4,-1,0.4,0,0,-0.2,0.4,0.4,0,0.5,-0.5294,0.2941,0.0588,0.25,0.0588,0.5,-0.3,0,0.1,0.2,0.2,-0.04,0.04,0.2,-0.0303,0.2121,0.1176,0.1,0.08,0.0667,-0.05,0.1,0.0667,0.12,0.15,0.1515,0.2,29,0.17,0.28,0.3,0.25,0,0,0,0,0.47,0.13,-0.5742,-0.03,0.1,1,1,50.7491,1,1,1.2222,1,0.5657,0.8571,0.3535,0.6786,0,0.1814,-0.1808,-0.3622,0.148,-0.4412,-0
100trials_120,7300,-6150,1150,-0.2,-0.2,-0.2,0.6,-0.2,-1,-1,-0.2,1,-0.2,0.2,0.6,-0.6,0.6,1,0.6,0.2,-0.6,1,0.2,-0.2,0.2,-0.6,-0.6,0.4,0.4,0,0.8,-0.2,0.6,-0.25,-0.2941,0.0588,0.1765,0.5,0.2941,0,-0.6,0.4,0.4,0.2,-0.04,-0.28,0.36,0.28,-0.2727,0.0909,0.4118,-0.3,-0.16,-0.0667,-0.15,0.3333,0.4,0.32,0.3,0.3939,0.28,26,0.17,0.29,0.23,0.31,0,0,0,0,0.4,0.06,-0.6596,0.02,0.08,1,1,50.1199,1,1,1.1739,1,0.5354,0.92,0.3737,0.64,0,-0.0744,0.328,0.4024,0.6845,0.5441,0.6333
100trials_121,6900,-6800,100,0.2,0.2,-0.2,0.2,0.6,1,1,1,0.2,-0.2,0.2,-0.2,0.2,-0.2,-0.2,0.2,0.2,0.6,-0.2,0.2,0.2,0,0.8,1,0,0,0,0,0.4,0,0.125,0.6471,0.4118,0.0588,-0.125,0.2941,0.1,0.9,0,0,0.2,0.2,0.6,-0.04,0.2,0.3939,0.2121,0.1176,0.5,0.4,0.3333,0.45,0.0667,0,0.08,0.1,0.0909,0.2,21,0.11,0.27,0.12,0.5,0,0,0,0,0.23,0.01,-0.7291,0.23,0.24,1,1,55.1538,1,1,1.6316,1,0.7576,1,0.596,0.6667,0,-0.1431,0.0506,0.1937,-0.2763,0.1691,-0.4333
100trials_122,7200,-6050,1150,-0.2,-0.2,0.2,-0.2,-0.6,0.2,0.6,1,0.2,0.6,0.2,-0.2,0.2,0.2,0.2,0.2,-0.2,0.2,0.2,-0.2,-0.2,0,-0.2,0.8,0.4,0,0.2,0.2,0,0,0,-0.1765,0.6471,0.0588,0,0.1765,-0.1,0.3,0.2,0.2,0,-0.2,0.52,0.12,0.04,-0.0909,0.3333,0.1176,0.1,0.16,0.1333,0.25,0.1333,0.1333,0.08,0.1,0.0909,0.04,22,0.19,0.25,0.13,0.43,0,0,0,0,0.32,-0.06,-0.7749,0.18,0.12,1,1,51.3784,1,1,1.2727,1,0.6667,0.8636,0.5051,0.6818,0.02,-0.2109,0.2325,0.4434,0.2086,0.1765,0.0333
100trials_123,7300,-6500,800,-0.6,0.2,0.6,-0.2,-0.2,0.2,0.6,-0.2,0.2,-0.2,0.2,0.2,-0.2,0.2,0.2,-0.2,0.2,0.2,0.2,0.2,-0.2,0.2,0,0.2,0,0.2,0,0,0.2,0.2,0,0.0588,0.0588,0.0588,0.125,0.1765,0,0.1,0.1,0,0.2,-0.04,0.12,0.12,0.12,0.0303,0.0303,0.1765,0.05,0.04,0.0667,0.1,0.1,0.0667,0.12,0.1,0.1515,0.12,26,0.2,0.26,0.2,0.34,0,0,0,0,0.4,0,-0.6967,0.08,0.08,1,1,50.1199,1,1,1.1739,1,0.9697,0.9615,0.7071,0.6538,0.0101,-0.0547,-0.148,-0.0933,0.1462,0.1765,0.05
100trials_124,8200,-9650,-1450,0.6,-0.2,-0.6,-1,-0.6,-1,-0.6,-1,-0.2,0.2,-1,0.2,-0.6,-0.6,1,0.6,-1,0.2,-0.2,0.2,0.2,-0.8,-0.8,-0.8,0,-0.4,-0.6,0.8,-0.4,0,-0.125,-0.7647,-0.4118,-0.5294,0.25,-0.0588,-0.3,-0.8,-0.2,0.1,-0.2,-0.36,-0.52,-0.2,-0.04,-0.4545,-0.4545,0.0588,-0.55,-0.44,-0.4333,-0.6,-0.1,-0.0667,-0.12,-0.05,0.0909,-0.04,21,0.1,0.54,0.16,0.2,0,0,0,0,0.26,0.06,-1.0433,-0.34,-0.28,0,0,38.7934,0,0,0.5625,0,0.2929,0.7619,0.2424,0.619,0.02,-0.2547,-0.3127,-0.058,0.5134,0.0662,0.45
100trials_125,7050,-7000,50,-0.6,-0.2,0.6,1,-0.2,0.6,-0.2,-0.2,0.6,-0.2,-0.2,-0.2,0.6,1,1,-0.2,0.2,-0.2,0.2,0.2,-0.4,0.8,0.2,-0.2,0.2,-0.2,0.8,0.4,0,0.2,0,0.2941,0.0588,0.1765,0.5,0.0588,0.2,0,0,0.6,0.1,0.12,0.12,0.44,0.04,0.1515,0.0909,0.2941,0.1,0.12,0.0667,0.25,0.2333,0.3333,0.24,0.35,0.2727,0.04,23,0.14,0.27,0.19,0.4,0,0,0,0,0.33,0.05,-0.6528,0.13,0.18,1,1,53.2661,1,1,1.439,1,0.7273,0.7727,0.5455,0.5909,0.01,0.1645,0.1906,0.0261,0.1426,0.0588,0.1333
100trials_126,6800,-6350,450,-0.2,-0.6,0.2,0.2,0.2,0.2,0.6,0.2,0.6,0.6,0.2,0.2,0.2,0.2,0.2,0.6,0.6,0.6,0.2,0.6,-0.4,0.2,0.2,0.4,0.6,0.2,0.2,0.4,0.6,0.4,-0.125,0.2941,0.4118,0.1765,0.375,0.5294,-0.1,0.3,0.4,0.3,0.5,-0.04,0.44,0.2,0.52,0.0909,0.3333,0.4118,0.1,0.2,0.2,0.35,0.4,0.2667,0.36,0.4,0.4545,0.52,25,0.04,0.32,0.3,0.34,0,0,0,0,0.34,0.26,-0.4669,0.02,0.28,1,1,56.4123,1,1,1.7778,1,0.9293,0.96,0.5657,0.56,0,-0.1901,0.3029,0.493,0.3209,0.6544,0.3
100trials_127,8000,-8200,-200,0.2,0.2,-0.2,0.2,0.2,0.2,0.2,-0.2,0.2,0.2,-0.6,-0.2,0.2,-0.2,-0.6,-0.6,-0.2,-1,-1,-1,0.2,0,0.2,0,0.2,-0.4,0,-0.6,-0.6,-1,0.125,0.0588,0.1765,-0.0588,-0.5,-1,0.1,0.1,-0.1,-0.3,-0.8,0.12,0.12,-0.28,-0.76,0.0909,0.0303,-0.7059,0.1,0.12,0.0333,0.1,-0.4,-0.3333,-0.52,-0.55,-0.7576,-0.76,26,0.17,0.43,0.21,0.19,0,0,0,0,0.38,0.04,-0.9066,-0.24,-0.2,0,0,41.3104,0,1,0.6667,0,0.6566,0.8846,0.4747,0.6923,0,-0.1374,0.0193,0.1567,-0.7968,-1.125,-0.5
100trials_128,6000,-4650,1350,0.2,-1,-1,-0.6,1,1,1,1,0.2,0.6,1,0.6,1,1,1,1,1,1,1,1,-0.4,-0.8,1,1,0.4,0.8,1,1,1,1,-0.625,0.6471,0.6471,0.8824,1,1,-0.6,1,0.6,1,1,-0.28,0.76,0.92,1,0.0303,0.7576,1,0.2,0.24,0.3333,0.4,0.8667,0.9333,0.96,1,1,1,41,0.08,0.12,0.66,0.14,0,0,1,0,0.74,0.58,-0.0495,0.02,0.6,1,1,66.4803,1,1,4,1,0.1717,0.1951,0.0606,0.0488,0.01,0.1732,NA,NA,0.9697,1.625,0.6667
100trials_129,6950,-6100,850,0.2,-0.2,-0.6,-0.2,0.2,-0.2,0.6,0.6,0.6,0.2,0.2,0.6,0.6,0.2,0.6,-0.2,0.2,0.2,0.6,0.2,0,-0.4,0,0.6,0.4,0.4,0.4,0.2,0.2,0.4,-0.125,-0.0588,0.5294,0.5294,0.125,0.2941,-0.2,0.3,0.4,0.3,0.3,-0.12,0.36,0.44,0.2,-0.0909,0.5152,0.2353,0.05,0.12,0.1667,0.15,0.3333,0.3333,0.32,0.3,0.2121,0.2,29,0.14,0.25,0.31,0.3,0,0,0,0,0.45,0.17,-0.4893,0.05,0.22,1,1,54.5246,1,1,1.5641,1,0.8485,0.8621,0.5354,0.5517,0,0.1007,-0.1343,-0.235,0.3262,0.4191,0.2833
100trials_13,7000,-7050,-50,-0.2,-0.6,-1,-1,-1,0.6,0.2,0.2,0.6,0.6,0.2,1,0.6,-0.2,1,0.2,0.6,0.2,1,1,-0.4,-1,-0.2,0.2,0.6,0.6,0.2,0.6,0.4,1,-0.625,-0.2941,0.4118,0.4118,0.5,0.7647,-0.7,0,0.6,0.4,0.7,-0.76,0.44,0.52,0.6,-0.4545,0.4545,0.5882,-0.35,-0.16,-0.0333,-0.1,0.5667,0.4667,0.56,0.55,0.6364,0.6,22,0.03,0.37,0.25,0.35,0,0,0,0,0.28,0.22,-0.5653,-0.02,0.2,1,1,53.8953,1,1,1.5,0,0.2929,0.7273,0.2121,0.4545,0,-0.1967,-0.0619,0.1348,1.0428,1.3897,0.9167
100trials_130,7000,-6900,100,-0.2,-1,0.6,1,1,-0.6,1,1,1,-0.2,0.2,1,-0.2,-1,-0.2,1,1,0.6,-1,-1,-0.6,0.8,0.2,1,0.4,0.6,-0.6,0.4,0.8,-1,-0.125,0.5294,0.6471,0.1765,0.25,-0.2941,0.1,0.6,0.5,-0.1,-0.1,0.28,0.44,-0.04,0.12,0.2121,0.4545,-0.0588,0.35,0.36,0.4,0.6,0.1,0.1333,0.04,-0.1,-0.0303,0.12,23,0.11,0.29,0.17,0.43,0,0,0,0,0.28,0.06,-0.6709,0.14,0.2,1,1,53.8953,1,1,1.5,1,0.1919,0.5909,0.1212,0.3636,0.0202,-0.1878,0.0234,0.2112,-0.2709,-0.1691,-0.25
100trials_131,7400,-7500,-100,-0.2,-0.6,0.6,-0.2,-0.2,-0.2,-0.6,0.2,0.2,0.6,0.2,0.2,-0.6,0.6,0.2,0.2,0.6,-0.2,0.6,-0.6,-0.4,0.2,-0.2,-0.2,0.4,0.2,0,0.2,0.2,0,-0.125,-0.1765,0.1765,-0.0588,0.375,0.0588,-0.1,-0.2,0.3,0.1,0.1,-0.12,0.04,0.12,0.12,-0.1515,0.0909,0.1765,-0.15,-0.04,0,0.05,0.1667,0.1333,0.12,0.1,0.2121,0.12,22,0.07,0.41,0.19,0.33,0,0,0,0,0.26,0.12,-0.7351,-0.08,0.04,0,1,48.8614,0,1,1.0833,0,0.7879,0.9091,0.5556,0.4545,0,0.1305,-0.1647,-0.2953,0.328,0.1838,0.3167
100trials_132,6650,-5100,1550,0.2,0.2,-0.6,0.2,0.6,0.2,0.6,0.6,-0.2,-0.2,0.6,0.2,0.2,0.6,1,1,0.2,-0.2,0.6,1,0.2,-0.2,0.4,0.6,-0.2,0.4,0.4,1,0,0.8,-0.125,0.4118,0.1765,0.2941,0.75,0.5294,0,0.5,0.1,0.7,0.4,0.12,0.2,0.52,0.52,0.1515,0.2121,0.6471,0.25,0.16,0.2,0.15,0.4,0.6,0.52,0.55,0.6364,0.52,28,0.19,0.14,0.29,0.38,0,0,0,0,0.48,0.1,-0.4484,0.24,0.34,1,1,58.3001,1,1,2.0303,1,0.7778,0.7857,0.4646,0.5357,0.01,-0.1583,-0.043,0.1152,0.4955,0.6544,0.15
100trials_133,7450,-7850,-400,-0.2,1,0.6,1,-0.2,-0.2,0.2,0.2,-1,-0.6,1,-0.2,-0.6,0.6,-0.2,-1,1,-0.6,0.6,-1,0.4,0.8,-0.2,0.2,-0.8,0.4,0,-0.6,0.2,-0.2,0.5,0.2941,-0.5294,0.0588,0,-0.1765,0.6,0,-0.2,-0.3,0,0.44,-0.28,0.12,-0.2,0.3939,-0.2727,-0.0588,0.3,0.08,0.1333,0,-0.1667,-0.0667,-0.04,-0.15,-0.0909,-0.2,20,0.13,0.36,0.13,0.38,0,0,0,0,0.26,0,-0.8347,0.02,0.02,0,1,48.2321,0,1,1.0408,1,0.3737,1,0.202,0.55,0,-0.19,-0.2087,-0.0188,-0.4528,-0.6765,-0.4667
100trials_134,7950,-8500,-550,-0.2,0.2,-0.2,-0.6,-0.6,-0.2,-0.2,-0.6,-0.6,0.2,-0.2,-0.2,0.2,-0.6,0.2,0.2,-0.2,0.2,-0.2,-0.2,0,-0.4,-0.4,-0.4,-0.2,-0.2,-0.2,0.2,0,-0.2,-0.125,-0.4118,-0.2941,-0.1765,0.125,-0.1765,-0.2,-0.4,-0.2,0,-0.1,-0.28,-0.28,-0.12,-0.04,-0.2727,-0.2121,-0.0588,-0.3,-0.28,-0.2667,-0.35,-0.1,-0.0667,-0.08,-0.05,-0.0303,-0.04,30,0.31,0.28,0.2,0.21,0,0,0,0,0.51,-0.11,-0.8967,-0.07,-0.18,0,0,41.9396,0,1,0.6949,0,0.899,0.9655,0.5556,0.6897,0.0101,0.0886,-0.1989,-0.2875,0.2139,-0.0515,0.2
100trials_135,5900,-4650,1250,-0.6,0.2,-0.2,-0.6,1,1,1,1,0.2,-0.2,1,1,1,1,1,1,1,1,1,1,-0.2,-0.4,1,1,0,1,1,1,1,1,-0.25,0.6471,0.4118,1,1,1,-0.3,1,0.5,1,1,-0.04,0.6,1,1,0.2121,0.697,1,0.35,0.28,0.4,0.4,0.8333,1,1,1,1,1,41,0.1,0.08,0.66,0.16,0,0,1,0,0.76,0.56,-0.0202,0.08,0.64,1,1,67.7388,1,1,4.5556,1,0.1717,0.15,0.0707,0.1,0.02,0.1871,NA,NA,0.7879,1.25,0.4833
100trials_136,7350,-6600,750,0.2,-0.6,-1,1,0.2,-0.2,-1,1,0.2,-0.2,0.6,0.2,0.6,1,-0.2,0.6,-0.6,-0.6,0.2,-0.2,-0.2,0,0,0,0,0.4,0.8,0.2,-0.6,0,-0.375,0.0588,0.1765,0.5294,0.25,-0.2941,-0.1,0,0.2,0.5,-0.3,-0.04,-0.04,0.44,-0.12,-0.1515,0.3333,0,-0.05,-0.04,0.0333,0,0.1333,0.4667,0.16,0.1,-0.0303,-0.12,29,0.23,0.24,0.25,0.28,0,0,0,0,0.48,0.02,-0.6504,0.04,0.06,1,1,49.4906,0,1,1.1277,1,0.3838,0.7241,0.3434,0.6552,0.0202,-0.3853,-0.025,0.3603,0.1515,0.0809,0.1833
100trials_137,7200,-6400,800,0.2,-0.2,-0.6,-0.2,-1,-1,-1,-1,0.2,-0.2,1,-0.6,0.2,0.6,1,1,1,1,1,1,0,-0.4,-1,-1,0,0.2,0.4,1,1,1,-0.25,-0.7647,-0.4118,0.1765,1,1,-0.2,-1,0.1,0.7,1,-0.36,-0.6,0.44,1,-0.5152,-0.0909,0.9412,-0.6,-0.48,-0.3667,-0.6,0.6,0.5333,0.72,0.85,1,1,32,0.1,0.34,0.46,0.1,0,0,0,0,0.56,0.36,-0.4841,-0.24,0.12,1,1,51.3784,1,1,1.2727,1,0.2828,0.3125,0.2626,0.3125,0,-0.2831,NA,NA,1.4563,1.25,1.2
100trials_138,7050,-6450,600,-0.2,-0.2,-1,0.2,0.6,0.2,0.2,-0.2,-0.2,0.2,1,1,-0.2,0.2,0.2,0.2,-0.2,0.2,0.6,1,-0.2,-0.4,0.4,0,0,1,0,0.2,0,0.8,-0.5,0.2941,0.0588,0.6471,0,0.5294,-0.3,0.2,0.5,0.1,0.4,-0.12,0.04,0.44,0.36,-0.0909,0.3333,0.2941,-0.05,-0.04,0.1333,0,0.3333,0.4,0.4,0.25,0.2727,0.36,25,0.2,0.21,0.18,0.41,0,0,0,0,0.38,-0.02,-0.6668,0.2,0.18,1,1,53.2661,1,1,1.439,1,0.6869,0.96,0.4747,0.64,0,-0.2976,-0.1455,0.1522,0.385,1.0294,0.3833
100trials_139,8000,-9200,-1200,-0.6,-0.2,-1,-0.2,-0.2,0.2,-0.2,1,-0.2,0.2,-0.2,-0.2,-1,-0.2,-0.2,0.6,-1,0.2,-0.6,-0.2,-0.4,-0.6,0,0.4,0,-0.2,-0.6,0.2,-0.4,-0.4,-0.5,-0.1765,0.2941,-0.5294,0,-0.2941,-0.5,0.2,-0.1,-0.2,-0.4,-0.44,0.2,-0.36,-0.2,-0.3333,-0.0909,-0.1765,-0.15,-0.12,-0.1333,-0.05,-0.2333,-0.2,-0.28,-0.3,-0.1515,-0.2,26,0.16,0.44,0.22,0.18,0,0,0,0,0.38,0.06,-0.8977,-0.26,-0.2,0,0,41.3104,0,1,0.6667,0,0.5758,0.92,0.3535,0.44,0,-0.1032,-0.0806,0.0225,0.1569,0.2059,-0.0833
100trials_14,7500,-7700,-200,-0.2,0.2,-1,-1,-1,-1,0.2,0.6,1,1,0.2,-0.2,-0.6,0.6,-0.2,-0.2,0.6,1,-0.6,0.6,0,-1,-1,0.4,1,0,0,-0.2,0.8,0,-0.375,-0.8824,0.8824,-0.0588,0.125,0.2941,-0.5,-0.3,0.5,-0.1,0.4,-0.6,0.36,-0.04,0.28,-0.6364,0.3939,0.2353,-0.4,-0.12,-0.1,-0.15,0.2667,-0.0667,0.12,0.15,0.2121,0.28,28,0.13,0.37,0.37,0.13,0,0,0,0,0.5,0.24,-0.6142,-0.24,0,0,0,47.6029,0,1,1,0,0.303,0.5,0.1818,0.3571,0.01,-0.461,-0.2546,0.2064,0.8717,0.6691,0.6667
100trials_140,8800,-10100,-1300,-0.2,-0.6,0.2,0.2,-0.6,-0.6,-0.6,-1,-0.6,-0.6,0.2,-0.6,-1,-0.6,-0.6,-1,-0.6,-0.2,-1,-0.6,-0.4,0.2,-0.6,-0.8,-0.6,-0.2,-0.8,-0.8,-0.4,-0.8,-0.125,-0.4118,-0.7647,-0.4118,-0.875,-0.5294,-0.1,-0.7,-0.4,-0.8,-0.6,-0.2,-0.68,-0.52,-0.68,-0.2727,-0.6364,-0.6471,-0.4,-0.44,-0.4,-0.45,-0.6,-0.6,-0.6,-0.7,-0.697,-0.68,20,0.04,0.72,0.2,0.04,0,1,0,0,0.24,0.16,-1.3959,-0.68,-0.52,0,0,31.2424,0,0,0.3158,0,0.4141,0.8,0.3737,0.7,0.01,-0.3677,-0.2077,0.16,-0.3743,-0.4044,-0.2
100trials_141,7500,-7100,400,1,1,1,-1,1,-0.6,0.2,-0.2,-1,-1,0.6,1,-0.2,-1,1,-0.6,-0.6,1,-1,-0.6,1,0,0.2,0,-1,0.8,-0.6,0.2,0.2,-0.8,0.875,-0.1765,-0.5294,0.2941,-0.25,-0.1765,0.5,0.1,-0.1,-0.2,-0.3,0.6,-0.52,0.28,-0.36,0.3333,-0.0909,-0.2353,0.3,0.04,0.1667,-0.2,-0.2,0.1333,-0.04,-0.25,-0.2121,-0.36,16,0.08,0.42,0.06,0.44,0,0,0,0,0.14,-0.02,-0.9706,0.02,0,0,0,47.6029,0,1,1,1,0.2323,0.5,0.1515,0.1875,0.04,-0.1737,0.0472,0.2208,-0.5686,-1.0515,-0.5
100trials_142,6250,-4350,1900,-0.2,0.2,-0.2,0.6,0.2,1,-0.6,-0.6,1,0.6,1,0.2,1,1,0.6,1,1,0.6,0.6,1,0,0.2,0.6,-0.6,0.8,0.6,1,0.8,0.8,0.8,0,0.4118,0.1765,0.7647,0.875,0.7647,0.1,0,0.7,0.9,0.8,0.12,0.28,0.76,0.84,0.2121,0.4545,0.8235,0.05,0.2,0.2667,0.25,0.8,0.8,0.8,0.85,0.8182,0.84,21,0.12,0.13,0.17,0.58,0,0,0,0,0.29,0.05,-0.5424,0.45,0.5,1,1,63.334,1,1,3,1,0.4646,0.8095,0.2424,0.5238,0.01,-0.1951,0.0495,0.2447,0.6114,0.7647,0.75
100trials_143,6950,-6350,600,0.2,0.6,1,0.2,0.6,-0.2,0.6,0.6,-0.6,-0.2,0.2,-0.2,0.6,-0.2,0.2,0.2,0.6,-0.2,0.2,0.2,0.4,0.6,0.2,0.6,-0.4,0,0.2,0.2,0.2,0.2,0.5,0.2941,0.0588,0.0588,0.25,0.1765,0.5,0.4,-0.2,0.2,0.2,0.52,0.04,0.12,0.2,0.3939,0.0909,0.1765,0.45,0.28,0.2333,0.25,0.0667,0.1333,0.16,0.2,0.2121,0.2,28,0.16,0.23,0.24,0.37,0,0,0,0,0.4,0.08,-0.5666,0.14,0.22,1,1,54.5246,1,1,1.5641,1,0.7677,1,0.5051,0.7037,0,-0.1865,-0.1468,0.0397,-0.2175,-0.3235,-0.3833
100trials_144,7950,-8600,-650,0.2,0.2,0.2,0.2,-0.2,-1,-1,1,-0.2,-0.2,0.2,0.2,-0.2,-0.6,-0.6,-0.2,-0.2,-0.2,-0.2,-1,0.2,0.2,-0.6,0,-0.2,0.2,-0.4,-0.4,-0.2,-0.6,0.25,-0.5294,0.0588,-0.0588,-0.375,-0.4118,0.2,-0.3,0,-0.4,-0.4,0.12,-0.28,-0.2,-0.36,-0.1515,0.0303,-0.4118,-0.05,-0.08,-0.0333,-0.15,-0.2667,-0.2,-0.28,-0.4,-0.3939,-0.36,16,0.12,0.47,0.05,0.36,0,0,0,0,0.17,-0.07,-1.1245,-0.11,-0.18,0,0,41.9396,0,1,0.6949,0,0.5758,1,0.4747,0.6875,0,-0.2599,-0.0472,0.2127,-0.2602,-0.6618,-0.2167
100trials_145,8550,-9050,-500,0.2,0.2,0.2,-0.6,-0.6,-0.6,-0.2,-1,0.2,-1,-0.2,-0.6,-0.6,-0.6,-0.6,-0.6,-0.6,-0.2,-0.6,-0.6,0.2,-0.2,-0.6,-0.6,-0.4,-0.4,-0.6,-0.6,-0.4,-0.6,0.125,-0.5294,-0.5294,-0.5294,-0.5,-0.5294,0,-0.6,-0.4,-0.6,-0.5,-0.12,-0.52,-0.52,-0.52,-0.2121,-0.5152,-0.5294,-0.3,-0.32,-0.3333,-0.45,-0.5,-0.5333,-0.52,-0.55,-0.5152,-0.52,12,0.05,0.66,0.02,0.27,0,1,0,0,0.07,-0.03,-1.4439,-0.39,-0.42,0,0,34.3887,0,0,0.4085,0,0.4848,0.5833,0.4343,0.4167,0.01,0.2123,-0.0976,-0.3099,-0.3173,-0.6544,-0.2
100trials_146,7800,-9250,-1450,0.2,-0.2,0.2,-0.2,0.6,1,-0.2,-1,-1,0.6,-0.2,-0.6,-0.2,-0.2,-0.2,-0.6,0.2,-0.2,-0.6,0.2,0,0,0.8,-0.6,-0.2,-0.4,-0.2,-0.4,0,-0.2,0,0.5294,-0.5294,-0.4118,-0.25,-0.0588,0,0.1,-0.3,-0.3,-0.1,0.12,-0.12,-0.28,-0.2,0.2727,-0.4545,-0.1765,0.05,0,-0.0667,0,-0.2333,-0.3333,-0.24,-0.2,-0.1515,-0.2,28,0.22,0.34,0.16,0.28,0,0,0,0,0.38,-0.06,-0.8916,-0.06,-0.12,0,0,43.8274,0,1,0.7857,0,0.4949,0.8571,0.3333,0.4643,0.0202,-0.1066,0.0016,0.1082,-0.4492,-0.0588,-0.2833
100trials_147,6700,-5400,1300,-0.2,-1,0.6,1,0.6,0.2,0.6,1,1,1,0.6,0.6,0.6,0.2,-1,-0.2,0.2,-0.2,-0.2,1,-0.6,0.8,0.4,0.8,1,0.6,0.4,-0.6,0,0.4,-0.125,0.5294,1,0.6471,-0.5,0.2941,0.1,0.6,0.8,-0.1,0.2,0.2,0.76,0.2,0.12,0.2121,0.8182,-0.0588,0.35,0.48,0.5,0.75,0.3,0.1333,0.16,0.05,-0.0909,0.12,32,0.1,0.24,0.47,0.19,0,0,0,0,0.57,0.37,-0.3094,-0.05,0.32,1,1,57.6708,1,1,1.9412,1,0.3939,0.25,0.2727,0.1563,0.03,0.1725,0.1329,-0.0396,-0.2709,0.4191,-0.05
100trials_148,7050,-7300,-250,0.2,-1,0.2,-0.2,0.6,0.2,-0.2,0.2,0.2,-0.2,0.2,0.6,0.2,0.6,0.6,1,0.6,0.2,-0.6,0.2,-0.4,0,0.4,0,0,0.4,0.4,0.8,0.4,-0.2,-0.25,0.1765,0.0588,0.4118,0.75,-0.0588,-0.2,0.2,0.2,0.6,0.1,-0.04,0.04,0.44,0.28,-0.0303,0.2121,0.3529,0,0,0.0667,0.1,0.3,0.5333,0.36,0.35,0.3333,0.28,29,0.16,0.25,0.3,0.29,0,0,0,0,0.46,0.14,-0.5227,0.04,0.18,1,1,53.2661,1,1,1.439,1,0.8485,0.8966,0.596,0.4828,0.02,-0.2542,-0.1769,0.0773,0.3832,0.1912,0.3
100trials_149,6000,-5150,850,-0.6,0.6,-0.6,-0.2,0.2,1,1,1,1,1,1,1,0.6,1,1,0.2,0.6,1,0.2,1,0,-0.4,0.6,1,1,1,0.8,0.6,0.8,0.6,-0.125,0.4118,1,0.8824,0.625,0.7647,-0.2,0.8,1,0.7,0.7,-0.12,1,0.92,0.6,0.1515,0.9394,0.7059,0.3,0.44,0.5333,0.55,0.8,0.8,0.76,0.7,0.697,0.6,23,0.04,0.16,0.26,0.54,0,0,0,0,0.3,0.22,-0.3829,0.38,0.6,1,1,66.4803,1,1,4,1,0.2626,0.4783,0.1111,0.1739,0.0202,0.1955,-0.0518,-0.2473,0.5544,0.8897,0.5
100trials_15,7550,-7500,50,-0.2,-0.6,-1,1,0.6,-0.2,0.2,-0.2,0.2,0.2,-0.2,-0.2,0.2,0.2,-0.2,-0.2,0.2,0.2,-0.2,-0.2,-0.4,0,0.2,0,0.2,-0.2,0.2,-0.2,0.2,-0.2,-0.5,0.4118,0.0588,-0.0588,0,-0.0588,-0.2,0.1,0,0,0,-0.04,0.04,-0.04,-0.04,-0.0303,0.0303,-0.0588,-0.05,0,-0.0333,0.1,0,-0.0667,-0.04,0,-0.0303,-0.04,26,0.2,0.31,0.22,0.27,0,0,0,0,0.42,0.02,-0.7399,-0.04,-0.02,0,0,46.9736,0,1,0.9608,0,0.8788,1,0.4747,0.3846,0,-0.0636,-0.0759,-0.0123,-0.0285,0.4412,0.05
100trials_150,7600,-7800,-200,-0.2,-0.6,1,-0.2,-0.2,0.2,0.2,-0.2,-0.6,-0.2,-0.2,0.2,-0.6,0.6,0.2,-0.2,-0.2,0.2,-0.2,0.2,-0.4,0.4,0,0,-0.4,0,0,0,0,0,0.125,0.0588,-0.4118,-0.0588,0,0.0588,0,0,-0.2,0,0,-0.04,-0.12,0.04,-0.04,0.0909,-0.2727,0.0588,0,-0.08,-0.0667,0,-0.0667,0,0,0,0.0303,-0.04,29,0.23,0.29,0.23,0.25,0,0,0,0,0.46,0,-0.7442,-0.04,-0.04,0,0,46.3444,0,1,0.9231,0,0.9596,0.9655,0.5354,0.6897,0,-0.2426,0.1589,0.4015,-0.0321,-0.0662,-0.0667
100trials_151,6750,-6050,700,-0.2,-0.6,-0.6,-0.2,-0.2,-0.2,-1,0.6,0.2,0.6,0.6,0.2,0.6,1,0.6,1,0.6,1,1,1,-0.4,-0.4,-0.2,-0.2,0.4,0.4,0.8,0.8,0.8,1,-0.5,-0.2941,0.2941,0.5294,0.75,1,-0.4,-0.2,0.4,0.8,0.9,-0.36,0.04,0.6,0.92,-0.3939,0.3939,0.8824,-0.3,-0.16,-0.0667,-0.1,0.7,0.6667,0.76,0.85,0.8788,0.92,25,0.04,0.31,0.33,0.32,0,0,0,0,0.37,0.29,-0.4258,0.01,0.3,1,1,57.0416,1,1,1.8571,1,0.5152,0.64,0.303,0.32,0,-0.0829,0.307,0.39,1.2763,1.5,1
100trials_152,7850,-8250,-400,1,-0.6,-1,-1,0.2,0.2,-1,0.2,0.6,1,-0.6,1,-1,-0.2,-1,0.2,-0.6,1,-0.6,-0.6,0.2,-1,0.2,-0.4,0.8,0.2,-0.6,-0.4,0.2,-0.6,-0.25,-0.2941,0.4118,-0.2941,-0.25,-0.1765,-0.4,-0.1,0.5,-0.5,-0.2,-0.28,0.2,-0.36,-0.12,-0.2727,0.0909,-0.2353,-0.25,-0.04,0,-0.1,-0.0667,-0.2667,-0.24,-0.35,-0.2121,-0.12,19,0.06,0.51,0.13,0.3,0,0,0,0,0.19,0.07,-0.9509,-0.21,-0.14,0,0,43.1981,0,1,0.7544,0,0.2828,0.2632,0.1717,0.1053,0.02,0.0923,0.1373,0.0449,0.0374,0.0735,0.1833
100trials_153,8250,-9400,-1150,-0.2,-0.2,-1,-1,-0.2,0.2,-0.2,0.6,0.2,-0.6,-0.2,-0.2,-0.6,-0.6,-0.6,-0.2,-1,0.2,-0.6,0.2,-0.2,-1,0,0.2,-0.2,-0.2,-0.6,-0.4,-0.4,-0.2,-0.5,-0.1765,-0.0588,-0.4118,-0.5,-0.1765,-0.6,0.1,-0.2,-0.5,-0.3,-0.52,0.04,-0.44,-0.28,-0.3333,-0.2121,-0.3529,-0.25,-0.24,-0.2333,-0.25,-0.3333,-0.4,-0.36,-0.4,-0.3333,-0.28,24,0.17,0.48,0.16,0.19,0,0,0,0,0.33,-0.01,-1.0658,-0.29,-0.3,0,0,38.1642,0,0,0.5385,0,0.4747,0.875,0.404,0.6667,0,-0.0942,-0.3623,-0.2681,-0.0196,0.3235,-0.0833
100trials_154,7950,-8500,-550,-0.2,-1,-0.2,0.2,-1,-0.2,-0.2,0.2,0.6,-0.6,-0.6,0.2,-0.6,0.2,-0.2,0.2,-0.2,0.2,-0.2,-0.2,-0.6,0,-0.6,0,0,-0.2,-0.2,0,0,-0.2,-0.375,-0.2941,-0.0588,-0.2941,0,-0.0588,-0.3,-0.3,-0.1,-0.1,-0.1,-0.44,-0.04,-0.2,-0.04,-0.3333,-0.1515,-0.0588,-0.3,-0.24,-0.2333,-0.15,-0.1,-0.1333,-0.12,-0.1,-0.0303,-0.04,18,0.07,0.52,0.09,0.32,0,0,0,0,0.16,0.02,-1.0494,-0.2,-0.18,0,0,41.9396,0,1,0.6949,0,0.6364,1,0.5354,0.6667,0,-0.1929,-0.0669,0.126,0.2745,0.3162,0.2
100trials_155,7050,-6750,300,0.6,1,0.2,0.2,-0.2,-0.2,-0.2,-0.2,0.2,0.6,0.6,0.2,0.6,0.2,0.6,0.2,-0.2,0.2,-0.2,-0.6,0.8,0.2,-0.2,-0.2,0.4,0.4,0.4,0.4,0,-0.4,0.625,-0.0588,0.0588,0.4118,0.375,-0.2941,0.5,-0.2,0.4,0.4,-0.2,0.36,0.04,0.44,-0.12,0.2727,0.2727,0,0.15,0.2,0.2333,0.05,0.2,0.4,0.16,0.1,0.0303,-0.12,12,0.01,0.4,0.01,0.58,0,0,0,0,0.02,0,-0.9691,0.18,0.18,1,1,53.2661,1,1,1.439,1,0.5253,0.6667,0.5051,0.5833,0,-0.1954,-0.2389,-0.0435,-0.2727,-0.9191,0.05
100trials_156,7700,-7150,550,-0.6,1,-0.2,-1,1,1,-1,-0.2,0.2,-0.2,-1,-1,-0.2,0.2,1,-0.2,0.2,-0.2,0.2,-0.6,0.2,-0.6,1,-0.6,0,-1,0,0.4,0,-0.2,0,0.1765,-0.1765,-0.6471,0.375,-0.1765,-0.2,0.2,-0.5,0.2,-0.1,0.04,-0.04,-0.2,-0.12,0.0909,-0.3939,0.0588,0,0,-0.1667,-0.05,-0.1333,-0.2,-0.16,0.05,0.0909,-0.12,29,0.27,0.27,0.22,0.24,0,0,0,0,0.49,-0.05,-0.7868,-0.03,-0.08,0,0,45.0859,0,1,0.8519,0,0.6061,0.5172,0.3838,0.3448,0.0505,-0.0726,-0.2482,-0.1756,-0.0321,-0.1765,-0.1333
100trials_157,6450,-6450,0,-0.2,0.6,1,0.2,-0.2,0.2,-0.2,0.6,0.6,-1,-0.2,0.2,0.6,1,0.6,1,1,1,0.6,1,0.2,0.6,0,0.2,-0.2,0,0.8,0.8,1,0.8,0.5,-0.0588,0.0588,0.2941,0.875,0.8824,0.4,0.1,-0.1,0.8,0.9,0.28,0.04,0.44,0.92,0.2121,0.1515,0.8824,0.25,0.16,0.1333,0.15,0.5333,0.5333,0.68,0.85,0.8788,0.92,31,0.17,0.12,0.35,0.36,0,0,0,0,0.52,0.18,-0.3475,0.24,0.42,1,1,60.8171,1,1,2.4483,1,0.6667,0.9333,0.3232,0.4333,0.01,-0.0063,0.5312,0.5375,0.6702,0.3824,0.2833
100trials_158,9250,-11550,-2300,0.6,-0.2,-1,0.6,-1,-1,-1,-1,-1,-0.2,-1,-1,-0.6,-1,-1,-0.6,-0.6,-1,-1,-1,0.2,-0.2,-1,-1,-0.6,-1,-0.8,-0.8,-0.8,-1,-0.25,-0.5294,-0.7647,-0.8824,-0.75,-1,0,-1,-0.8,-0.8,-0.9,-0.2,-0.84,-0.92,-0.84,-0.3939,-0.8182,-0.8824,-0.5,-0.52,-0.6,-0.7,-0.8333,-0.8667,-0.88,-0.85,-0.8788,-0.84,17,0.08,0.77,0.07,0.08,0,1,0,0,0.15,-0.01,-1.9024,-0.69,-0.7,0,0,25.5792,0,0,0.1765,0,0.1616,0.2353,0.1313,0.1765,0.02,0.0785,0.0112,-0.0673,-0.4884,-0.75,-0.3333
100trials_159,7450,-7050,400,0.6,-0.6,0.2,0.6,-1,-0.2,-0.2,0.2,-0.2,1,-0.2,0.2,-0.2,-0.2,-0.2,0.2,0.2,-0.2,0.2,0.2,0,0.4,-0.6,0,0.4,0,-0.2,0,0,0.2,0.125,-0.2941,0.2941,-0.0588,-0.125,0.1765,0.2,-0.3,0.2,-0.1,0.1,-0.04,0.12,-0.12,0.12,-0.0909,0.0909,0.0588,-0.05,0.04,0.0333,0.05,0.0667,-0.0667,0,0,0.0303,0.12,23,0.17,0.32,0.18,0.33,0,0,0,0,0.35,0.01,-0.7615,0.01,0.02,0,1,48.2321,0,1,1.0408,1,0.6263,1,0.5657,0.9565,0,-0.3191,-0.2287,0.0904,0.1497,0.0515,0.1167
100trials_16,7000,-6350,650,-0.2,-0.6,-1,-1,0.2,1,1,1,-0.6,-1,-0.6,-1,-0.2,1,1,1,1,1,1,1,-0.4,-1,0.6,1,-0.8,-0.8,0.4,1,1,1,-0.625,0.2941,-0.0588,-0.4118,1,1,-0.7,0.8,-0.8,0.7,1,-0.52,0.28,0.04,1,-0.1515,-0.2727,1,0.05,-0.12,-0.2333,-0.05,0.3,0.2,0.52,0.85,1,1,31,0.08,0.32,0.43,0.17,0,0,0,0,0.51,0.35,-0.4159,-0.15,0.2,1,1,53.8953,1,1,1.5,1,0.1515,0.3,0.0808,0.1667,0.02,-0.1176,NA,NA,1.1515,1.625,0.25
100trials_160,8600,-9700,-1100,0.2,-0.2,1,1,0.6,-1,-1,-1,-1,-1,-1,-1,-1,-1,-1,-0.6,1,0.2,-1,-1,0,1,-0.2,-1,-1,-1,-1,-0.8,0.6,-1,0.375,-0.0588,-1,-1,-0.5,-0.4118,0.5,-0.6,-1,-0.9,-0.2,0.52,-1,-1,-0.28,0.1515,-1,-0.4706,-0.05,-0.24,-0.3667,-0.3,-0.7,-0.9333,-0.64,-0.55,-0.4545,-0.28,20,0.23,0.49,0.01,0.27,0,0,0,0,0.24,-0.22,-1.4948,-0.22,-0.44,0,0,33.7594,0,0,0.3889,0,0.1313,0.5,0.0707,0.25,0.08,0.0039,0.1383,0.1343,-0.6221,-0.7868,-0.65
100trials_161,7550,-6950,600,0.2,0.2,-0.6,1,-0.2,0.2,-0.2,-0.6,-0.6,-0.2,-0.2,0.2,0.6,-0.2,0.6,0.2,0.2,-0.2,-0.2,-0.6,0.2,0.2,0,-0.4,-0.4,0,0.2,0.4,0,-0.4,0,0.2941,-0.5294,0.1765,0.125,-0.1765,0.2,-0.2,-0.2,0.3,-0.2,0.12,-0.28,0.2,-0.12,0.1515,-0.2121,0,0,-0.08,-0.0667,-0.15,-0.0333,0.2,0.04,0.05,-0.0303,-0.12,15,0.06,0.45,0.08,0.41,0,0,0,0,0.14,0.02,-0.9461,-0.04,-0.02,0,0,46.9736,0,1,0.9608,0,0.5859,1,0.4545,0.6667,0,-0.0877,-0.1581,-0.0704,-0.1515,-0.1765,-0.0333
100trials_162,5950,-5500,450,0.2,-0.6,-0.2,0.2,1,-0.6,-0.2,1,1,1,1,1,1,1,1,1,1,1,1,0.6,-0.2,0,0.2,0.4,1,1,1,1,1,0.8,-0.25,0.0588,1,1,1,0.8824,-0.1,0.3,1,1,0.9,0.12,0.44,1,0.92,-0.0909,1,0.9412,0.1,0.28,0.4,0.4,0.9667,1,0.96,0.95,0.9394,0.92,17,0.07,0.12,0.09,0.72,0,0,0,1,0.16,0.02,-0.6316,0.6,0.62,1,1,67.1095,1,1,4.2632,1,0.1717,0.3529,0.101,0.1765,0.01,0.1156,-0.0657,-0.1812,1.0321,1.1324,0.8667
100trials_163,8440,-10950,-2510,-0.6,0.2,0.2,-0.6,0.2,0.2,-0.2,-0.2,-0.2,-0.6,0.2,-0.2,-0.2,-0.2,0.2,-0.2,-0.2,0.2,-0.2,0.2,-0.2,-0.2,0.2,-0.2,-0.4,0,-0.2,0,0,0,-0.125,-0.0588,-0.2941,0.0588,-0.125,-0.0588,-0.2,0,-0.2,-0.1,0,-0.12,-0.2,-0.04,-0.04,-0.0909,-0.1515,-0.0588,-0.1,-0.16,-0.1333,-0.15,-0.1,-0.0667,-0.04,-0.05,-0.0909,-0.04,33,0.23,0.32,0.25,0.2,0,0,0,0,0.48,0.02,-0.7754,-0.12,-0.1,0,0,44.4566,0,1,0.8182,0,0.8788,0.9688,0.5758,0.625,0.01,-0.2077,-0.1925,0.0152,0.0321,0.0662,0
100trials_164,8240,-8800,-560,-0.6,0.2,0.2,-1,0.6,0.6,0.2,0.2,-1,-0.6,0.6,0.2,0.2,-1,0.2,-0.2,0.6,0.6,0.2,-1,-0.2,-0.4,0.6,0.2,-0.8,0.4,-0.4,0,0.6,-0.4,-0.125,0.0588,-0.2941,0.1765,-0.125,0.0588,-0.3,0.4,-0.2,-0.2,0.1,-0.12,-0.12,0.04,0.04,-0.0303,-0.0303,-0.0588,0.05,-0.12,-0.0333,-0.1,-0.1,0,0.04,-0.05,-0.0303,0.04,28,0.21,0.31,0.18,0.3,0,0,0,0,0.39,-0.03,-0.8033,-0.01,-0.04,0,0,46.3444,0,1,0.9231,0,0.4949,0.8214,0.303,0.4286,0.0404,0.1361,-0.0453,-0.1814,-0.0285,0.1838,-0.15
100trials_165,8180,-9400,-1220,-1,-0.2,0.6,-0.2,0.2,0.2,0.2,0.2,0.2,0.2,0.2,0.2,0.2,-0.2,-0.2,0.2,0.2,-0.2,-0.2,0.2,-0.6,0.2,0.2,0.2,0.2,0.2,0,0,0,0,-0.25,0.1765,0.1765,0.1765,0,-0.0588,-0.2,0.2,0.2,0,0,-0.12,0.2,0.04,0.04,-0.0303,0.2121,-0.0588,0,0.04,0.0667,0.2,0.0667,0.0667,0.04,0,-0.0303,0.04,23,0.12,0.36,0.19,0.33,0,0,0,0,0.31,0.07,-0.7351,-0.03,0.04,0,1,48.8614,0,1,1.0833,0,0.899,0.9565,0.6364,0.3043,0,-0.213,0.321,0.534,-0.0285,0.1912,0.0667
100trials_166,7550,-7775,-225,-1,-0.2,-0.2,-0.2,0.6,0.2,-0.2,0.6,0.2,0.2,0.2,0.2,0.2,-0.2,1,1,0.6,0.6,0.2,1,-0.6,-0.2,0.4,0.2,0.2,0.2,0,1,0.6,0.6,-0.5,0.2941,0.1765,0.1765,0.625,0.6471,-0.4,0.3,0.2,0.5,0.6,-0.2,0.2,0.28,0.68,-0.0909,0.1515,0.6471,-0.05,0,0.0333,0.15,0.4333,0.4,0.48,0.55,0.6364,0.68,24,0.12,0.26,0.2,0.42,0,0,0,0,0.32,0.08,-0.6083,0.16,0.24,1,1,55.1538,1,1,1.6316,1,0.6869,0.9167,0.4141,0.3333,0,-0.2304,0.0258,0.2562,0.738,1.1471,0.4833
100trials_167,7665,-6375,1290,-1,-0.6,1,1,1,1,1,1,1,1,-0.6,-0.2,-0.6,-0.2,1,1,1,0.6,-1,-0.6,-0.8,1,1,1,1,-0.4,-0.4,1,0.8,-0.8,-0.125,1,1,-0.5294,0.875,-0.1765,0.1,1,0.3,0.3,0,0.28,1,-0.12,0.2,0.4545,0.2727,0.2941,0.55,0.64,0.4667,1,0.2,0.0667,0.04,0.15,0.3333,0.2,15,0.09,0.24,0.06,0.61,0,0,0,1,0.15,-0.03,-0.7907,0.37,0.34,1,1,58.3001,1,1,2.0303,1,0.1919,0.4,0.1212,0.2,0.0303,0.0723,-0.1087,-0.181,-0.1604,-0.0515,-0.35
100trials_168,7070,-6025,1045,-0.2,0.6,0.6,0.2,1,0.2,-0.2,0.2,0.6,1,0.2,0.6,0.6,0.2,0.2,1,1,1,0.2,0.2,0.2,0.4,0.6,0,0.8,0.4,0.4,0.6,1,0.2,0.25,0.4118,0.5294,0.4118,0.625,0.5294,0.3,0.3,0.6,0.5,0.6,0.44,0.36,0.36,0.68,0.3333,0.5152,0.5294,0.3,0.4,0.4,0.45,0.5667,0.4667,0.52,0.55,0.5758,0.68,23,0.1,0.17,0.2,0.53,0,0,0,0,0.3,0.1,-0.5133,0.36,0.46,1,1,62.0755,1,1,2.7037,1,0.8081,1,0.4949,0.3913,0,-0.0062,-0.1526,-0.1464,0.1961,0.2794,0.2667
100trials_169,7665,-7375,290,-1,-0.6,1,1,1,1,1,1,1,1,-0.6,-0.2,-0.6,-0.2,1,1,1,0.6,-1,-1,-0.8,1,1,1,1,-0.4,-0.4,1,0.8,-1,-0.125,1,1,-0.5294,0.875,-0.2941,0.1,1,0.3,0.3,-0.1,0.28,1,-0.12,0.12,0.4545,0.2727,0.2353,0.55,0.64,0.4667,1,0.1667,0.0667,0,0.1,0.2727,0.12,15,0.09,0.25,0.06,0.6,0,0,0,1,0.15,-0.03,-0.7994,0.35,0.32,1,1,57.6708,1,1,1.9412,1,0.1717,0.3333,0.101,0.1333,0.0303,0.0723,0.0053,-0.067,-0.2193,-0.1691,-0.3833
100trials_17,9000,-10500,-1500,-1,-1,-0.2,-0.2,-0.2,-0.6,-0.2,-1,-1,0.2,-1,-1,-0.6,-0.6,-0.6,0.2,-0.6,-1,-1,-0.6,-1,-0.2,-0.4,-0.6,-0.4,-1,-0.6,-0.2,-0.8,-0.8,-0.625,-0.4118,-0.5294,-0.7647,-0.5,-0.7647,-0.6,-0.5,-0.7,-0.4,-0.8,-0.52,-0.52,-0.76,-0.6,-0.5152,-0.6364,-0.6471,-0.55,-0.52,-0.6,-0.4,-0.6333,-0.6,-0.68,-0.6,-0.6364,-0.6,18,0.1,0.7,0.11,0.09,0,1,0,0,0.21,0.01,-1.6003,-0.61,-0.6,0,0,28.7255,0,0,0.25,0,0.2929,0.5,0.2626,0.4444,0.03,-0.436,-0.1786,0.2574,-0.1319,-0.1397,-0.0833
100trials_170,7805,-7975,-170,1,0.6,-1,-0.2,1,0.2,-1,0.2,0.2,0.6,0.6,-1,-0.2,1,1,0.6,-0.2,-1,0.2,0.2,0.8,-0.6,0.6,-0.4,0.4,-0.2,0.4,0.8,-0.6,0.2,0.125,0.1765,0.1765,-0.0588,0.625,-0.1765,0.1,0.1,0.1,0.6,-0.2,0.28,0.04,0.28,-0.04,0.1515,0.0303,0.2353,0.1,0.16,0.1,0,0.1667,0.3333,0.12,0.2,0.2121,-0.04,24,0.14,0.29,0.18,0.39,0,0,0,0,0.32,0.04,-0.6885,0.1,0.14,1,1,52.0076,1,1,1.3256,1,0.2626,0.75,0.1616,0.4167,0,-0.199,0.0519,0.251,0.0838,-0.3015,0.0667
100trials_171,8420,-10050,-1630,-0.2,0.2,-0.2,0.2,-0.2,-0.2,-0.2,-0.2,-0.2,-0.6,0.2,0.2,0.6,-0.2,-0.6,-0.6,0.6,-0.2,0.2,-0.2,0,0,-0.2,-0.2,-0.4,0.2,0.2,-0.6,0.2,0,0,-0.0588,-0.4118,0.1765,-0.25,0.0588,0,-0.2,-0.1,-0.2,0.1,-0.04,-0.28,0.04,-0.04,-0.0303,-0.0909,-0.1176,-0.1,-0.16,-0.1,-0.2,-0.0667,-0.0667,0,-0.05,-0.0909,-0.04,27,0.18,0.36,0.21,0.25,0,0,0,0,0.39,0.03,-0.7977,-0.11,-0.08,0,0,45.0859,0,1,0.8519,0,0.73740000000000006,0.9231,0.5657,0.5,0,0.1759,-0.1337,-0.3096,-0.0873,0.0588,0.0333
100trials_172,8110,-10100,-1990,1,-0.6,-1,-1,1,1,1,1,1,1,-1,-0.2,-0.2,0.2,-1,-0.6,0.2,-0.2,-0.6,-0.2,0.2,-1,1,1,1,-0.6,0,-0.8,0,-0.4,-0.25,0.5294,1,-0.2941,-0.5,-0.2941,-0.4,1,0.2,-0.4,-0.2,-0.12,1,-0.44,-0.28,0.1515,0.3333,-0.3529,0.3,0.44,0.2667,0.5,-0.1333,-0.4667,-0.36,-0.3,-0.3939,-0.28,25,0.15,0.33,0.17,0.35,0,0,0,0,0.32,0.02,-0.7623,0.02,0.04,0,1,48.8614,0,1,1.0833,1,0.4141,0.6667,0.2323,0.3333,0.02,0.047,-0.1212,-0.1683,-0.5045,-0.0441,-0.4333
100trials_173,7220,-7100,120,-0.2,-0.6,-0.2,-0.2,0.2,1,-0.2,0.2,-0.2,1,0.6,1,1,-0.6,0.6,1,0.6,1,0.6,0.2,-0.4,-0.2,0.6,0,0.4,0.8,0.2,0.8,0.8,0.4,-0.375,0.2941,0.2941,0.7647,0.375,0.6471,-0.3,0.3,0.6,0.5,0.6,-0.2,0.36,0.52,0.68,-0.0303,0.5758,0.4706,0,0.08,0.2,0.2,0.5667,0.6,0.6,0.55,0.5152,0.68,34,0.17,0.16,0.31,0.36,0,0,0,0,0.48,0.14,-0.4264,0.2,0.34,1,1,58.3001,1,1,2.0303,1,0.5455,0.6364,0.2929,0.303,0.01,0.1176,0.0492,-0.0683,0.5009,1.0221,0.5667
100trials_174,7950,-8200,-250,-0.2,-0.2,-1,-0.2,-0.2,-0.2,0.6,0.2,-0.2,0.6,0.2,-0.2,0.2,0.2,-0.6,0.2,0.6,0.6,0.2,0.6,-0.2,-0.6,-0.2,0.4,0.2,0,0.2,-0.2,0.6,0.4,-0.375,-0.0588,0.1765,0.0588,0.125,0.4118,-0.4,0.1,0.1,0,0.5,-0.36,0.2,-0.04,0.44,-0.2121,0.1515,0.2353,-0.15,-0.08,-0.0667,-0.05,0.2,0,0.2,0.25,0.2727,0.44,26,0.17,0.3,0.2,0.33,0,0,0,0,0.37,0.03,-0.7092,0.03,0.06,1,1,49.4906,0,1,1.1277,1,0.7273,1,0.4646,0.64,0,-0.1208,-0.2504,-0.1296,0.4474,0.7868,0.35
100trials_175,9540,-12825,-3285,-1,-1,-1,-1,-1,-1,-0.6,-0.6,-0.2,-1,-0.2,-0.6,-0.2,0.2,0.2,0.2,0.2,0.6,-0.2,-0.2,-1,-1,-1,-0.6,-0.6,-0.4,0,0.2,0.4,-0.2,-1,-0.8824,-0.6471,-0.1765,0.125,0.0588,-1,-0.8,-0.5,0.1,0.1,-1,-0.68,-0.12,0.12,-0.9394,-0.4545,0.1176,-0.9,-0.84,-0.7667,-0.8,-0.1,-0.0667,0,0.1,0.0909,0.12,41,0.36,0.35,0.25,0.04,0,0,0,0,0.61,-0.11,-1.2019,-0.31,-0.42,0,0,34.3887,0,0,0.4085,0,0.8182,0.825,0.3535,0.45,0.0404,0.0801,-0.1947,-0.2748,1.057,1.0588,0.8
100trials_176,7055,-6550,505,0.2,0.2,-0.2,-0.2,-0.2,-0.2,0.6,-0.2,0.2,0.2,0.2,1,1,1,1,1,0.6,0.6,0.2,1,0.2,-0.2,-0.2,0.2,0.2,0.6,1,1,0.6,0.6,0.125,-0.1765,0.1765,0.7647,0.875,0.6471,0,0,0.4,1,0.6,-0.04,0.12,0.84,0.68,-0.0303,0.4545,0.7647,0,0.04,0.1333,0,0.6667,0.8667,0.76,0.8,0.7576,0.68,35,0.15,0.15,0.36,0.34,0,0,0,0,0.51,0.21,-0.3468,0.19,0.4,1,1,60.1878,1,1,2.3333,1,0.8889,1,0.4646,0.5429,0,-0.1695,0.2094,0.3789,0.795,0.5221,0.6667
100trials_177,7130,-6225,905,0.6,0.2,-0.2,0.2,0.6,0.2,0.6,0.6,0.6,0.2,-0.6,1,1,1,1,1,0.6,-0.2,1,0.2,0.4,0,0.4,0.6,0.4,0.2,1,1,0.2,0.6,0.25,0.4118,0.4118,0.5294,1,0.2941,0.2,0.5,0.3,1,0.4,0.28,0.44,0.68,0.52,0.3333,0.4545,0.6471,0.35,0.36,0.3333,0.35,0.5667,0.7333,0.6,0.7,0.6364,0.52,20,0.11,0.15,0.14,0.6,0,0,0,1,0.25,0.03,-0.5961,0.45,0.48,1,1,62.7048,1,1,2.8462,1,0.4242,0.55,0.3434,0.4,0.01,-0.0734,-0.0938,-0.0204,0.3137,0.0441,0.2167
100trials_178,7280,-6475,805,-0.6,0.2,-0.6,-1,0.2,0.2,-0.2,-0.2,0.6,0.6,0.6,0.6,1,-0.2,0.6,0.6,1,1,1,0.6,-0.2,-0.8,0.2,-0.2,0.6,0.6,0.4,0.6,1,0.8,-0.375,-0.1765,0.2941,0.6471,0.5,0.8824,-0.5,0,0.6,0.5,0.9,-0.36,0.2,0.52,0.84,-0.2727,0.4545,0.7059,-0.25,-0.08,0.0333,-0.05,0.6667,0.5333,0.68,0.7,0.697,0.84,32,0.15,0.2,0.31,0.34,0,0,0,0,0.46,0.16,-0.4461,0.14,0.3,1,1,57.0416,1,1,1.8571,1,0.8687,0.9063,0.3737,0.4063,0,0.0718,0.2882,0.2164,0.9786,1.2574,0.9167
100trials_179,8240,-8800,-560,-0.6,0.2,0.2,-1,0.6,0.6,0.2,0.2,-1,-0.6,0.6,0.2,0.2,-1,0.2,-0.2,0.6,0.6,0.2,-1,-0.2,-0.4,0.6,0.2,-0.8,0.4,-0.4,0,0.6,-0.4,-0.125,0.0588,-0.2941,0.1765,-0.125,0.0588,-0.3,0.4,-0.2,-0.2,0.1,-0.12,-0.12,0.04,0.04,-0.0303,-0.0303,-0.0588,0.05,-0.12,-0.0333,-0.1,-0.1,0,0.04,-0.05,-0.0303,0.04,28,0.21,0.31,0.18,0.3,0,0,0,0,0.39,-0.03,-0.8033,-0.01,-0.04,0,0,46.3444,0,1,0.9231,0,0.4949,0.8214,0.303,0.4286,0.0404,0.1361,-0.0453,-0.1814,-0.0285,0.1838,-0.15
100trials_18,7500,-8350,-850,-0.2,-0.6,1,1,1,-1,-1,0.6,1,-0.6,-0.2,-1,-1,1,0.2,-1,0.6,-0.6,0.2,0.6,-0.4,1,0,-0.2,0.2,-0.6,0,-0.4,0,0.4,0.125,0.0588,0.1765,-0.5294,0,0.1765,0.3,-0.1,-0.2,-0.2,0.2,0.44,-0.2,-0.2,-0.04,0.0909,-0.2121,0.1176,0.1,0.12,0,0.25,-0.0667,-0.3333,-0.12,0,0.0909,-0.04,14,0.05,0.45,0.02,0.48,0,0,0,0,0.07,-0.03,-1.0534,0.03,0,0,0,47.6029,0,1,1,1,0.2121,0.8571,0.1414,0.5714,0,-0.1713,-0.1758,-0.0046,0.0267,0.0515,-0.1667
100trials_180,7350,-6950,400,-0.2,-0.2,-0.2,0.2,0.6,-0.2,-0.2,-0.2,1,0.6,-0.2,0.2,0.2,1,0.6,0.6,0.6,0.2,0.6,1,-0.2,0,0.2,-0.2,0.8,0,0.6,0.6,0.4,0.8,-0.125,0.1765,0.2941,0.1765,0.75,0.5294,-0.1,0,0.4,0.6,0.6,0.04,0.2,0.36,0.6,0.0303,0.2121,0.6471,-0.05,0.12,0.1,0.2,0.5333,0.4,0.48,0.6,0.6364,0.6,41,0.18,0.17,0.42,0.23,0,0,0,0,0.6,0.24,-0.351,0.06,0.3,1,1,57.0416,1,1,1.8571,1,0.7475,0.7317,0.404,0.3171,0.03,-0.0209,0.5618,0.5828,0.6168,0.6544,0.5833
100trials_181,8640,-10350,-1710,0.2,-0.2,-0.2,-1,-0.2,-0.2,0.2,-0.2,-0.2,-0.2,0.2,-0.2,-0.6,0.2,0.2,-0.2,-0.6,0.2,-0.6,-0.2,0,-0.6,-0.2,0,-0.2,0,-0.2,0,-0.2,-0.4,-0.125,-0.2941,-0.1765,-0.1765,0,-0.2941,-0.3,-0.1,-0.1,-0.1,-0.3,-0.28,-0.12,-0.04,-0.28,-0.2121,-0.2121,-0.1176,-0.2,-0.2,-0.1667,-0.25,-0.1667,-0.0667,-0.16,-0.2,-0.1515,-0.28,36,0.32,0.27,0.23,0.18,0,0,0,0,0.55,-0.09,-0.8688,-0.09,-0.18,0,0,41.9396,0,1,0.6949,0,0.7677,0.6667,0.5152,0.3056,0.1,0.3599,-0.1533,-0.5132,0.0945,-0.1691,0.0333
100trials_182,6800,-6600,200,0.2,-0.6,-1,-1,1,0.6,0.6,0.6,1,1,1,-0.6,-1,1,0.6,0.2,-0.2,0.2,1,1,-0.2,-1,0.8,0.6,1,0.2,0,0.4,0,1,-0.5,0.2941,0.8824,-0.0588,0.375,0.6471,-0.6,0.7,0.6,0.2,0.5,-0.28,0.76,0.2,0.44,-0.0909,0.3939,0.5294,0.05,0.24,0.2333,0.35,0.4333,0.2,0.32,0.35,0.5152,0.44,40,0.18,0.18,0.54,0.1,0,0,0,0,0.72,0.36,-0.3305,-0.08,0.28,1,1,56.4123,1,1,1.7778,1,0.2222,0.2,0.1717,0.125,0.0606,0.089,0.5626,0.4736,0.6203,1.1471,0.3833
100trials_183,6800,-6375,425,-0.2,-0.6,-1,0.2,-0.2,-0.2,0.6,-0.2,0.2,1,-0.6,0.6,-0.2,0.6,1,1,0.6,1,1,1,-0.4,-0.4,-0.2,0.2,0.6,0,0.2,1,0.8,1,-0.5,0.0588,0.2941,-0.0588,1,0.8824,-0.4,0,0.3,0.6,0.9,-0.36,0.28,0.28,0.92,-0.2121,0.1515,0.8824,-0.2,-0.04,-0.0333,0.05,0.6,0.4,0.6,0.75,0.9394,0.92,32,0.21,0.15,0.37,0.27,0,0,0,0,0.58,0.16,-0.4005,0.12,0.28,1,1,56.4123,1,1,1.7778,1,0.4242,0.3871,0.3131,0.3548,0.03,-0.2788,-0.0651,0.2136,1.0945,1.3824,0.8
100trials_184,6800,-6350,450,-0.2,-0.6,-1,-0.2,0.2,0.6,0.6,0.2,1,0.6,-1,-0.2,0.6,-1,1,1,1,1,1,1,-0.4,-0.6,0.4,0.4,0.8,-0.6,-0.2,1,1,1,-0.5,0.1765,0.6471,-0.2941,0.625,1,-0.5,0.4,0.1,0.4,1,-0.36,0.6,-0.12,1,-0.1515,0.2121,0.7647,-0.05,0.12,0,0.25,0.5,0.0667,0.44,0.7,0.8182,1,33,0.17,0.19,0.4,0.24,0,0,0,0,0.57,0.23,-0.3773,0.05,0.28,1,1,56.4123,1,1,1.7778,1,0.3737,0.3125,0.2323,0.1563,0.0404,-0.2043,-0.3926,-0.1882,0.9162,1.5,0.55
100trials_185,6850,-6800,50,-0.2,-1,-0.6,-1,-0.2,1,1,0.2,-0.2,1,0.2,-1,0.6,1,1,1,-0.2,1,1,0.6,-0.6,-0.8,0.4,0.6,0.4,-0.4,0.8,1,0.4,0.8,-0.625,0.1765,0.4118,0.0588,0.75,0.7647,-0.7,0.5,0,0.9,0.6,-0.6,0.6,0.36,0.68,-0.2121,0.2121,0.7647,-0.1,0,-0.0667,0.15,0.5,0.4667,0.52,0.75,0.7576,0.68,26,0.13,0.24,0.29,0.34,0,0,0,0,0.42,0.16,-0.4881,0.1,0.26,1,1,55.7831,1,1,1.7027,1,0.4141,0.5,0.2121,0.2692,0.0101,-0.1334,-0.0904,0.043,0.9768,1.3897,0.6
100trials_186,7200,-7050,150,-0.6,-0.2,-0.2,-1,-0.2,-0.2,0.2,0.6,0.6,0.6,-0.6,-0.2,1,-0.2,0.2,0.6,0.2,0.2,1,0.6,-0.4,-0.6,-0.2,0.4,0.6,-0.4,0.4,0.4,0.2,0.8,-0.375,-0.2941,0.5294,0.0588,0.25,0.5294,-0.5,0.1,0.1,0.4,0.5,-0.44,0.36,0.04,0.52,-0.3333,0.2727,0.4118,-0.2,-0.04,-0.1,0.05,0.3333,0.1333,0.28,0.45,0.3939,0.52,28,0.15,0.29,0.3,0.26,0,0,0,0,0.45,0.15,-0.5607,-0.03,0.12,1,1,51.3784,1,1,1.2727,1,0.5758,0.7407,0.3434,0.4444,0.01,-0.1856,-0.0201,0.1654,0.7451,0.9044,0.5333
100trials_187,7000,-7300,-300,-0.6,0.2,0.2,-1,-0.2,-1,0.2,0.2,1,-0.6,-1,-1,0.6,1,1,1,1,1,1,1,-0.2,-0.4,-0.6,0.2,0.2,-1,0.8,1,1,1,-0.125,-0.5294,0.1765,-0.2941,1,1,-0.3,-0.2,-0.4,0.9,1,-0.28,-0.04,0.12,1,-0.3333,-0.0909,1,-0.25,-0.16,-0.3,-0.15,0.5,0.2667,0.56,0.95,1,1,37,0.15,0.25,0.5,0.1,0,0,0,0,0.65,0.35,-0.4055,-0.15,0.2,1,1,53.8953,1,1,1.5,1,0.2626,0.2778,0.1313,0.1111,0.0202,0.1102,NA,NA,1.3333,1.125,0.75
100trials_188,6350,-5625,725,-0.2,-1,-0.2,-1,1,0.6,-1,-1,1,1,1,1,1,1,1,1,1,1,1,1,-0.6,-0.6,0.8,-1,1,1,1,1,1,1,-0.5,0.0588,0.1765,1,1,1,-0.6,-0.1,1,1,1,-0.28,0.12,1,1,-0.2121,0.5758,1,-0.35,-0.08,0.1,0.05,1,1,1,1,1,1,29,0.1,0.17,0.38,0.35,0,0,0,0,0.48,0.28,-0.3,0.18,0.46,1,1,62.0755,1,1,2.7037,1,0.1818,0.1724,0.0909,0,0.0202,0.1249,NA,NA,1.2121,1.5,1.35
100trials_189,6900,-6025,875,1,1,1,0.2,0.2,0.6,1,1,-0.2,-0.2,-1,-0.2,-0.6,-1,0.6,1,0.6,-1,0.2,0.6,1,0.6,0.4,1,-0.2,-0.6,-0.8,0.8,-0.2,0.4,1,0.4118,0.2941,-0.6471,0.375,0.0588,0.8,0.7,-0.4,0,0.1,0.68,0.44,-0.44,0.28,0.697,-0.1515,0.1765,0.75,0.56,0.3667,0.45,-0.1,-0.2,-0.08,0.05,0.2121,0.28,19,0.09,0.29,0.17,0.45,0,0,0,0,0.26,0.08,-0.6509,0.16,0.24,1,1,55.1538,1,1,1.6316,1,0.3131,0.3333,0.2424,0.2222,0.02,-0.2315,-0.1411,0.0903,-0.5205,-0.9412,-0.85
100trials_19,8100,-8350,-250,-0.2,-0.2,-0.6,-0.2,-0.2,-0.2,-0.2,0.2,-0.6,-0.6,-0.2,-0.2,-0.2,0.2,-0.2,-0.2,-0.6,-0.2,-0.2,-0.2,-0.2,-0.4,-0.2,0,-0.6,-0.2,0,-0.2,-0.4,-0.2,-0.25,-0.2941,-0.2941,-0.1765,-0.125,-0.2941,-0.3,-0.1,-0.4,-0.1,-0.3,-0.28,-0.28,-0.12,-0.28,-0.2727,-0.2121,-0.2353,-0.2,-0.28,-0.2667,-0.3,-0.2667,-0.1333,-0.2,-0.2,-0.2121,-0.28,23,0.21,0.41,0.16,0.22,0,0,0,0,0.37,-0.05,-1.0009,-0.19,-0.24,0,0,40.0519,0,1,0.6129,0,0.8586,1,0.6061,0.6957,0,0.0424,-0.2729,-0.3153,0.0374,-0.0441,-0.0667
100trials_190,8350,-9000,-650,-0.2,-1,-0.6,-1,-0.2,0.2,-0.6,0.2,-0.6,-0.2,0.6,-0.2,-1,0.6,-0.6,-0.2,-0.6,-0.2,-0.6,-0.6,-0.6,-0.8,0,-0.2,-0.4,0.2,-0.2,-0.4,-0.4,-0.6,-0.625,-0.4118,-0.1765,-0.1765,-0.125,-0.5294,-0.7,-0.1,-0.1,-0.3,-0.5,-0.6,-0.2,-0.12,-0.44,-0.5152,-0.2121,-0.2941,-0.4,-0.4,-0.3,-0.35,-0.3,-0.1333,-0.28,-0.4,-0.3333,-0.44,23,0.16,0.51,0.18,0.15,0,0,0,0,0.34,0.02,-1.0947,-0.36,-0.34,0,0,36.9057,0,0,0.4925,0,0.596,0.7391,0.3838,0.3478,0.02,0.1079,-0.0783,-0.1862,0.221,0.0956,0.1
100trials_191,7800,-7850,-50,-0.2,0.6,0.2,-1,-0.2,0.2,0.2,-0.2,-0.2,0.2,0.2,-0.6,-0.2,0.2,0.2,-0.6,-0.2,-0.6,-0.2,-0.2,0.2,-0.4,0,0,0,-0.2,0,-0.2,-0.4,-0.2,0.125,-0.2941,0.0588,-0.1765,-0.125,-0.2941,-0.1,0,-0.1,-0.1,-0.3,-0.12,0.04,-0.04,-0.36,-0.0909,-0.0303,-0.2353,-0.05,-0.04,-0.0667,-0.1,-0.1667,-0.1333,-0.2,-0.2,-0.2121,-0.36,26,0.25,0.31,0.18,0.26,0,0,0,0,0.43,-0.07,-0.8657,-0.05,-0.12,0,0,43.8274,0,1,0.7857,0,0.73740000000000006,1,0.6566,0.9231,0,-0.2488,-0.2098,0.039,-0.1444,-0.4191,-0.1167
100trials_192,7450,-7450,0,-0.2,-0.2,-0.6,-0.6,0.2,-0.2,-0.6,-0.6,0.6,-0.2,0.6,0.6,0.6,-0.6,0.6,0.6,1,0.2,-0.6,-0.2,-0.2,-0.6,0,-0.6,0.2,0.6,0,0.6,0.6,-0.4,-0.375,-0.2941,-0.0588,0.5294,0.375,-0.0588,-0.4,-0.3,0.4,0.3,0.1,-0.28,-0.2,0.36,0.2,-0.3333,0.2727,0.1176,-0.35,-0.24,-0.1,-0.25,0.2667,0.4,0.28,0.2,0.1515,0.2,21,0.18,0.31,0.09,0.42,0,0,0,0,0.27,-0.09,-0.9019,0.11,0.02,0,1,48.2321,0,1,1.0408,1,0.6061,0.7143,0.3737,0.381,0,0.1603,0.139,-0.0213,0.451,0.3162,0.6167
100trials_193,6200,-5575,625,0.2,-0.2,0.2,-1,-0.2,0.2,-0.2,1,0.6,-0.2,1,1,1,1,1,1,1,1,1,1,0,-0.4,0,0.4,0.2,1,1,1,1,1,0,-0.2941,0.4118,1,1,1,-0.2,0.2,0.6,1,1,-0.2,0.28,1,1,-0.1515,0.697,1,0,0.04,0.2,0.05,0.8667,1,1,1,1,1,40,0.1,0.14,0.65,0.11,0,0,1,0,0.75,0.55,-0.1175,-0.03,0.52,1,1,63.9633,1,1,3.1667,1,0.3333,0.2308,0.2727,0.2051,0.0202,-0.1491,NA,NA,1.1515,1,0.8667
100trials_194,5850,-3950,1900,-1,-0.6,-0.6,-0.6,1,1,1,1,1,1,1,1,1,1,1,1,1,1,1,1,-0.8,-0.6,1,1,1,1,1,1,1,1,-0.75,0.6471,1,1,1,1,-0.7,1,1,1,1,-0.36,1,1,1,-0.0303,1,1,0.15,0.32,0.4333,0.6,1,1,1,1,1,1,13,0.07,0.1,0.03,0.8,0,0,0,1,0.1,-0.04,-0.7299,0.7,0.66,1,1,68.368,1,1,4.8824,1,0.0606,0.2308,0.0303,0.0769,0.02,-0.2183,NA,NA,1.0303,1.75,0.85
100trials_195,6450,-6300,150,-1,0.6,1,0.6,-1,-0.2,-0.6,-0.6,0.6,1,1,1,0.6,1,1,-0.6,1,1,1,1,-0.2,0.8,-0.6,-0.6,0.8,1,0.8,0.2,1,1,0.25,-0.2941,0.1765,0.8824,0.5,1,0.3,-0.6,0.9,0.5,1,0.04,0.04,0.92,0.68,-0.0303,0.5152,0.7647,-0.15,0.04,0.2,0.1,0.8,0.6667,0.8,0.75,0.7576,0.68,37,0.15,0.14,0.51,0.2,0,0,0,0,0.66,0.36,-0.2233,0.06,0.42,1,1,60.8171,1,1,2.4483,1,0.2525,0.2703,0.1313,0.1892,0.0404,-0.2605,0.4067,0.6673,0.795,0.75,0.95
100trials_196,6350,-5450,900,0.2,-0.2,0.2,-0.6,-1,0.2,-0.2,0.6,-0.2,0.6,1,1,1,1,1,1,1,1,0.6,1,0,-0.2,-0.4,0.2,0.2,1,1,1,1,0.8,0,-0.5294,0.4118,1,1,0.8824,-0.1,-0.1,0.6,1,0.9,-0.28,0.2,1,0.92,-0.2727,0.697,0.9412,-0.1,-0.04,0.1333,-0.05,0.8333,1,0.96,0.95,0.9394,0.92,37,0.1,0.17,0.59,0.14,0,0,0,0,0.69,0.49,-0.169,-0.03,0.46,1,1,62.0755,1,1,2.7037,1,0.404,0.3243,0.303,0.2432,0.01,-0.0429,-0.1096,-0.0667,1.2139,0.8824,0.9333
100trials_197,7900,-8500,-600,0.2,-0.2,-1,-0.6,0.2,-0.2,0.2,-0.2,0.2,-0.6,0.2,-0.2,-1,-1,1,1,-0.2,0.2,-0.2,-1,0,-0.8,0,0,-0.2,0,-1,1,0,-0.6,-0.375,-0.1765,-0.0588,-0.4118,0.25,-0.1765,-0.4,0,-0.1,0,-0.3,-0.28,-0.12,-0.2,-0.04,-0.2727,-0.2121,0,-0.2,-0.2,-0.1667,-0.25,-0.1333,0,-0.12,-0.15,0.0303,-0.04,22,0.18,0.4,0.1,0.32,0,0,0,0,0.28,-0.08,-1.0153,-0.08,-0.16,0,0,42.5689,0,1,0.7241,0,0.4747,0.8182,0.3131,0.5455,0.01,0.0879,-0.2205,-0.3084,0.2727,0.1985,0.0667
100trials_198,7300,-8100,-800,-1,-1,-1,-1,-1,-1,-1,-1,-1,0.6,1,1,1,1,1,1,1,1,1,1,-1,-1,-1,-1,-0.2,1,1,1,1,1,-1,-1,-0.5294,1,1,1,-1,-1,0.4,1,1,-1,-0.68,1,1,-1,0.2121,1,-1,-0.84,-0.5333,-0.8,0.8,1,1,1,1,1,20,0.14,0.32,0.1,0.44,0,0,0,0,0.24,-0.04,-0.8478,0.12,0.08,1,1,50.1199,1,1,1.1739,1,0.0505,0.2,0.0101,0.05,0.0505,NA,NA,NA,2,2,1.8
100trials_199,8100,-8925,-825,-1,-1,0.2,-1,-0.2,-0.2,0.6,-0.2,-0.6,-1,-0.6,1,-1,0.6,-0.6,-0.2,-0.2,-0.6,0.2,1,-1,-0.4,-0.2,0.2,-0.8,0.2,-0.2,-0.4,-0.4,0.6,-0.625,-0.2941,-0.4118,-0.1765,-0.125,0.1765,-0.7,0,-0.3,-0.3,0.1,-0.6,-0.28,-0.12,0.04,-0.4545,-0.3333,0.0588,-0.35,-0.44,-0.3333,-0.3,-0.1667,-0.1333,-0.04,-0.1,0.0303,0.04,34,0.32,0.3,0.26,0.12,0,0,0,0,0.58,-0.06,-0.9175,-0.18,-0.24,0,0,40.0519,0,1,0.6129,0,0.4949,0.6061,0.3333,0.3333,0.05,0.1745,-0.2249,-0.3994,0.5134,0.8015,0.1833
100trials_2,7450,-8250,-800,0.2,-0.6,-0.2,-0.2,0.2,-0.2,-0.2,0.2,0.2,-0.2,0.2,0.6,-0.2,-0.2,0.2,0.2,-0.2,0.2,0.2,0.2,-0.2,-0.2,0,0,0,0.4,-0.2,0.2,0,0.2,-0.25,-0.0588,0.0588,0.1765,0,0.1765,-0.2,0,0.2,0,0.1,-0.12,-0.04,0.12,0.12,-0.1515,0.1515,0.0588,-0.1,-0.08,0,-0.05,0.1,0.1333,0.12,0.05,0.0909,0.12,24,0.14,0.35,0.18,0.33,0,0,0,0,0.32,0.04,-0.7615,-0.02,0.02,0,1,48.2321,0,1,1.0408,0,0.899,1,0.7172,0.7083,0,-0.0469,-0.1653,-0.1184,0.2103,0.4265,0.2
100trials_20,7400,-6950,450,0.2,-0.6,0.2,0.2,-0.6,-0.2,0.2,-0.2,0.6,0.2,0.2,0.2,-0.2,0.2,0.2,0.2,0.2,0.2,-0.2,-0.2,-0.2,0.2,-0.4,0,0.4,0.2,0,0.2,0.2,-0.2,0,-0.2941,0.2941,0.0588,0.125,0.0588,0,-0.2,0.3,0.1,0,-0.12,0.12,0.12,0.04,-0.1515,0.2121,0.0588,-0.1,0,0.0333,0.05,0.1333,0.1333,0.08,0.05,0.0909,0.04,20,0.03,0.45,0.19,0.33,0,0,0,0,0.22,0.16,-0.7351,-0.12,0.04,0,1,48.8614,0,1,1.0833,0,0.7677,0.9,0.4949,0.4,0,-0.3674,0.2097,0.5771,0.2103,0.0588,0.2333
100trials_200,6300,-5100,1200,-1,-1,0.2,1,-1,1,1,1,1,1,1,-0.6,0.2,1,-0.2,1,1,1,1,1,-1,0.6,0,1,1,0.2,0.6,0.4,1,1,-0.5,0.4118,1,0.2941,0.625,1,-0.2,0.5,0.6,0.5,1,-0.36,1,0.28,1,-0.0303,0.6364,0.8235,0.15,0.32,0.3,0.65,0.7,0.4,0.64,0.75,0.8182,1,20,0.09,0.17,0.19,0.55,0,0,0,0,0.28,0.1,-0.5202,0.38,0.48,1,1,62.7048,1,1,2.8462,1,0.1313,0.4,0.0707,0.15,0.0101,-0.2219,0.1347,0.3566,0.8538,1.5,0.55
100trials_201,7300,-7500,-200,-0.2,0.2,-0.6,-1,-1,-1,1,0.2,0.6,0.2,0.6,1,0.2,0.6,0.6,1,-0.2,-1,1,-0.6,0,-0.8,-1,0.6,0.4,0.8,0.4,0.8,-0.6,0.2,-0.25,-0.6471,0.4118,0.5294,0.75,-0.2941,-0.4,-0.2,0.6,0.6,-0.2,-0.52,0.2,0.6,0.04,-0.4545,0.4545,0.2353,-0.3,-0.16,0,-0.2,0.3333,0.6667,0.32,0.2,0.2121,0.04,26,0.18,0.28,0.21,0.33,0,0,0,0,0.39,0.03,-0.6839,0.05,0.08,1,1,50.1199,1,1,1.1739,1,0.5051,0.6,0.2626,0.32,0.0303,-0.1075,0.1005,0.208,0.6898,-0.0441,0.6333
100trials_202,6650,-5775,875,1,1,1,1,1,1,0.2,-1,-1,0.2,1,1,0.6,0.6,0.2,0.2,-1,0.2,-0.6,0.2,1,1,1,-0.4,-0.4,1,0.6,0.2,-0.4,-0.2,1,1,-0.6471,0.7647,0.125,-0.1765,1,0.3,0.3,0.4,-0.3,1,-0.12,0.68,-0.2,1,0.0909,-0.0588,0.65,0.44,0.5333,0.3,0.1333,0.6,0.24,0.05,-0.0303,-0.2,30,0.14,0.19,0.39,0.28,0,0,0,0,0.53,0.25,-0.3501,0.09,0.34,1,1,58.3001,1,1,2.0303,1,0.2222,0.3333,0.1919,0.3,0.02,NA,0.0254,NA,-1.0588,-1.1765,-0.5167
100trials_203,7150,-7300,-150,-0.2,0.2,0.2,0.2,-0.2,-0.2,-0.2,-0.2,0.2,-0.2,0.2,0.2,0.2,0.2,0.6,0.2,-0.2,0.6,1,0.2,0,0.2,-0.2,-0.2,0,0.2,0.2,0.4,0.2,0.6,0.125,-0.1765,-0.0588,0.0588,0.5,0.4118,0.1,-0.2,0.1,0.3,0.4,0.04,-0.12,0.28,0.36,-0.0303,0.0303,0.4118,-0.05,-0.04,0,-0.05,0.2667,0.2667,0.32,0.35,0.4545,0.36,25,0.16,0.27,0.22,0.35,0,0,0,0,0.38,0.06,-0.6354,0.08,0.14,1,1,52.0076,1,1,1.3256,1,0.7778,0.9167,0.4545,0.4167,0,0.2048,0.1307,-0.0741,0.4421,0.2868,0.3167
100trials_204,6200,-5375,825,-0.2,-0.2,-0.2,-0.6,0.6,0.6,-0.6,-1,1,1,1,1,1,1,1,1,1,1,1,1,-0.2,-0.4,0.6,-0.8,1,1,1,1,1,1,-0.125,0.0588,0.1765,1,1,1,-0.3,-0.1,1,1,1,-0.12,0.2,1,1,-0.0303,0.5758,1,-0.2,0.04,0.2,0.1,1,1,1,1,1,1,36,0.1,0.14,0.57,0.19,0,0,0,0,0.67,0.47,-0.1319,0.05,0.52,1,1,63.9633,1,1,3.1667,1,0.303,0.2857,0.1616,0.1143,0.02,0.166,NA,NA,1.0303,1.125,1.2
100trials_205,7900,-8350,-450,-0.2,-1,-0.6,0.2,-1,-0.2,0.2,1,0.2,-0.2,0.2,0.2,-0.6,0.2,-1,-1,-0.2,-0.2,1,-0.2,-0.6,-0.2,-0.6,0.6,0,0.2,-0.2,-1,-0.2,0.4,-0.5,-0.2941,0.2941,0.0588,-0.625,0.0588,-0.4,0,0.1,-0.6,0.1,-0.52,0.2,-0.2,-0.12,-0.3939,0.1515,-0.2353,-0.2,-0.16,-0.1,-0.05,-0.1333,-0.3333,-0.16,-0.25,-0.2727,-0.12,29,0.27,0.31,0.2,0.22,0,0,0,0,0.47,-0.07,-0.8778,-0.09,-0.16,0,0,42.5689,0,1,0.7241,0,0.7273,0.6552,0.2727,0.2069,0.05,-0.2428,0.1222,0.365,0.1586,0.5588,0.0667
100trials_206,6050,-4450,1600,-1,-0.6,1,-0.6,-0.2,-1,1,1,1,1,1,1,1,1,1,1,1,1,1,1,-0.8,0.2,-0.6,1,1,1,1,1,1,1,-0.125,-0.4118,1,1,1,1,-0.3,0.2,1,1,1,-0.28,0.6,1,1,-0.2727,1,1,-0.05,0.16,0.3,0.4,1,1,1,1,1,1,33,0.1,0.11,0.49,0.3,0,0,0,0,0.59,0.39,-0.1504,0.19,0.58,1,1,65.851,1,1,3.7619,1,0.1212,0.125,0.0505,0.0625,0.0404,-0.2677,NA,NA,1.2727,1.125,1.05
100trials_207,6150,-5000,1150,-1,-0.6,-0.2,0.2,0.6,-0.2,1,1,1,0.6,1,0.6,1,1,1,1,1,1,0.2,0.6,-0.8,0,0.2,1,0.8,0.8,1,1,1,0.4,-0.5,0.2941,0.8824,0.8824,1,0.6471,-0.4,0.6,0.8,1,0.7,-0.2,0.68,0.92,0.76,-0.0909,0.8788,0.8235,0.1,0.24,0.3333,0.5,0.8333,0.9333,0.84,0.85,0.8182,0.76,34,0.07,0.16,0.54,0.23,0,0,0,0,0.61,0.47,-0.1354,0.07,0.54,1,1,64.5925,1,1,3.3478,1,0.5051,0.5,0.1919,0.2059,0,-0.3059,0.0392,0.3451,0.9144,1.1471,0.7333
100trials_208,6500,-5425,1075,-0.2,-0.2,-0.2,-0.2,0.6,0.2,0.2,0.2,0.6,-1,1,1,0.6,1,0.6,-0.2,1,1,1,1,-0.2,-0.2,0.4,0.2,-0.2,1,0.8,0.2,1,1,-0.25,0.2941,-0.0588,0.8824,0.5,1,-0.2,0.3,0.4,0.5,1,-0.04,0.04,0.84,0.76,0.0303,0.3939,0.7647,0.05,0,0.1667,0.05,0.6333,0.6667,0.8,0.75,0.7576,0.76,29,0.1,0.2,0.39,0.31,0,0,0,0,0.49,0.29,-0.3189,0.11,0.4,1,1,60.1878,1,1,2.3333,1,0.5758,0.5517,0.3131,0.1724,0.01,-0.1513,0.0438,0.1952,0.7344,1.25,0.5833
100trials_209,7800,-9100,-1300,-0.2,-0.2,-0.6,-0.2,-0.6,-0.2,-1,-1,1,1,1,1,-1,-1,-1,-1,-1,0.6,1,1,-0.2,-0.4,-0.4,-1,1,1,-1,-1,-0.2,1,-0.25,-0.5294,0.1765,0.1765,-1,0.6471,-0.3,-0.7,1,-1,0.4,-0.36,-0.04,-0.2,0.12,-0.3939,0.2121,-0.1765,-0.5,-0.2,0,-0.2,0.1333,-0.3333,-0.04,-0.3,-0.1515,0.12,27,0.24,0.32,0.18,0.26,0,0,0,0,0.42,-0.06,-0.8657,-0.06,-0.12,0,0,43.8274,0,1,0.7857,0,0.3131,0.3704,0.1515,0.1852,0.08,0.1896,-0.0973,-0.287,0.2175,0.8971,0.6333
100trials_21,7700,-8450,-750,0.6,-0.2,0.2,-0.2,-0.6,-0.2,-0.2,-0.2,0.2,0.2,0.2,0.6,0.2,-0.6,-0.6,-0.6,0.2,-0.6,0.2,-0.2,0.2,0,-0.4,-0.2,0.2,0.4,-0.2,-0.6,-0.2,0,0.125,-0.2941,0.0588,0.1765,-0.375,-0.1765,0.1,-0.3,0.3,-0.4,-0.1,-0.04,-0.04,-0.04,-0.2,-0.0909,0.1515,-0.2941,-0.1,-0.04,0.0333,-0.1,-0.0667,-0.1333,-0.12,-0.25,-0.2727,-0.2,29,0.26,0.28,0.17,0.29,0,0,0,0,0.43,-0.09,-0.8465,0.01,-0.08,0,0,45.0859,0,1,0.8519,1,0.6869,0.5517,0.5253,0.4483,0.05,0.1293,0.1187,-0.0106,-0.2032,-0.3015,0.0333
100trials_210,5950,-4000,1950,-1,-0.6,0.6,-1,0.6,1,0.6,1,1,0.6,0.6,1,1,1,1,1,1,1,1,1,-0.8,-0.2,0.8,0.8,0.8,0.8,1,1,1,1,-0.375,0.2941,0.8824,0.8824,1,1,-0.5,0.8,0.8,1,1,-0.28,0.84,0.92,1,-0.0303,0.8788,1,0.15,0.28,0.3667,0.55,0.9333,0.9333,0.96,1,1,1,14,0.08,0.11,0.06,0.75,0,0,0,1,0.14,-0.02,-0.6856,0.64,0.62,1,1,67.1095,1,1,4.2632,1,0.1313,0.3077,0.1111,0.3077,0.02,-0.176,NA,NA,1.0303,1.375,0.7833
100trials_211,7600,-7600,0,-0.2,-0.2,0.2,-0.6,0.2,-0.2,-1,-0.2,-0.2,-0.6,-1,0.2,0.6,-1,-0.6,1,0.2,0.6,1,1,-0.2,-0.2,0,-0.6,-0.4,-0.4,-0.2,0.2,0.4,1,-0.125,-0.2941,-0.4118,-0.1765,0.125,0.6471,-0.2,-0.3,-0.4,0,0.7,-0.12,-0.44,-0.36,0.76,-0.2121,-0.2727,0.3529,-0.25,-0.28,-0.3,-0.3,0.1,-0.1333,0.2,0.35,0.3939,0.76,22,0.13,0.39,0.2,0.28,0,0,0,0,0.33,0.07,-0.7781,-0.11,-0.04,0,0,46.3444,0,1,0.9231,0,0.596,0.7273,0.3333,0.4545,0.01,-0.0313,-0.1553,-0.124,0.5651,0.7721,0.35
100trials_212,7550,-7250,300,-0.2,-1,-0.2,-1,-1,0.2,-0.6,-1,-0.6,1,1,-0.2,-0.6,-1,-0.2,1,1,1,1,1,-0.6,-0.6,-0.4,-0.8,0.2,0.4,-0.8,0.4,1,1,-0.5,-0.6471,-0.1765,-0.0588,0.25,1,-0.6,-0.6,0.3,-0.2,1,-0.68,-0.2,-0.2,1,-0.5758,-0.0909,0.5882,-0.6,-0.44,-0.3,-0.4,0.3667,0,0.4,0.4,0.6364,1,29,0.1,0.41,0.41,0.08,0,0,0,0,0.51,0.31,-0.636,-0.33,-0.02,0,0,46.9736,0,1,0.9608,0,0.303,0.2414,0.1414,0.069,0.02,0.1104,-0.6999,-0.8103,1.164,1.5,0.9667
100trials_213,7700,-8925,-1225,1,0.6,-0.6,-0.6,-1,-1,0.2,-0.2,-0.6,-0.2,0.2,-0.6,-1,1,0.2,0.6,0.2,-0.2,-0.2,0.6,0.8,-0.6,-1,0,-0.4,-0.2,0,0.4,0,0.2,0.25,-0.6471,-0.2941,-0.2941,0.625,-0.0588,0.1,-0.5,-0.3,0.2,0.1,-0.12,-0.36,-0.04,0.2,-0.2121,-0.3333,0.2941,-0.2,-0.24,-0.2333,-0.5,0,0.0667,0.08,0.15,0.2727,0.2,26,0.22,0.32,0.17,0.29,0,0,0,0,0.39,-0.05,-0.8465,-0.03,-0.08,0,0,45.0859,0,1,0.8519,0,0.6061,0.72,0.3434,0.36,0.04,-0.1125,0.0708,0.1833,0.5062,-0.3088,0.2
100trials_214,5900,-3900,2000,0.2,-0.6,-0.6,-0.2,0.2,0.6,0.6,0.6,1,1,1,1,1,1,1,1,1,1,1,1,-0.2,-0.4,0.4,0.6,1,1,1,1,1,1,-0.375,0.4118,0.7647,1,1,1,-0.3,0.5,1,1,1,-0.2,0.76,1,1,0.0303,0.8788,1,0.1,0.28,0.4,0.4,1,1,1,1,1,1,40,0.07,0.11,0.71,0.11,0,0,1,0,0.78,0.64,-0.0151,0,0.64,1,1,67.7388,1,1,4.5556,1,0.2323,0.175,0.1717,0.075,0,-0.2085,NA,NA,0.9697,1.375,0.9
100trials_215,5950,-4800,1150,-0.2,-1,-0.6,1,0.2,1,0.2,-0.2,1,1,1,1,1,1,1,1,1,1,1,1,-0.6,0.2,0.6,0,1,1,1,1,1,1,-0.5,0.7647,0.4118,1,1,1,-0.2,0.3,1,1,1,-0.12,0.6,1,1,0.1515,0.697,1,0.05,0.24,0.3667,0.45,1,1,1,1,1,1,17,0.05,0.14,0.13,0.68,0,0,0,1,0.18,0.08,-0.5644,0.54,0.62,1,1,67.1095,1,1,4.2632,1,0.2626,0.6471,0.101,0.2941,0,-0.2899,NA,NA,0.8485,1.5,0.95
100trials_216,7900,-8450,-550,0.2,0.2,0.2,0.2,1,-0.6,0.2,-1,-0.2,-0.2,1,0.2,0.6,-0.6,-0.6,-1,-1,-0.6,-1,-0.2,0.2,0.2,0.2,-0.4,-0.2,0.6,0,-0.8,-0.8,-0.6,0.125,0.4118,-0.5294,0.4118,-0.75,-0.6471,0.2,-0.1,0.2,-0.4,-0.7,0.36,-0.36,0.12,-0.76,0.2727,-0.0303,-0.7059,0.05,0,0.1,-0.05,-0.3,-0.0667,-0.32,-0.55,-0.697,-0.76,25,0.18,0.4,0.19,0.23,0,0,0,0,0.37,0.01,-0.8888,-0.17,-0.16,0,0,42.5689,0,1,0.7241,0,0.4141,0.4167,0.2929,0.2083,0.05,-0.1834,-0.2551,-0.0717,-0.9786,-0.7721,-0.35
100trials_217,7100,-7050,50,0.2,-0.2,-0.2,0.2,0.2,-0.2,-0.2,0.6,0.2,-0.6,0.2,-0.2,0.2,0.2,0.2,0.6,0.2,0.6,0.6,0.6,0,0,0,0.2,-0.2,0,0.2,0.4,0.4,0.6,0,-0.0588,0.0588,0.0588,0.375,0.5294,0,0.1,-0.1,0.3,0.5,0.04,-0.04,0.12,0.52,-0.0303,0.0303,0.4706,0.05,0,0,0,0.2333,0.2,0.32,0.4,0.4545,0.52,28,0.16,0.26,0.3,0.28,0,0,0,0,0.46,0.14,-0.5349,0.02,0.16,1,1,52.6368,1,1,1.381,1,0.9293,0.8889,0.5657,0.4074,0,0.315,0.0139,-0.3011,0.5009,0.5294,0.1833
100trials_218,7900,-8050,-150,-0.2,-1,-0.2,0.6,1,0.2,-1,-1,0.6,1,1,-0.6,-1,-1,-1,-1,-1,-0.6,1,1,-0.6,0.2,0.6,-1,0.8,0.2,-1,-1,-0.8,1,-0.375,0.2941,0.0588,-0.2941,-1,0.2941,-0.2,-0.2,0.5,-1,0.1,0.04,-0.04,-0.52,-0.12,-0.0303,-0.0909,-0.3529,-0.2,0,0.0333,0.15,-0.1333,-0.6,-0.32,-0.45,-0.3333,-0.12,24,0.15,0.43,0.21,0.21,0,0,0,0,0.36,0.06,-0.8675,-0.22,-0.16,0,0,42.5689,0,1,0.7241,0,0.2929,0.4167,0.0909,0.0417,0.0404,-0.2333,-0.005,0.2283,-0.3226,0.6691,0.0667
100trials_219,6750,-6100,650,-1,-0.2,-0.6,0.2,-0.6,-0.6,-0.6,0.2,0.2,0.6,1,0.2,1,0.6,1,1,0.6,1,1,1,-0.6,-0.2,-0.6,-0.2,0.4,0.6,0.8,1,0.8,1,-0.5,-0.4118,0.1765,0.7647,0.875,0.8824,-0.4,-0.4,0.5,0.9,0.9,-0.44,-0.04,0.76,0.92,-0.4545,0.4545,0.8824,-0.4,-0.24,-0.1,-0.15,0.7667,0.8,0.84,0.9,0.8788,0.92,33,0.16,0.19,0.43,0.22,0,0,0,0,0.59,0.27,-0.3446,0.03,0.3,1,1,57.0416,1,1,1.8571,1,0.3636,0.3125,0.2121,0.1875,0.02,-0.4563,-0.1736,0.2827,1.3369,1.3824,1.1667
100trials_22,8000,-7400,600,0.6,-0.6,-0.6,-0.6,0.2,-0.2,-0.2,-0.6,-0.2,-1,-0.6,0.2,-0.6,-0.2,-0.6,0.6,-0.6,0.2,0.2,0.6,0,-0.6,0,-0.4,-0.6,-0.2,-0.4,0,-0.2,0.4,-0.25,-0.1765,-0.5294,-0.2941,-0.25,0.2941,-0.3,-0.2,-0.4,-0.2,0.1,-0.2,-0.44,-0.36,0.2,-0.2121,-0.3939,0,-0.25,-0.32,-0.3,-0.4,-0.1667,-0.2,-0.08,-0.05,0.0303,0.2,20,0.12,0.48,0.17,0.23,0,0,0,0,0.29,0.05,-0.9494,-0.25,-0.2,0,0,41.3104,0,1,0.6667,0,0.6364,0.9,0.4444,0.6,0.01,-0.3576,-0.117,0.2406,0.2121,0.5441,0.0833
100trials_220,6150,-5150,1000,-0.2,-0.6,-1,-0.6,-0.6,1,1,0.6,1,1,1,1,0.6,1,1,1,0.6,1,1,1,-0.4,-0.8,0.2,0.8,1,1,0.8,1,0.8,1,-0.625,0.1765,0.8824,0.8824,0.875,1,-0.6,0.5,1,0.9,0.9,-0.6,0.92,0.92,0.92,-0.2121,0.8788,0.9412,-0.05,0.16,0.3,0.3,0.9333,0.9333,0.92,0.9,0.9394,0.92,25,0.09,0.14,0.32,0.45,0,0,0,0,0.41,0.23,-0.331,0.31,0.54,1,1,64.5925,1,1,3.3478,1,0.3939,0.48,0.1313,0.12,0.01,0.209,-0.1056,-0.3145,1.1533,1.625,0.9833
100trials_221,6950,-6375,575,-0.2,-1,-1,-1,-0.2,-1,1,1,0.2,1,1,0.2,1,1,1,1,-1,-0.2,0.6,1,-0.6,-1,-0.6,1,0.6,0.6,1,1,-0.6,0.8,-0.75,-0.4118,0.7647,0.7647,0.625,0.2941,-0.8,0.2,0.6,1,0.1,-0.68,0.44,0.84,0.28,-0.5758,0.7576,0.4706,-0.3,-0.12,0,0,0.5667,0.8667,0.56,0.55,0.4545,0.28,20,0.11,0.28,0.17,0.44,0,0,0,0,0.28,0.06,-0.6608,0.16,0.22,1,1,54.5246,1,1,1.5641,1,0.2626,0.3684,0.1313,0.1579,0.0101,0.0915,0.1636,0.0721,1.0463,1.0441,0.8667
100trials_222,7800,-7600,200,0.2,-0.2,-0.6,0.2,-0.6,-0.2,-0.2,0.2,-0.2,-0.2,-0.2,-0.2,-0.6,0.6,-0.2,0.6,-0.6,0.2,-0.2,-0.2,0,-0.2,-0.4,0,-0.2,-0.2,0,0.2,-0.2,-0.2,-0.125,-0.1765,-0.1765,-0.1765,0.125,-0.1765,-0.1,-0.2,-0.2,0.1,-0.2,-0.2,-0.12,-0.12,-0.04,-0.1515,-0.2121,0,-0.15,-0.16,-0.1667,-0.2,-0.1,0,-0.08,-0.05,-0.0303,-0.04,30,0.21,0.35,0.28,0.16,0,0,0,0,0.49,0.07,-0.7726,-0.19,-0.12,0,0,43.8274,0,1,0.7857,0,0.8283,0.9333,0.5758,0.5667,0.01,-0.0757,0.1369,0.2126,0.1515,-0.0515,0.05
100trials_223,7700,-8550,-850,-0.2,-1,-0.6,-0.6,-0.6,-0.2,0.2,0.6,-0.2,-0.2,0.2,-0.6,-1,-0.2,0.6,0.6,0.2,1,0.6,-0.2,-0.6,-0.6,-0.4,0.4,-0.2,-0.2,-0.6,0.6,0.6,0.2,-0.625,-0.2941,0.0588,-0.2941,0.125,0.5294,-0.6,0,-0.2,0,0.4,-0.6,0.04,-0.2,0.44,-0.4545,-0.1515,0.3529,-0.3,-0.28,-0.2667,-0.2,0.0667,-0.0667,0.12,0.2,0.3333,0.44,27,0.17,0.37,0.21,0.25,0,0,0,0,0.38,0.04,-0.7977,-0.12,-0.08,0,0,45.0859,0,1,0.8519,0,0.6364,1,0.2929,0.4815,0,-0.1481,-0.1409,0.0072,0.8075,1.1544,0.3667
100trials_224,7350,-7100,250,-0.2,0.2,1,1,1,-1,-1,-1,-1,-1,-1,1,1,1,1,0.6,-1,-1,0.6,1,0,1,0,-1,-1,0,1,0.8,-1,0.8,0.375,0.0588,-1,0.4118,0.5,0.0588,0.5,-0.5,-0.5,0.9,-0.1,0.6,-1,0.6,0.04,0.2121,-0.3333,0.2941,0,-0.2,-0.1667,-0.25,0.1,0.6,0.32,0.4,0.2727,0.04,34,0.12,0.35,0.42,0.11,0,0,0,0,0.54,0.3,-0.5457,-0.24,0.06,1,1,49.4906,0,1,1.1277,1,0.1818,0.2424,0.0707,0.0606,0.0404,-0.2106,0.0618,0.2725,0.082,-0.3162,0.1
100trials_225,5950,-3550,2400,-0.2,-1,0.2,-0.6,0.2,1,0.6,1,1,1,0.6,1,1,1,1,0.6,1,1,1,1,-0.6,-0.2,0.6,0.8,1,0.8,1,0.8,1,1,-0.25,0.2941,0.8824,0.8824,0.875,1,-0.4,0.7,0.9,0.9,1,-0.28,0.92,0.92,0.92,0.0303,0.8788,0.9412,0.15,0.32,0.4,0.55,0.9333,0.8667,0.92,0.95,0.9394,0.92,41,0.01,0.18,0.78,0.03,0,0,1,0,0.79,0.77,-0.1054,-0.15,0.62,1,1,67.1095,1,1,4.2632,1,0.1515,0.122,0.1313,0.0732,0,-0.2184,-0.1635,0.0549,0.9109,1.25,0.7833
100trials_226,8700,-10000,-1300,-0.2,-0.2,-0.6,-1,-0.2,-0.2,-0.6,-1,-0.6,-0.2,-0.2,-0.6,-1,-1,-0.6,-0.6,1,-0.2,-1,-0.6,-0.2,-0.8,-0.2,-0.8,-0.4,-0.4,-1,-0.6,0.4,-0.8,-0.375,-0.5294,-0.5294,-0.6471,-0.375,-0.4118,-0.5,-0.5,-0.4,-0.8,-0.2,-0.44,-0.52,-0.68,-0.28,-0.4545,-0.5758,-0.4118,-0.5,-0.48,-0.4667,-0.55,-0.4667,-0.6667,-0.48,-0.5,-0.3939,-0.28,24,0.15,0.59,0.19,0.07,0,0,0,0,0.34,0.04,-1.311,-0.52,-0.48,0,0,32.5009,0,0,0.3514,0,0.6162,0.9583,0.3636,0.6667,0,-0.3883,-0.3728,0.0155,0.0428,-0.0368,0.0333
100trials_227,7950,-9000,-1050,-0.2,-1,-0.2,-0.2,1,1,-0.2,0.2,0.2,-1,-0.2,-0.6,-1,-0.6,0.2,0.2,-0.2,-0.2,-0.2,-0.6,-0.6,-0.2,1,0,-0.4,-0.4,-0.8,0.2,-0.2,-0.4,-0.5,0.6471,-0.2941,-0.6471,0,-0.2941,-0.4,0.5,-0.4,-0.3,-0.3,-0.12,0.04,-0.44,-0.2,0.0909,-0.4545,-0.1765,0.05,-0.04,-0.1,0.1,-0.3333,-0.3333,-0.32,-0.3,-0.1515,-0.2,23,0.13,0.46,0.17,0.24,0,0,0,0,0.3,0.04,-0.9306,-0.22,-0.18,0,0,41.9396,0,1,0.6949,0,0.3535,0.6957,0.2727,0.4783,0.02,-0.2508,-0.3445,-0.0937,-0.2674,0.2059,-0.3833
100trials_228,7600,-8350,-750,0.2,-0.2,0.2,1,1,1,1,-0.2,-1,-1,-1,-0.6,0.6,0.6,-1,-1,-0.2,-0.6,-0.2,0.6,0,0.6,1,0.4,-1,-0.8,0.6,-1,-0.4,0.2,0.125,1,-0.5294,-0.1765,-0.5,-0.1765,0.3,0.7,-0.9,-0.2,-0.1,0.44,-0.04,-0.28,-0.28,0.5758,-0.3939,-0.2941,0.5,0.2,0.0333,0.25,-0.4,-0.4,-0.28,-0.15,-0.3333,-0.28,26,0.05,0.47,0.32,0.16,0,0,0,0,0.37,0.27,-0.6724,-0.31,-0.04,0,0,46.3444,0,1,0.9231,0,0.4747,0.52,0.2626,0.24,0.01,0.3767,0.2207,-0.1559,-0.8699,-0.3015,-0.9
100trials_229,7200,-7200,0,-0.2,0.2,1,0.6,-0.2,-1,-1,-0.2,-1,0.2,1,1,-0.2,-1,-0.2,1,0.2,1,0.2,1,0,0.8,-0.6,-0.6,-0.4,1,-0.6,0.4,0.6,0.6,0.375,-0.4118,-0.4118,0.4118,0,0.7647,0.4,-0.6,0.3,-0.1,0.6,0.28,-0.6,0.12,0.68,-0.0303,0.0303,0.3529,-0.1,-0.16,0.0333,-0.2,0.2667,0.2667,0.4,0.25,0.3939,0.68,14,0.03,0.41,0.05,0.51,0,0,0,0,0.08,0.02,-0.918,0.1,0.12,1,1,51.3784,1,1,1.2727,1,0.2121,0.8571,0.1515,0.5,0,0.1462,0.3005,0.1543,0.3832,0.3897,0.3667
100trials_23,7550,-8450,-900,-0.2,0.6,0.2,0.6,0.6,-0.2,0.2,0.2,0.2,-0.6,0.6,-0.2,0.2,0.2,0.6,-1,-0.2,-0.2,-1,-1,0.2,0.4,0.2,0.2,-0.2,0.2,0.2,-0.2,-0.2,-1,0.25,0.2941,-0.0588,0.1765,0,-0.7647,0.3,0.2,0,0,-0.6,0.36,-0.04,0.28,-0.68,0.2727,0.0303,-0.3529,0.25,0.16,0.1667,0.15,-0.2,0.0667,-0.2,-0.3,-0.3939,-0.68,22,0.16,0.35,0.08,0.41,0,0,0,0,0.24,-0.08,-0.9461,0.06,-0.02,0,0,46.9736,0,1,0.9608,1,0.5051,0.619,0.4545,0.5238,0.04,0,0.181,0.181,-0.6257,-1.0147,-0.45
100trials_230,5300,-3750,1550,-1,0.6,1,1,1,1,1,1,1,1,1,1,1,1,1,1,1,1,1,1,-0.2,1,1,1,1,1,1,1,1,1,0.25,1,1,1,1,1,0.4,1,1,1,1,0.52,1,1,1,0.6364,1,1,0.7,0.76,0.8,1,1,1,1,1,1,1,39,0.01,0.05,0.73,0.21,0,0,1,0,0.74,0.72,0.1549,0.16,0.88,1,1,75.2897,1,1,15.6667,1,0.0808,0.1538,0.0101,0.0256,0,-0.1033,NA,NA,0.3636,0.75,0.3
100trials_231,6300,-6750,-450,-1,-1,1,1,-1,1,1,1,0.2,1,1,0.2,0.6,0.6,0.6,0.2,1,1,0.2,1,-1,1,0,1,0.6,0.6,0.6,0.4,1,0.6,-0.25,0.4118,0.7647,0.6471,0.5,0.7647,0,0.5,0.6,0.5,0.8,-0.2,0.84,0.6,0.68,0.0909,0.697,0.6471,0.25,0.32,0.3667,0.65,0.6333,0.5333,0.64,0.65,0.6364,0.68,18,0.05,0.21,0.05,0.69,0,0,0,1,0.1,0,-0.7535,0.48,0.48,1,1,62.7048,1,1,2.8462,1,0.1919,0.2941,0.1717,0.1765,0.0303,0.185,0.2455,0.0605,0.5561,1.0147,0.3833
100trials_232,8850,-10500,-1650,-0.2,1,0.6,0.2,-0.6,-1,-1,-1,-1,-1,-0.2,1,-1,-1,-1,-0.6,-1,-1,-1,-1,0.4,0.4,-0.8,-1,-1,0.4,-1,-0.8,-1,-1,0.5,-0.6471,-1,-0.1765,-0.875,-1,0.4,-0.9,-0.3,-0.9,-1,0.2,-1,-0.44,-0.92,-0.0909,-0.5758,-0.9412,-0.25,-0.4,-0.2667,-0.6,-0.7333,-0.4667,-0.68,-0.95,-0.9394,-0.92,16,0.07,0.7,0.06,0.17,0,1,0,0,0.13,-0.01,-1.5457,-0.53,-0.54,0,0,30.6132,0,0,0.2987,0,0.1717,0.625,0.1212,0.375,0.0101,-0.3019,0.0602,0.3622,-0.8503,-1.5,-0.4833
100trials_233,6900,-6350,550,-0.2,0.2,-0.2,-0.2,-0.6,0.2,-1,-1,-1,-1,0.6,1,1,1,1,1,1,1,1,1,0,-0.2,-0.2,-1,-1,0.8,1,1,1,1,0,-0.4118,-1,0.8824,1,1,-0.1,-0.6,-0.1,1,1,-0.2,-0.76,0.92,1,-0.2121,-0.0909,1,-0.35,-0.48,-0.2667,-0.6,0.6333,0.9333,0.96,1,1,1,30,0.19,0.19,0.32,0.3,0,0,0,0,0.51,0.13,-0.4682,0.11,0.24,1,1,55.1538,1,1,1.6316,1,0.1515,0.1667,0.1111,0.0667,0.08,0.2725,NA,NA,1.2121,1,0.9833
100trials_234,7050,-6000,1050,-0.2,-0.2,-0.2,-0.6,-1,0.6,-0.2,0.2,1,-1,-0.6,-0.2,1,1,1,1,-1,1,1,1,-0.2,-0.4,-0.2,0,0,-0.4,1,1,0,1,-0.25,-0.1765,-0.0588,0.1765,0.625,0.7647,-0.3,-0.1,-0.2,1,0.5,-0.44,0.12,0.44,0.6,-0.2121,0.0303,0.7059,-0.2,-0.16,-0.2,-0.15,0.4333,0.5333,0.52,0.75,0.697,0.6,18,0.09,0.32,0.13,0.46,0,0,0,0,0.22,0.04,-0.7426,0.14,0.18,1,1,53.2661,1,1,1.439,1,0.2727,0.8333,0.2121,0.6111,0,-0.284,-0.2731,0.0109,0.918,1.0147,0.6333
100trials_235,7750,-8000,-250,-0.6,0.6,-1,-0.6,-0.2,-0.6,-0.2,-1,-1,-1,-1,1,1,1,1,1,1,-0.2,-1,-0.2,0,-0.8,-0.4,-0.6,-1,0,1,1,0.4,-0.6,-0.375,-0.2941,-1,0.4118,1,-0.2941,-0.4,-0.5,-0.5,1,-0.1,-0.36,-0.76,0.6,0.12,-0.3333,-0.3333,0.3529,-0.45,-0.56,-0.4667,-0.7,0.1333,0.6667,0.36,0.45,0.3333,0.12,27,0.16,0.39,0.25,0.2,0,0,0,0,0.41,0.09,-0.7754,-0.19,-0.1,0,0,44.4566,0,1,0.8182,0,0.2929,0.5556,0.1111,0.2222,0.02,0.0969,-0.4287,-0.5256,0.6863,0.0809,0.5833
100trials_236,7800,-7950,-150,-0.2,-0.6,-0.6,-0.2,-0.6,-0.6,-1,-1,0.6,0.6,-0.2,-0.2,-0.2,1,0.2,-0.6,-0.2,-0.2,1,0.6,-0.4,-0.4,-0.6,-1,0.6,-0.2,0.4,-0.2,-0.2,0.8,-0.5,-0.5294,-0.0588,-0.0588,0,0.4118,-0.4,-0.8,0.2,0.1,0.3,-0.44,-0.28,0.12,0.12,-0.5152,-0.0909,0.2353,-0.6,-0.36,-0.3333,-0.35,0.2,0,0.12,0.2,0.2121,0.12,21,0.14,0.42,0.12,0.32,0,0,0,0,0.26,-0.02,-0.9502,-0.1,-0.12,0,0,43.8274,0,1,0.7857,0,0.6061,0.6,0.4343,0.25,0.0101,0.17,-0.1851,-0.3551,0.7504,0.9118,0.8
100trials_237,6700,-5750,950,-0.2,-1,-0.6,-0.2,-0.6,-0.2,-1,-1,0.2,1,1,1,1,1,1,1,1,1,1,1,-0.6,-0.4,-0.4,-1,0.6,1,1,1,1,1,-0.5,-0.5294,-0.0588,1,1,1,-0.5,-0.7,0.8,1,1,-0.52,-0.2,1,1,-0.5152,0.4545,1,-0.6,-0.36,-0.1333,-0.3,0.9333,1,1,1,1,1,31,0.02,0.32,0.5,0.16,0,0,0,0,0.52,0.48,-0.2978,-0.16,0.32,1,1,57.6708,1,1,1.9412,1,0.202,0.1935,0.1313,0.0968,0,0.0655,NA,NA,1.5152,1.5,1.5333
100trials_238,7500,-6750,750,-0.2,-0.6,-0.2,0.2,-0.2,0.2,-0.6,0.2,0.2,0.6,-0.6,-0.2,-0.2,0.6,-0.2,0.2,0.2,0.2,0.2,0.2,-0.4,0,0,-0.2,0.4,-0.4,0.2,0,0.2,0.2,-0.375,0.0588,0.1765,-0.1765,0,0.2941,-0.2,-0.1,0,0.1,0.2,-0.2,0.12,-0.12,0.2,-0.1515,-0.0303,0.1765,-0.15,-0.04,-0.1,0.05,0.1,-0.0667,0.04,0.15,0.1515,0.2,17,0.07,0.43,0.16,0.34,0,0,0,0,0.23,0.09,-0.8027,-0.09,0,0,0,47.6029,0,1,1,0,0.7879,1,0.5859,0.4706,0,-0.0342,-0.1728,-0.1387,0.328,0.6691,0.25
100trials_239,8100,-9150,-1050,-0.2,-0.6,-0.6,-1,-0.2,-0.6,0.2,-0.2,0.6,-0.6,-1,-1,0.6,-1,-1,0.6,0.6,0.2,-0.2,0.6,-0.4,-0.8,-0.4,0,0,-1,-0.2,-0.2,0.4,0.2,-0.5,-0.4118,-0.0588,-0.5294,-0.125,0.1765,-0.6,-0.2,-0.5,-0.2,0.3,-0.52,-0.12,-0.68,0.36,-0.4545,-0.2727,0,-0.4,-0.32,-0.4333,-0.3,-0.1333,-0.4667,-0.16,0.05,0.0303,0.36,26,0.22,0.4,0.12,0.26,0,0,0,0,0.34,-0.1,-1.0554,-0.14,-0.24,0,0,40.0519,0,1,0.6129,0,0.4848,0.6538,0.2727,0.2308,0.04,0.0675,0.296,0.2285,0.4545,0.6765,0.2667
100trials_24,7600,-7250,350,-0.6,-0.6,-0.2,0.2,0.2,-0.2,-0.2,0.2,-0.2,-0.2,0.2,-0.2,0.2,0.2,-0.2,0.2,0.2,0.2,-0.2,0.2,-0.6,0,0,0,-0.2,0,0.2,0,0.2,0,-0.375,0.0588,-0.1765,0.1765,-0.125,0.1765,-0.3,0,-0.1,0.1,0.1,-0.2,-0.12,0.04,0.12,-0.1515,-0.0303,0.0588,-0.15,-0.16,-0.1333,-0.05,0.0333,0.0667,0.08,0.1,0.0303,0.12,25,0.18,0.34,0.21,0.27,0,0,0,0,0.39,0.03,-0.7663,-0.07,-0.04,0,0,46.3444,0,1,0.9231,0,0.7475,0.96,0.4343,0.48,0,-0.3133,-0.3099,0.0034,0.2103,0.5515,0.1833
100trials_240,6300,-5150,1150,-0.2,0.6,1,0.2,-1,0.6,-1,-1,-0.6,1,1,1,1,1,1,1,1,1,1,1,0.2,0.6,-0.2,-1,0.2,1,1,1,1,1,0.5,-0.2941,-0.2941,1,1,1,0.4,-0.6,0.6,1,1,0.12,-0.2,1,1,0.0909,0.3333,1,-0.1,-0.04,0.1333,-0.1,0.8667,1,1,1,1,1,16,0.06,0.2,0.08,0.66,0,0,0,1,0.14,0.02,-0.6977,0.46,0.48,1,1,62.7048,1,1,2.8462,1,0.2424,0.5625,0.0707,0.1875,0,-0.2586,NA,NA,0.9091,0.5,0.9667
100trials_241,7700,-7400,300,-0.2,-0.6,-0.2,-0.2,1,-0.6,0.2,-0.2,-0.2,-0.6,-0.2,-0.2,-1,0.6,-0.6,1,1,0.2,-1,0.2,-0.4,-0.2,0.2,0,-0.4,-0.2,-0.2,0.2,0.6,-0.4,-0.25,0.1765,-0.4118,-0.4118,0.5,-0.0588,-0.3,0.1,-0.3,0,0.1,-0.04,-0.28,-0.28,0.28,-0.0303,-0.4545,0.2353,-0.1,-0.16,-0.1667,-0.1,-0.0667,-0.0667,0,0.05,0.2121,0.28,24,0.12,0.42,0.23,0.23,0,0,0,0,0.35,0.11,-0.7765,-0.19,-0.08,0,0,45.0859,0,1,0.8519,0,0.3434,0.4783,0.2121,0.2609,0.0202,-0.2641,0.105,0.3691,0.2656,0.1912,0.0333
100trials_242,7500,-7800,-300,-0.2,-0.2,0.2,-0.2,0.2,0.2,-0.2,0.2,-0.2,0.2,-0.2,0.2,-0.2,0.2,-0.2,0.2,-0.2,0.2,0.2,-0.2,-0.2,0,0.2,0,0,0,0,0,0,0,-0.125,0.0588,0.0588,-0.0588,0,0.0588,-0.1,0.1,0,0,0,-0.04,0.04,-0.04,0.04,-0.0303,0.0303,0,0,0,0,0.05,0,0,0,0,0.0303,0.04,30,0.25,0.25,0.24,0.26,0,0,0,0,0.49,-0.01,-0.7034,0.01,0,0,0,47.6029,0,1,1,1,1,1,0.9495,0.8667,0,0,-0.1235,-0.1235,0.0303,0.1838,0
100trials_243,7900,-8550,-650,0.2,-1,-1,-0.6,-0.2,-0.6,-0.6,-0.6,-0.2,0.2,-0.2,-0.2,0.2,-0.2,0.2,0.6,-0.2,0.2,0.2,0.6,-0.4,-0.8,-0.4,-0.6,0,-0.2,0,0.4,0,0.4,-0.625,-0.5294,-0.1765,-0.1765,0.25,0.2941,-0.6,-0.5,-0.1,0.2,0.2,-0.52,-0.36,-0.04,0.28,-0.5758,-0.1515,0.2353,-0.55,-0.44,-0.4,-0.45,0.1,0.0667,0.12,0.2,0.2727,0.28,23,0.08,0.5,0.24,0.18,0,0,0,0,0.32,0.16,-0.8405,-0.32,-0.16,0,0,42.5689,0,1,0.7241,0,0.6869,0.913,0.3939,0.4783,0,-0.1222,-0.0809,0.0412,0.8111,0.9191,0.65
100trials_244,9300,-10900,-1600,-0.6,-1,-1,-1,-1,1,-0.6,-1,-1,-1,-1,-0.6,-1,-1,-0.6,-0.6,-0.6,-0.2,-1,-0.6,-0.8,-1,0,-0.8,-1,-0.8,-1,-0.6,-0.4,-0.8,-0.875,-0.2941,-1,-0.8824,-0.75,-0.5294,-0.9,-0.4,-0.9,-0.8,-0.6,-0.92,-0.52,-0.84,-0.6,-0.5758,-0.9394,-0.6471,-0.65,-0.72,-0.7333,-0.7,-0.7667,-0.8,-0.72,-0.7,-0.6364,-0.6,15,0.07,0.79,0.09,0.05,0,1,0,0,0.16,0.02,-1.9513,-0.74,-0.72,0,0,24.95,0,0,0.1628,0,0.2626,0.6,0.1616,0.4,0,0.0484,-0.1125,-0.1608,-0.0713,0.3456,-0.1167
100trials_245,7300,-6750,550,-0.2,1,0.2,-0.2,0.2,-0.2,-0.2,-0.2,-0.2,0.2,0.2,-0.2,-0.2,0.6,0.6,0.6,-0.6,0.6,-0.6,0.2,0.4,0,0,-0.2,0,0,0.2,0.6,0,-0.2,0.375,-0.1765,-0.0588,0.0588,0.375,-0.0588,0.2,-0.1,0,0.4,-0.1,0.2,-0.12,0.2,0.04,0.0909,-0.0303,0.1765,0.05,0.04,0.0333,-0.05,0.1,0.2667,0.12,0.15,0.1515,0.04,14,0.06,0.4,0.08,0.46,0,0,0,0,0.14,0.02,-0.8835,0.06,0.08,1,1,50.1199,1,1,1.1739,1,0.5556,0.7857,0.4646,0.5714,0,-0.16,-0.242,-0.082,0.0856,-0.4338,0.05
100trials_246,6750,-5600,1150,0.2,-0.2,0.2,-1,0.6,-1,-1,1,1,0.6,1,1,-1,-1,0.6,1,1,1,1,1,0,-0.4,-0.2,0,0.8,1,-1,0.8,1,1,0,-0.5294,0.6471,0.1765,0.5,1,-0.2,-0.1,0.9,-0.1,1,-0.04,0.12,0.12,1,-0.2727,0.4545,0.7059,-0.15,0.04,0.2,0.05,0.6,0.2667,0.56,0.45,0.7576,1,35,0.13,0.22,0.51,0.14,0,0,0,0,0.64,0.38,-0.3117,-0.08,0.3,1,1,57.0416,1,1,1.8571,1,0.2525,0.2571,0.1313,0.1143,0.04,-0.1277,0.5732,0.7009,0.9786,1,0.75
100trials_247,7800,-8350,-550,0.2,-1,-0.6,0.2,-0.6,-1,-1,-1,-0.6,0.2,-0.6,0.2,-0.2,-0.2,1,0.6,1,0.2,1,-0.2,-0.4,-0.2,-0.8,-1,-0.2,-0.2,-0.2,0.8,0.6,0.4,-0.5,-0.5294,-0.5294,-0.2941,0.75,0.4118,-0.3,-0.9,-0.2,0.3,0.5,-0.36,-0.68,0.04,0.52,-0.5152,-0.3939,0.5294,-0.6,-0.52,-0.4667,-0.55,0.2,0.1333,0.28,0.4,0.5758,0.52,30,0.05,0.51,0.43,0.01,0,0,0,0,0.48,0.38,-0.8047,-0.5,-0.12,0,0,43.8274,0,1,0.7857,0,0.3838,0.4667,0.3434,0.4333,0.02,0.1428,-0.0741,-0.2168,1.0446,0.9118,0.8
100trials_248,5600,-4500,1100,-0.2,-0.2,1,-0.2,1,1,1,1,0.6,1,1,0.6,0.6,1,1,1,1,1,1,1,-0.2,0.4,1,1,0.8,0.8,0.8,1,1,1,0.25,0.6471,0.8824,0.7647,1,1,0.1,1,0.8,0.9,1,0.28,0.92,0.84,1,0.4545,0.8182,1,0.55,0.6,0.6333,0.8,0.9,0.8667,0.92,0.95,1,1,44,0.09,0.03,0.76,0.12,0,0,1,0,0.85,0.67,0.0892,0.09,0.76,1,1,71.5143,1,1,7.3333,1,0.3434,0.2791,0.1515,0.1628,0.01,-0.0962,NA,NA,0.5455,0.75,0.35
100trials_249,8500,-10250,-1750,-0.6,-0.2,-0.2,-0.2,-0.6,0.6,-0.6,-1,-0.6,1,-0.6,-0.2,-0.6,-0.2,-1,-0.2,-0.6,-0.6,-1,-0.6,-0.4,-0.2,0,-0.8,0.2,-0.4,-0.4,-0.6,-0.6,-0.8,-0.375,-0.1765,-0.1765,-0.5294,-0.5,-0.6471,-0.3,-0.4,-0.1,-0.5,-0.7,-0.36,-0.12,-0.52,-0.6,-0.2727,-0.3333,-0.5882,-0.35,-0.24,-0.2667,-0.2,-0.4333,-0.4667,-0.56,-0.6,-0.5758,-0.6,24,0.15,0.55,0.17,0.13,0,0,0,0,0.32,0.02,-1.1861,-0.42,-0.4,0,0,35.0179,0,0,0.4286,0,0.5657,1,0.3535,0.5,0,0.0134,-0.3492,-0.3626,-0.3155,-0.2721,-0.0833
100trials_25,6800,-5850,950,-1,-0.6,-0.6,0.2,-0.6,-0.2,1,-0.2,-0.2,0.2,0.6,0.2,1,1,1,0.6,0.6,1,0.6,1,-0.8,-0.2,-0.4,0.4,0,0.4,1,0.8,0.8,0.8,-0.625,-0.0588,0.0588,0.6471,0.75,0.8824,-0.5,0,0.2,0.9,0.8,-0.52,0.12,0.76,0.76,-0.3333,0.3333,0.8235,-0.25,-0.2,-0.1,-0.05,0.6333,0.7333,0.76,0.85,0.8182,0.76,36,0.17,0.19,0.53,0.11,0,0,0,0,0.7,0.36,-0.329,-0.08,0.28,1,1,56.4123,1,1,1.7778,1,0.4646,0.4444,0.3535,0.3333,0,-0.3135,-0.0149,0.2986,1.1569,1.5074,0.8833
100trials_250,7050,-6400,650,0.2,-0.6,0.2,0.6,-0.2,-0.6,-0.2,-0.2,-0.2,0.2,0.2,1,-0.2,-0.6,1,0.2,0.6,1,0.6,0.6,-0.2,0.4,-0.4,-0.2,0,0.6,-0.4,0.6,0.8,0.6,-0.125,-0.0588,-0.0588,0.1765,0.5,0.6471,0.1,-0.3,0.3,0.1,0.7,0.04,-0.2,0.28,0.6,-0.0909,0.0909,0.5294,-0.1,-0.08,0.0333,-0.05,0.3667,0.2667,0.44,0.4,0.5758,0.6,27,0.09,0.32,0.34,0.25,0,0,0,0,0.43,0.25,-0.4866,-0.07,0.18,1,1,53.2661,1,1,1.439,1,0.6263,0.6923,0.3434,0.2692,0,0.0182,-0.2319,-0.2501,0.6203,0.7721,0.4667
100trials_251,8500,-9400,-900,0.2,0.2,-0.2,-0.2,-1,-1,-0.6,-0.6,-0.6,-1,-0.6,-0.2,-0.2,0.6,-1,0.2,0.2,-0.6,-0.6,-1,0.2,-0.2,-1,-0.6,-0.8,-0.4,0.2,-0.4,-0.2,-0.8,0,-0.6471,-0.7647,-0.1765,0,-0.7647,0,-0.8,-0.6,-0.1,-0.5,-0.2,-0.76,-0.28,-0.36,-0.3333,-0.5152,-0.3529,-0.4,-0.48,-0.4667,-0.65,-0.4,-0.2,-0.32,-0.3,-0.3939,-0.36,20,0.1,0.6,0.16,0.14,0,1,0,0,0.26,0.06,-1.1945,-0.46,-0.4,0,0,35.0179,0,0,0.4286,0,0.5152,0.85,0.303,0.55,0,-0.0673,-0.4186,-0.3513,-0.0196,-0.7647,0
100trials_252,7500,-8900,-1400,-1,-1,1,1,1,0.2,-1,-1,-0.2,-0.2,0.2,1,0.2,-1,-0.6,1,1,1,-0.6,-1,-1,1,0.6,-1,-0.2,0.6,-0.4,0.2,1,-0.8,-0.25,0.4118,-0.5294,0.2941,0.125,-0.0588,0,-0.2,0.2,-0.1,0.1,0.2,-0.44,-0.04,0.28,0.0909,-0.0909,0,-0.1,-0.12,0,0.1,0.0667,0.1333,0.12,0,0.0303,0.28,34,0.28,0.22,0.26,0.24,0,0,0,0,0.54,-0.02,-0.6834,0.02,0,0,0,47.6029,0,1,1,0,0.1919,0.303,0.0808,0.0909,0.101,0.287,0.2148,-0.0722,-0.0909,0.1912,0.1667
100trials_253,8650,-10200,-1550,-1,0.2,1,1,-0.6,-1,-1,-1,-0.2,-0.6,-1,-1,-1,-1,-1,-1,-1,-1,1,1,-0.4,1,-0.8,-1,-0.4,-1,-1,-1,-1,1,0.125,-0.4118,-0.6471,-1,-1,0.1765,0.3,-0.9,-0.7,-1,0,0.12,-0.76,-1,-0.2,-0.1515,-0.8182,-0.4118,-0.3,-0.32,-0.4333,-0.3,-0.5667,-1,-0.6,-0.5,-0.3939,-0.2,21,0.15,0.58,0.07,0.2,0,0,0,0,0.22,-0.08,-1.3984,-0.38,-0.46,0,0,33.1302,0,0,0.3699,0,0.1313,0.381,0.0707,0.1905,0.0404,0.1274,-0.2171,-0.3445,-0.2602,0.0515,-0.2667
100trials_254,5450,-4200,1250,0.6,0.6,0.2,0.6,0.6,1,0.2,1,1,1,1,1,1,1,1,0.6,1,1,1,1,0.6,0.4,0.8,0.6,1,1,1,0.8,1,1,0.5,0.5294,1,1,0.875,1,0.5,0.7,1,0.9,1,0.52,0.84,1,0.92,0.5152,1,0.9412,0.6,0.68,0.7333,0.7,0.9667,0.9333,0.96,0.95,0.9394,0.92,45,0.03,0.06,0.78,0.13,0,0,1,0,0.81,0.75,0.141,0.07,0.82,1,1,73.402,1,1,10.1111,1,0.2323,0.2727,0.1313,0.0909,0,-0.0035,-0.0542,-0.0507,0.426,0.5,0.3667
100trials_255,7550,-7300,250,-0.2,-0.2,-0.2,0.2,0.2,0.2,-0.2,-0.2,-0.2,0.2,0.2,0.2,-0.2,-0.2,-0.2,0.2,0.2,0.2,-0.2,-0.2,-0.2,0,0.2,-0.2,0,0.2,-0.2,0,0.2,-0.2,-0.125,-0.0588,0.0588,0.0588,0,-0.0588,-0.1,0,0.1,-0.1,0,-0.04,-0.04,-0.04,0.04,-0.0909,0.0909,-0.0588,-0.05,-0.04,0,0,0,0,0,-0.05,-0.0303,0.04,30,0.19,0.32,0.32,0.17,0,0,0,0,0.51,0.13,-0.6539,-0.15,-0.02,0,0,46.9736,0,1,0.9608,0,0.9697,0.9667,0.3333,0.3333,0.0101,-0.1204,0.2624,0.3829,0.0321,0.0662,0.05
100trials_256,6400,-6300,100,-0.6,-0.2,-0.2,0.2,-0.2,-0.2,0.2,0.2,0.2,-0.6,1,1,1,1,1,1,1,1,1,1,-0.4,0,-0.2,0.2,-0.2,1,1,1,1,1,-0.25,-0.0588,-0.0588,1,1,1,-0.2,0,0.4,1,1,-0.2,-0.04,1,1,-0.1515,0.4545,1,-0.1,-0.12,0.0667,-0.05,0.8,1,1,1,1,1,43,0.14,0.14,0.62,0.1,0,0,1,0,0.76,0.48,-0.1883,-0.04,0.44,1,1,61.4463,1,1,2.5714,1,0.4949,0.4048,0.3737,0.2857,0.0101,0.1813,NA,NA,1.1515,1.25,0.9
100trials_257,8550,-10250,-1700,-1,-0.2,-1,-1,-0.6,-0.6,-0.2,0.6,-1,-1,-1,-0.2,0.2,-0.2,0.2,0.2,0.2,-0.2,-1,-0.6,-0.6,-1,-0.6,0.2,-1,-0.6,0,0.2,0,-0.8,-0.75,-0.6471,-0.4118,-0.4118,0.125,-0.4118,-0.8,-0.2,-0.8,0.1,-0.4,-0.76,-0.44,-0.2,-0.28,-0.697,-0.3939,-0.1765,-0.5,-0.6,-0.6,-0.6,-0.3667,-0.1333,-0.24,-0.15,-0.1515,-0.28,18,0.03,0.68,0.12,0.17,0,1,0,0,0.15,0.09,-1.2662,-0.51,-0.42,0,0,34.3887,0,0,0.4085,0,0.3131,0.5,0.2424,0.1667,0.0202,0.1267,0.1763,0.0496,0.5205,0.3382,0.1333
100trials_258,5650,-4400,1250,-0.2,-0.2,-0.2,0.2,0.6,1,1,1,1,1,1,1,1,1,0.6,1,1,1,1,1,-0.2,0,0.8,1,1,1,1,0.8,1,1,-0.25,0.7647,1,1,0.875,1,-0.1,0.9,1,0.9,1,0.04,1,0.92,1,0.2727,1,0.9412,0.4,0.52,0.6,0.7,0.9667,0.9333,0.96,0.95,0.9394,1,46,0.06,0.07,0.83,0.04,0,0,1,0,0.89,0.77,0.0203,-0.03,0.74,1,1,70.885,1,1,6.6923,1,0.202,0.1739,0.1313,0.087,0,0.2803,-0.1108,-0.3911,0.6684,1.25,0.5667
100trials_259,7100,-5950,1150,0.2,-0.6,-0.2,-0.6,-0.2,-0.6,0.6,0.2,-1,1,1,1,-0.6,0.6,1,-1,0.6,1,-0.2,1,-0.2,-0.4,-0.4,0.4,0,1,0,0,0.8,0.4,-0.25,-0.2941,0.1765,0.4118,0.25,0.6471,-0.3,0,0.5,0,0.6,-0.28,0.04,0.6,0.28,-0.2727,0.2727,0.4706,-0.15,-0.12,0.0667,-0.1,0.3667,0.3333,0.44,0.3,0.4545,0.28,16,0.05,0.37,0.11,0.47,0,0,0,0,0.16,0.06,-0.7862,0.1,0.16,1,1,52.6368,1,1,1.381,1,0.3535,0.8125,0.2626,0.5,0,-0.2705,-0.1286,0.1419,0.7433,0.8971,0.5167
100trials_26,5900,-4800,1100,-0.2,-0.2,1,0.6,1,1,1,1,1,1,1,1,1,0.2,0.2,0.6,0.2,0.2,0.2,1,-0.2,0.8,1,1,1,1,0.6,0.4,0.2,0.6,0.25,0.8824,1,1,0.25,0.4118,0.3,1,1,0.5,0.4,0.44,1,0.68,0.44,0.5758,1,0.3529,0.65,0.72,0.7667,0.95,0.6333,0.6667,0.56,0.45,0.3333,0.44,26,0.11,0.07,0.29,0.53,0,0,0,0,0.4,0.18,-0.3321,0.46,0.64,1,1,67.7388,1,1,4.5556,1,0.5354,0.88,0.1818,0.2,0.02,0.3226,0.1184,-0.2042,-0.2228,0.1618,-0.0167
100trials_260,7600,-7450,150,-0.2,-0.6,-0.6,1,0.2,-0.6,0.6,1,-0.2,-0.6,-0.2,-0.2,-0.2,-0.6,0.2,0.2,0.2,0.2,-0.6,0.2,-0.4,0.2,-0.2,0.8,-0.4,-0.2,-0.4,0.2,0.2,-0.2,-0.375,0.2941,0.0588,-0.2941,0.125,-0.0588,-0.1,0.3,-0.3,-0.1,0,-0.04,0.04,-0.2,0.04,-0.0303,-0.0909,0,0.1,0,-0.0333,0.1,-0.1333,-0.1333,-0.08,-0.05,0.0303,0.04,25,0.18,0.34,0.17,0.31,0,0,0,0,0.35,-0.01,-0.8166,-0.03,-0.04,0,0,46.3444,0,1,0.9231,0,0.6869,0.9583,0.3939,0.4583,0,-0.2816,-0.2452,0.0365,0.0303,0.3162,-0.2333
100trials_261,9050,-10500,-1450,-0.2,-1,-0.2,-0.6,-0.2,-1,-1,-1,-0.6,-1,-0.2,-0.2,-0.6,-1,-0.6,-0.6,-0.2,-0.2,-1,-1,-0.6,-0.4,-0.6,-1,-0.8,-0.2,-0.8,-0.6,-0.2,-1,-0.375,-0.7647,-0.8824,-0.4118,-0.5,-0.7647,-0.5,-0.8,-0.5,-0.7,-0.6,-0.44,-0.92,-0.52,-0.6,-0.5758,-0.6364,-0.6471,-0.65,-0.68,-0.6,-0.7,-0.6,-0.5333,-0.56,-0.65,-0.6364,-0.6,18,0.1,0.71,0.08,0.11,0,1,0,0,0.18,-0.02,-1.6777,-0.6,-0.62,0,0,28.0962,0,0,0.2346,0,0.3737,0.9444,0.2626,0.5,0,0.1549,-0.5407,-0.6956,-0.0713,-0.3897,0.05
100trials_262,6000,-4500,1500,-1,-1,-1,-1,1,1,1,1,1,1,1,1,1,1,1,1,1,1,1,1,-1,-1,1,1,1,1,1,1,1,1,-1,0.5294,1,1,1,1,-1,1,1,1,1,-0.6,1,1,1,-0.2121,1,1,0,0.2,0.3333,0.5,1,1,1,1,1,1,34,0.1,0.1,0.5,0.3,0,0,0,0,0.6,0.4,-0.1335,0.2,0.6,1,1,66.4803,1,1,4,1,0.0404,0.0303,0.0101,0,0.0404,0.1446,NA,NA,1.2121,2,1
100trials_263,6950,-7500,-550,0.2,-0.2,-0.2,0.2,0.6,-1,0.6,0.2,-1,-0.2,0.6,-0.2,0.6,0.2,0.2,-0.2,1,1,1,1,0,0,-0.2,0.4,-0.6,0.2,0.4,0,1,1,-0.125,0.1765,-0.2941,0.2941,0.25,1,0,0.1,-0.2,0.2,1,0.12,-0.28,0.28,0.76,0.0303,-0.0303,0.6471,0.05,-0.08,-0.0333,-0.1,0.3333,0.2,0.52,0.6,0.6364,0.76,26,0.06,0.33,0.28,0.33,0,0,0,0,0.34,0.22,-0.5204,0,0.22,1,1,54.5246,1,1,1.5641,0,0.5455,0.7692,0.3535,0.3846,0.01,-0.1901,-0.0748,0.1153,0.6168,1.125,0.2833
100trials_264,7700,-7600,100,-0.2,-0.2,-0.6,0.2,0.6,-0.6,-0.2,0.2,-0.6,-0.2,0.6,0.2,-0.6,-1,-0.2,0.6,-0.2,0.2,0.2,0.2,-0.2,-0.2,0,0,-0.4,0.4,-0.8,0.2,0,0.2,-0.25,0.0588,-0.2941,-0.0588,-0.125,0.1765,-0.2,0,0,-0.3,0.1,-0.04,-0.28,-0.2,0.2,-0.0909,-0.1515,0,-0.1,-0.16,-0.0667,-0.15,-0.0667,-0.0667,0,-0.1,0.0303,0.2,26,0.24,0.3,0.19,0.27,0,0,0,0,0.43,-0.05,-0.821,-0.03,-0.08,0,0,45.0859,0,1,0.8519,0,0.9394,0.9615,0.4949,0.3462,0.0101,-0.0422,0.3246,0.3668,0.0909,0.4265,0.0333
100trials_265,8150,-9000,-850,-0.2,-0.6,0.2,-0.2,-0.2,-1,-1,-0.6,-1,0.2,-0.6,0.6,-0.6,-0.2,0.2,-0.6,-0.2,0.2,-0.2,0.6,-0.4,0,-0.6,-0.8,-0.4,0,-0.4,-0.2,0,0.2,-0.125,-0.6471,-0.5294,-0.2941,-0.125,0.1765,-0.2,-0.7,-0.2,-0.3,0.1,-0.2,-0.68,-0.12,-0.04,-0.3939,-0.3939,0,-0.45,-0.44,-0.3667,-0.45,-0.1333,-0.2,-0.08,-0.1,0.0303,-0.04,23,0.16,0.47,0.17,0.2,0,0,0,0,0.33,0.01,-1.0101,-0.27,-0.26,0,0,39.4227,0,1,0.5873,0,0.6364,1,0.3232,0.3182,0,0.1442,-0.1055,-0.2497,0.3939,0.3015,0.3167
100trials_266,7650,-7800,-150,0.2,1,-0.6,-0.6,-0.6,-0.6,-0.6,1,-1,-0.2,1,-0.6,0.6,1,1,-0.6,-1,0.2,0.2,-1,0.6,-0.6,-0.6,0.2,-0.6,0.2,0.8,0.2,-0.4,-0.4,0.125,-0.6471,-0.0588,0.4118,0.125,-0.2941,0,-0.2,-0.2,0.5,-0.4,-0.12,-0.28,0.6,-0.44,-0.2727,0.1515,-0.0588,-0.1,-0.2,-0.1333,-0.4,-0.0333,0.4,0.08,0.05,-0.0909,-0.44,13,0.02,0.51,0.05,0.42,0,0,0,0,0.07,0.03,-1.0312,-0.09,-0.06,0,0,45.7151,0,1,0.8868,0,0.202,0.5385,0.1717,0.3846,0,0.1075,0.1082,7e-4,0.2139,-0.4191,0.0667
100trials_267,7450,-8450,-1000,0.2,-0.6,-0.2,-0.6,-1,-0.2,0.2,-0.6,0.2,-0.2,-1,1,1,1,-0.6,-0.2,0.6,0.2,0.6,0.6,-0.2,-0.4,-0.6,-0.2,0,0,1,-0.4,0.4,0.6,-0.25,-0.5294,-0.0588,0.4118,0.125,0.4118,-0.3,-0.4,0,0.3,0.5,-0.44,-0.12,0.28,0.36,-0.3939,0.1515,0.2941,-0.35,-0.28,-0.2333,-0.3,0.2667,0.2,0.32,0.4,0.2727,0.36,37,0.38,0.11,0.28,0.23,0,0,0,0,0.66,-0.1,-0.6499,0.12,0.02,0,1,48.2321,0,1,1.0408,0,0.596,0.6667,0.3434,0.4167,0.09,0.0233,-0.0248,-0.0481,0.6881,0.6618,0.6167
100trials_268,7900,-8600,-700,-0.2,-0.2,0.6,-0.6,0.2,0.2,-0.2,-0.2,-0.6,-1,-1,1,1,-0.2,-1,-1,-1,-0.6,1,0.6,-0.2,0,0.2,-0.2,-0.8,0,0.4,-1,-0.8,0.8,0.125,-0.1765,-0.5294,0.2941,-0.875,0.1765,-0.1,0,-0.4,-0.3,0,-0.04,-0.36,-0.04,-0.2,-0.0303,-0.0909,-0.3529,-0.05,-0.2,-0.1667,-0.2,-0.2333,-0.2,-0.12,-0.15,-0.3333,-0.2,28,0.22,0.36,0.25,0.17,0,0,0,0,0.47,0.03,-0.8329,-0.19,-0.16,0,0,42.5689,0,1,0.7241,0,0.3737,0.3333,0.2323,0.1481,0.08,-0.1545,0.1143,0.2688,-0.3226,0.0515,-0.1833
100trials_269,5600,-3850,1750,-0.6,-0.6,0.6,1,0.2,1,1,1,1,1,1,1,1,1,0.6,1,1,1,1,1,-0.6,0.8,0.6,1,1,1,1,0.8,1,1,-0.125,0.7647,1,1,0.875,1,0.1,0.8,1,0.9,1,0.12,1,0.92,1,0.3333,1,0.9412,0.45,0.56,0.6333,0.85,0.9667,0.9333,0.96,0.95,0.9394,1,45,0.01,0.11,0.83,0.05,0,0,1,0,0.84,0.82,0.0557,-0.06,0.76,1,1,71.5143,1,1,7.3333,1,0.1515,0.1556,0.0909,0.0667,0,-0.176,0.1635,0.3395,0.6078,1.125,0.5167
100trials_27,8150,-8450,-300,1,-0.6,0.2,-0.2,-0.2,-0.2,-0.2,-0.6,-0.6,-1,-1,-0.6,0.2,0.2,-0.2,-0.2,0.2,-0.2,-0.2,-1,0.2,0,-0.2,-0.4,-0.8,-0.8,0.2,-0.2,0,-0.6,0.125,-0.0588,-0.7647,-0.2941,-0.25,-0.2941,0.1,-0.3,-0.8,0,-0.3,0.04,-0.52,-0.28,-0.28,0.0303,-0.5758,-0.2353,-0.1,-0.24,-0.3333,-0.35,-0.3667,-0.2667,-0.28,-0.15,-0.2727,-0.28,29,0.3,0.33,0.18,0.19,0,0,0,0,0.48,-0.12,-0.9993,-0.14,-0.26,0,0,39.4227,0,1,0.5873,0,0.6869,0.5862,0.3737,0.2759,0.08,0.2047,-0.1289,-0.3337,-0.2656,-0.4191,-0.2667
100trials_270,9400,-11750,-2350,-0.2,-1,-1,0.2,-0.6,-1,-1,-1,-1,-1,-1,-1,-1,-0.2,-0.2,-1,-1,-0.6,-1,-0.6,-0.6,-0.4,-0.8,-1,-1,-1,-0.6,-0.6,-0.8,-0.8,-0.625,-0.6471,-1,-0.8824,-0.625,-0.7647,-0.5,-0.9,-1,-0.6,-0.8,-0.52,-1,-0.68,-0.84,-0.6364,-0.9394,-0.7059,-0.7,-0.76,-0.8,-0.8,-0.8,-0.7333,-0.76,-0.7,-0.697,-0.84,19,0.1,0.78,0.1,0.02,0,1,0,0,0.2,0,-2.1059,-0.76,-0.76,0,0,23.6915,0,0,0.1364,0,0.303,0.6316,0.1818,0.2632,0,0.1465,-0.2325,-0.379,-0.0695,-0.1397,-0.1
100trials_271,8100,-8500,-400,-0.6,-0.2,-0.2,-0.2,0.2,-0.2,0.2,-0.2,-1,-1,-0.6,-0.6,0.6,0.2,-0.6,-0.2,0.2,-0.6,-0.2,0.2,-0.4,-0.2,0,0,-1,-0.6,0.4,-0.4,-0.2,0,-0.25,-0.0588,-0.6471,-0.0588,-0.125,-0.2941,-0.3,0,-0.8,0,-0.1,-0.2,-0.44,-0.2,-0.12,-0.1515,-0.3939,-0.1765,-0.15,-0.32,-0.3667,-0.3,-0.3,-0.2,-0.16,-0.05,-0.2121,-0.12,26,0.2,0.42,0.18,0.2,0,0,0,0,0.38,-0.02,-0.978,-0.22,-0.24,0,0,40.0519,0,1,0.6129,0,0.5455,0.8846,0.3434,0.6154,0.0101,-0.235,0.0029,0.2379,-0.025,-0.0441,-0.15
100trials_272,6300,-5550,750,-0.6,-1,-1,-0.6,-0.6,0.2,0.6,1,1,1,1,1,1,1,1,0.6,1,1,1,1,-0.8,-0.8,-0.2,0.8,1,1,1,0.8,1,1,-0.75,-0.2941,1,1,0.875,1,-0.8,0.3,1,0.9,1,-0.76,0.76,1,0.92,-0.5152,1,0.9412,-0.25,0,0.1667,0.2,0.9667,0.9333,0.96,0.95,0.9394,0.92,38,0.07,0.19,0.63,0.11,0,0,1,0,0.7,0.56,-0.1518,-0.08,0.48,1,1,62.7048,1,1,2.8462,1,0.202,0.2368,0.0808,0.1053,0,-0.1632,-0.1053,0.0578,1.4563,1.75,1.2167
100trials_273,6300,-5350,950,-0.2,-0.2,-0.2,0.2,1,0.6,0.2,-0.2,-0.2,0.6,1,0.6,0.6,0.6,0.6,0.6,1,1,1,1,-0.2,0,0.8,0,0.2,0.8,0.6,0.6,1,1,-0.125,0.4118,0.1765,0.6471,0.75,1,-0.1,0.4,0.5,0.6,1,0.12,0.2,0.68,0.92,0.1515,0.3939,0.8824,0.15,0.16,0.2667,0.25,0.7,0.6667,0.8,0.8,0.8788,0.92,31,0.09,0.17,0.42,0.32,0,0,0,0,0.51,0.33,-0.2542,0.15,0.48,1,1,62.7048,1,1,2.8462,1,0.5657,0.8065,0.3232,0.4194,0,0.2604,0.0636,-0.1969,0.7308,1.125,0.55
100trials_274,8000,-9550,-1550,0.2,-0.2,0.6,-0.2,-0.2,-0.2,-0.2,-0.6,-0.6,-0.2,-0.2,-0.2,-0.6,0.2,0.2,-1,0.2,-0.2,0.2,-1,0,0.2,-0.2,-0.4,-0.4,-0.2,-0.2,-0.4,0,-0.4,0.125,-0.2941,-0.2941,-0.2941,-0.125,-0.2941,0.1,-0.3,-0.3,-0.3,-0.2,0.04,-0.36,-0.12,-0.36,-0.0909,-0.2727,-0.2353,-0.1,-0.16,-0.1667,-0.2,-0.2667,-0.2667,-0.24,-0.25,-0.2121,-0.36,27,0.17,0.43,0.22,0.18,0,0,0,0,0.39,0.05,-0.8977,-0.25,-0.2,0,0,41.3104,0,1,0.6667,0,0.7273,0.7692,0.5152,0.4231,0.01,0.1423,-0.1414,-0.2836,-0.1444,-0.4191,-0.1667
100trials_275,7450,-6800,650,-0.6,-0.2,-0.2,-0.2,0.2,-0.2,0.2,-0.2,-0.2,0.6,-0.2,1,0.2,-0.2,-0.6,1,-0.2,-0.6,0.2,0.6,-0.4,-0.2,0,0,0.2,0.4,0,0.2,-0.4,0.4,-0.25,-0.1765,0.1765,0.4118,-0.25,0.1765,-0.3,0,0.3,0.1,0,-0.2,0.04,0.04,0.2,-0.2121,0.2727,0,-0.15,-0.08,0,0,0.1333,0.2,0.12,0.05,-0.0303,0.2,25,0.15,0.34,0.26,0.25,0,0,0,0,0.41,0.11,-0.6684,-0.09,0.02,0,1,48.2321,0,1,1.0408,0,0.5354,0.84,0.3232,0.36,0,-0.2906,-0.3934,-0.1029,0.2121,0.4265,0.2833
100trials_276,6600,-6050,550,-0.2,-1,-0.6,-1,1,1,1,1,1,1,1,-0.6,-0.6,-1,0.2,1,1,1,1,1,-0.6,-0.8,1,1,1,0.2,-0.8,0.6,1,1,-0.625,0.5294,1,-0.1765,0.375,1,-0.7,1,0.6,-0.1,1,-0.36,1,-0.2,1,-0.0303,0.4545,0.6471,0.15,0.32,0.3,0.55,0.5,0,0.4,0.45,0.697,1,36,0.02,0.3,0.6,0.08,0,0,1,0,0.62,0.58,-0.2657,-0.22,0.36,1,1,58.9293,1,1,2.125,1,0.1515,0.1944,0.0909,0.0833,0,-0.0365,-0.7174,-0.6809,0.6774,1.625,0.35
100trials_277,7050,-7050,0,0.2,-0.6,-1,0.6,1,-0.2,-0.6,0.6,1,-0.2,-0.6,1,1,1,-0.6,0.2,0.2,1,0.6,-1,-0.2,-0.2,0.4,0,0.4,0.2,1,-0.2,0.6,-0.2,-0.5,0.2941,0.4118,0.5294,0,0.2941,-0.2,0.2,0.3,0.4,0.2,0.04,0.12,0.36,0.2,-0.0909,0.4545,0.1765,0,0.08,0.1,0.15,0.3,0.3333,0.28,0.3,0.1515,0.2,25,0.13,0.28,0.21,0.38,0,0,0,0,0.34,0.08,-0.6259,0.1,0.18,1,1,53.2661,1,1,1.439,1,0.4949,0.88,0.1717,0.28,0,-0.3359,0.1796,0.5155,0.2674,0.7941,0.3
100trials_278,6800,-7150,-350,-0.6,-0.2,-1,0.2,-0.6,0.2,-0.2,0.6,0.2,0.6,1,1,0.2,0.2,1,0.2,1,1,0.2,0.6,-0.4,-0.4,-0.2,0.2,0.4,1,0.2,0.6,1,0.4,-0.5,-0.2941,0.5294,0.6471,0.625,0.6471,-0.4,0,0.7,0.4,0.7,-0.44,0.28,0.68,0.6,-0.3939,0.6364,0.5882,-0.2,-0.08,0.1,0,0.6,0.6,0.64,0.55,0.6364,0.6,33,0.03,0.33,0.5,0.14,0,0,0,0,0.53,0.47,-0.3302,-0.19,0.28,1,1,56.4123,1,1,1.7778,1,0.4141,0.6061,0.303,0.3636,0,-0.1153,-0.097,0.0183,0.9822,1.1471,0.8
100trials_279,7050,-6700,350,-0.2,-0.2,-0.6,0.2,-0.6,-1,-0.6,-0.2,1,0.6,0.2,1,1,-0.6,1,0.6,-1,1,1,1,-0.2,-0.2,-0.8,-0.4,0.8,0.6,0.2,0.8,0,1,-0.375,-0.5294,0.4118,0.6471,0.125,0.7647,-0.2,-0.6,0.7,0.5,0.5,-0.28,-0.04,0.52,0.52,-0.4545,0.5152,0.4706,-0.4,-0.16,-0.0333,-0.15,0.5667,0.5333,0.52,0.5,0.4545,0.52,29,0.11,0.3,0.34,0.25,0,0,0,0,0.45,0.23,-0.4866,-0.05,0.18,1,1,53.2661,1,1,1.439,1,0.6162,0.7857,0.2727,0.2143,0,0.1563,-0.1315,-0.2878,0.9251,1.1397,0.9667
100trials_28,6750,-6550,200,-0.2,-0.2,-0.2,-0.6,1,0.2,-0.6,1,1,1,1,-0.6,-0.2,0.6,0.2,0.2,1,0.6,0.2,0.6,-0.2,-0.4,0.6,0.2,1,0.2,0.2,0.2,0.8,0.4,-0.25,0.0588,0.8824,0.0588,0.5,0.5294,-0.3,0.4,0.6,0.2,0.6,-0.04,0.52,0.2,0.52,-0.0909,0.4545,0.5294,0.05,0.24,0.2333,0.35,0.4667,0.2,0.36,0.4,0.5152,0.52,19,0.06,0.29,0.11,0.54,0,0,0,0,0.17,0.05,-0.7182,0.25,0.3,1,1,57.0416,1,1,1.8571,1,0.3232,0.6111,0.2222,0.3333,0.01,-0.1544,0.2297,0.3842,0.6203,0.7794,0.4167
100trials_280,6700,-5700,1000,0.2,-1,-1,-1,-1,0.2,-1,-0.2,1,1,0.6,1,1,1,1,1,1,1,1,0.6,-0.4,-1,-0.4,-0.6,1,0.8,1,1,1,0.8,-0.625,-0.6471,0.4118,0.8824,1,0.8824,-0.7,-0.5,0.9,1,0.9,-0.76,0.2,0.92,0.92,-0.6364,0.6364,0.9412,-0.6,-0.28,-0.1,-0.25,0.9333,0.9333,0.92,0.95,0.9394,0.92,34,0.11,0.23,0.45,0.21,0,0,0,0,0.56,0.34,-0.3198,-0.02,0.32,1,1,57.6708,1,1,1.9412,1,0.2929,0.2353,0.0909,0.0882,0.04,0.0111,0.0492,0.0381,1.5775,1.5074,1.5333
100trials_281,8250,-9350,-1100,-1,-0.2,0.2,0.2,-0.2,-0.2,-0.6,-1,0.6,-0.2,-0.6,-1,-0.6,-1,-0.6,0.2,-1,1,-0.2,0.2,-0.6,0.2,-0.2,-0.8,0.2,-0.8,-0.8,-0.2,0,0,-0.375,-0.1765,-0.1765,-0.7647,-0.5,0.1765,-0.2,-0.5,-0.3,-0.5,0,-0.2,-0.28,-0.76,0.04,-0.2727,-0.4545,-0.1765,-0.35,-0.24,-0.3333,-0.15,-0.2667,-0.6,-0.36,-0.25,-0.1515,0.04,28,0.18,0.47,0.26,0.09,0,0,0,0,0.44,0.08,-0.9985,-0.38,-0.3,0,0,38.1642,0,0,0.5385,0,0.5455,0.8214,0.2828,0.3571,0,-0.2122,-0.3269,-0.1146,0.0963,0.5515,0.0833
100trials_282,8400,-9200,-800,-0.6,-1,0.6,-1,-1,-0.6,-1,-0.2,-0.6,-0.2,0.2,0.2,-0.6,-0.2,0.2,-0.6,-0.2,0.2,-0.2,-0.6,-0.8,-0.2,-0.8,-0.6,-0.4,0.2,-0.4,-0.2,0,-0.4,-0.375,-0.8824,-0.4118,-0.1765,0,-0.2941,-0.5,-0.7,-0.1,-0.3,-0.2,-0.6,-0.52,-0.04,-0.28,-0.6364,-0.2727,-0.1765,-0.6,-0.56,-0.4333,-0.5,-0.2,-0.1333,-0.16,-0.25,-0.1515,-0.28,21,0.16,0.52,0.12,0.2,0,0,0,0,0.28,-0.04,-1.1868,-0.32,-0.36,0,0,36.2764,0,0,0.4706,0,0.6263,1,0.3232,0.3333,0,-0.571,-0.1916,0.3794,0.4599,0.0809,0.4
100trials_283,7750,-8650,-900,-0.6,0.6,0.2,-0.2,1,-1,-1,-1,-1,1,1,-0.6,-0.2,1,-1,-1,1,1,-0.2,-1,0,0,0,-1,0,0.2,0.4,-1,1,-0.6,0,-0.1765,-0.4118,0.1765,-0.25,0.0588,0,-0.5,0.1,-0.3,0.2,0.2,-0.6,0.04,-0.04,-0.0909,-0.1515,-0.0588,-0.25,-0.2,-0.1333,-0.25,0,-0.1333,0,-0.05,-0.0909,-0.04,25,0.18,0.37,0.18,0.27,0,0,0,0,0.36,0,-0.8493,-0.1,-0.1,0,0,44.4566,0,1,0.8182,0,0.3535,0.75,0.1616,0.2917,0.0505,0.1674,-0.1254,-0.2927,0.0321,0.0588,0.25
100trials_284,7200,-8050,-850,-0.2,-0.6,0.6,0.2,0.2,-0.6,0.2,-1,0.2,0.6,-1,0.2,0.6,0.2,0.6,0.6,0.6,-0.2,0.6,0.6,-0.4,0.4,-0.2,-0.4,0.4,-0.4,0.4,0.6,0.2,0.6,0,-0.0588,-0.0588,-0.1765,0.625,0.4118,0,-0.3,0,0.5,0.4,0.04,-0.12,0.12,0.44,-0.0303,-0.0909,0.4706,-0.15,-0.04,-0.1,0.05,0.3,0.2,0.28,0.45,0.5152,0.44,25,0.12,0.32,0.25,0.31,0,0,0,0,0.37,0.13,-0.6117,-0.01,0.12,1,1,51.3784,1,1,1.2727,0,0.5657,1,0.3232,0.52,0,-0.0996,-0.063,0.0366,0.5009,0.4118,0.45
100trials_285,6600,-5150,1450,-0.2,-0.2,-0.6,-0.2,-0.6,-0.6,0.2,-1,1,0.2,0.6,1,1,1,1,1,1,1,1,0.6,-0.2,-0.4,-0.6,-0.4,0.6,0.8,1,1,1,0.8,-0.25,-0.4118,0.0588,0.8824,1,0.8824,-0.3,-0.5,0.7,1,0.9,-0.36,-0.04,0.92,0.92,-0.3333,0.4545,0.9412,-0.4,-0.2,-0.0333,-0.2,0.8667,0.9333,0.92,0.95,0.9394,0.92,21,0.05,0.27,0.23,0.45,0,0,0,0,0.28,0.18,-0.5127,0.18,0.36,1,1,58.9293,1,1,2.125,1,0.4848,0.6667,0.2525,0.2857,0,-0.0505,0.665,0.7155,1.2745,1.1324,1.2667
100trials_286,7850,-9200,-1350,-0.2,-0.6,0.2,0.2,-0.6,0.6,-0.2,1,-0.6,-1,-0.6,-0.6,-1,-0.2,0.6,0.2,0.6,0.2,-0.6,-0.2,-0.4,0.2,0,0.4,-0.8,-0.6,-0.6,0.4,0.4,-0.4,-0.25,-0.0588,-0.0588,-0.6471,0.25,-0.0588,-0.1,0.2,-0.7,-0.1,0,-0.2,-0.04,-0.36,0.04,-0.1515,-0.3333,0.0588,0.05,-0.12,-0.2,-0.05,-0.2667,-0.2667,-0.16,-0.05,0.0909,0.04,25,0.13,0.44,0.2,0.23,0,0,0,0,0.33,0.07,-0.8597,-0.21,-0.14,0,0,43.1981,0,1,0.7544,0,0.4545,0.56,0.303,0.36,0.0202,-0.0544,-0.0667,-0.0123,0.2103,0.1912,-0.3167
100trials_287,5500,-3800,1700,0.6,0.6,1,1,1,1,1,1,1,0.2,-1,0.6,1,1,1,1,1,1,1,1,0.6,1,1,1,0.6,-0.2,1,1,1,1,0.75,1,0.7647,0.2941,1,1,0.8,1,0.2,1,1,0.84,0.84,0.52,1,0.8788,0.5152,1,0.9,0.84,0.6667,0.9,0.7333,0.6,0.76,1,1,1,12,0.01,0.09,0.04,0.86,0,0,0,1,0.05,0.03,-0.6684,0.77,0.8,1,1,72.7727,1,1,9,1,0.1111,0.3333,0.0707,0.1667,0,-0.0524,NA,NA,0.1212,0.25,-0.1667
100trials_288,8850,-11050,-2200,-0.2,-1,-1,-0.2,-0.6,-1,-0.6,-1,0.6,-1,-1,1,0.2,-1,-1,-0.2,0.2,-1,-1,-1,-0.6,-0.6,-0.8,-0.8,-0.2,0,-0.4,-0.6,-0.4,-1,-0.75,-0.6471,-0.4118,-0.0588,-0.375,-1,-0.6,-0.8,-0.1,-0.5,-0.7,-0.6,-0.6,-0.36,-0.6,-0.697,-0.2121,-0.7059,-0.7,-0.6,-0.5,-0.6,-0.4333,-0.3333,-0.48,-0.6,-0.697,-0.6,24,0.21,0.56,0.09,0.14,0,0,0,0,0.3,-0.12,-1.4991,-0.42,-0.54,0,0,30.6132,0,0,0.2987,0,0.404,0.6522,0.1414,0.1739,0.0303,0.022,0.1006,0.0786,-0.0089,-0.25,0.2667
100trials_289,6150,-4400,1750,-0.2,0.2,1,1,1,1,1,1,1,1,1,0.2,-0.2,0.6,-0.2,1,-0.2,0.6,1,-1,0,1,1,1,1,0.6,0.2,0.4,0.2,0,0.375,1,1,0.4118,0.375,0.0588,0.5,1,0.8,0.3,0.1,0.6,1,0.28,0.28,0.697,0.697,0.2353,0.75,0.8,0.7667,1,0.4,0.4,0.28,0.2,0.2121,0.28,32,0.09,0.14,0.47,0.3,0,0,0,0,0.56,0.38,-0.1846,0.16,0.54,1,1,64.5925,1,1,3.3478,1,0.4545,0.1563,0.1212,0,0.03,0.0714,0.2086,0.1372,-0.4617,-0.3162,-0.35
100trials_29,7950,-8250,-300,-0.6,0.2,-0.2,-0.2,-0.2,-0.2,-0.2,-0.2,-0.6,-0.2,-0.6,-0.2,0.2,-0.2,-0.2,-0.2,0.2,0.2,-0.6,0.2,-0.2,-0.2,-0.2,-0.2,-0.4,-0.4,0,-0.2,0.2,-0.2,-0.25,-0.1765,-0.2941,-0.1765,-0.125,-0.0588,-0.2,-0.2,-0.4,-0.1,0,-0.2,-0.28,-0.2,-0.04,-0.2121,-0.2727,-0.0588,-0.2,-0.24,-0.2667,-0.25,-0.1667,-0.2,-0.12,-0.05,-0.0909,-0.04,25,0.28,0.31,0.1,0.31,0,0,0,0,0.38,-0.18,-1.0323,0,-0.18,0,0,41.9396,0,1,0.6949,0,0.8485,0.84,0.6667,0.56,0.0202,0.1364,-0.0971,-0.2334,0.1533,0.1912,0.0333
100trials_290,7800,-8100,-300,-0.2,0.2,0.2,-0.2,0.2,-0.2,0.2,-0.6,0.2,-0.2,-0.6,0.6,-1,1,-0.2,0.2,-0.6,0.2,-0.6,-1,0,0,0,-0.2,0,0,0,0,-0.2,-0.8,0,0.1765,-0.2941,-0.1765,0.125,-0.5294,0,-0.1,0,0,-0.5,0.04,-0.12,-0.04,-0.36,0.0909,-0.2727,-0.1765,-0.05,-0.04,-0.0333,-0.05,-0.1667,0,-0.2,-0.25,-0.2121,-0.36,29,0.23,0.33,0.21,0.23,0,0,0,0,0.44,-0.02,-0.8313,-0.1,-0.12,0,0,43.8274,0,1,0.7857,0,0.6162,0.7241,0.303,0.2069,0.04,-0.1286,-0.1753,-0.0467,-0.2674,-0.5294,-0.1167
100trials_291,6150,-5350,800,0.2,1,0.2,0.6,-0.2,0.2,-0.2,0.2,-0.2,-0.2,0.6,1,1,1,1,1,1,1,1,0.6,0.6,0.4,0,0,-0.2,0.8,1,1,1,0.8,0.5,0.0588,-0.0588,0.8824,1,0.8824,0.5,0,0.3,1,0.9,0.36,-0.04,0.92,0.92,0.2727,0.3939,0.9412,0.25,0.16,0.2667,0.05,0.7333,0.9333,0.92,0.95,0.9394,0.92,16,0.08,0.15,0.08,0.69,0,0,0,1,0.16,0,-0.6761,0.54,0.54,1,1,64.5925,1,1,3.3478,1,0.4848,0.8125,0.3939,0.375,0,0.234,-0.0587,-0.2927,0.6684,0.3824,0.4833
100trials_292,10405,-14100,-3695,-0.2,-0.2,0.2,-0.2,-0.6,-0.2,-0.6,-0.2,-0.6,0.2,-0.6,-1,-0.6,-0.6,-1,-1,-1,-1,-0.6,-1,-0.2,0,-0.4,-0.4,-0.2,-0.8,-0.6,-1,-1,-0.8,-0.125,-0.4118,-0.1765,-0.6471,-1,-0.8824,-0.1,-0.4,-0.5,-0.8,-0.9,-0.2,-0.28,-0.76,-0.92,-0.2727,-0.4545,-0.8824,-0.25,-0.24,-0.3333,-0.25,-0.7333,-0.8,-0.84,-0.85,-0.9394,-0.92,21,0.17,0.6,0.1,0.13,0,1,0,0,0.27,-0.07,-1.4863,-0.47,-0.54,0,0,30.6132,0,0,0.2987,0,0.5758,0.9048,0.3737,0.4286,0,0.164,0.0713,-0.0927,-0.6096,-0.7574,-0.4833
100trials_293,8100,-10100,-2000,-1,1,-0.2,0.2,0.2,0.6,-0.2,0.6,-0.2,0.2,-1,-0.6,0.2,0.2,0.6,0.2,-0.2,0.2,-0.2,-0.2,0,0,0.4,0.2,0,-0.8,0.2,0.4,0,-0.2,0,0.2941,0.0588,-0.2941,0.125,-0.0588,0,0.3,-0.4,0.3,-0.1,0.04,0.2,-0.12,-0.04,0.1515,-0.1515,0.0588,0.15,0.12,-0.0333,0.15,-0.0667,-0.0667,-0.08,0.1,0.0303,-0.04,30,0.27,0.22,0.14,0.37,0,0,0,0,0.41,-0.13,-0.8191,0.15,0.02,0,1,48.2321,0,1,1.0408,1,0.7778,0.7931,0.5253,0.4828,0.04,-0.1683,0.3263,0.4946,-0.0927,-0.0588,-0.2167
100trials_294,7535,-8450,-915,-0.2,0.2,-0.2,0.2,-0.2,-0.2,0.2,0.2,0.2,0.2,0.2,0.6,0.2,0.6,0.2,0.6,0.6,-0.2,0.6,1,0,0,-0.2,0.2,0.2,0.4,0.4,0.4,0.2,0.8,0,-0.0588,0.1765,0.2941,0.5,0.5294,0,0,0.3,0.4,0.5,-0.04,0.12,0.36,0.52,-0.0303,0.2727,0.4706,0,0.04,0.1,0.05,0.4,0.4,0.44,0.45,0.5152,0.52,25,0.16,0.22,0.17,0.45,0,0,0,0,0.33,0.01,-0.6509,0.23,0.24,1,1,55.1538,1,1,1.6316,1,0.798,0.8333,0.5556,0.4167,0,0.2191,0.253,0.0339,0.5009,0.5294,0.4
100trials_295,7065,-5425,1640,-0.2,-1,-0.6,-0.6,0.2,0.2,0.6,0.2,1,0.2,1,1,1,0.6,1,0.6,0.6,1,1,0.6,-0.6,-0.6,0.2,0.4,0.6,1,0.8,0.8,0.8,0.8,-0.625,0.0588,0.5294,1,0.75,0.7647,-0.6,0.3,0.8,0.8,0.8,-0.44,0.44,0.92,0.76,-0.2727,0.7576,0.7647,-0.15,0,0.1667,0.15,0.8,0.8667,0.84,0.8,0.7576,0.76,28,0.16,0.13,0.25,0.46,0,0,0,0,0.41,0.09,-0.4618,0.33,0.42,1,1,60.8171,1,1,2.4483,1,0.6364,0.9286,0.2929,0.5357,0,-0.2641,0.2549,0.5191,1.0374,1.3897,0.95
100trials_296,8590,-10175,-1585,-0.2,-0.2,-0.6,-0.6,-0.2,-0.2,0.6,-1,0.6,0.6,1,0.2,-1,-0.2,0.6,0.2,0.2,-1,-0.2,-1,-0.2,-0.6,-0.2,-0.2,0.6,0.6,-0.6,0.4,-0.4,-0.6,-0.25,-0.2941,0.1765,0.0588,0.375,-0.7647,-0.4,-0.2,0.6,-0.1,-0.5,-0.36,0.12,0.12,-0.36,-0.2727,0.1515,-0.2353,-0.3,-0.12,0,-0.1,0,0.1333,-0.12,-0.3,-0.2121,-0.36,24,0.18,0.38,0.14,0.3,0,0,0,0,0.32,-0.04,-0.9197,-0.08,-0.12,0,0,43.8274,0,1,0.7857,0,0.6364,0.8333,0.2929,0.4583,0.02,0.0854,-0.2229,-0.3083,0.0374,-0.5147,0.3
100trials_297,6685,-4800,1885,-1,0.6,-0.2,-1,0.2,0.6,1,-0.2,1,0.6,1,1,0.6,1,1,1,1,1,1,1,-0.2,-0.6,0.4,0.4,0.8,1,0.8,1,1,1,-0.25,0.1765,0.5294,0.8824,1,1,-0.4,0.4,0.9,0.9,1,-0.28,0.6,0.92,1,-0.0303,0.697,1,0,0.16,0.3,0.25,0.9333,0.9333,0.96,0.95,1,1,36,0.1,0.12,0.4,0.38,0,0,0,0,0.5,0.3,-0.2386,0.26,0.56,1,1,65.2218,1,1,3.5455,1,0.4848,0.4286,0.2121,0.2,0.0101,-0.1972,NA,NA,1.0303,1.25,0.9333
100trials_298,9240,-11400,-2160,-1,-1,-0.2,1,-1,1,0.6,1,-1,-1,0.2,-0.2,0.6,1,-0.2,-1,-1,-1,-1,-1,-1,0.4,0,0.8,-1,0,0.8,-0.6,-1,-1,-0.625,0.2941,-0.1765,0.2941,-0.375,-1,-0.3,0.4,-0.5,0.1,-1,-0.44,0.12,0.28,-1,-0.1515,0.0303,-0.6471,0.05,-0.16,-0.1333,0.05,-0.4667,0.0667,-0.36,-0.45,-0.697,-1,20,0.14,0.49,0.12,0.25,0,0,0,0,0.26,-0.02,-1.0752,-0.24,-0.26,0,0,39.4227,0,1,0.5873,0,0.1717,0.5,0.101,0.35,0.0404,-0.3732,0.026,0.3992,-0.4955,-0.375,-0.5167
100trials_299,6810,-4300,2510,-0.2,-1,0.2,0.2,0.6,0.6,0.6,1,1,1,1,1,1,0.6,0.6,1,0.6,0.6,0.6,1,-0.6,0.2,0.6,0.8,1,1,0.8,0.8,0.6,0.8,-0.25,0.5294,0.8824,1,0.75,0.6471,-0.2,0.7,1,0.8,0.7,-0.04,0.84,0.84,0.76,0.1515,0.9394,0.7059,0.25,0.4,0.5,0.65,0.8333,0.8667,0.8,0.75,0.697,0.76,21,0.08,0.12,0.2,0.6,0,0,0,1,0.28,0.12,-0.4643,0.48,0.6,1,1,66.4803,1,1,4,1,0.4646,0.65,0.202,0.2,0,-0.2374,-0.1632,0.0742,0.5544,0.8971,0.5833
100trials_3,8150,-8600,-450,0.2,0.6,-0.6,-0.2,-0.6,-0.2,-0.2,-1,0.2,-0.6,-0.6,-0.2,-0.2,-0.6,-0.2,-0.2,0.2,-0.2,-0.2,-0.6,0.4,-0.4,-0.4,-0.6,-0.2,-0.4,-0.4,-0.2,0,-0.4,0.125,-0.4118,-0.4118,-0.4118,-0.125,-0.2941,0,-0.5,-0.3,-0.3,-0.2,-0.12,-0.36,-0.36,-0.2,-0.1515,-0.3939,-0.2353,-0.25,-0.24,-0.2667,-0.4,-0.2667,-0.3333,-0.28,-0.25,-0.2121,-0.2,21,0.21,0.42,0.07,0.3,0,0,0,0,0.28,-0.14,-1.1587,-0.12,-0.26,0,0,39.4227,0,1,0.5873,0,0.8586,0.9048,0.6162,0.6667,0.02,-0.125,-0.2759,-0.1509,-0.0838,-0.4191,-0.0167
100trials_30,7700,-7300,400,0.6,-1,-0.6,-0.6,0.2,-0.2,-0.2,0.2,0.2,0.2,-0.2,0.2,0.2,0.2,-0.6,-0.2,-0.2,0.6,-0.6,0.2,-0.2,-0.6,0,0,0.2,0,0.2,-0.4,0.2,-0.2,-0.25,-0.2941,0.1765,0.1765,-0.5,0.1765,-0.4,0,0.1,-0.1,0,-0.28,0.04,-0.04,-0.04,-0.2727,0.1515,-0.1176,-0.2,-0.12,-0.1,-0.1,0,-0.0667,-0.04,-0.05,-0.1515,-0.04,22,0.1,0.44,0.22,0.24,0,0,0,0,0.32,0.12,-0.7868,-0.2,-0.08,0,0,45.0859,0,1,0.8519,0,0.8081,1,0.5051,0.7143,0,-0.2915,-0.1925,0.099,0.1551,0.4265,0.2
100trials_300,7395,-6675,720,-1,-1,0.6,0.6,1,-0.2,0.6,0.2,0.6,0.2,0.2,0.6,0.2,0.6,0.2,0.6,0.6,0.6,0.6,0.6,-1,0.6,0.4,0.4,0.4,0.4,0.4,0.4,0.6,0.6,-0.5,0.5294,0.4118,0.2941,0.625,0.5294,-0.2,0.4,0.4,0.4,0.6,0.04,0.28,0.36,0.6,0.0303,0.3939,0.5294,0.1,0.16,0.2,0.45,0.4667,0.4,0.48,0.5,0.5758,0.6,23,0.15,0.19,0.15,0.51,0,0,0,0,0.3,0,-0.6444,0.32,0.32,1,1,57.6708,1,1,1.9412,1,0.6667,0.8636,0.4141,0.5909,0,-0.2163,0.0365,0.2527,0.4991,1.0294,0.3667
100trials_301,7695,-7550,145,0.6,0.2,-0.6,1,-0.2,-0.6,-0.2,1,0.2,0.2,0.6,0.2,1,1,-0.2,-1,-1,-0.6,1,1,0.4,0.2,-0.4,0.4,0.2,0.4,1,-0.6,-0.8,1,0.125,0.0588,0.2941,0.6471,-0.375,0.2941,0.3,0,0.3,0.2,0.1,0.2,0.12,0.52,-0.12,0.0909,0.4545,0,0.15,0.16,0.2,0.1,0.2,0.2667,0.2,0.15,-0.0303,-0.12,37,0.31,0.1,0.25,0.34,0,0,0,0,0.56,-0.06,-0.5764,0.24,0.18,1,1,53.2661,1,1,1.439,1,0.3636,0.3056,0.2222,0.1944,0.14,0.1191,0.2503,0.1312,-0.0909,0.1691,0.05
100trials_302,6505,-3650,2855,-1,-0.2,-0.2,1,1,1,0.6,1,1,1,1,1,1,1,1,1,1,1,1,1,-0.6,0.4,1,0.8,1,1,1,1,1,1,-0.375,0.8824,1,1,1,1,-0.1,0.9,1,1,1,0.12,0.92,1,1,0.2727,1,1,0.4,0.52,0.6,0.8,1,1,1,1,1,1,48,0.02,0.1,0.6,0.28,0,0,1,0,0.62,0.58,0.0117,0.18,0.76,1,1,71.5143,1,1,7.3333,1,0.1212,0.1042,0.0505,0.0417,0,-0.2475,NA,NA,0.7273,1.375,0.6
100trials_303,7760,-7825,-65,-0.2,0.6,-0.2,0.6,0.2,0.2,0.6,-0.6,-0.6,0.6,0.2,-0.6,0.6,-0.2,-0.2,0.6,0.6,0.2,-0.6,0.6,0.2,0.2,0.2,0,0,-0.2,0.2,0.2,0.4,0,0.125,0.4118,-0.1765,0.0588,0.125,0.1765,0.2,0.1,-0.1,0.2,0.2,0.2,0.04,-0.04,0.28,0.2727,-0.0303,0.1176,0.15,0.12,0.0667,0.1,0.1,0.0667,0.12,0.2,0.1515,0.28,32,0.25,0.19,0.24,0.32,0,0,0,0,0.49,-0.01,-0.6231,0.13,0.12,1,1,51.3784,1,1,1.2727,1,0.6263,0.75,0.4949,0.5313,0.03,-0.1239,0.0284,0.1523,-0.1551,0.0515,-0.05
100trials_304,7390,-8450,-1060,-0.6,-0.6,-1,0.2,1,0.2,1,-0.2,1,1,-0.6,0.6,-0.6,0.2,-0.2,0.6,-0.2,1,1,1,-0.6,-0.4,0.6,0.4,1,0,-0.2,0.2,0.4,1,-0.75,0.6471,0.6471,-0.1765,0.25,0.7647,-0.5,0.5,0.5,0,0.7,-0.2,0.6,-0.12,0.68,-0.0303,0.2727,0.4706,0,0.2,0.1667,0.4,0.4,0,0.28,0.35,0.5152,0.68,32,0.17,0.21,0.29,0.33,0,0,0,0,0.46,0.12,-0.4987,0.12,0.24,1,1,55.1538,1,1,1.6316,1,0.5051,0.7813,0.3131,0.5938,0,-0.1745,-0.1506,0.0239,0.5009,1.5147,0.4
100trials_305,6780,-4900,1880,-0.2,-1,-0.6,1,1,0.2,0.6,0.6,1,0.6,1,0.2,1,1,1,1,1,1,1,1,-0.6,0.2,0.6,0.6,0.8,0.6,1,1,1,1,-0.5,0.6471,0.7647,0.7647,1,1,-0.2,0.6,0.7,1,1,0.04,0.6,0.84,1,0.0909,0.7576,1,0.2,0.32,0.3667,0.55,0.9,0.8667,0.92,1,1,1,53,0.1,0.09,0.6,0.21,0,0,1,0,0.7,0.5,-0.0574,0.12,0.62,1,1,67.1095,1,1,4.2632,1,0.2727,0.2075,0.1313,0.0943,0.0202,-0.1777,NA,NA,0.9091,1.5,0.7
100trials_306,7660,-8325,-665,-1,-1,0.2,1,1,-1,0.2,1,1,1,-0.2,0.2,0.2,1,1,1,1,1,-0.6,-1,-1,0.6,0,0.6,1,0,0.6,1,1,-0.8,-0.5,0.1765,1,0.1765,1,-0.0588,-0.2,0.3,0.5,0.8,0.1,0.04,0.44,0.44,0.28,-0.1515,0.5758,0.4706,0.05,0.24,0.2,0.55,0.4667,0.5333,0.36,0.45,0.4545,0.28,18,0.14,0.21,0.05,0.6,0,0,0,1,0.19,-0.09,-0.8276,0.39,0.3,1,1,57.0416,1,1,1.8571,1,0.2323,0.7059,0.1212,0.3529,0.0101,-0.3026,0.3064,0.609,0.6221,0.4412,0.4167
100trials_307,7245,-6200,1045,1,-0.2,-1,-1,-1,0.6,1,1,0.2,1,-0.2,1,0.2,0.2,1,0.6,0.6,1,1,0.6,0.4,-1,-0.2,1,0.6,0.4,0.2,0.8,0.8,0.8,-0.125,-0.1765,0.7647,0.4118,0.625,0.7647,-0.3,0.4,0.5,0.5,0.8,-0.44,0.76,0.44,0.76,-0.1515,0.5758,0.7059,0.05,0.16,0.2,0.1,0.6,0.4667,0.6,0.65,0.697,0.76,48,0.13,0.18,0.54,0.15,0,0,0,0,0.67,0.41,-0.2409,-0.03,0.38,1,1,59.5586,1,1,2.2258,1,0.3131,0.3404,0.1616,0.2128,0,-0.1241,-0.1299,-0.0059,0.8574,0.8897,0.55
100trials_308,7520,-7025,495,-1,-0.2,-0.6,0.2,0.2,-0.2,-0.2,0.2,-0.2,-0.2,-0.2,0.6,1,0.6,0.6,0.2,1,1,0.2,1,-0.6,-0.2,0,0,-0.2,0.2,0.8,0.4,1,0.6,-0.5,0.0588,-0.1765,0.5294,0.5,0.7647,-0.4,0,0,0.6,0.8,-0.28,-0.12,0.52,0.68,-0.2121,0.1515,0.6471,-0.2,-0.2,-0.1333,-0.1,0.4667,0.4667,0.6,0.7,0.6364,0.68,32,0.2,0.2,0.28,0.32,0,0,0,0,0.48,0.08,-0.5316,0.12,0.2,1,1,53.8953,1,1,1.5,1,0.6869,0.875,0.3939,0.4375,0,0.0344,0.0738,0.0394,0.8592,1.2647,0.6667
100trials_309,6570,-3000,3570,0.2,0.6,0.6,0.2,0.2,1,1,1,0.6,1,1,1,0.6,1,1,0.6,0.6,0.2,1,1,0.4,0.4,0.6,1,0.8,1,0.8,0.8,0.4,1,0.5,0.5294,0.8824,0.8824,0.75,0.7647,0.4,0.8,0.9,0.8,0.7,0.36,0.92,0.92,0.68,0.5152,0.8788,0.7647,0.6,0.64,0.7,0.7,0.8,0.8667,0.8,0.75,0.7576,0.68,23,0.06,0.08,0.26,0.6,0,0,0,1,0.32,0.2,-0.3456,0.52,0.72,1,1,70.2558,1,1,6.1429,1,0.404,0.5909,0.2424,0.3182,0,-0.1566,0.1137,0.2703,0.2496,0.2647,0.2
100trials_31,6850,-6100,750,-0.2,-1,1,-0.6,-1,1,0.6,-1,-1,-1,-0.6,1,1,1,1,1,1,1,1,1,-0.6,0.2,0,-0.2,-1,0.2,1,1,1,1,0,-0.0588,-0.8824,0.5294,1,1,-0.2,-0.1,-0.4,1,1,-0.36,-0.28,0.68,1,-0.0303,-0.2121,1,-0.15,-0.32,-0.2333,-0.25,0.5333,0.7333,0.84,1,1,1,37,0.17,0.2,0.5,0.13,0,0,0,0,0.67,0.33,-0.3476,-0.07,0.26,1,1,55.7831,1,1,1.7027,1,0.1414,0.1111,0.0606,0.0278,0.06,0.1584,NA,NA,1.0303,1,0.6833
100trials_310,8505,-9350,-845,-0.2,-0.2,-1,-1,-0.2,-0.6,0.2,0.2,0.6,-0.2,0.6,-1,0.6,0.6,0.2,-0.6,0.2,0.2,-0.2,0.2,-0.2,-1,-0.4,0.2,0.2,-0.2,0.6,-0.2,0.2,0,-0.5,-0.5294,0.2941,0.1765,0,0.0588,-0.6,-0.1,0,0.2,0.1,-0.52,0.04,0.2,-0.04,-0.5152,0.2121,0.0588,-0.35,-0.24,-0.2333,-0.25,0.1,0.0667,0.08,0.15,0.0303,-0.04,23,0.14,0.4,0.18,0.28,0,0,0,0,0.32,0.04,-0.8335,-0.12,-0.08,0,0,45.0859,0,1,0.8519,0,0.5051,0.7391,0.3232,0.4783,0.01,0.0926,-0.1573,-0.2499,0.574,0.5588,0.45
100trials_311,7040,-4800,2240,-0.2,0.6,1,0.2,0.6,-0.2,-0.2,-0.2,1,-0.2,1,1,-1,-0.2,1,1,1,1,1,1,0.2,0.6,0.2,-0.2,0.4,1,-0.6,1,1,1,0.5,0.0588,0.1765,0.1765,0.875,1,0.4,0,0.7,0.2,1,0.44,0.04,0.36,1,0.2727,0.2121,0.8824,0.2,0.24,0.3667,0.25,0.6333,0.4667,0.68,0.6,0.9394,1,28,0.2,0.07,0.22,0.51,0,0,0,0,0.42,0.02,-0.4856,0.44,0.46,1,1,62.0755,1,1,2.7037,1,0.3838,0.2222,0.1313,0.0741,0.101,0.1328,-0.17,-0.3028,0.6096,0.5,0.4333
100trials_312,7455,-7350,105,-0.2,-0.6,0.6,-0.6,0.6,0.2,0.2,-0.2,0.2,-1,0.6,-0.2,0.6,-0.2,0.2,0.6,1,1,1,1,-0.4,0,0.4,0,-0.4,0.2,0.2,0.4,1,1,-0.125,0.1765,-0.2941,0.1765,0.5,1,-0.2,0.2,-0.1,0.3,1,-0.04,-0.12,0.2,0.92,0.0303,-0.0303,0.7059,0,-0.08,-0.0333,0,0.4,0.2667,0.56,0.65,0.7576,0.92,41,0.21,0.17,0.39,0.23,0,0,0,0,0.6,0.18,-0.4098,0.06,0.24,1,1,55.1538,1,1,1.6316,1,0.6566,0.525,0.3939,0.35,0.0505,-0.2495,0.4678,0.7174,0.6756,1.125,0.4
100trials_313,7570,-8950,-1380,-0.2,-0.6,0.6,0.2,-1,0.6,0.2,-0.6,0.6,1,0.2,0.2,0.2,1,1,-0.2,0.2,0.6,-0.2,0.2,-0.4,0.4,-0.2,-0.2,0.8,0.2,0.6,0.4,0.4,0,0,-0.0588,0.2941,0.2941,0.625,0.0588,0,-0.2,0.5,0.5,0.2,-0.2,0.36,0.52,0.12,-0.0303,0.2727,0.3529,-0.1,0.08,0.1,0.2,0.4,0.4,0.32,0.35,0.3333,0.12,30,0.19,0.21,0.22,0.38,0,0,0,0,0.41,0.03,-0.6022,0.17,0.2,1,1,53.8953,1,1,1.5,1,0.5455,0.8276,0.3131,0.4483,0.01,-0.36,0.2621,0.6221,0.3832,0.0588,0.5
100trials_314,6970,-5925,1045,-0.2,-0.2,-0.6,-0.6,-0.2,0.6,0.2,0.6,0.6,1,1,1,1,1,1,1,1,0.6,1,1,-0.2,-0.6,0.2,0.4,0.8,1,1,1,0.8,1,-0.25,0.0588,0.5294,1,1,0.8824,-0.4,0.3,0.9,1,0.9,-0.36,0.6,1,0.92,-0.0909,0.7576,0.9412,-0.05,0.12,0.2667,0.2,0.9333,1,0.96,0.95,0.9394,0.92,21,0.09,0.14,0.17,0.6,0,0,0,1,0.26,0.08,-0.5283,0.46,0.54,1,1,64.5925,1,1,3.3478,1,0.2727,0.3,0.1616,0.1,0.01,0.1228,-0.0522,-0.175,1.0321,1.1324,0.9833
100trials_315,8490,-10675,-2185,-0.2,-0.6,0.2,0.2,0.2,-0.6,-0.6,-0.2,-0.6,0.2,-0.2,0.2,0.2,0.2,-0.6,-0.2,0.2,-0.2,-0.6,0.6,-0.4,0.2,-0.2,-0.4,-0.2,0,0.2,-0.4,0,0,-0.125,-0.1765,-0.2941,-0.0588,0,-0.0588,-0.1,-0.3,-0.1,-0.1,0,-0.04,-0.36,-0.04,-0.04,-0.1515,-0.1515,-0.0588,-0.2,-0.2,-0.1667,-0.15,-0.0667,-0.0667,-0.04,-0.05,-0.0303,-0.04,32,0.22,0.34,0.25,0.19,0,0,0,0,0.47,0.03,-0.7938,-0.15,-0.12,0,0,43.8274,0,1,0.7857,0,0.7475,0.8387,0.5152,0.4516,0.0303,0.1776,0.2108,0.0332,0.0927,0.0662,0.1333
100trials_316,6715,-4300,2415,-0.6,1,1,0.6,0.6,0.2,0.2,0.2,0.2,0.6,1,1,0.6,1,1,1,1,1,1,0.2,0.2,0.8,0.4,0.2,0.4,1,0.8,1,1,0.6,0.5,0.4118,0.2941,0.8824,1,0.7647,0.5,0.3,0.7,0.9,0.8,0.52,0.28,0.92,0.84,0.4545,0.5758,0.8824,0.4,0.4,0.5,0.45,0.8,0.9333,0.88,0.85,0.8788,0.84,51,0.08,0.1,0.6,0.22,0,0,1,0,0.68,0.52,-0.0462,0.12,0.64,1,1,67.7388,1,1,4.5556,1,0.3636,0.3137,0.2929,0.2353,0,0.1118,0.47,0.3581,0.4278,0.2647,0.4
100trials_317,8080,-8400,-320,-0.2,-0.2,-0.6,-0.2,-0.2,0.2,-0.2,-0.2,0.2,-0.6,0.2,0.6,0.2,-0.2,0.6,-0.2,0.2,0.2,-0.2,1,-0.2,-0.4,0,-0.2,-0.2,0.4,0,0.2,0.2,0.4,-0.375,0.0588,-0.2941,0.4118,-0.125,0.4118,-0.3,-0.1,0.1,0.1,0.3,-0.28,-0.12,0.28,0.2,-0.1515,0.0303,0.1765,-0.2,-0.2,-0.1,-0.2,0.1667,0.2,0.24,0.2,0.1515,0.2,30,0.19,0.3,0.25,0.26,0,0,0,0,0.44,0.06,-0.6784,-0.04,0.02,0,1,48.2321,0,1,1.0408,0,0.7475,0.8621,0.3939,0.3448,0.02,-0.142,-0.1907,-0.0487,0.328,0.7868,0.3667
100trials_318,8870,-9900,-1030,-0.2,0.2,-0.2,0.2,-0.2,0.2,-0.2,-0.2,0.2,0.2,-1,0.6,0.2,0.2,-1,-1,-1,0.6,-0.6,-1,0,0,0,-0.2,0.2,-0.2,0.2,-1,-0.2,-0.8,0,-0.0588,0.0588,-0.0588,-0.75,-0.4118,0,-0.1,0,-0.4,-0.5,-0.04,0.04,-0.2,-0.6,-0.0303,0.0303,-0.5882,-0.05,0,-0.0333,0,-0.3,-0.3333,-0.4,-0.45,-0.5758,-0.6,26,0.17,0.43,0.2,0.2,0,0,0,0,0.37,0.03,-0.9163,-0.23,-0.2,0,0,41.3104,0,1,0.6667,0,0.7576,0.9615,0.5455,0.5,0,0.1468,0.1075,-0.0393,-0.5579,-0.4118,-0.25
100trials_319,8450,-10300,-1850,-0.2,-0.6,0.6,-0.6,0.2,-0.2,0.6,-0.6,-0.2,-0.2,-0.2,-0.2,-0.2,0.2,0.6,0.2,-0.6,0.2,-0.2,-0.6,-0.4,0,0,0,-0.2,-0.2,0,0.4,-0.2,-0.4,-0.125,-0.0588,-0.1765,-0.1765,0.25,-0.2941,-0.2,0,-0.2,0.2,-0.3,-0.12,-0.12,0.04,-0.2,-0.0909,-0.1515,-0.0588,-0.1,-0.12,-0.1333,-0.05,-0.1,0.0667,-0.08,-0.05,-0.0303,-0.2,28,0.2,0.35,0.21,0.24,0,0,0,0,0.41,0.01,-0.8142,-0.11,-0.1,0,0,44.4566,0,1,0.8182,0,0.7778,0.9643,0.5253,0.5714,0,-0.222,0.0612,0.2833,0.0321,-0.1691,0
100trials_32,7450,-8050,-600,-0.2,-0.6,1,-0.2,-0.2,0.2,0.2,-0.2,-0.2,-0.2,0.2,-0.6,-0.2,-1,0.2,-1,0.2,1,1,1,-0.4,0.4,0,0,-0.2,-0.2,-0.6,-0.4,0.6,1,0.125,-0.1765,-0.0588,-0.2941,-0.5,1,0,0,-0.2,-0.5,0.8,-0.04,-0.04,-0.28,0.44,-0.0303,-0.1515,0.2353,0,-0.04,-0.0667,0.05,0.0333,-0.4,0.08,0.15,0.2727,0.44,28,0.24,0.25,0.2,0.31,0,0,0,0,0.44,-0.04,-0.7355,0.06,0.02,0,1,48.2321,0,1,1.0408,1,0.5455,0.8214,0.2929,0.2143,0.04,-0.1315,-0.0882,0.0433,0.2656,0.875,0.0333
100trials_320,8150,-8925,-775,-1,0.6,-0.6,0.6,-0.2,-0.6,0.2,0.2,-0.2,0.2,0.2,-0.2,-0.2,-0.6,-0.2,0.6,0.6,0.2,0.2,0.2,-0.2,0,-0.4,0.2,0,0,-0.4,0.2,0.4,0.2,-0.25,0.0588,-0.0588,-0.0588,0.125,0.1765,-0.1,-0.1,0,-0.1,0.3,-0.12,-0.04,-0.2,0.36,-0.0909,-0.0303,0.1176,-0.1,-0.08,-0.0667,-0.05,0.0667,-0.0667,0.08,0.1,0.1515,0.36,31,0.22,0.28,0.24,0.26,0,0,0,0,0.46,0.02,-0.7034,-0.02,0,0,0,47.6029,0,1,1,0,0.697,0.7419,0.3939,0.3226,0.0202,-0.1,0.2708,0.3708,0.2086,0.4265,0.1667
100trials_321,8250,-9850,-1600,0.2,-0.2,0.2,0.2,-0.2,0.2,-0.2,0.2,0.2,-0.2,0.2,-0.2,0.2,-0.2,0.2,-0.2,-0.2,-1,0.6,-0.2,0,0.2,0,0,0,0,0,0,-0.6,0.2,0.125,-0.0588,0.0588,0.0588,-0.125,-0.1765,0.1,0,0,0,-0.2,0.04,0.04,0.04,-0.2,0.0303,0.0909,-0.1765,0.05,0.04,0.0333,0.05,-0.0667,0,-0.08,-0.1,-0.1515,-0.2,25,0.16,0.35,0.19,0.3,0,0,0,0,0.35,0.03,-0.7759,-0.05,-0.02,0,0,46.9736,0,1,0.9608,0,0.8889,1,0.7071,0.8,0,-0.0814,-0.0656,0.0158,-0.2068,-0.3015,-0.1167
100trials_322,8150,-8700,-550,0.2,-0.6,-1,-0.6,0.2,-0.2,-0.2,0.2,0.2,1,0.2,0.2,-0.2,0.2,-0.2,0.2,-0.2,-0.2,0.2,0.2,-0.2,-0.8,0,0,0.6,0.2,0,0,-0.2,0.2,-0.5,-0.1765,0.4118,0.0588,0,0.0588,-0.5,0,0.4,0,0,-0.36,0.2,0.04,0.04,-0.3333,0.2121,0.0588,-0.25,-0.08,-0.0333,-0.05,0.1333,0.0667,0.04,0,0.0303,0.04,32,0.21,0.3,0.27,0.22,0,0,0,0,0.48,0.06,-0.69,-0.08,-0.02,0,0,46.9736,0,1,0.9608,0,0.8788,0.9688,0.5455,0.5938,0,0.1187,0.0792,-0.0395,0.3922,0.5588,0.3833
100trials_323,8265,-10475,-2210,0.2,-0.2,0.2,-0.6,-0.2,-0.2,-0.2,0.2,-0.2,-0.2,0.2,0.2,0.2,0.2,-0.6,0.6,-0.2,-0.2,0.2,-0.2,0,-0.2,-0.2,0,-0.2,0.2,0.2,0,-0.2,0,0,-0.2941,-0.0588,0.1765,0.125,-0.1765,-0.1,-0.1,0,0.1,-0.1,-0.12,-0.12,0.04,0.04,-0.1515,0.0303,0,-0.1,-0.12,-0.0667,-0.15,0,0.1333,0.04,0,-0.0303,0.04,27,0.2,0.32,0.17,0.31,0,0,0,0,0.37,-0.03,-0.8166,-0.01,-0.04,0,0,46.3444,0,1,0.9231,0,0.8586,0.8462,0.5859,0.5,0.01,-0.0844,0.1638,0.2481,0.1515,-0.1765,0.1
100trials_324,7850,-8300,-450,0.2,-0.2,-0.2,0.2,-0.6,0.6,-0.2,0.2,0.6,-0.2,0.2,-0.2,-0.2,0.6,-0.2,-0.6,0.2,0.6,0.2,0.6,0,0,0,0,0.2,0,0.2,-0.4,0.4,0.4,-0.125,0.0588,0.1765,0.0588,-0.125,0.4118,0,0,0.1,-0.1,0.4,-0.12,0.2,0.04,0.2,-0.0303,0.0909,0.1765,0,0.04,0.0333,0.05,0.1333,-0.0667,0.12,0.15,0.1515,0.2,32,0.18,0.28,0.29,0.25,0,0,0,0,0.47,0.11,-0.5971,-0.03,0.08,1,1,50.1199,1,1,1.1739,1,0.7879,0.7419,0.4141,0.5161,0.0202,0.192,0.3171,0.1251,0.2068,0.5368,0.1333
100trials_325,6865,-6275,590,-1,-0.6,1,1,0.6,1,0.2,0.2,0.6,0.6,-0.2,0.2,0.2,0.6,1,1,1,1,1,0.6,-0.8,1,0.8,0.2,0.6,0,0.4,1,1,0.8,-0.125,0.7647,0.4118,0.0588,1,0.8824,0.1,0.5,0.3,0.7,0.9,0.2,0.52,0.36,0.92,0.3333,0.2727,0.8824,0.3,0.36,0.3,0.65,0.6333,0.4667,0.64,0.8,0.9394,0.92,29,0.11,0.14,0.29,0.46,0,0,0,0,0.4,0.18,-0.381,0.32,0.5,1,1,63.334,1,1,3,1,0.73740000000000006,0.8929,0.2525,0.2857,0.0101,0.0121,-0.0155,-0.0275,0.549,1.0074,0.3333
100trials_326,7145,-7525,-380,-0.6,-0.2,-0.6,-1,0.2,0.2,1,-0.6,0.6,0.6,0.6,1,1,0.6,0.6,0.6,1,1,1,1,-0.4,-0.8,0.2,0.2,0.6,0.8,0.8,0.6,1,1,-0.5,0.0588,0.2941,0.8824,0.625,1,-0.6,0.2,0.7,0.7,1,-0.44,0.36,0.76,0.92,-0.2121,0.5758,0.8235,-0.2,-0.04,0.1,0.05,0.8,0.7333,0.84,0.85,0.8182,0.92,26,0.09,0.21,0.25,0.45,0,0,0,0,0.34,0.16,-0.47,0.24,0.4,1,1,60.1878,1,1,2.3333,1,0.6566,0.76,0.2929,0.32,0,-0.0901,0.0172,0.1072,1.0357,1.5,1
100trials_327,8170,-9625,-1455,-1,0.6,-0.2,0.2,0.2,-0.2,1,-0.6,-0.2,-0.6,-0.2,-0.2,-0.6,0.6,-0.2,0.2,0.2,0.6,0.2,0.2,-0.2,0,0,0.2,-0.4,-0.2,0,0,0.4,0.2,-0.25,0.2941,-0.2941,-0.1765,0.125,0.2941,-0.1,0.1,-0.3,0,0.3,-0.04,-0.12,-0.12,0.28,0.0303,-0.2727,0.2353,0,-0.08,-0.1,-0.05,0,-0.0667,0.08,0.15,0.2121,0.28,26,0.16,0.34,0.22,0.28,0,0,0,0,0.38,0.06,-0.7254,-0.06,0,0,0,47.6029,0,1,1,0,0.7576,0.96,0.4747,0.36,0,-0.1043,0.3008,0.4051,0.205,0.5441,0
100trials_328,8795,-11200,-2405,-0.2,0.2,-0.2,-0.2,0.6,-1,-0.2,0.2,-0.2,-0.2,0.2,-0.2,-0.6,-0.2,-0.2,-0.6,0.6,-0.2,-0.6,-1,0,-0.2,-0.2,0,-0.2,0,-0.4,-0.4,0.2,-0.8,0,-0.2941,-0.0588,-0.2941,0,-0.5294,-0.1,-0.1,-0.1,-0.4,-0.3,0.04,-0.28,-0.2,-0.36,-0.1515,-0.1515,-0.2941,-0.1,-0.12,-0.1,-0.15,-0.2667,-0.2667,-0.28,-0.35,-0.2727,-0.36,41,0.37,0.23,0.24,0.16,0,0,0,0,0.61,-0.13,-0.8821,-0.07,-0.2,0,0,41.3104,0,1,0.6667,0,0.7273,0.625,0.4545,0.45,0.13,0.1448,0.1572,0.0123,-0.1426,-0.5294,-0.1667
100trials_329,8210,-9850,-1640,1,1,0.2,-1,-0.2,-0.2,0.6,0.2,-0.6,0.6,-0.6,-0.6,-0.2,0.2,-0.2,0.2,-0.2,-0.2,-0.2,0.2,1,-0.4,-0.2,0.4,0,-0.6,0,0,-0.2,0,0.625,-0.1765,0.0588,-0.4118,0,-0.0588,0.3,0.1,-0.3,0,-0.1,0.2,0.12,-0.28,-0.04,0.2121,-0.1515,-0.0588,0.2,0.16,0.0333,-0.05,-0.1333,-0.2,-0.16,-0.05,-0.0303,-0.04,25,0.15,0.35,0.18,0.32,0,0,0,0,0.33,0.03,-0.775,-0.03,0,0,0,47.6029,0,1,1,0,0.7677,1,0.3737,0.44,0,0.1473,0.2291,0.0818,-0.2709,-0.6838,-0.3333
100trials_33,6800,-6300,500,-0.2,0.2,1,1,1,1,-1,1,1,1,1,-0.6,-1,0.2,-0.2,0.2,-0.6,0.6,-0.2,0.2,0,1,1,0,1,0.2,-0.4,0,0,0,0.375,0.6471,0.7647,-0.2941,0.125,0.0588,0.5,0.5,0.6,-0.2,0,0.6,0.6,-0.12,0.04,0.5152,0.2727,0.0588,0.5,0.6,0.5333,0.75,0.1333,-0.0667,-0.04,-0.1,0.0909,0.04,20,0.07,0.29,0.13,0.51,0,0,0,0,0.2,0.06,-0.694,0.22,0.28,1,1,56.4123,1,1,1.7778,1,0.1919,0.5,0.1414,0.35,0.02,-0.0205,-0.302,-0.2815,-0.4563,-0.3162,-0.3667
100trials_330,7465,-8675,-1210,1,-0.6,0.2,-0.2,-0.2,1,-0.6,0.2,0.2,0.2,0.6,0.6,-0.2,0.2,0.2,0.2,0.6,0.6,0.2,0.2,0.2,0,0.4,-0.2,0.2,0.6,0,0.2,0.6,0.2,0.125,0.0588,0.1765,0.2941,0.25,0.4118,0.1,0.1,0.4,0.1,0.4,0.04,0.2,0.28,0.36,0.0909,0.2121,0.3529,0.1,0.12,0.2,0.1,0.3,0.2667,0.32,0.25,0.3333,0.36,35,0.18,0.21,0.31,0.3,0,0,0,0,0.49,0.13,-0.4893,0.09,0.22,1,1,54.5246,1,1,1.5641,1,0.7273,0.9412,0.404,0.3824,0,0.0418,-0.0749,-0.1167,0.262,0.2868,0.2
100trials_331,7835,-8675,-840,-0.6,1,1,0.6,-1,-0.6,-0.2,1,-1,-0.2,0.6,0.2,-0.2,-0.6,-0.6,0.6,1,1,-0.2,0.2,0.2,0.8,-0.8,0.4,-0.6,0.4,-0.4,0,1,0,0.5,-0.4118,-0.0588,0.0588,0.125,0.4118,0.5,-0.2,-0.1,-0.2,0.5,0.2,-0.2,-0.12,0.52,0.0303,0.0303,0.2353,0.15,0,0.0667,-0.05,0.0667,0,0.2,0.15,0.2727,0.52,30,0.19,0.26,0.24,0.31,0,0,0,0,0.43,0.05,-0.6354,0.05,0.1,1,1,50.7491,1,1,1.2222,1,0.4848,0.6,0.2727,0.3333,0.05,-0.0595,-0.1242,-0.0647,0.205,-0.0882,-0.0833
100trials_332,7005,-5200,1805,-1,-0.2,0.6,-0.2,0.6,0.2,0.2,0.6,1,0.6,1,0.6,0.2,0.6,1,1,1,0.2,1,0.2,-0.6,0.2,0.4,0.4,0.8,0.8,0.4,1,0.6,0.6,-0.25,0.4118,0.5294,0.5294,1,0.5294,-0.2,0.4,0.8,0.7,0.6,-0.04,0.52,0.68,0.68,0.0909,0.5758,0.7059,0.1,0.24,0.3333,0.45,0.7,0.7333,0.68,0.65,0.7576,0.68,48,0.14,0.13,0.53,0.2,0,0,0,0,0.67,0.39,-0.1881,0.07,0.46,1,1,62.0755,1,1,2.7037,1,0.4747,0.4043,0.2323,0.2766,0,-0.2399,-0.2633,-0.0235,0.615,0.7794,0.6
100trials_333,7240,-6050,1190,-0.2,0.2,0.2,0.6,0.2,-0.2,0.6,0.6,0.2,0.6,1,0.2,0.6,0.2,0.6,0.6,0.6,0.2,-0.2,0.2,0,0.4,0,0.6,0.4,0.6,0.4,0.6,0.4,0,0.125,0.2941,0.4118,0.5294,0.625,0.0588,0.2,0.3,0.5,0.5,0.2,0.2,0.36,0.52,0.28,0.2121,0.4545,0.3529,0.25,0.28,0.3333,0.35,0.4,0.5333,0.4,0.35,0.3333,0.28,29,0.2,0.13,0.22,0.45,0,0,0,0,0.42,0.02,-0.5347,0.32,0.34,1,1,58.3001,1,1,2.0303,1,0.6566,0.75,0.3939,0.3929,0.0101,-0.2154,-0.0465,0.1689,0.1408,-0.0662,0.15
100trials_334,8390,-10875,-2485,-0.6,0.2,0.2,-0.2,0.2,0.2,0.2,-0.2,-0.2,-0.2,-0.2,-1,0.2,0.2,0.6,-0.6,-0.6,-0.2,0.6,-0.2,-0.2,0,0.2,0,-0.2,-0.6,0.2,0,-0.4,0.2,0,0.0588,-0.1765,-0.4118,0.125,-0.0588,-0.1,0.1,-0.4,0.1,-0.1,-0.04,-0.04,-0.04,-0.2,0.0303,-0.2727,0,0,-0.04,-0.1333,0,-0.1333,-0.1333,-0.12,0,0.0303,-0.2,31,0.22,0.32,0.23,0.23,0,0,0,0,0.45,0.01,-0.7765,-0.09,-0.08,0,0,45.0859,0,1,0.8519,0,0.7677,0.9333,0.4646,0.5,0.0101,-0.176,0.2412,0.4172,-0.0303,-0.0588,-0.1333
100trials_335,7860,-8950,-1090,-1,-0.2,-0.6,-0.6,-0.2,-0.2,0.2,-0.2,0.2,-0.2,0.6,0.6,0.2,0.2,0.6,0.2,0.2,0.2,1,0.6,-0.6,-0.6,-0.2,0,0,0.6,0.2,0.4,0.2,0.8,-0.5,-0.2941,-0.0588,0.4118,0.25,0.6471,-0.6,-0.1,0.3,0.3,0.5,-0.52,-0.04,0.44,0.44,-0.3939,0.2121,0.4118,-0.35,-0.28,-0.1333,-0.2,0.3667,0.4,0.44,0.4,0.4545,0.44,32,0.21,0.25,0.25,0.29,0,0,0,0,0.46,0.04,-0.6371,0.04,0.08,1,1,50.1199,1,1,1.1739,1,0.8081,0.9032,0.4343,0.4516,0.01,-0.2352,0.068,0.3032,0.8057,1.1471,0.7167
100trials_336,8110,-9450,-1340,-0.2,-0.2,-1,-0.6,-0.2,1,0.2,-0.2,-0.2,1,-0.2,0.6,0.6,0.6,-0.2,-0.2,-0.2,-1,0.2,-0.2,-0.2,-0.8,0.4,0,0.4,0.2,0.6,-0.2,-0.6,0,-0.5,0.0588,0.2941,0.2941,0.125,-0.4118,-0.5,0.2,0.3,0.2,-0.3,-0.44,0.36,0.28,-0.28,-0.2121,0.2727,-0.1176,-0.15,-0.04,0,0,0.0667,0.2,0,-0.05,-0.1515,-0.28,36,0.25,0.26,0.29,0.2,0,0,0,0,0.54,0.04,-0.6738,-0.06,-0.02,0,0,46.9736,0,1,0.9608,1,0.8081,0.8571,0.4141,0.4286,0.0101,0.2051,0.2352,0.03,0.0945,0.0882,0.2167
100trials_337,7950,-8600,-650,-0.2,0.2,-0.2,0.2,-0.6,0.2,0.6,0.6,-0.2,-0.2,-0.2,0.2,0.2,0.2,0.6,0.2,-1,-0.2,0.2,0.6,0,0,-0.2,0.6,-0.2,0,0.2,0.4,-0.6,0.4,0,0.0588,0.0588,-0.0588,0.25,0.0588,0,0.2,-0.1,0.3,-0.1,-0.12,0.2,0.2,-0.04,0.0303,0.0303,0.1176,0.1,0.04,0.0333,0.05,0.0333,0.2,0.08,0.1,0.1515,-0.04,28,0.19,0.28,0.21,0.32,0,0,0,0,0.4,0.02,-0.6966,0.04,0.06,1,1,49.4906,0,1,1.1277,1,0.8586,0.8929,0.4848,0.4286,0.01,-0.0983,0.172,0.2703,0.0873,0.0588,-0.0667
100trials_338,10450,-14700,-4250,-0.2,-0.2,-1,-1,-1,-0.6,-1,0.2,1,-0.2,-1,-1,-0.6,-1,-1,-0.6,-0.6,-1,-1,-1,-0.2,-1,-0.8,-0.4,0.4,-1,-0.8,-0.8,-0.8,-1,-0.5,-0.8824,0.1765,-0.8824,-0.75,-1,-0.6,-0.6,-0.3,-0.8,-0.9,-0.68,-0.12,-0.92,-0.84,-0.697,-0.3333,-0.8824,-0.6,-0.4,-0.5,-0.45,-0.6667,-0.8667,-0.88,-0.85,-0.8788,-0.84,31,0.34,0.48,0.07,0.11,0,0,0,0,0.41,-0.27,-1.7386,-0.37,-0.64,0,0,27.467,0,0,0.2195,0,0.3535,0.4194,0.1212,0.0645,0.1313,0.159,0.0783,-0.0807,-0.1854,-0.5,-0.0667
100trials_339,7195,-7525,-330,0.2,-0.6,0.6,-0.2,0.2,-0.2,-0.6,1,1,1,0.2,1,1,0.6,-1,1,-0.6,1,0.6,1,-0.2,0.2,0,0.2,1,0.6,0.8,0,0.2,0.8,0,-0.1765,0.8824,0.7647,0,0.6471,0,0.1,0.8,0.4,0.5,0.04,0.44,0.36,0.6,-0.0909,0.8182,0.3529,0.05,0.24,0.3,0.35,0.5667,0.4667,0.48,0.45,0.3333,0.6,26,0.1,0.22,0.25,0.43,0,0,0,0,0.35,0.15,-0.4871,0.21,0.36,1,1,58.9293,1,1,2.125,1,0.4242,0.6,0.2626,0.32,0.01,-0.1773,-0.0874,0.0899,0.4439,0.6471,0.5167
100trials_34,8200,-8600,-400,-0.2,-1,0.2,-1,-1,-0.2,-0.2,-0.2,-0.2,-0.6,-1,0.2,-0.2,0.6,-0.2,-0.6,-0.2,0.2,-0.2,0.2,-0.6,-0.4,-0.6,-0.2,-0.4,-0.4,0.2,-0.4,0,0,-0.375,-0.5294,-0.4118,-0.1765,-0.125,-0.0588,-0.5,-0.4,-0.4,-0.1,0,-0.6,-0.28,-0.12,-0.12,-0.4545,-0.3333,-0.0588,-0.45,-0.44,-0.4333,-0.4,-0.1667,-0.2,-0.12,-0.05,-0.0909,-0.12,18,0.11,0.53,0.06,0.3,0,0,0,0,0.17,-0.05,-1.1975,-0.23,-0.28,0,0,38.7934,0,0,0.5625,0,0.5455,1,0.404,0.6111,0,-0.3124,-0.06,0.2524,0.3957,0.3162,0.2833
100trials_340,8105,-8725,-620,-0.2,-0.2,0.2,0.2,0.2,-0.2,0.2,-0.2,-0.2,0.2,-0.2,-0.2,0.2,-0.2,0.2,0.2,-0.2,0.2,-0.2,0.2,-0.2,0.2,0,0,0,-0.2,0,0.2,0,0,0,-0.0588,0.0588,-0.1765,0.25,-0.0588,0,0,-0.1,0.1,0,0.04,-0.04,-0.04,0.04,-0.0303,-0.0303,0.0588,0,0,-0.0333,0.05,0,0,0,0.05,0.0909,0.04,33,0.21,0.29,0.28,0.22,0,0,0,0,0.49,0.07,-0.6654,-0.07,0,0,0,47.6029,0,1,1,0,0.9798,1,0.697,0.5758,0,0.5774,-0.1021,-0.6795,0.0891,-0.0588,0
100trials_341,8190,-9225,-1035,-1,0.6,-0.2,-0.2,0.6,-1,0.6,-0.6,0.2,-0.6,0.2,0.2,-0.2,0.2,1,-0.2,-0.2,0.6,-0.2,-0.6,-0.2,-0.2,-0.2,0,-0.2,0.2,0,0.4,0.2,-0.4,-0.25,0.0588,-0.2941,-0.0588,0.5,-0.1765,-0.2,-0.1,0,0.2,-0.1,-0.04,-0.28,0.28,-0.12,-0.0909,-0.1515,0.1176,-0.15,-0.16,-0.1,-0.15,0.0333,0.2,0.08,0.05,0.1515,-0.12,31,0.25,0.27,0.23,0.25,0,0,0,0,0.48,-0.02,-0.7442,-0.02,-0.04,0,0,46.3444,0,1,0.9231,0,0.7071,0.7742,0.3232,0.2581,0.0404,0.118,0.2385,0.1205,0.2086,0.0735,0.1833
100trials_342,7670,-8850,-1180,-0.6,-0.2,1,0.2,-0.2,-0.2,-0.2,-0.2,0.2,0.6,0.2,0.2,-0.2,0.2,0.6,-0.2,0.6,-0.2,0.2,1,-0.4,0.6,-0.2,-0.2,0.4,0.2,0,0.2,0.2,0.6,0.125,-0.2941,0.2941,0.1765,0.25,0.2941,0.1,-0.2,0.3,0.1,0.4,0.04,0.04,0.2,0.28,-0.0909,0.2121,0.2941,-0.05,0.04,0.0667,0.15,0.2667,0.1333,0.24,0.25,0.2727,0.28,35,0.21,0.22,0.3,0.27,0,0,0,0,0.51,0.09,-0.5476,0.05,0.14,1,1,52.0076,1,1,1.3256,1,0.5354,0.6765,0.3131,0.2353,0.0202,-0.2218,0.3275,0.5492,0.385,0.1691,0.3167
100trials_343,7815,-7875,-60,-1,-1,-1,-1,0.6,1,-0.2,0.2,-1,0.2,1,1,1,1,0.6,-0.6,0.6,0.6,-0.2,0.6,-1,-1,0.8,0,-0.4,1,1,0,0.6,0.2,-1,0.0588,-0.0588,1,0.25,0.4118,-1,0.4,0.3,0.5,0.4,-0.68,0.04,0.92,0.2,-0.4545,0.4545,0.3529,-0.3,-0.32,-0.1,-0.15,0.4,0.6667,0.56,0.45,0.3333,0.2,37,0.15,0.29,0.39,0.17,0,0,0,0,0.54,0.24,-0.4977,-0.12,0.12,1,1,51.3784,1,1,1.2727,1,0.2929,0.3889,0.1717,0.1389,0.0101,0.1327,0.0393,-0.0934,0.8075,1.4118,0.7
100trials_344,6855,-5425,1430,1,1,0.2,-0.2,0.6,-0.2,-0.2,0.2,0.2,0.2,0.6,0.6,1,0.2,1,0.6,1,0.6,1,0.6,1,0,0.2,0,0.2,0.6,0.6,0.8,0.8,0.8,0.75,0.0588,0.0588,0.6471,0.75,0.7647,0.5,0.1,0.4,0.7,0.8,0.52,0.04,0.68,0.76,0.3939,0.3939,0.7059,0.3,0.28,0.3333,0.1,0.6333,0.6667,0.72,0.75,0.7576,0.76,31,0.14,0.11,0.3,0.45,0,0,0,0,0.44,0.16,-0.3692,0.34,0.5,1,1,63.334,1,1,3,1,0.6768,0.7333,0.303,0.2667,0.01,0.1527,0.1635,0.0108,0.3119,0.0147,0.3333
100trials_345,7645,-8300,-655,-0.2,-1,-0.6,0.6,0.6,0.6,0.6,0.6,1,1,-0.6,-1,1,1,1,0.6,-1,-1,-0.2,1,-0.6,0,0.6,0.6,1,-0.8,1,0.8,-1,0.4,-0.5,0.5294,0.8824,-0.0588,0.5,-0.1765,-0.3,0.6,0.1,0.9,-0.3,-0.12,0.76,0.28,-0.12,0.0303,0.3939,0.1765,0.15,0.32,0.1333,0.55,0.2333,0.3333,0.08,0.3,0.1515,-0.12,28,0.16,0.24,0.24,0.36,0,0,0,0,0.4,0.08,-0.5773,0.12,0.2,1,1,53.8953,1,1,1.5,1,0.6566,0.8214,0.1818,0.1786,0.01,-0.1518,0.1885,0.3402,0.1462,0.3235,0.0833
100trials_346,7945,-8625,-680,0.2,-0.2,-0.2,0.6,-0.2,0.2,-0.2,0.2,0.6,0.2,-0.6,0.2,0.2,0.2,-0.2,0.2,-0.2,0.6,-0.2,0.2,0,0.2,0,0,0.4,-0.2,0.2,0,0.2,0,-0.125,0.1765,0.2941,-0.0588,0.125,0.0588,0.1,0,0.1,0.1,0.1,0.04,0.2,-0.04,0.12,0.0303,0.1515,0.0588,0.05,0.12,0.0667,0.15,0.1,0,0.04,0.1,0.0909,0.12,27,0.18,0.28,0.18,0.36,0,0,0,0,0.36,0,-0.7234,0.08,0.08,1,1,50.1199,1,1,1.1739,1,0.8889,0.963,0.596,0.5185,0,-0.1675,0.2638,0.4313,0.0285,0.1838,0.05
100trials_347,8965,-10675,-1710,-0.6,-0.2,-0.6,-0.2,-0.2,-0.2,0.2,-0.6,-0.2,0.2,-0.2,-0.2,0.2,-0.2,-0.2,-0.6,-0.2,-0.2,-0.2,-0.6,-0.4,-0.4,-0.2,-0.2,0,-0.2,0,-0.4,-0.2,-0.4,-0.375,-0.1765,-0.1765,-0.0588,-0.375,-0.2941,-0.4,-0.2,-0.1,-0.2,-0.3,-0.36,-0.12,-0.12,-0.36,-0.2727,-0.1515,-0.2941,-0.3,-0.24,-0.2333,-0.2,-0.2,-0.2,-0.24,-0.25,-0.3333,-0.36,32,0.22,0.4,0.25,0.13,0,0,0,0,0.47,0.03,-0.922,-0.27,-0.24,0,0,40.0519,0,1,0.6129,0,0.798,0.875,0.5051,0.5313,0,0.0641,0.1727,0.1086,-0.0214,0.0809,0.1
100trials_348,8330,-9250,-920,-0.2,-0.2,0.2,0.2,0.2,-0.2,-0.2,0.2,-0.2,-0.2,-0.6,1,-0.2,-0.2,-1,-0.2,-0.2,0.2,0.2,1,-0.2,0.2,0,0,-0.2,0.2,-0.2,-0.6,0,0.6,0,-0.0588,-0.0588,0.1765,-0.625,0.4118,0,0,0,-0.4,0.3,0.04,-0.12,-0.2,0.2,-0.0303,0.0303,-0.0588,0,-0.04,0,0,-0.0333,-0.2,0,-0.05,-0.0909,0.2,26,0.13,0.38,0.25,0.24,0,0,0,0,0.38,0.12,-0.7084,-0.14,-0.02,0,0,46.9736,0,1,0.9608,0,0.7071,0.8462,0.5455,0.4615,0,-0.1589,-0.1783,-0.0194,-0.0285,0.4118,-0.0333
100trials_349,7150,-6225,925,-1,-1,0.6,1,1,1,1,1,1,0.2,-0.2,-0.2,-1,1,1,1,1,1,1,0.2,-1,0.8,1,1,0.6,-0.2,0,1,1,0.6,-0.375,1,0.7647,-0.2941,1,0.7647,-0.1,1,0.2,0.5,0.8,0.12,0.84,0.12,0.84,0.3333,0.2121,0.8824,0.45,0.48,0.3667,0.85,0.5,0.2667,0.48,0.65,0.8788,0.84,20,0.1,0.16,0.14,0.6,0,0,0,1,0.24,0.04,-0.5961,0.44,0.48,1,1,62.7048,1,1,2.8462,1,0.2323,0.45,0.101,0.15,0.0303,0.1619,0.0649,-0.097,0.549,1.1397,0.05
100trials_35,7500,-6650,850,-0.2,0.2,0.2,-0.2,-0.6,0.2,0.2,-0.2,-0.2,-0.2,-0.2,0.2,0.2,-0.6,-0.2,0.6,0.2,0.2,0.2,0.2,0,0,-0.2,0,-0.2,0,-0.2,0.2,0.2,0.2,0,-0.1765,-0.0588,0.0588,-0.125,0.2941,0,-0.1,-0.1,0,0.2,-0.12,-0.04,-0.12,0.28,-0.0909,-0.0303,0.1176,-0.05,-0.08,-0.0667,-0.1,0.0333,0,0.08,0.1,0.0909,0.28,30,0.26,0.24,0.27,0.23,0,0,0,0,0.53,0.01,-0.6742,-0.01,0,0,0,47.6029,0,1,1,1,0.9697,0.9333,0.5354,0.6333,0.0101,0.0717,0.0665,-0.0052,0.2086,0.2941,0.0833
100trials_350,7000,-6625,375,-0.2,-1,-0.2,-1,0.6,0.6,0.6,0.2,1,1,1,-0.2,1,1,1,1,1,1,0.2,-0.2,-0.6,-0.6,0.6,0.4,1,0.4,1,1,1,0,-0.5,0.1765,0.7647,0.6471,1,0.4118,-0.6,0.5,0.7,1,0.5,-0.36,0.68,0.76,0.6,-0.1515,0.697,0.7059,-0.05,0.16,0.2,0.35,0.7333,0.8,0.68,0.75,0.697,0.6,33,0.14,0.15,0.33,0.38,0,0,0,0,0.47,0.19,-0.3683,0.23,0.42,1,1,60.8171,1,1,2.4483,1,0.4444,0.6364,0.1818,0.2424,0.0303,0.1104,0.0628,-0.0476,0.8574,0.9118,0.7833
100trials_351,8490,-9900,-1410,-0.2,-1,0.2,-0.2,-1,0.2,-0.2,0.6,-0.6,0.2,0.6,-0.2,-0.2,0.2,0.2,-0.2,0.2,-0.6,-0.6,0.6,-0.6,0,-0.4,0.2,-0.2,0.2,0,0,-0.2,0,-0.375,-0.2941,0.0588,0.1765,-0.125,-0.0588,-0.3,-0.1,0,0,-0.1,-0.44,0.04,0.12,-0.12,-0.3333,0.0909,-0.0588,-0.2,-0.2,-0.1333,-0.1,-0.0333,0.0667,0,-0.05,-0.0909,-0.12,26,0.17,0.38,0.2,0.25,0,0,0,0,0.37,0.03,-0.8253,-0.13,-0.1,0,0,44.4566,0,1,0.8182,0,0.7778,0.9615,0.4848,0.5385,0,-0.3602,0.2049,0.565,0.2745,0.3162,0.1667
100trials_352,7185,-6575,610,-1,-1,-0.6,1,0.6,0.6,-0.2,1,1,1,0.2,0.2,1,0.6,1,1,0.2,1,1,0.6,-1,0.2,0.6,0.4,1,0.2,0.8,1,0.6,0.8,-0.75,0.5294,0.8824,0.4118,0.875,0.7647,-0.4,0.5,0.6,0.9,0.7,-0.2,0.68,0.6,0.76,-0.0909,0.6364,0.8235,0.05,0.24,0.2333,0.55,0.7333,0.6667,0.68,0.8,0.8182,0.76,21,0.13,0.14,0.13,0.6,0,0,0,1,0.26,0,-0.6196,0.46,0.46,1,1,62.0755,1,1,2.7037,1,0.2222,0.5714,0.1616,0.381,0.0101,-0.26,0.1527,0.4127,0.9144,1.5147,0.6833
100trials_353,7405,-8325,-920,-0.6,-0.2,-0.2,-0.2,-0.2,-0.2,0.6,0.2,0.6,-0.6,0.2,0.6,0.2,0.6,0.6,1,0.6,0.2,1,1,-0.4,-0.2,-0.2,0.4,0,0.4,0.4,0.8,0.4,1,-0.375,0.0588,0.0588,0.2941,0.75,0.7647,-0.3,0.1,0.2,0.6,0.7,-0.28,0.12,0.44,0.76,-0.1515,0.1515,0.7647,-0.1,-0.08,0,0,0.5,0.5333,0.6,0.65,0.7576,0.76,29,0.15,0.22,0.25,0.38,0,0,0,0,0.4,0.1,-0.534,0.16,0.26,1,1,55.7831,1,1,1.7027,1,0.7677,0.8929,0.4343,0.4643,0,-0.0241,-0.0951,-0.0709,0.9162,1.1397,0.6
100trials_354,7485,-7725,-240,-0.6,-0.2,0.6,-0.2,-0.6,0.6,-1,1,1,-0.2,1,1,0.2,0.6,0.2,0.2,0.2,1,0.6,0.2,-0.4,0.2,0,0,0.4,1,0.4,0.2,0.6,0.4,-0.125,-0.1765,0.4118,0.7647,0.25,0.5294,-0.1,0,0.7,0.3,0.5,-0.2,0.28,0.6,0.44,-0.1515,0.5758,0.4118,-0.05,0.04,0.2,0.15,0.5,0.5333,0.52,0.4,0.3939,0.44,23,0.11,0.25,0.19,0.45,0,0,0,0,0.3,0.08,-0.603,0.2,0.28,1,1,56.4123,1,1,1.7778,1,0.6162,0.8696,0.404,0.3913,0,-0.2391,-0.0646,0.1745,0.5633,0.6544,0.55
100trials_355,7990,-8700,-710,-0.2,-0.2,-0.2,-0.2,-0.2,-0.2,-0.2,0.6,-0.2,0.6,-0.2,-0.2,0.2,-0.2,-0.2,0.2,0.2,0.6,0.2,0.6,-0.2,-0.2,-0.2,0.2,0.2,-0.2,0,0,0.4,0.4,-0.25,-0.0588,0.1765,-0.1765,0.125,0.4118,-0.2,0,0,0,0.4,-0.2,0.12,-0.12,0.36,-0.1515,0.0303,0.2353,-0.1,-0.04,-0.0667,0,0.1333,-0.0667,0.12,0.2,0.2727,0.36,32,0.21,0.27,0.26,0.26,0,0,0,0,0.47,0.05,-0.6539,-0.01,0.04,0,1,48.8614,0,1,1.0833,0,0.9091,0.9063,0.4747,0.25,0.0202,-0.2014,-0.0609,0.1405,0.3868,0.6618,0.2333
100trials_356,8025,-9100,-1075,0.2,-0.2,-0.2,0.2,-0.2,0.2,0.2,-0.2,0.2,-0.2,-0.2,0.2,0.2,0.2,-0.2,-0.2,0.2,0.2,-0.2,0.2,0,0,0,0,0,0,0.2,-0.2,0.2,0,0,0.0588,-0.0588,0.0588,0,0.0588,0,0,0,0,0.1,-0.04,0.04,0.04,0.04,0.0303,0.0303,0,0,0,0,0,0.0333,0,0.04,0.05,0.0303,0.04,35,0.22,0.27,0.29,0.22,0,0,0,0,0.51,0.07,-0.6414,-0.05,0.02,0,1,48.2321,0,1,1.0408,1,0.9394,0.9118,0.697,0.6176,0.0101,0.3054,-0.1541,-0.4595,-0.0303,0.0588,0.0333
100trials_357,8000,-9300,-1300,0.2,-0.2,0.2,-0.6,0.2,0.2,0.2,0.2,0.2,0.2,-0.6,0.2,-0.2,0.2,0.2,-0.2,0.2,0.2,-0.2,0.2,0,-0.2,0.2,0.2,0.2,-0.2,0,0,0.2,0,0,0.0588,0.1765,-0.1765,0.125,0.0588,-0.1,0.2,0,0,0.1,-0.04,0.2,-0.04,0.04,0.0303,0.0303,0.0588,0.05,0.08,0.0333,0.1,0.0333,-0.0667,0,0.05,0.0909,0.04,33,0.24,0.24,0.25,0.27,0,0,0,0,0.49,0.01,-0.6642,0.03,0.04,0,1,48.8614,0,1,1.0833,1,1,1,0.7576,0.6364,0,0.172,-0.1768,-0.3487,0.0285,0.0588,-0.0167
100trials_358,8230,-10400,-2170,-0.2,-0.2,0.2,0.2,0.2,-0.2,-0.6,-1,0.2,0.2,-0.2,-0.2,-0.2,0.2,-0.2,-0.6,0.2,0.2,1,0.6,-0.2,0.2,0,-0.8,0.2,-0.2,0,-0.4,0.2,0.8,0,-0.0588,-0.2941,-0.1765,-0.125,0.5294,0,-0.4,0,-0.2,0.5,0.04,-0.28,-0.12,0.28,-0.0303,-0.2121,0.1765,-0.2,-0.12,-0.1333,-0.1,0.1,-0.2,0.08,0.15,0.2121,0.28,31,0.19,0.32,0.25,0.24,0,0,0,0,0.44,0.06,-0.7084,-0.08,-0.02,0,0,46.9736,0,1,0.9608,0,0.73740000000000006,0.8333,0.5253,0.5333,0.0202,0.2187,-0.1054,-0.3241,0.2068,0.5294,0.3
100trials_359,7520,-7450,70,0.2,0.2,-0.2,-0.2,0.2,0.2,0.6,0.2,0.6,0.6,-0.2,0.2,-0.6,0.6,-0.2,0.2,0.6,0.2,0.6,0.6,0.2,-0.2,0.2,0.4,0.6,0,0,0,0.4,0.6,0,0.2941,0.4118,-0.0588,0.125,0.5294,0,0.3,0.3,0,0.5,0.04,0.44,-0.04,0.44,0.1515,0.1515,0.3529,0.15,0.24,0.2,0.25,0.2667,0,0.2,0.25,0.3333,0.44,43,0.21,0.18,0.41,0.2,0,0,0,0,0.62,0.2,-0.4107,0.02,0.22,1,1,54.5246,1,1,1.5641,1,0.7172,0.4186,0.5556,0.3023,0.01,0.0916,0.223,0.1314,0.2014,0.5294,0.1167
100trials_36,8400,-8700,-300,-0.2,-1,-1,-1,-0.2,1,-0.6,-1,0.6,-0.6,1,-1,-0.6,-0.6,-1,-0.2,-1,0.6,-0.2,-0.2,-0.6,-1,0.4,-0.8,0,0,-0.6,-0.6,-0.2,-0.2,-0.75,-0.0588,-0.4118,-0.2941,-0.625,-0.0588,-0.8,-0.2,0,-0.6,-0.2,-0.68,-0.12,-0.44,-0.2,-0.3939,-0.3333,-0.3529,-0.5,-0.4,-0.3333,-0.35,-0.2667,-0.4,-0.32,-0.4,-0.3333,-0.2,23,0.23,0.45,0.1,0.22,0,0,0,0,0.33,-0.13,-1.2159,-0.23,-0.36,0,0,36.2764,0,0,0.4706,0,0.3131,0.3043,0.1717,0.0435,0.09,0.1817,0.1334,-0.0483,0.041,0.6912,0.2333
100trials_360,7345,-8125,-780,-0.2,0.2,-0.2,-0.2,0.2,0.2,-0.2,-0.6,0.2,0.6,0.6,-0.6,0.6,1,0.6,0.6,0.6,1,1,1,0,-0.2,0.2,-0.4,0.4,0,0.8,0.6,0.8,1,0,-0.0588,0.0588,0.2941,0.75,0.8824,-0.1,-0.1,0.2,0.7,0.9,-0.04,0.04,0.44,0.84,-0.0303,0.1515,0.8235,-0.1,0,0,0,0.6,0.4667,0.64,0.8,0.8182,0.84,25,0.12,0.22,0.21,0.45,0,0,0,0,0.33,0.09,-0.557,0.23,0.32,1,1,57.6708,1,1,1.9412,1,0.6263,0.92,0.3737,0.44,0,0.2956,-0.0656,-0.3612,0.8538,0.8824,0.7
100trials_361,7095,-6900,195,-0.2,-0.6,1,0.2,-0.6,0.6,1,1,-0.2,0.2,1,1,0.6,-0.6,-0.2,0.2,1,1,1,1,-0.4,0.6,0,1,0,1,0,0,1,1,0.125,0.1765,0.4118,0.6471,0.125,1,0.1,0.5,0.5,0,1,-0.04,0.52,0.36,0.84,0.1515,0.5758,0.5294,0.3,0.24,0.3667,0.4,0.5,0.3333,0.6,0.5,0.5758,0.84,28,0.15,0.14,0.24,0.47,0,0,0,0,0.39,0.09,-0.4746,0.33,0.42,1,1,60.8171,1,1,2.4483,1,0.4141,0.4815,0.2121,0.1852,0.0303,0.1178,-0.1221,-0.2399,0.3779,0.875,0.2
100trials_362,7335,-6200,1135,0.2,-0.2,-0.2,0.2,-0.2,-0.2,0.2,-0.2,0.2,-0.2,0.2,1,1,1,1,1,0.6,0.6,1,1,0,0,-0.2,0,0,0.6,1,1,0.6,1,0,-0.0588,-0.0588,0.7647,1,0.7647,0,-0.1,0.3,1,0.8,-0.04,-0.04,0.84,0.84,-0.0303,0.3333,0.8824,-0.05,-0.04,0.0667,-0.05,0.7,0.8667,0.84,0.9,0.8788,0.84,20,0.12,0.18,0.13,0.57,0,0,0,0,0.25,0.01,-0.6428,0.39,0.4,1,1,60.1878,1,1,2.3333,1,0.5859,0.8,0.3131,0.25,0,-0.1843,-0.1355,0.0489,0.9127,0.7647,0.75
100trials_363,9270,-10125,-855,1,-1,0.2,-0.6,-0.6,-0.2,0.2,-1,0.6,-1,-1,-1,0.2,-0.2,-0.2,0.2,0.6,-0.6,-1,-1,0,-0.2,-0.4,-0.4,-0.2,-1,0,0,0,-1,0,-0.1765,-0.5294,-0.6471,0.125,-0.6471,-0.1,-0.4,-0.6,0,-0.5,-0.2,-0.28,-0.44,-0.36,-0.0909,-0.5758,-0.2941,-0.25,-0.24,-0.3667,-0.3,-0.3667,-0.3333,-0.4,-0.25,-0.2727,-0.36,25,0.21,0.45,0.15,0.19,0,0,0,0,0.36,-0.06,-1.1005,-0.26,-0.32,0,0,37.5349,0,0,0.5152,0,0.5051,0.88,0.2727,0.36,0,-0.2042,-0.2174,-0.0132,-0.2032,-0.6471,-0.1167
100trials_364,8210,-9675,-1465,-0.2,0.2,-0.2,0.2,-0.2,0.2,-0.2,-0.2,0.2,-0.2,0.2,0.2,-0.2,-0.2,-0.2,-0.2,0.2,-0.2,0.2,-0.2,0,0,0,-0.2,0,0.2,-0.2,-0.2,0,0,0,-0.0588,-0.0588,0.0588,-0.125,-0.0588,0,-0.1,0.1,-0.2,0,-0.04,-0.04,-0.04,-0.04,-0.0303,0.0303,-0.1176,-0.05,-0.04,0,-0.05,-0.0333,-0.0667,-0.04,-0.1,-0.0909,-0.04,33,0.27,0.25,0.23,0.25,0,0,0,0,0.5,-0.04,-0.7442,0,-0.04,0,0,46.3444,0,1,0.9231,0,0.9798,0.9375,0.9293,0.8438,0.02,0.1468,-0.1996,-0.3464,-0.0873,-0.0588,0.0167
100trials_365,8285,-9000,-715,0.6,-0.2,-1,0.6,-0.6,1,-0.2,-0.6,-0.2,-0.6,-0.2,-0.2,-0.6,0.2,0.2,-0.2,-0.2,0.2,0.6,0.2,0.2,-0.2,0.2,-0.4,-0.4,-0.2,-0.2,0,0,0.4,-0.125,0.0588,-0.2941,-0.1765,0,0.1765,0,-0.1,-0.3,-0.1,0.2,-0.12,-0.12,-0.12,0.12,-0.0303,-0.2727,0.1176,-0.05,-0.12,-0.1333,-0.2,-0.0667,-0.1333,0,0.05,0.0909,0.12,33,0.23,0.3,0.27,0.2,0,0,0,0,0.5,0.04,-0.7235,-0.1,-0.06,0,0,45.7151,0,1,0.8868,0,0.7273,0.8125,0.3838,0.4688,0.01,0.1472,-0.1487,-0.2959,0.148,0.3015,-0.0167
100trials_366,8135,-8425,-290,-0.2,-0.2,-0.2,0.2,-0.2,0.2,-0.6,-0.2,0.2,1,0.2,-0.2,-0.2,0.2,-0.2,0.6,-0.2,-0.2,-0.2,0.2,-0.2,0,0,-0.4,0.6,0,0,0.2,-0.2,0,-0.125,-0.0588,0.1765,-0.0588,0.125,-0.0588,-0.1,-0.2,0.3,0.1,-0.1,-0.12,0.12,-0.04,0.04,-0.0909,0.0909,0,-0.15,0,0,0.05,0.1,0.0667,0,0,0.0303,0.04,37,0.2,0.3,0.36,0.14,0,0,0,0,0.56,0.16,-0.6171,-0.16,0,0,0,47.6029,0,1,1,1,0.8889,0.8919,0.6465,0.6486,0,0.0886,0.3383,0.2497,0.0909,0.0662,0.25
100trials_367,7380,-7525,-145,-1,-1,-1,-1,-0.2,1,1,1,1,1,1,1,1,1,1,1,1,1,0.2,-1,-1,-1,0.4,1,1,1,1,1,1,-0.4,-1,0.1765,1,1,1,0.1765,-1,0.7,1,1,0.3,-0.84,1,1,0.44,-0.3939,1,0.5882,-0.15,0.08,0.2333,0.35,0.7667,1,0.72,0.65,0.5758,0.44,18,0.09,0.21,0.1,0.6,0,0,0,1,0.19,0.01,-0.6931,0.39,0.4,1,1,60.1878,1,1,2.3333,1,0.0505,0.1765,0.0202,0,0.0202,0.1082,-0.0178,-0.126,0.9822,1.1765,0.9167
100trials_368,8115,-9925,-1810,-0.2,-0.2,-0.2,0.2,-0.2,-0.2,0.2,0.2,-1,0.2,1,0.2,0.6,0.2,-0.2,-0.2,0.2,-0.2,0.2,-0.2,-0.2,0,-0.2,0.2,-0.4,0.6,0.4,-0.2,0,0,-0.25,0.0588,-0.1765,0.5294,-0.125,0.0588,-0.1,0,0.1,0.1,0,-0.12,-0.12,0.36,-0.04,-0.0909,0.1515,0,-0.05,-0.12,0,-0.1,0.0667,0.2667,0.16,0.05,-0.0303,-0.04,27,0.15,0.34,0.22,0.29,0,0,0,0,0.37,0.07,-0.7113,-0.05,0.02,0,1,48.2321,0,1,1.0408,0,0.7778,0.963,0.5859,0.5556,0,0.239,-0.2299,-0.4689,0.0909,0.3088,0.1167
100trials_369,8925,-11150,-2225,-0.2,-0.6,-0.6,-0.6,-0.2,-0.2,-0.6,0.2,-0.6,0.2,0.2,0.2,-0.2,-0.6,-0.2,-0.6,-0.2,-0.2,1,0.2,-0.4,-0.6,-0.2,-0.2,-0.2,0.2,-0.4,-0.4,-0.2,0.6,-0.5,-0.2941,-0.1765,0.0588,-0.5,0.2941,-0.5,-0.2,0,-0.4,0.2,-0.44,-0.2,-0.12,0.04,-0.3939,-0.0303,-0.1176,-0.35,-0.32,-0.2333,-0.3,-0.0667,-0.2,-0.04,-0.1,-0.0909,0.04,24,0.13,0.46,0.22,0.19,0,0,0,0,0.35,0.09,-0.8774,-0.27,-0.18,0,0,41.9396,0,1,0.6949,0,0.697,0.8261,0.4747,0.5652,0,-0.3803,-0.0368,0.3435,0.2763,0.7941,0.2833
100trials_37,7750,-7400,350,-0.2,0.2,-0.6,-0.6,-0.2,-0.2,-0.2,-0.2,-0.2,0.2,0.2,1,0.2,0.2,-0.2,0.2,-0.6,-0.2,-0.2,-0.6,0,-0.6,-0.2,-0.2,0,0.6,0.2,0,-0.4,-0.4,-0.25,-0.4118,0.0588,0.5294,-0.125,-0.4118,-0.3,-0.2,0.3,0.1,-0.4,-0.28,-0.12,0.28,-0.28,-0.3333,0.2727,-0.2353,-0.25,-0.2,-0.0667,-0.25,0,0.2667,0,-0.15,-0.2727,-0.28,24,0.2,0.35,0.15,0.3,0,0,0,0,0.35,-0.05,-0.8895,-0.05,-0.1,0,0,44.4566,0,1,0.8182,0,0.8081,1,0.4242,0.5833,0,-0.2791,0.1412,0.4203,0.098,-0.1618,0.25
100trials_370,8370,-9800,-1430,-0.2,-0.2,0.2,-0.2,-0.2,0.2,0.2,0.2,-0.2,-0.6,-0.2,-0.2,-0.2,-0.2,0.2,-0.2,-0.2,-0.2,-0.2,0.2,-0.2,0,0,0.2,-0.4,-0.2,-0.2,0,-0.2,0,0,0.0588,-0.2941,-0.1765,-0.25,0.0588,-0.1,0.1,-0.3,-0.1,-0.1,-0.12,-0.04,-0.12,-0.12,0.0303,-0.2727,-0.0588,0,-0.08,-0.1,-0.05,-0.1667,-0.1333,-0.12,-0.1,-0.0909,-0.12,33,0.28,0.27,0.2,0.25,0,0,0,0,0.48,-0.08,-0.8253,-0.02,-0.1,0,0,44.4566,0,1,0.8182,0,0.8283,0.9091,0.4444,0.4242,0.0202,-0.0474,0.2899,0.3373,-0.0891,0.0588,-0.1667
100trials_371,7565,-8725,-1160,-0.2,0.2,-0.6,0.2,1,1,-0.6,0.2,-0.6,1,1,1,1,-0.6,1,1,0.2,-1,-0.6,0.2,0,-0.2,1,-0.2,0.2,1,0.2,1,-0.4,-0.2,-0.125,0.4118,0.1765,0.8824,0.625,-0.5294,-0.1,0.4,0.6,0.6,-0.3,0.12,0.2,0.68,-0.04,0.1515,0.5758,0,0.15,0.16,0.3,0.2,0.3,0.7333,0.32,0.15,0.0303,-0.04,25,0.17,0.21,0.15,0.47,0,0,0,0,0.32,-0.02,-0.6811,0.26,0.24,1,1,55.1538,1,1,1.6316,1,0.3535,0.72,0.1919,0.4,0.05,0.1419,-0.1298,-0.2717,-0.1515,-0.4044,0.15
100trials_372,8145,-8775,-630,-0.2,-0.2,-1,-0.6,0.6,0.6,-0.2,-0.2,0.2,-0.2,1,0.2,-0.6,0.2,0.6,0.6,0.2,-1,1,-0.6,-0.2,-0.8,0.6,-0.2,0,0.6,-0.2,0.6,-0.4,0.2,-0.5,0.2941,-0.1765,0.2941,0.5,-0.2941,-0.5,0.2,0.3,0.2,-0.1,-0.28,0.04,0.28,0.04,-0.0909,0.0303,0.1176,-0.15,-0.12,0,-0.1,0.1333,0.3333,0.16,0.05,0.0909,0.04,32,0.29,0.2,0.15,0.36,0,0,0,0,0.44,-0.14,-0.804,0.16,0.02,0,1,48.2321,0,1,1.0408,1,0.5758,0.6563,0.3939,0.2813,0.101,0.1761,0.2349,0.0588,0.2086,0.2059,0.2833
100trials_373,8325,-9350,-1025,0.6,-0.6,0.2,-0.2,0.2,-0.2,0.2,-0.2,-0.2,-0.2,0.2,-0.6,0.2,-1,0.6,0.2,-0.2,0.2,-0.6,-0.2,0,0,0,0,-0.2,-0.2,-0.4,0.4,0,-0.4,0.125,-0.0588,-0.1765,-0.1765,0,-0.1765,0,0,-0.2,0,-0.2,0.04,-0.12,-0.12,-0.12,0.0303,-0.1515,-0.1176,0,-0.04,-0.0667,-0.05,-0.1333,-0.0667,-0.12,-0.1,-0.0909,-0.12,30,0.26,0.28,0.18,0.28,0,0,0,0,0.44,-0.08,-0.8335,0,-0.08,0,0,45.0859,0,1,0.8519,0,0.798,0.9,0.5657,0.6333,0.02,0.0566,0.1001,0.0435,-0.148,-0.3015,-0.1333
100trials_374,7960,-9125,-1165,-0.2,-1,-0.6,-1,-0.2,0.2,0.6,1,0.6,0.2,1,-0.2,-0.2,-0.6,1,0.2,0.2,0.6,-0.2,-0.2,-0.6,-0.8,0,0.8,0.4,0.4,-0.4,0.6,0.4,-0.2,-0.625,-0.0588,0.5294,0.0588,0.375,0.0588,-0.7,0.4,0.4,0.1,0.1,-0.6,0.52,0.2,0.12,-0.3333,0.3333,0.1765,-0.15,-0.04,0.0333,0.1,0.2,0.2,0.16,0.1,0.2121,0.12,29,0.21,0.26,0.18,0.35,0,0,0,0,0.39,-0.03,-0.7358,0.09,0.06,1,1,49.4906,0,1,1.1277,1,0.5758,0.7857,0.3737,0.5357,0.03,-0.0907,0.1032,0.1939,0.5098,0.6838,0.35
100trials_375,7950,-8275,-325,-0.2,0.6,-0.6,0.2,0.2,-0.6,0.6,-1,0.2,1,0.2,-0.6,0.2,0.6,-0.2,0.2,1,-0.2,0.2,-0.6,0.2,-0.2,-0.2,-0.2,0.6,-0.2,0.4,0,0.4,-0.2,0,0.0588,0.0588,0.0588,0.25,-0.0588,0,-0.2,0.2,0.2,0.1,0.04,0.04,0.04,0.12,0.0303,0.0303,0.1176,-0.1,0.04,0,0,0.1667,0.0667,0.08,0.15,0.0909,0.12,28,0.17,0.3,0.24,0.29,0,0,0,0,0.41,0.07,-0.6613,-0.01,0.06,1,1,49.4906,0,1,1.1277,0,0.7071,0.7857,0.3434,0.6071,0.0404,0.2436,-0.1582,-0.4018,0.0873,-0.0588,0.2667
100trials_376,9065,-11075,-2010,-0.2,-0.2,-1,-0.6,-0.6,-0.6,-0.2,-0.2,-0.6,0.2,-0.2,-0.6,-0.6,-0.6,0.2,-0.2,-1,0.2,-0.2,1,-0.2,-0.8,-0.6,-0.2,-0.2,-0.4,-0.6,0,-0.4,0.4,-0.375,-0.5294,-0.2941,-0.4118,-0.375,0.1765,-0.5,-0.4,-0.3,-0.3,0,-0.52,-0.28,-0.36,-0.04,-0.4545,-0.3939,-0.0588,-0.45,-0.4,-0.4,-0.45,-0.2,-0.3333,-0.2,-0.15,-0.0909,-0.04,30,0.26,0.39,0.19,0.16,0,0,0,0,0.45,-0.07,-1.0358,-0.23,-0.3,0,0,38.1642,0,0,0.5385,0,0.7576,0.7667,0.4343,0.2667,0.05,-0.1514,0.2398,0.3911,0.3957,0.5515,0.25
100trials_377,6840,-5525,1315,0.6,-1,-1,0.6,1,0.6,-0.2,1,0.2,-0.2,1,1,1,1,1,1,1,1,1,1,-0.2,-0.2,0.8,0.4,0,1,1,1,1,1,-0.5,0.5294,0.4118,1,1,1,-0.2,0.6,0.5,1,1,0.04,0.28,1,1,0.0303,0.697,1,0.2,0.16,0.3,0.25,0.8333,1,1,1,1,1,51,0.07,0.14,0.6,0.19,0,0,1,0,0.67,0.53,-0.0812,0.05,0.58,1,1,65.851,1,1,3.7619,1,0.1313,0.1765,0.0606,0.0784,0.01,-0.2908,NA,NA,0.9697,1.5,0.6333
100trials_378,8370,-9850,-1480,-1,-0.2,0.6,0.2,-0.2,0.2,0.2,-0.2,0.2,-0.2,-0.2,0.2,0.2,0.2,0.2,0.2,-1,-0.2,-0.2,0.6,-0.6,0.4,0,0,0,0,0.2,0.2,-0.6,0.2,-0.125,0.0588,-0.0588,0.1765,-0.125,-0.0588,-0.1,0,0,0.2,-0.2,-0.12,0.04,0.12,-0.12,-0.0303,0.0303,-0.0588,-0.05,-0.04,-0.0333,0.1,0,0.1333,0,0,-0.0909,-0.12,22,0.14,0.37,0.13,0.36,0,0,0,0,0.27,-0.01,-0.8611,-0.01,-0.02,0,0,46.9736,0,1,0.9608,0,0.7879,0.9545,0.5354,0.5909,0.0101,-0.1072,0.2334,0.3406,-0.0285,0.0662,0.05
100trials_379,7470,-6550,920,1,1,0.2,-1,-1,0.2,-0.2,0.6,0.2,0.2,0.6,1,0.6,0.6,-0.6,-0.6,1,1,1,1,1,-0.4,-0.4,0.2,0.2,0.8,0.6,-0.6,1,1,0.625,-0.5294,0.2941,0.6471,0,1,0.3,-0.1,0.5,0,1,0.04,0.2,0.44,0.68,0.0303,0.5152,0.4706,0.1,0.12,0.2333,-0.1,0.5,0.2667,0.56,0.5,0.5152,0.68,20,0.15,0.18,0.1,0.57,0,0,0,0,0.25,-0.05,-0.7179,0.39,0.34,1,1,58.3001,1,1,2.0303,1,0.3737,0.75,0.2222,0.4,0.02,0.083,0.0524,-0.0306,0.4403,0.375,0.4
100trials_38,8500,-10000,-1500,0.2,0.6,1,-0.6,-1,-1,-1,-1,-0.6,-0.6,-0.6,-0.6,-0.2,-0.6,-0.6,-1,-0.6,-0.6,-0.2,1,0.4,0.2,-1,-1,-0.6,-0.6,-0.4,-0.8,-0.6,0.4,0.625,-1,-0.7647,-0.4118,-0.875,0.0588,0.3,-1,-0.6,-0.6,-0.1,0.04,-0.84,-0.52,-0.28,-0.2121,-0.6364,-0.3529,-0.35,-0.4,-0.4333,-0.6,-0.4333,-0.6,-0.4,-0.35,-0.3939,-0.28,14,0.03,0.67,0.05,0.25,0,1,0,0,0.08,0.02,-1.3535,-0.42,-0.4,0,0,35.0179,0,0,0.4286,0,0.303,0.5714,0.2323,0.3571,0,-0.1897,0.1834,0.3731,-0.1408,-0.5662,-0.0833
100trials_380,7290,-6325,965,-0.2,-0.2,0.2,-0.2,0.2,0.6,1,1,0.2,0.2,0.2,-0.2,0.6,1,0.2,0.6,0.2,0.6,0.6,0.6,-0.2,0,0.4,1,0.2,0,0.8,0.4,0.4,0.6,0,0.2941,0.5294,0.2941,0.5,0.5294,-0.1,0.7,0.1,0.6,0.5,-0.04,0.6,0.36,0.52,0.1515,0.3939,0.5294,0.3,0.28,0.2333,0.4,0.4,0.4,0.44,0.55,0.5152,0.52,23,0.12,0.2,0.19,0.49,0,0,0,0,0.31,0.07,-0.5675,0.29,0.36,1,1,58.9293,1,1,2.125,1,0.7071,0.8261,0.5051,0.4348,0.01,-0.2074,0.0911,0.2985,0.3779,0.5294,0.1
100trials_381,6840,-6000,840,-0.2,-1,-1,1,-1,-0.2,1,1,1,1,1,1,1,1,1,1,1,0.6,0.6,0.6,-0.6,0,-0.6,1,1,1,1,1,0.8,0.6,-0.625,0.0588,1,1,1,0.6471,-0.3,0.2,1,1,0.7,-0.44,0.76,1,0.76,-0.2727,1,0.8235,-0.05,0.16,0.3,0.35,0.9,1,0.88,0.85,0.8182,0.76,30,0.09,0.15,0.31,0.45,0,0,0,0,0.4,0.22,-0.3499,0.3,0.52,1,1,63.9633,1,1,3.1667,1,0.4343,0.4483,0.101,0.1034,0.0101,0.1563,0.1821,0.0258,1.0963,1.2721,0.95
100trials_382,8860,-11050,-2190,-0.2,-0.2,-0.6,0.6,-0.6,-1,-1,-0.2,1,-0.2,-0.6,-0.6,-0.2,0.2,-0.2,-0.6,-0.2,0.2,-0.2,-0.2,-0.2,0,-0.8,-0.6,0.4,-0.6,0,-0.4,0,-0.2,-0.25,-0.5294,0.0588,-0.4118,-0.25,-0.0588,-0.1,-0.7,-0.1,-0.2,-0.1,-0.2,-0.28,-0.28,-0.2,-0.3939,-0.2121,-0.1176,-0.4,-0.24,-0.3,-0.25,-0.1333,-0.3333,-0.24,-0.15,-0.1515,-0.2,37,0.34,0.28,0.18,0.2,0,0,0,0,0.52,-0.16,-0.978,-0.08,-0.24,0,0,40.0519,0,1,0.6129,0,0.6061,0.6486,0.4242,0.4324,0.0909,0.056,0.1558,0.0999,0.2763,0.1912,0.2667
100trials_383,6600,-4100,2500,-0.2,0.2,1,0.6,-0.6,0.6,1,0.6,0.2,1,1,1,1,1,1,0.6,1,1,1,1,0,0.8,0,0.8,0.6,1,1,0.8,1,1,0.375,0.2941,0.6471,1,0.875,1,0.4,0.4,0.8,0.9,1,0.2,0.68,1,0.92,0.3333,0.8182,0.9412,0.4,0.44,0.5333,0.55,0.9,0.9333,0.96,0.95,0.9394,0.92,50,0.05,0.1,0.6,0.25,0,0,1,0,0.65,0.55,-0.0155,0.15,0.7,1,1,69.6265,1,1,5.6667,1,0.1919,0.16,0.1313,0.1,0,-0.1812,-0.0857,0.0955,0.6078,0.625,0.5
100trials_384,7770,-8225,-455,0.2,0.2,0.2,-0.6,1,-0.2,0.2,0.6,-0.2,1,-0.2,0.6,0.2,-0.2,-0.2,1,-0.6,-0.2,0.2,-0.6,0.2,-0.2,0.4,0.4,0.4,0.2,0,0.4,-0.4,-0.2,0.125,0.2941,0.2941,0.0588,0.25,-0.2941,0,0.4,0.3,0.2,-0.3,0.2,0.28,0.04,-0.04,0.2121,0.2121,-0.0588,0.2,0.24,0.2333,0.25,0.0667,0.2,0,-0.05,-0.0303,-0.04,27,0.17,0.27,0.22,0.34,0,0,0,0,0.39,0.05,-0.6471,0.07,0.12,1,1,51.3784,1,1,1.2727,1,0.596,0.8462,0.2525,0.3077,0,-0.2706,0.2194,0.49,-0.2709,-0.4191,-0.1333
100trials_385,7195,-6700,495,-1,-0.6,1,1,-0.2,0.2,-0.2,0.2,1,0.2,0.6,0.2,0.2,0.2,1,0.6,0.2,1,1,1,-0.8,1,0,0,0.6,0.4,0.2,0.8,0.6,1,-0.125,0.2941,0.2941,0.2941,0.625,0.8824,0.1,0,0.5,0.5,0.8,0.04,0.28,0.44,0.76,0.0909,0.3333,0.7059,0.05,0.16,0.2,0.4,0.6,0.4667,0.6,0.65,0.7576,0.76,27,0.14,0.17,0.24,0.45,0,0,0,0,0.38,0.1,-0.4912,0.28,0.38,1,1,59.5586,1,1,2.2258,1,0.4949,0.8077,0.2929,0.5,0,-0.2709,0.0504,0.3212,0.615,1.0074,0.55
100trials_386,8510,-10075,-1565,-0.2,-0.2,0.2,-0.2,-0.2,0.6,0.2,-1,-0.2,-0.2,-0.2,0.2,-0.2,-0.2,0.6,-1,-0.2,-0.6,0.2,-0.2,-0.2,0,0.2,-0.4,-0.2,0,-0.2,-0.2,-0.4,0,-0.125,0.0588,-0.2941,-0.1765,-0.25,-0.0588,-0.1,-0.1,-0.1,-0.2,-0.2,-0.12,-0.12,0.04,-0.36,-0.0303,-0.2121,-0.1765,-0.1,-0.12,-0.1,-0.1,-0.1667,-0.1333,-0.16,-0.2,-0.1515,-0.36,35,0.3,0.27,0.23,0.2,0,0,0,0,0.53,-0.07,-0.8297,-0.07,-0.14,0,0,43.1981,0,1,0.7544,0,0.798,0.8571,0.4949,0.6286,0.05,-0.1096,-0.24,-0.1303,-0.1462,0.0662,-0.0667
100trials_387,7830,-8000,-170,-1,-1,-1,0.2,0.6,-0.2,-0.6,0.2,-0.6,0.2,1,0.2,0.2,1,0.2,0.2,1,1,0.2,0.6,-1,-0.4,0.2,-0.2,-0.2,0.6,0.6,0.2,1,0.4,-0.875,0.0588,-0.1765,0.5294,0.5,0.6471,-0.7,0,0.2,0.4,0.7,-0.44,-0.2,0.52,0.6,-0.3939,0.1515,0.5882,-0.35,-0.32,-0.1667,-0.15,0.4333,0.4667,0.56,0.55,0.5758,0.6,35,0.15,0.29,0.36,0.2,0,0,0,0,0.51,0.21,-0.514,-0.09,0.12,1,1,51.3784,1,1,1.2727,1,0.6061,0.5714,0.2828,0.2286,0.02,0.1688,-0.1521,-0.3209,0.9822,1.5221,0.7833
100trials_388,8890,-10125,-1235,-0.2,-1,-0.6,-0.2,-0.2,0.6,0.2,-0.6,-0.2,-0.6,0.6,-0.6,0.2,0.2,-0.2,-0.2,-0.2,-0.2,-0.2,-0.6,-0.6,-0.4,0.2,-0.2,-0.4,0,0.2,-0.2,-0.2,-0.4,-0.5,0.0588,-0.4118,0.0588,-0.125,-0.2941,-0.5,0,-0.2,0,-0.3,-0.44,-0.12,0.04,-0.28,-0.2121,-0.2121,-0.1765,-0.25,-0.28,-0.2333,-0.2,-0.1667,0,-0.12,-0.15,-0.2121,-0.28,24,0.19,0.41,0.14,0.26,0,0,0,0,0.33,-0.05,-0.9885,-0.15,-0.2,0,0,41.3104,0,1,0.6667,0,0.6869,0.9167,0.5051,0.5833,0.0101,-0.3782,0.1296,0.5078,0.0357,0.2059,0.0833
100trials_389,10550,-14275,-3725,-1,-1,-0.2,-0.6,0.2,-0.2,-0.6,-1,-1,-1,-0.6,-0.2,-1,-1,-1,-1,-1,0.2,0.6,-0.2,-1,-0.4,0,-0.8,-1,-0.4,-1,-1,-0.4,0.2,-0.75,-0.1765,-1,-0.6471,-1,0.0588,-0.7,-0.4,-0.7,-1,-0.1,-0.52,-0.76,-0.76,-0.28,-0.4545,-0.8182,-0.4706,-0.55,-0.64,-0.6,-0.55,-0.6,-0.8,-0.52,-0.55,-0.4545,-0.28,23,0.19,0.6,0.12,0.09,0,1,0,0,0.31,-0.07,-1.5475,-0.51,-0.58,0,0,29.3547,0,0,0.2658,0,0.3636,0.5455,0.1919,0.2727,0.04,0.1167,0.0717,-0.0451,-0.016,0.8088,-0.05
100trials_39,8400,-10500,-2100,0.6,0.6,-0.6,-0.6,0.6,-1,1,0.2,-0.2,-1,-1,-0.2,-1,-1,-1,-1,-1,-1,-0.2,0.6,0.6,-0.6,-0.2,0.6,-0.6,-0.6,-1,-1,-1,0.2,0.125,-0.0588,-0.1765,-0.7647,-1,-0.2941,0,0.2,-0.6,-1,-0.4,0.12,-0.2,-0.84,-0.52,0.0303,-0.4545,-0.6471,0.1,-0.04,-0.1333,-0.2,-0.6667,-0.8667,-0.68,-0.7,-0.6364,-0.52,20,0.16,0.52,0.08,0.24,0,0,0,0,0.24,-0.08,-1.2486,-0.28,-0.36,0,0,36.2764,0,0,0.4706,0,0.2222,0.5263,0.1515,0.3158,0.04,0.1177,0.1039,-0.0138,-0.6774,-0.4191,-0.7667
100trials_390,6835,-6325,510,-0.2,-1,0.2,-0.2,0.2,1,0.6,0.6,1,1,0.2,1,1,1,1,1,0.6,-0.6,1,1,-0.6,0,0.6,0.6,1,0.6,1,1,0,1,-0.375,0.5294,0.7647,0.7647,1,0.4118,-0.3,0.6,0.8,1,0.5,-0.2,0.84,0.84,0.6,0.0909,0.7576,0.7059,0.15,0.32,0.3667,0.55,0.7667,0.8667,0.72,0.75,0.697,0.6,30,0.1,0.14,0.3,0.46,0,0,0,0,0.4,0.2,-0.3616,0.32,0.52,1,1,63.9633,1,1,3.1667,1,0.5152,0.7,0.202,0.3,0,-0.2946,0.0334,0.328,0.615,0.7868,0.6167
100trials_391,7405,-7075,330,1,1,0.2,-1,1,0.2,-0.6,-0.2,1,1,0.6,0.2,0.2,1,1,0.6,1,0.6,0.2,-0.6,1,-0.4,0.6,-0.4,1,0.4,0.6,0.8,0.8,-0.2,0.625,-0.0588,0.5294,0.4118,0.875,0.1765,0.3,0.1,0.7,0.7,0.3,0.44,0.28,0.6,0.36,0.2727,0.4545,0.5294,0.2,0.36,0.3667,0.2,0.5667,0.6,0.48,0.5,0.5152,0.36,16,0.05,0.24,0.11,0.6,0,0,0,1,0.16,0.06,-0.6681,0.36,0.42,1,1,60.8171,1,1,2.4483,1,0.2525,0.75,0.1919,0.5625,0,-0.2359,-0.0805,0.1554,0.2567,-0.4485,0.3667
100trials_392,7885,-8375,-490,-0.2,-0.2,-1,-1,0.6,0.2,-0.2,1,1,1,1,-0.2,-0.2,-0.2,-1,-0.6,0.6,0.6,0.2,0.2,-0.2,-1,0.4,0.4,1,0.4,-0.2,-0.8,0.6,0.2,-0.5,-0.0588,0.8824,0.2941,-0.625,0.4118,-0.6,0.4,0.7,-0.5,0.4,-0.36,0.6,-0.12,0.2,-0.2727,0.5758,-0.0588,-0.1,0.12,0.1667,0.2,0.2,-0.2,0.04,-0.05,-0.0909,0.2,34,0.18,0.28,0.32,0.22,0,0,0,0,0.5,0.14,-0.5719,-0.06,0.08,1,1,50.1199,1,1,1.1739,1,0.4141,0.4118,0.2323,0.2941,0.0606,-0.1207,0.2506,0.3713,0.2139,0.9118,0.3
100trials_393,7670,-9025,-1355,0.2,-0.2,0.2,-0.2,0.2,-0.2,-0.2,0.2,0.2,0.2,0.2,-0.2,0.2,0.2,0.2,-0.2,-0.2,0.2,1,1,0,0,0,0,0.2,0,0.2,0,0,1,0,0.0588,0.0588,0.0588,0,0.6471,0,0,0.1,0.1,0.5,0.04,0.04,0.12,0.36,0.0303,0.0909,0.2941,0,0.04,0.0333,0.05,0.2333,0.0667,0.24,0.3,0.3333,0.36,34,0.21,0.22,0.28,0.29,0,0,0,0,0.49,0.07,-0.5672,0.07,0.14,1,1,52.0076,1,1,1.3256,1,0.899,0.9697,0.4343,0.1818,0,0.2551,-0.0617,-0.3168,0.2638,0.6471,0.2333
100trials_394,7090,-7675,-585,-1,-1,-1,-0.6,-0.2,0.6,0.2,1,-0.2,0.6,1,1,1,0.6,1,1,0.6,1,1,1,-1,-0.8,0.2,0.6,0.2,1,0.8,1,0.8,1,-1,-0.0588,0.5294,1,0.875,0.8824,-0.9,0.4,0.6,0.9,0.9,-0.76,0.44,0.92,0.92,-0.5152,0.7576,0.8824,-0.25,-0.16,0.0333,0.05,0.8,0.9333,0.92,0.9,0.8788,0.92,29,0.1,0.21,0.29,0.4,0,0,0,0,0.39,0.19,-0.4302,0.19,0.38,1,1,59.5586,1,1,2.2258,1,0.4545,0.6552,0.1313,0.2414,0.0101,-0.2184,-0.0724,0.146,1.3975,1.8824,1.05
100trials_395,8940,-9475,-535,-0.2,-0.6,0.2,-0.6,-0.6,0.6,-0.2,0.6,-0.2,-0.2,-0.2,-0.2,0.2,0.2,0.2,-0.6,-0.6,-0.6,-1,-0.2,-0.4,-0.2,0,0.2,-0.2,-0.2,0.2,-0.2,-0.6,-0.6,-0.25,-0.0588,-0.0588,-0.1765,-0.125,-0.5294,-0.3,0.1,-0.2,0,-0.6,-0.36,0.12,0.04,-0.6,-0.1515,-0.0909,-0.3529,-0.1,-0.12,-0.1333,-0.05,-0.2667,-0.0667,-0.28,-0.3,-0.3333,-0.6,23,0.15,0.45,0.17,0.23,0,0,0,0,0.32,0.02,-0.9494,-0.22,-0.2,0,0,41.3104,0,1,0.6667,0,0.7071,0.9565,0.4444,0.5652,0,-0.3304,0.1363,0.4667,-0.2014,-0.2794,-0.1667
100trials_396,7400,-8400,-1000,-0.2,0.2,-0.2,0.2,0.2,-0.2,-0.2,0.2,-0.6,0.6,1,0.6,0.6,0.2,0.6,0.6,-0.2,1,0.2,0.6,0,0,0,0,0,0.8,0.4,0.6,0.4,0.4,0,-0.0588,0.0588,0.6471,0.375,0.5294,0,0,0.4,0.5,0.4,0.04,-0.04,0.6,0.44,-0.0303,0.3333,0.4706,0,0,0.1333,0,0.4333,0.6,0.52,0.45,0.4545,0.44,31,0.15,0.22,0.28,0.35,0,0,0,0,0.43,0.13,-0.4991,0.13,0.26,1,1,55.7831,1,1,1.7027,1,0.73740000000000006,0.8667,0.3434,0.4,0.01,-0.1857,0.2908,0.4765,0.5009,0.5294,0.4333
100trials_397,8590,-9750,-1160,0.2,-0.2,-0.2,-0.2,0.2,-0.2,-0.2,-0.2,0.2,-0.6,-0.6,0.2,-1,-0.2,0.2,-0.2,-0.2,-0.2,-0.2,0.2,0,-0.2,0,-0.2,-0.2,-0.2,-0.6,0,-0.2,0,-0.125,0.0588,-0.2941,-0.4118,-0.25,0.0588,-0.1,-0.1,-0.2,-0.3,-0.1,-0.04,-0.2,-0.28,-0.12,-0.0303,-0.3939,-0.0588,-0.1,-0.12,-0.1333,-0.15,-0.2,-0.2667,-0.2,-0.2,-0.0909,-0.12,32,0.28,0.3,0.18,0.24,0,0,0,0,0.46,-0.1,-0.9004,-0.06,-0.16,0,0,42.5689,0,1,0.7241,0,0.6364,0.6563,0.4545,0.5,0.07,-0.353,-0.0444,0.3086,-0.0285,0.1838,-0.1
100trials_398,8085,-9350,-1265,0.2,0.6,-0.6,0.2,0.2,-0.6,0.2,0.2,-0.2,-0.2,0.6,-0.6,0.6,-0.2,0.2,-0.2,-0.2,-0.2,0.2,-0.2,0.4,-0.2,-0.2,0.2,-0.2,0,0.2,0,-0.2,0,0.125,-0.0588,-0.0588,0.1765,0,-0.1765,0.1,0,-0.1,0.1,-0.1,0.12,-0.12,0.12,-0.12,0.0303,0.0909,-0.1176,0.05,0,0,-0.1,-0.0333,0.0667,0,0,-0.0909,-0.12,34,0.24,0.26,0.27,0.23,0,0,0,0,0.51,0.03,-0.6742,-0.03,0,0,0,47.6029,0,1,1,1,0.8586,0.8235,0.5354,0.5882,0.0101,-0.3086,0.0743,0.383,-0.148,-0.3015,-0.0833
100trials_399,7010,-5600,1410,-0.2,-0.6,-0.2,0.2,1,0.2,-0.2,0.2,1,0.6,0.6,-0.2,1,0.2,1,1,1,1,0.6,1,-0.4,0,0.6,0,0.8,0.2,0.6,1,1,0.8,-0.25,0.4118,0.4118,0.4118,0.875,0.8824,-0.2,0.3,0.5,0.8,0.9,0.04,0.36,0.52,0.92,0.0909,0.4545,0.8235,0.05,0.2,0.2,0.35,0.7333,0.6,0.72,0.85,0.8788,0.92,42,0.09,0.18,0.49,0.24,0,0,0,0,0.58,0.4,-0.2107,0.06,0.46,1,1,62.0755,1,1,2.7037,1,0.4848,0.3902,0.202,0.1707,0.01,-0.2414,-0.2463,-0.0049,0.7326,1.1324,0.6833
100trials_4,6850,-5650,1200,0.2,-0.2,0.6,0.2,0.6,0.2,0.6,0.2,0.2,0.2,-0.2,-0.2,0.2,0.2,0.2,0.2,0.6,0.2,0.6,0.6,0,0.4,0.4,0.4,0.2,-0.2,0.2,0.2,0.4,0.6,0.25,0.2941,0.2941,-0.0588,0.25,0.5294,0.2,0.4,0,0.2,0.5,0.28,0.28,0.04,0.44,0.2727,0.1515,0.3529,0.3,0.28,0.2,0.35,0.2333,0.0667,0.24,0.35,0.3939,0.44,26,0.13,0.24,0.28,0.35,0,0,0,0,0.41,0.15,-0.4991,0.11,0.26,1,1,55.7831,1,1,1.7027,1,0.9495,1,0.5051,0.5,0,-0.2281,-0.2914,-0.0633,0.0802,0.2794,-0.0667
100trials_40,6850,-5850,1000,0.6,-0.2,-0.6,-0.6,0.2,-1,0.6,0.6,0.2,0.2,0.2,0.6,-0.2,0.6,1,-0.2,1,0.6,0.6,1,0.2,-0.6,-0.4,0.6,0.2,0.4,0.2,0.4,0.8,0.8,-0.125,-0.2941,0.4118,0.1765,0.625,0.7647,-0.2,0.1,0.3,0.3,0.8,-0.12,0.12,0.44,0.6,-0.2121,0.3333,0.6471,-0.05,0,0.0667,-0.05,0.4667,0.3333,0.52,0.55,0.697,0.6,26,0.02,0.35,0.35,0.28,0,0,0,0,0.37,0.33,-0.4291,-0.07,0.26,1,1,55.7831,1,1,1.7027,0,0.5152,0.5385,0.3636,0.3846,0,-0.11,-0.0401,0.07,0.8592,0.8897,0.5167
100trials_400,7465,-8075,-610,-0.2,-0.2,0.2,-0.2,0.2,-0.2,-0.2,0.2,-0.2,0.6,1,0.2,-1,-0.6,1,1,1,1,1,0.2,-0.2,0,0,0,0.2,0.6,-0.8,1,1,0.6,0,-0.0588,0.0588,-0.0588,0.75,0.7647,-0.1,0,0.4,0.1,0.8,-0.04,0.04,0.12,0.84,-0.0303,0.0303,0.7059,-0.05,0,0.1,0.05,0.4333,0.2667,0.48,0.45,0.7576,0.84,36,0.15,0.23,0.37,0.25,0,0,0,0,0.52,0.22,-0.4245,0.02,0.24,1,1,55.1538,1,1,1.6316,1,0.5253,0.5,0.3636,0.25,0.0202,-0.0308,0.1824,0.2133,0.7362,0.7647,0.4833
100trials_401,8840,-11100,-2260,-0.2,-1,-0.6,1,1,-0.2,-0.6,0.2,0.2,0.2,0.2,0.2,0.6,0.2,-0.6,-0.2,-0.6,-0.6,-1,-0.6,-0.6,0.2,0.4,-0.2,0.2,0.2,0.4,-0.4,-0.6,-0.8,-0.5,0.2941,0.1765,0.4118,-0.5,-0.6471,-0.2,0.1,0.2,0,-0.7,0.04,-0.04,0.12,-0.6,-0.0909,0.2727,-0.5294,-0.05,0,0.0333,0.15,-0.1667,0.0667,-0.24,-0.35,-0.5758,-0.6,19,0.1,0.46,0.12,0.32,0,0,0,0,0.22,0.02,-0.9502,-0.14,-0.12,0,0,43.8274,0,1,0.7857,0,0.4747,1,0.3434,0.7778,0,-0.2355,0.0513,0.2868,-0.4385,-0.1471,-0.1167
100trials_402,7525,-7275,250,0.6,-0.6,0.2,0.2,0.2,-0.2,0.2,0.2,-0.6,0.6,-0.2,1,0.2,-0.2,0.2,1,0.6,0.2,1,-0.2,0,0.2,0,0.2,0,0.4,0,0.6,0.4,0.4,0.125,0.0588,0.0588,0.1765,0.5,0.4118,0.1,0.1,0.2,0.3,0.4,0.12,0.04,0.2,0.52,0.0909,0.1515,0.4118,0.1,0.08,0.1333,0.1,0.3,0.3333,0.36,0.35,0.4545,0.52,31,0.19,0.2,0.25,0.36,0,0,0,0,0.44,0.06,-0.5546,0.16,0.22,1,1,54.5246,1,1,1.5641,1,0.7172,0.9355,0.4242,0.4516,0.02,-0.1052,0.0978,0.203,0.3209,0.2868,0.2
100trials_403,7590,-8500,-910,-0.6,0.2,-1,0.6,0.6,-0.6,0.6,1,0.2,0.2,0.6,-0.6,0.2,-0.2,-0.2,0.6,0.2,-0.2,1,1,-0.2,-0.2,0,0.8,0.2,0,0,0.2,0,1,-0.5,0.4118,0.4118,0.0588,0.125,0.5294,-0.2,0.4,0.1,0.1,0.5,-0.04,0.28,-0.04,0.52,-0.0303,0.2121,0.3529,0.1,0.12,0.1,0.2,0.2333,0.0667,0.24,0.3,0.3333,0.52,33,0.17,0.24,0.3,0.29,0,0,0,0,0.47,0.13,-0.5227,0.05,0.18,1,1,53.2661,1,1,1.439,1,0.596,0.5313,0.3333,0.1875,0.0303,0.0475,-0.047,-0.0945,0.3832,1.0294,0.1333
100trials_404,8075,-8500,-425,-1,1,-1,-0.6,-0.6,-0.2,-1,-0.6,0.2,1,1,1,1,0.2,0.2,-0.2,1,-0.2,-0.2,-0.2,0,-0.8,-0.4,-0.8,0.6,1,0.6,0,0.4,-0.2,-0.375,-0.5294,0.0588,1,0.125,-0.0588,-0.4,-0.6,0.8,0.3,0.1,-0.44,-0.12,0.68,0.04,-0.4545,0.5152,0.0588,-0.5,-0.28,-0.0667,-0.35,0.4,0.5333,0.36,0.2,0.0303,0.04,24,0.18,0.3,0.14,0.38,0,0,0,0,0.32,-0.04,-0.8064,0.08,0.04,0,1,48.8614,0,1,1.0833,1,0.4848,0.7083,0.2323,0.4583,0.02,0.0471,0.2328,0.1856,0.5134,0.3162,0.9
100trials_405,7605,-8600,-995,-0.2,-0.2,0.2,-0.2,-0.2,0.2,0.2,0.2,0.2,0.6,0.6,0.6,0.2,0.6,0.2,0.2,0.2,0.6,-0.2,0.2,-0.2,0,0,0.2,0.4,0.6,0.4,0.2,0.4,0,-0.125,0.0588,0.2941,0.4118,0.375,0.1765,-0.1,0.1,0.5,0.3,0.2,-0.12,0.28,0.44,0.2,-0.0303,0.3939,0.2353,0,0.08,0.1667,0.15,0.3333,0.4,0.32,0.25,0.2727,0.2,29,0.17,0.23,0.24,0.36,0,0,0,0,0.41,0.07,-0.5773,0.13,0.2,1,1,53.8953,1,1,1.5,1,0.9293,1,0.6263,0.6071,0,-0.1488,-0.1855,-0.0367,0.2656,0.3015,0.3333
100trials_406,6945,-6050,895,-1,-1,0.6,0.6,0.2,1,-0.6,1,1,1,0.2,1,1,0.2,0.2,1,1,1,0.6,1,-1,0.6,0.6,0.2,1,0.6,0.6,0.6,1,0.8,-0.375,0.4118,0.7647,0.7647,0.5,0.8824,-0.2,0.4,0.8,0.6,0.9,-0.12,0.68,0.52,0.92,0.0303,0.7576,0.7059,0.1,0.28,0.3333,0.6,0.7667,0.6,0.72,0.75,0.697,0.92,24,0.11,0.14,0.22,0.53,0,0,0,0,0.33,0.11,-0.4707,0.39,0.5,1,1,63.334,1,1,3,1,0.2626,0.4348,0.1313,0.1739,0.0303,0.0255,-0.1299,-0.1553,0.6756,1.2574,0.6667
100trials_407,7810,-8950,-1140,-0.2,-0.2,0.2,0.2,0.2,0.2,-0.2,0.2,-0.2,-0.2,-0.2,1,0.2,0.6,-0.6,1,1,-1,0.6,1,-0.2,0.2,0.2,0,-0.2,0.4,0.4,0.2,0,0.8,0,0.0588,-0.0588,0.4118,0.375,0.2941,0,0.1,0.1,0.3,0.4,0.04,-0.04,0.2,0.52,0.0303,0.1515,0.3529,0.05,0,0.0667,0.05,0.2667,0.3333,0.36,0.35,0.3333,0.52,21,0.09,0.32,0.17,0.42,0,0,0,0,0.26,0.08,-0.6812,0.1,0.18,1,1,53.2661,1,1,1.439,1,0.7172,0.9048,0.5152,0.5238,0,-0.0345,0.2148,0.2493,0.3226,0.2941,0.2167
100trials_408,8660,-10200,-1540,-0.2,-0.2,-0.6,-0.6,-0.6,-1,-1,1,-0.6,-1,0.6,-1,-0.2,1,1,1,-0.2,-0.2,1,-0.6,-0.2,-0.6,-0.8,0,-0.8,-0.2,0.4,1,-0.2,0.2,-0.375,-0.7647,-0.2941,-0.0588,0.875,-0.0588,-0.4,-0.4,-0.5,0.7,0,-0.44,-0.52,0.28,0.2,-0.5758,-0.2121,0.4118,-0.4,-0.48,-0.4333,-0.55,0.0667,0.4,0.24,0.35,0.3939,0.2,21,0.17,0.39,0.09,0.35,0,0,0,0,0.26,-0.08,-1.0003,-0.04,-0.12,0,0,43.8274,0,1,0.7857,0,0.3737,0.8571,0.1616,0.2857,0.0101,-0.141,0.0359,0.1769,0.9875,0.3162,0.4667
100trials_409,7965,-9700,-1735,-1,0.6,0.2,-0.2,-0.2,0.6,0.2,-0.2,0.6,0.2,-0.2,-0.2,-0.2,1,1,1,0.2,-1,-0.2,-0.6,-0.2,0,0.2,0,0.4,-0.2,0.4,1,-0.4,-0.4,-0.125,0.0588,0.2941,-0.0588,1,-0.6471,-0.1,0.1,0.1,0.7,-0.4,-0.12,0.28,0.28,-0.12,-0.0303,0.0909,0.1765,0,0.08,0.0333,0.15,0.1333,0.4,0.08,0.15,0.1515,-0.12,25,0.14,0.32,0.2,0.34,0,0,0,0,0.34,0.06,-0.6967,0.02,0.08,1,1,50.1199,1,1,1.1739,1,0.4444,0.75,0.303,0.2917,0.0202,-0.1147,-0.1126,0.0021,0.2068,-0.5221,0.1333
100trials_41,6850,-6500,350,-0.6,-0.2,-1,-0.2,1,0.2,-1,-0.2,1,0.2,0.2,0.6,1,1,1,1,1,0.6,-0.2,-0.2,-0.4,-0.6,0.6,-0.6,0.6,0.4,1,1,0.8,-0.2,-0.5,0.0588,0.1765,0.6471,1,0.1765,-0.5,0,0.5,1,0.3,-0.2,0.04,0.76,0.44,-0.2121,0.3939,0.5882,-0.25,-0.08,0,0,0.6,0.8,0.6,0.65,0.5758,0.44,37,0.15,0.22,0.47,0.16,0,0,0,0,0.62,0.32,-0.354,-0.06,0.26,1,1,55.7831,1,1,1.7027,1,0.3838,0.5135,0.2222,0.2703,0.0101,0.1175,0.1624,0.0449,0.8004,0.6765,0.85
100trials_410,8480,-9775,-1295,-0.2,-1,-0.2,-1,-0.2,-0.2,1,0.6,1,1,0.2,-1,-1,0.6,-1,-0.2,1,-0.6,-0.6,0.2,-0.6,-0.6,-0.2,0.8,1,-0.4,-0.2,-0.6,0.2,-0.2,-0.5,-0.1765,0.8824,-0.4118,-0.125,-0.1765,-0.6,0.3,0.3,-0.4,0,-0.52,0.68,-0.44,-0.04,-0.3333,0.2121,-0.1176,-0.15,0.08,0,0.25,-0.0333,-0.4,-0.24,-0.2,-0.1515,-0.04,24,0.15,0.39,0.17,0.29,0,0,0,0,0.32,0.02,-0.8465,-0.1,-0.08,0,0,45.0859,0,1,0.8519,0,0.4747,0.7826,0.2929,0.3913,0.0101,0.1619,-0.1699,-0.3318,0.2157,0.3235,0.1167
100trials_411,7400,-8000,-600,0.2,0.2,-0.6,0.6,0.6,1,0.2,0.2,1,1,1,0.2,0.2,-0.6,0.6,0.2,0.6,0.6,-1,-1,0.2,0,0.8,0.2,1,0.6,-0.2,0.4,0.6,-1,0,0.7647,0.5294,0.4118,0.125,-0.2941,0.1,0.5,0.8,0.1,-0.2,0.2,0.68,0.28,-0.12,0.3939,0.5152,-0.1176,0.3,0.44,0.4667,0.5,0.2333,0.2667,0.08,-0.05,-0.0909,-0.12,31,0.14,0.23,0.3,0.33,0,0,0,0,0.44,0.16,-0.4774,0.1,0.26,1,1,55.7831,1,1,1.7027,1,0.4141,0.6774,0.2121,0.3871,0.01,0.0578,-0.0316,-0.0894,-0.5116,-0.2941,-0.0667
100trials_412,7385,-6500,885,-0.2,-0.2,-0.6,-0.2,0.2,0.6,0.2,0.2,0.2,0.6,1,1,-0.2,1,0.2,0.2,-0.2,0.6,0.6,0.6,-0.2,-0.4,0.4,0.2,0.4,1,0.4,0.2,0.2,0.6,-0.25,0.2941,0.1765,0.6471,0.125,0.6471,-0.3,0.3,0.7,0.3,0.4,-0.2,0.36,0.6,0.36,0.0303,0.3939,0.4118,0,0.08,0.2333,0.15,0.4667,0.5333,0.48,0.35,0.3939,0.36,26,0.16,0.2,0.22,0.42,0,0,0,0,0.38,0.06,-0.5621,0.22,0.28,1,1,56.4123,1,1,1.7778,1,0.6061,0.7692,0.3131,0.3462,0.01,-0.3202,0.1791,0.4993,0.3815,0.8971,0.4667
100trials_413,7955,-9525,-1570,-0.2,-0.2,-1,-0.2,1,0.2,-0.6,0.6,1,1,1,-1,-0.6,0.6,1,1,1,0.2,-1,-1,-0.2,-0.6,0.6,0,1,0,0,1,0.6,-1,-0.5,0.2941,0.6471,-0.0588,0.875,-0.4118,-0.4,0.3,0.5,0.5,-0.2,-0.12,0.44,0.2,0.04,-0.0909,0.2727,0.2353,-0.05,0.16,0.1333,0.25,0.2667,0.3333,0.12,0.15,0.2121,0.04,20,0.11,0.32,0.12,0.45,0,0,0,0,0.23,0.01,-0.7801,0.13,0.14,1,1,52.0076,1,1,1.3256,1,0.2828,0.8,0.1515,0.45,0,0.0771,0.1376,0.0605,0.3262,0.0882,0.3167
100trials_414,7285,-6925,360,-1,-0.2,-0.2,1,-0.2,0.2,-0.2,0.2,1,1,1,1,1,1,1,1,1,1,-0.6,-0.6,-0.6,0.4,0,0,1,1,1,1,1,-0.6,-0.375,0.2941,0.5294,1,1,0.0588,-0.1,0,1,1,0.2,-0.12,0.44,1,0.36,-0.0303,0.7576,0.5294,-0.05,0.16,0.3,0.35,0.7333,1,0.68,0.6,0.5152,0.36,56,0.15,0.14,0.6,0.11,0,0,1,0,0.75,0.45,-0.2037,-0.03,0.42,1,1,60.8171,1,1,2.4483,1,0.2828,0.1964,0.1111,0.0893,0.0303,0.0154,0.0748,0.0594,0.5597,0.4338,0.7833
100trials_415,8220,-9750,-1530,-0.2,-0.2,-0.2,-0.2,-0.2,0.2,-0.6,0.2,-0.2,-0.2,-0.2,0.6,0.2,-0.2,0.2,0.6,-0.2,0.2,0.2,-0.2,-0.2,-0.2,0,-0.2,-0.2,0.2,0,0.4,0,0,-0.25,-0.0588,-0.1765,0.0588,0.375,-0.0588,-0.2,-0.1,0,0.2,0,-0.2,-0.12,0.12,0.12,-0.1515,-0.0303,0.1176,-0.15,-0.16,-0.1,-0.15,0.0667,0.2,0.12,0.1,0.1515,0.12,29,0.16,0.35,0.27,0.22,0,0,0,0,0.43,0.11,-0.69,-0.13,-0.02,0,0,46.9736,0,1,0.9608,0,0.798,0.6897,0.4343,0.2759,0.03,-0.1295,0.2509,0.3804,0.2692,0.1912,0.2167
100trials_416,8350,-8550,-200,0.2,-0.6,0.2,0.2,-0.2,0.6,1,-1,-1,1,0.2,-0.2,0.2,-1,-1,-0.6,1,1,0.6,0.2,-0.2,0.2,0.2,0,0,0,-0.4,-0.8,1,0.4,0,0.2941,-0.1765,-0.0588,-0.5,0.6471,0,0.1,0,-0.6,0.7,-0.04,0.12,-0.36,0.44,0.1515,-0.0909,0.0588,0.05,0.04,0.0333,0.1,0.0333,-0.4,0.04,0.05,0.0909,0.44,16,0.08,0.4,0.1,0.42,0,0,0,0,0.18,0.02,-0.8718,0.02,0.04,0,1,48.8614,0,1,1.0833,1,0.2929,0.5,0.1919,0.1875,0.0202,0.1385,0.0631,-0.0754,-0.0927,0.6471,-0.0167
100trials_417,6780,-4900,1880,-1,1,-1,-1,-0.6,1,1,1,1,1,1,1,1,1,1,1,1,1,1,1,0,-1,0.2,1,1,1,1,1,1,1,-0.375,0.0588,1,1,1,1,-0.5,0.6,1,1,1,-0.52,1,1,1,-0.1515,1,1,0.05,0.24,0.3667,0.3,1,1,1,1,1,1,23,0.1,0.09,0.21,0.6,0,0,0,1,0.31,0.11,-0.4437,0.51,0.62,1,1,67.1095,1,1,4.2632,1,0.0909,0.2174,0.0303,0.087,0.0303,-0.1633,NA,NA,1.1515,1.375,0.95
100trials_418,7700,-8300,-600,0.2,-0.6,0.2,1,1,-0.6,1,0.2,-1,-0.6,1,1,-0.6,-0.2,0.6,-1,1,-0.6,0.2,0.6,-0.2,0.6,0.2,0.6,-0.8,1,-0.4,-0.2,0.2,0.4,0,0.5294,-0.2941,0.2941,0.125,0.1765,0.2,0.4,0.1,-0.3,0.3,0.36,-0.2,0.36,0.04,0.2727,0.0303,0.1176,0.3,0.08,0.2333,0.15,0.0333,0.1333,0.2,0,0.1515,0.04,36,0.17,0.26,0.35,0.22,0,0,0,0,0.52,0.18,-0.506,-0.04,0.14,1,1,52.0076,1,1,1.3256,1,0.4343,0.5833,0.2222,0.2778,0.0404,-0.1369,-0.1335,0.0034,-0.1551,0.1765,-0.2667
100trials_419,10050,-13275,-3225,-1,-1,-1,-0.6,0.2,0.2,-1,-0.6,-1,-1,-1,-1,0.2,1,-0.6,-1,-1,1,1,0.2,-1,-0.8,0.2,-0.8,-1,-1,0.6,-0.8,0,0.6,-1,-0.1765,-0.8824,-0.4118,-0.5,0.5294,-0.9,-0.3,-1,-0.1,0.3,-0.68,-0.68,-0.28,0.04,-0.5758,-0.697,0.0588,-0.6,-0.68,-0.7333,-0.6,-0.2667,-0.4,-0.12,0.1,0.0303,0.04,18,0.1,0.6,0.1,0.2,0,1,0,0,0.2,0,-1.2665,-0.4,-0.4,0,0,35.0179,0,0,0.4286,0,0.2929,0.6471,0.1111,0.2353,0.01,0.1377,0.0969,-0.0407,0.6346,1.5294,0.3333
100trials_42,8100,-8050,50,-0.2,-0.2,-0.2,0.2,-0.2,-1,0.6,-0.6,-0.6,-0.2,-0.2,-0.2,0.2,0.6,-0.6,-0.2,-0.2,-0.6,-0.2,-1,-0.2,0,-0.6,0,-0.4,-0.2,0.4,-0.4,-0.4,-0.6,-0.25,-0.1765,-0.2941,-0.0588,-0.125,-0.5294,-0.1,-0.3,-0.3,0,-0.5,-0.12,-0.36,-0.04,-0.44,-0.2121,-0.2121,-0.2941,-0.2,-0.24,-0.2333,-0.25,-0.2667,-0.0667,-0.24,-0.25,-0.3333,-0.44,28,0.27,0.35,0.2,0.18,0,0,0,0,0.47,-0.07,-0.958,-0.17,-0.24,0,0,40.0519,0,1,0.6129,0,0.7576,0.7143,0.4646,0.5,0.0505,-0.0776,-0.2345,-0.157,-0.082,-0.2794,-0.0667
100trials_420,8450,-10300,-1850,-0.2,-0.2,0.2,-0.2,0.2,-0.2,0.2,-0.2,0.2,-0.2,0.6,0.2,-0.2,-1,0.2,-0.2,-0.6,-1,-0.2,0.6,-0.2,0,0,0,0,0.4,-0.6,0,-0.8,0.2,-0.125,-0.0588,0.0588,0.0588,-0.375,-0.1765,-0.1,0,0.2,-0.3,-0.3,-0.04,-0.04,-0.04,-0.28,-0.0909,0.0909,-0.2941,-0.05,-0.04,0.0333,0,-0.1333,-0.0667,-0.16,-0.3,-0.2727,-0.28,28,0.2,0.35,0.21,0.24,0,0,0,0,0.41,0.01,-0.8142,-0.11,-0.1,0,0,44.4566,0,1,0.8182,0,0.8485,1,0.5354,0.6786,0,0.0995,-0.0324,-0.132,-0.2032,-0.0515,-0.0833
100trials_421,7445,-7175,270,-0.2,0.2,-0.2,-0.6,-0.6,0.6,0.2,-0.2,1,0.6,0.2,0.6,0.6,0.6,0.2,0.6,0.2,1,1,0.2,0,-0.4,0,0,0.8,0.4,0.6,0.4,0.6,0.6,-0.125,-0.0588,0.4118,0.5294,0.25,0.7647,-0.2,0,0.6,0.5,0.6,-0.28,0.44,0.44,0.6,-0.0909,0.4545,0.5294,-0.1,0.08,0.1333,0.1,0.5667,0.4667,0.52,0.55,0.5152,0.6,22,0.08,0.27,0.2,0.45,0,0,0,0,0.28,0.12,-0.5798,0.18,0.3,1,1,57.0416,1,1,1.8571,1,0.596,1,0.3838,0.6364,0,-0.1869,0.2065,0.3934,0.6203,0.8897,0.6667
100trials_422,6480,-4475,2005,1,1,1,-1,-1,-0.2,0.6,1,1,1,1,0.2,1,1,1,1,1,1,1,1,1,0,-0.6,0.8,1,0.6,1,1,1,1,0.875,-0.5294,1,0.7647,1,1,0.5,0.1,0.8,1,1,0.2,0.68,0.84,1,0.1515,0.8788,1,0.3,0.44,0.4667,0.3,0.9333,0.8667,0.92,1,1,1,34,0.07,0.09,0.39,0.45,0,0,0,0,0.46,0.32,-0.2051,0.36,0.68,1,1,68.9973,1,1,5.25,1,0.1616,0.2424,0.0606,0.1515,0.01,-0.2896,NA,NA,0.8485,0.125,0.6333
100trials_423,7670,-8175,-505,-1,-1,-0.6,1,1,0.6,-0.6,0.2,-0.2,1,1,1,0.2,-0.2,0.2,0.2,0.2,-1,0.6,1,-1,0.2,0.8,-0.2,0.4,1,0,0.2,-0.4,0.8,-0.75,0.5294,0.2941,0.5294,0.375,0.0588,-0.4,0.3,0.7,0.1,0.2,-0.12,0.2,0.44,0.2,-0.0909,0.4545,0.1765,-0.05,0.04,0.2,0.3,0.3333,0.4,0.32,0.15,0.2121,0.2,25,0.15,0.26,0.18,0.41,0,0,0,0,0.33,0.03,-0.6668,0.15,0.18,1,1,53.2661,1,1,1.439,1,0.303,0.72,0.1313,0.28,0.0303,-0.2654,-0.1617,0.1037,0.2674,0.8088,0.3833
100trials_424,7880,-9100,-1220,-0.2,0.2,-0.2,0.2,-0.6,0.6,-0.2,0.2,-0.2,-0.6,0.6,-0.2,0.2,0.2,1,0.2,0.6,-0.2,-0.2,0.2,0,0,0,0,-0.4,0.2,0.2,0.6,0.2,0,0,-0.1765,-0.0588,0.0588,0.75,-0.0588,0,0,-0.1,0.4,0.1,-0.12,-0.04,0.36,0.12,-0.0909,0.0303,0.2941,0,-0.08,-0.0333,-0.1,0.1333,0.3333,0.24,0.25,0.3333,0.12,35,0.22,0.24,0.29,0.25,0,0,0,0,0.51,0.07,-0.5971,0.01,0.08,1,1,50.1199,1,1,1.1739,1,0.5556,0.5714,0.3333,0.3143,0.05,-0.0574,-0.1457,-0.0883,0.385,-0.0588,0.1333
100trials_425,8225,-8750,-525,1,-0.2,-0.6,0.6,0.2,-0.6,1,0.6,0.6,-0.6,0.2,-0.2,-0.2,-0.6,-0.6,0.2,-0.6,0.2,-0.2,-0.2,0.4,0,-0.2,0.8,0,0,-0.4,-0.2,-0.2,-0.2,0.125,0.1765,0.2941,-0.1765,-0.25,-0.1765,0.2,0.3,0,-0.3,-0.2,0.2,0.2,-0.28,-0.12,0.1515,0.0909,-0.2353,0.25,0.2,0.1667,0.15,-0.1667,-0.2,-0.2,-0.25,-0.2121,-0.12,25,0.19,0.31,0.13,0.37,0,0,0,0,0.32,-0.06,-0.8477,0.06,0,0,0,47.6029,0,1,1,1,0.6869,0.92,0.4747,0.44,0,-0.1756,-0.1403,0.0353,-0.3868,-0.3015,-0.4167
100trials_426,8315,-10450,-2135,0.2,-0.2,0.2,0.2,-0.2,0.2,-0.6,0.2,0.6,-0.2,-0.2,-0.6,0.6,-0.6,0.2,-0.6,-0.2,0.2,-0.2,-0.2,0,0.2,0,-0.2,0.2,-0.4,0,-0.2,0,-0.2,0.125,-0.1765,0.1765,-0.1765,-0.25,-0.0588,0.1,-0.1,-0.1,-0.1,-0.1,0.04,0.04,-0.12,-0.2,-0.0303,0.0303,-0.1765,0,0.04,-0.0333,0.05,-0.1,-0.2,-0.16,-0.1,-0.1515,-0.2,32,0.19,0.34,0.27,0.2,0,0,0,0,0.46,0.08,-0.7235,-0.14,-0.06,0,0,45.7151,0,1,0.8868,0,0.7576,0.8065,0.5152,0.5484,0.01,-0.2061,-0.2104,-0.0043,-0.1462,-0.1838,-0.1
100trials_427,7900,-9250,-1350,0.2,-0.2,0.2,0.2,-0.2,0.2,-0.2,0.6,-0.2,0.6,-0.2,-0.2,-0.6,0.2,-0.2,0.6,0.6,0.2,0.6,-0.6,0,0.2,0,0.2,0.2,-0.2,-0.2,0.2,0.4,0,0.125,-0.0588,0.2941,-0.2941,0.25,0.1765,0.1,0.1,0,0,0.2,0.04,0.2,-0.2,0.28,0.0303,0.0303,0.1765,0.1,0.12,0.0667,0.15,0.0667,-0.0667,0.04,0.1,0.2121,0.28,33,0.22,0.24,0.25,0.29,0,0,0,0,0.47,0.03,-0.6371,0.05,0.08,1,1,50.1199,1,1,1.1739,1,0.7879,0.7879,0.4444,0.4848,0.0303,0.0184,-0.1484,-0.1668,0.1462,0.0515,-0.0333
100trials_428,7665,-7175,490,-0.6,0.2,0.2,-0.2,0.6,-0.2,0.6,-0.2,0.6,0.2,0.2,0.2,0.2,0.6,0.2,0.2,0.2,-0.2,0.6,0.2,-0.2,0,0.2,0.2,0.4,0.2,0.4,0.2,0,0.4,-0.125,0.1765,0.2941,0.2941,0.25,0.1765,-0.1,0.2,0.3,0.3,0.2,0.04,0.2,0.28,0.2,0.0303,0.2727,0.2353,0.05,0.12,0.1333,0.2,0.2667,0.2667,0.24,0.25,0.2121,0.2,31,0.11,0.3,0.34,0.25,0,0,0,0,0.45,0.23,-0.4866,-0.05,0.18,1,1,53.2661,1,1,1.439,1,0.9798,0.9355,0.6364,0.5161,0,-0.1782,-0.0318,0.1464,0.205,0.3015,0.2167
100trials_429,8435,-9850,-1415,-0.2,0.2,-0.2,-0.2,0.2,0.2,-0.2,-0.2,-1,-0.2,-0.2,-0.2,-0.2,-0.6,0.2,0.2,1,-0.2,0.2,0.6,0,-0.2,0.2,-0.2,-0.6,-0.2,-0.4,0.2,0.4,0.4,-0.125,0.0588,-0.4118,-0.1765,0.125,0.2941,-0.1,0,-0.4,-0.1,0.4,-0.04,-0.28,-0.2,0.36,-0.0303,-0.2727,0.1765,-0.05,-0.16,-0.1667,-0.2,-0.0333,-0.1333,0.08,0.15,0.2121,0.36,22,0.14,0.38,0.13,0.35,0,0,0,0,0.27,-0.01,-0.8749,-0.03,-0.04,0,0,46.3444,0,1,0.9231,0,0.7475,1,0.5758,0.5909,0,-0.2412,0.1404,0.3816,0.2068,0.4191,0.0167
100trials_43,7700,-7750,-50,0.2,-0.2,-0.2,-1,-0.2,0.2,-0.2,-0.2,-0.6,-1,0.6,-0.6,0.2,0.6,-0.2,0.6,0.6,0.2,0.6,-1,0,-0.6,0,-0.2,-0.8,0,0.4,0.2,0.4,-0.2,-0.125,-0.2941,-0.5294,0.0588,0.5,-0.0588,-0.3,-0.1,-0.4,0.3,0.1,-0.28,-0.36,0.12,0.2,-0.2121,-0.2727,0.2353,-0.2,-0.32,-0.2667,-0.4,0,0.2,0.16,0.2,0.2121,0.2,23,0.15,0.39,0.2,0.26,0,0,0,0,0.35,0.05,-0.809,-0.13,-0.08,0,0,45.0859,0,1,0.8519,0,0.3838,0.7727,0.2626,0.6364,0,-0.1845,-0.4579,-0.2734,0.4474,0.0662,0.2
100trials_430,7640,-8175,-535,-1,1,-0.6,-1,-0.6,1,0.2,-0.2,-1,1,1,0.6,1,1,0.2,1,0.2,-0.2,1,-0.6,0,-0.8,0.2,0,0,0.8,1,0.6,0,0.2,-0.25,-0.0588,-0.0588,0.8824,0.75,-0.0588,-0.4,0.1,0.4,0.8,0.1,-0.44,0.2,0.76,0.28,-0.1515,0.3939,0.3529,-0.15,-0.12,0.0333,-0.15,0.4333,0.8,0.52,0.45,0.3333,0.28,25,0.15,0.25,0.18,0.42,0,0,0,0,0.33,0.03,-0.6564,0.17,0.2,1,1,53.8953,1,1,1.5,1,0.2929,0.76,0.1616,0.48,0.0404,-0.123,-0.1576,-0.0346,0.5045,0.1912,0.5833
100trials_431,7465,-7175,290,1,-1,-1,0.2,0.2,1,-0.6,-0.6,0.6,-1,-1,0.6,1,0.2,-0.2,1,1,1,1,1,0,-0.4,0.6,-0.6,-0.2,-0.2,0.6,0.4,1,1,-0.25,0.2941,-0.4118,0.2941,0.375,1,-0.2,0,-0.2,0.5,1,-0.12,-0.12,0.12,1,0.0303,-0.0909,0.7059,-0.1,-0.12,-0.1333,-0.15,0.4333,0.2667,0.56,0.75,0.697,1,35,0.19,0.2,0.31,0.3,0,0,0,0,0.5,0.12,-0.4893,0.1,0.22,1,1,54.5246,1,1,1.5641,1,0.2424,0.3429,0.101,0.1143,0.06,0.0978,0.1886,0.0908,0.6756,1.25,0.5333
100trials_432,8600,-9450,-850,0.6,-0.2,-1,-1,0.6,-0.6,1,-0.2,-0.6,0.2,-0.6,-1,0.2,-0.2,0.2,-0.2,-0.2,-1,0.2,0.6,0.2,-1,0,0.4,-0.2,-0.8,0,0,-0.6,0.4,-0.25,-0.0588,-0.0588,-0.5294,0,-0.0588,-0.4,0.2,-0.5,0,-0.1,-0.2,-0.04,-0.28,-0.12,-0.1515,-0.2727,-0.0588,-0.1,-0.12,-0.2333,-0.2,-0.2,-0.2667,-0.2,-0.05,-0.0303,-0.12,33,0.27,0.31,0.24,0.18,0,0,0,0,0.51,-0.03,-0.8405,-0.13,-0.16,0,0,42.5689,0,1,0.7241,0,0.5051,0.7188,0.2222,0.3125,0.06,-0.1552,-0.042,0.1131,0.0927,0.1912,-0.1
100trials_433,8600,-9450,-850,0.2,0.2,-0.6,-0.6,-0.2,-0.6,-0.2,-0.6,-0.2,-0.2,-0.2,0.2,-0.2,-0.2,-0.6,0.2,-0.2,-0.2,0.2,0.6,0.2,-0.6,-0.4,-0.4,-0.2,0,-0.2,-0.2,-0.2,0.4,-0.125,-0.4118,-0.2941,-0.1765,-0.125,0.1765,-0.2,-0.4,-0.1,-0.2,0.1,-0.2,-0.36,-0.2,0.12,-0.2727,-0.2121,0,-0.3,-0.28,-0.2333,-0.4,-0.0667,-0.1333,-0.04,-0.05,0.0303,0.12,33,0.27,0.31,0.24,0.18,0,0,0,0,0.51,-0.03,-0.8405,-0.13,-0.16,0,0,42.5689,0,1,0.7241,0,0.899,1,0.6667,0.5455,0,-0.1468,0.3262,0.4731,0.2727,0.3015,0.2333
100trials_434,8410,-9400,-990,-0.2,-0.2,-0.2,-0.2,0.2,-0.2,-0.6,-0.2,-0.6,-0.2,-0.2,0.2,0.2,0.2,-0.2,-0.2,0.2,-0.2,0.2,0.2,-0.2,-0.2,0,-0.4,-0.4,0,0.2,-0.2,0,0.2,-0.25,-0.1765,-0.2941,-0.0588,0.125,0.0588,-0.2,-0.2,-0.2,0,0.1,-0.12,-0.36,0.04,0.04,-0.2121,-0.1515,0.0588,-0.2,-0.24,-0.2,-0.25,-0.0333,0,0.04,0.05,0.0909,0.04,31,0.26,0.29,0.21,0.24,0,0,0,0,0.47,-0.05,-0.8142,-0.05,-0.1,0,0,44.4566,0,1,0.8182,0,0.9192,0.871,0.6667,0.5161,0.03,-0.1021,0.041,0.1431,0.2709,0.3088,0.1667
100trials_435,10750,-14800,-4050,-0.2,-0.6,0.2,-0.2,-0.2,-0.6,-1,-0.6,-1,-1,-1,-1,-0.2,-1,-1,-0.2,-1,-1,-1,-0.2,-0.4,0,-0.4,-0.8,-1,-1,-0.6,-0.6,-1,-0.6,-0.25,-0.4118,-0.8824,-0.7647,-0.75,-0.7647,-0.2,-0.6,-1,-0.6,-0.8,-0.2,-0.84,-0.84,-0.68,-0.3333,-0.8182,-0.7647,-0.4,-0.52,-0.6,-0.55,-0.8,-0.7333,-0.76,-0.7,-0.7576,-0.68,24,0.22,0.6,0.11,0.07,0,1,0,0,0.33,-0.11,-1.6987,-0.53,-0.64,0,0,27.467,0,0,0.2195,0,0.5354,0.7083,0.2727,0.375,0.03,0.2196,-0.3279,-0.5475,-0.4314,-0.5147,-0.4
100trials_436,7755,-9100,-1345,1,1,1,1,-0.6,-1,-1,-1,-1,-1,-1,-0.6,1,1,1,1,1,1,-0.6,1,1,1,-0.8,-1,-1,-0.8,1,1,1,0.2,1,-0.4118,-1,-0.0588,1,0.5294,1,-0.9,-0.9,1,0.6,0.68,-1,0.28,0.68,0.2727,-0.5758,0.7647,0.05,-0.16,-0.2667,-0.45,0.2333,0.4,0.48,0.8,0.7576,0.68,29,0.1,0.32,0.3,0.28,0,0,0,0,0.4,0.2,-0.5349,-0.04,0.16,1,1,52.6368,1,1,1.381,0,0.0808,0.1379,0.0404,0.069,0.03,0.0754,0.4008,0.3253,0.492,-0.4706,0.1833
100trials_437,7380,-7525,-145,-0.6,0.6,0.6,1,1,1,0.6,0.2,-0.2,1,1,0.6,0.2,0.6,0.2,-0.2,1,0.2,0.2,-1,0,0.8,1,0.4,0.4,0.8,0.4,0,0.6,-0.4,0.25,0.8824,0.4118,0.6471,0.25,-0.0588,0.4,0.7,0.6,0.2,0.1,0.52,0.52,0.52,0.04,0.5758,0.5152,0.1176,0.55,0.52,0.5667,0.65,0.3,0.4,0.28,0.15,0.0909,0.04,18,0.09,0.21,0.1,0.6,0,0,0,1,0.19,0.01,-0.6931,0.39,0.4,1,1,60.1878,1,1,2.3333,1,0.3535,0.4118,0.2626,0.2353,0.0101,-0.0412,0.0951,0.1364,-0.4581,-0.3088,-0.25
100trials_438,8065,-8625,-560,-0.2,-0.6,-0.2,0.2,-1,1,-0.2,0.6,0.6,0.2,0.2,0.6,-1,0.6,-0.6,-1,-1,1,1,0.2,-0.4,0,0,0.2,0.4,0.4,-0.2,-0.8,0,0.6,-0.25,0.0588,0.2941,-0.0588,-0.5,0.5294,-0.2,0.1,0.4,-0.5,0.3,-0.36,0.44,-0.04,0.04,-0.0909,0.0909,0.0588,-0.05,0.04,0.1,0.15,0.0667,-0.2,0,-0.1,0.0303,0.04,29,0.19,0.3,0.22,0.29,0,0,0,0,0.41,0.03,-0.7113,-0.01,0.02,0,1,48.2321,0,1,1.0408,0,0.5758,0.8276,0.2323,0.2414,0.04,0.1002,0.195,0.0948,0.1497,0.7794,0.1167
100trials_439,7850,-9275,-1425,-0.6,0.6,0.2,1,-0.2,0.2,-0.2,0.2,-0.2,-0.2,0.6,0.2,1,0.2,-0.2,1,-0.2,0.6,0.2,-1,0,0.6,0,0,-0.2,0.4,0.6,0.4,0.2,-0.4,0.125,0.2941,-0.1765,0.6471,0.25,-0.1765,0.3,0,0.1,0.5,-0.1,0.2,-0.04,0.36,0.12,0.2121,0.2121,0.0588,0.15,0.08,0.1333,0.1,0.1667,0.4667,0.24,0.2,0.0303,0.12,21,0.1,0.32,0.16,0.42,0,0,0,0,0.26,0.06,-0.7066,0.1,0.16,1,1,52.6368,1,1,1.381,1,0.5657,1,0.2828,0.45,0,-0.1706,-0.2172,-0.0466,-0.1533,-0.3015,0.0167
100trials_44,7600,-8650,-1050,-0.2,-1,-1,0.2,-0.6,0.2,1,-1,-1,-1,-1,-1,1,-1,0.6,1,1,1,1,1,-0.6,-0.4,-0.2,0,-1,-1,0,0.8,1,1,-0.75,0.1765,-0.7647,-0.4118,0.5,1,-0.5,-0.1,-1,0.4,1,-0.52,-0.36,-0.28,1,-0.2727,-0.5758,0.7059,-0.3,-0.44,-0.5333,-0.4,0.1333,-0.0667,0.36,0.7,0.7576,1,25,0.29,0.23,0.04,0.44,0,0,0,0,0.33,-0.25,-1.0377,0.21,-0.04,0,0,46.3444,0,1,0.9231,1,0.2323,0.4,0.1111,0.24,0.1,-0.2122,0.2057,0.4179,0.9786,1.75,0.4333
100trials_440,8465,-10725,-2260,-0.6,-0.6,0.2,-0.6,-0.6,1,0.2,-0.2,-0.6,-0.2,-0.2,-0.2,0.6,0.6,-0.6,-0.2,0.2,-0.2,-0.6,0.6,-0.6,-0.2,0.2,0,-0.4,-0.2,0.6,-0.4,0,0,-0.375,0.0588,-0.2941,0.0588,-0.125,0.0588,-0.4,0.1,-0.3,0.1,0,-0.44,0.04,0.04,-0.04,-0.1515,-0.1515,0,-0.15,-0.2,-0.2,-0.1,-0.0667,0,0,0.05,-0.0303,-0.04,28,0.22,0.33,0.17,0.28,0,0,0,0,0.39,-0.05,-0.8622,-0.05,-0.1,0,0,44.4566,0,1,0.8182,0,0.5859,0.6071,0.3636,0.4643,0.06,-0.2226,-0.1201,0.1024,0.1515,0.4338,0.0833
100trials_441,8810,-10875,-2065,0.2,-0.2,-0.2,-0.2,-0.6,-0.2,-0.2,-0.2,-0.6,-0.6,0.2,-0.2,0.6,-0.6,-1,-1,0.6,1,-0.6,-0.2,0,-0.2,-0.4,-0.2,-0.6,0,0,-1,0.8,-0.4,-0.125,-0.4118,-0.2941,0.1765,-0.75,0.1765,-0.1,-0.3,-0.3,-0.5,0.2,-0.2,-0.36,-0.2,-0.04,-0.2727,-0.0303,-0.2941,-0.2,-0.28,-0.2333,-0.35,-0.2,-0.3333,-0.12,-0.15,-0.2727,-0.04,25,0.23,0.37,0.1,0.3,0,0,0,0,0.33,-0.13,-1.0498,-0.07,-0.2,0,0,41.3104,0,1,0.6667,0,0.596,0.92,0.3636,0.52,0.0202,0.1107,0.1107,0,-0.0214,0.3015,-0
100trials_442,7340,-8075,-735,-0.2,0.2,-1,-0.2,0.2,0.2,0.2,1,-0.2,0.2,-0.2,1,0.2,0.6,1,0.6,0.2,1,1,1,0,-0.6,0.2,0.6,0,0.4,0.4,0.8,0.6,1,-0.25,0.1765,0.1765,0.4118,0.625,0.8824,-0.3,0.4,0.2,0.6,0.8,-0.2,0.28,0.52,0.76,-0.0303,0.2727,0.7647,0.05,0.04,0.1,0.05,0.5333,0.5333,0.64,0.7,0.7576,0.76,24,0.12,0.21,0.18,0.49,0,0,0,0,0.3,0.06,-0.5905,0.28,0.34,1,1,58.3001,1,1,2.0303,1,0.4646,0.9583,0.2626,0.5,0.01,-0.3288,-0.0244,0.3044,0.795,1.1324,0.4833
100trials_443,8050,-10175,-2125,0.2,1,1,1,1,0.6,-1,-1,-1,-0.2,0.6,-0.6,1,0.2,-1,0.2,1,0.2,-1,-1,0.6,1,0.8,-1,-0.6,0,0.6,-0.4,0.6,-1,0.75,0.5294,-0.7647,0.4118,-0.125,-0.4118,0.8,-0.1,-0.3,0.1,-0.2,0.84,-0.52,0.04,-0.12,0.6364,-0.2121,-0.2353,0.35,0.16,0.1333,0.05,-0.1333,0.0667,-0.04,-0.05,-0.2727,-0.12,26,0.15,0.32,0.18,0.35,0,0,0,0,0.33,0.03,-0.7358,0.03,0.06,1,1,49.4906,0,1,1.1277,1,0.1717,0.48,0.0808,0.24,0.05,-0.1483,-0.2865,-0.1383,-0.8717,-1.1618,-0.4833
100trials_444,8075,-9625,-1550,0.2,-0.6,0.2,1,-0.2,-1,0.2,-1,0.6,1,0.2,0.2,0.2,0.2,0.2,0.6,-0.2,0.2,-0.6,0.2,-0.2,0.6,-0.6,-0.4,0.8,0.2,0.2,0.4,0,-0.2,0,-0.1765,0.2941,0.1765,0.25,-0.0588,0.2,-0.5,0.5,0.3,-0.1,0.12,-0.04,0.2,0.04,-0.0909,0.2727,0.0588,-0.15,0.04,0.0667,0.1,0.2333,0.2667,0.12,0.1,0.0909,0.04,22,0.12,0.34,0.15,0.39,0,0,0,0,0.27,0.03,-0.7668,0.05,0.08,1,1,50.1199,1,1,1.1739,1,0.6667,1,0.4545,0.5,0,0.1028,-0.1996,-0.3024,0.1497,-0.0588,0.3833
100trials_445,7620,-7750,-130,-0.2,0.2,-0.2,0.6,-0.2,-0.2,0.2,0.2,-0.2,0.6,-0.6,1,-0.2,0.2,-0.2,1,0.2,0.6,1,-0.2,0,0.2,-0.2,0.2,0.2,0.2,0,0.4,0.4,0.4,0,0.1765,0.0588,0.0588,0.5,0.2941,0.1,0,0.2,0.2,0.4,0.04,0.12,0.04,0.52,0.0909,0.0909,0.3529,0.05,0.08,0.1,0.1,0.2667,0.2,0.28,0.3,0.3939,0.52,30,0.13,0.28,0.3,0.29,0,0,0,0,0.43,0.17,-0.5227,0.01,0.18,1,1,53.2661,1,1,1.439,1,0.7778,0.7586,0.303,0.2069,0,0.2035,0.2278,0.0243,0.262,0.2941,0.2167
100trials_446,9625,-11400,-1775,-1,-1,0.2,-0.6,-0.6,0.6,-1,-0.2,-1,1,-0.6,1,-1,-1,-0.2,0.6,-1,-0.2,-1,-0.2,-1,-0.2,0,-0.6,0,0.2,-1,0.2,-0.6,-0.6,-0.5,-0.4118,-0.1765,-0.2941,-0.25,-0.5294,-0.6,-0.3,0.1,-0.4,-0.6,-0.6,-0.12,-0.36,-0.36,-0.4545,-0.2121,-0.4118,-0.45,-0.36,-0.2667,-0.2,-0.3,-0.2,-0.36,-0.5,-0.3939,-0.36,21,0.16,0.52,0.13,0.19,0,0,0,0,0.29,-0.03,-1.1736,-0.33,-0.36,0,0,36.2764,0,0,0.4706,0,0.3636,0.5,0.2121,0.25,0.03,-0.1663,0.1123,0.2786,0.0428,-0.0294,0.15
100trials_447,9000,-9900,-900,-0.2,-0.2,1,0.2,-1,0.6,-1,0.2,-0.6,-1,-1,0.6,1,-0.6,-1,0.6,-1,-0.2,-0.2,-0.6,-0.2,0.6,-0.2,-0.4,-0.8,-0.2,0.2,-0.2,-0.6,-0.4,0.125,-0.1765,-0.5294,0.1765,-0.5,-0.4118,0.2,-0.3,-0.5,0,-0.5,-0.04,-0.36,-0.2,-0.28,-0.0303,-0.1515,-0.4706,-0.05,-0.2,-0.2,-0.2,-0.3333,-0.0667,-0.24,-0.25,-0.4545,-0.28,24,0.18,0.43,0.15,0.24,0,0,0,0,0.33,-0.03,-0.9938,-0.19,-0.22,0,0,40.6812,0,1,0.6393,0,0.3131,0.7083,0.1818,0.4167,0.03,-0.2335,0.0552,0.2887,-0.4403,-0.5368,-0.2833
100trials_448,9230,-10800,-1570,-0.2,-0.2,0.2,-0.6,-0.2,-0.6,0.6,-0.2,-1,-0.6,1,0.6,0.2,-1,-1,-1,-0.6,-0.6,0.6,0.2,-0.2,-0.2,-0.4,0.2,-0.8,0.8,-0.4,-1,-0.6,0.4,-0.125,-0.2941,-0.4118,0.4118,-0.875,-0.0588,-0.2,-0.1,0,-0.7,-0.1,-0.2,-0.36,-0.04,-0.28,-0.2121,0.0303,-0.4706,-0.15,-0.28,-0.1,-0.3,-0.2667,-0.2,-0.16,-0.4,-0.4545,-0.28,18,0.1,0.51,0.12,0.27,0,0,0,0,0.22,0.02,-1.0363,-0.24,-0.22,0,0,40.6812,0,1,0.6393,0,0.4747,0.8333,0.2929,0.5,0,-0.1213,0.1233,0.2446,-0.2585,0.0662,-0.1167
100trials_449,6970,-5925,1045,-0.2,-1,-0.6,1,1,1,1,0.6,-1,-1,1,1,1,1,1,1,1,1,1,1,-0.6,0.2,1,0.8,-1,1,1,1,1,1,-0.5,1,-0.2941,1,1,1,-0.2,0.9,0,1,1,0.04,0.12,1,1,0.2727,0.3333,1,0.35,0.08,0.2333,0.25,0.6667,1,1,1,1,1,21,0.09,0.14,0.17,0.6,0,0,0,1,0.26,0.08,-0.5283,0.46,0.54,1,1,64.5925,1,1,3.3478,1,0.1414,0.35,0.0404,0.1,0.02,-0.2429,NA,NA,0.7273,1.5,0.3167
100trials_45,8300,-9600,-1300,0.2,-0.2,-0.2,0.2,-0.2,-0.2,0.2,-0.2,-0.6,-0.2,-1,-1,-1,-0.6,-0.2,-0.2,-0.2,-0.6,-0.2,-0.2,0,0,-0.2,0,-0.4,-1,-0.8,-0.2,-0.4,-0.2,0,-0.0588,-0.2941,-0.8824,-0.5,-0.1765,0,-0.1,-0.7,-0.5,-0.3,-0.04,-0.2,-0.76,-0.28,-0.0303,-0.6364,-0.2941,-0.05,-0.12,-0.2667,-0.15,-0.5,-0.6667,-0.52,-0.4,-0.3333,-0.28,26,0.18,0.48,0.19,0.15,0,0,0,0,0.37,0.01,-1.0606,-0.33,-0.32,0,0,37.5349,0,0,0.5152,0,0.697,0.9231,0.4545,0.7308,0,-0.2404,-0.0574,0.1829,-0.2638,-0.1765,-0.45
100trials_450,7930,-9350,-1420,0.2,0.2,-0.2,-0.2,-0.2,-0.2,0.2,-0.2,0.6,-0.2,-0.6,0.2,-0.2,0.2,0.2,0.2,0.2,0.2,0.2,0.6,0.2,-0.2,-0.2,0,0.2,-0.2,0,0.2,0.2,0.4,0,-0.0588,0.0588,-0.0588,0.125,0.2941,0,-0.1,0,0.1,0.3,-0.04,0.04,-0.04,0.28,-0.0303,-0.0303,0.2353,-0.05,0,-0.0333,-0.05,0.1333,0,0.12,0.2,0.2121,0.28,34,0.24,0.23,0.26,0.27,0,0,0,0,0.5,0.02,-0.6399,0.04,0.06,1,1,49.4906,0,1,1.1277,1,1,1,0.7071,0.6667,0,0.014,-0.0889,-0.1028,0.2656,0.2941,0.1833
100trials_451,7780,-8375,-595,-0.2,0.2,0.2,-1,-0.2,-0.2,1,1,-1,-0.2,1,0.2,0.6,0.2,0.2,-0.2,1,-0.6,0.6,-0.2,0,-0.4,-0.2,1,-0.6,0.6,0.4,0,0.2,0.2,0,-0.1765,0.0588,0.5294,0.25,0.0588,-0.2,0.4,0,0.2,0.2,-0.2,0.12,0.44,0.12,-0.0909,0.3333,0.1176,0.1,-0.04,0.0667,-0.05,0.1333,0.3333,0.28,0.2,0.1515,0.12,28,0.18,0.26,0.22,0.34,0,0,0,0,0.4,0.04,-0.6471,0.08,0.12,1,1,51.3784,1,1,1.2727,1,0.6869,0.963,0.3434,0.4815,0,-0.1619,-0.1426,0.0194,0.2086,0.0588,0.0333
100trials_452,8080,-8550,-470,-0.2,0.2,-0.2,0.2,-0.2,0.2,-0.2,0.2,-0.2,-0.2,-0.2,0.2,-0.2,0.2,0.2,-0.2,-0.2,1,-0.2,-0.2,0,0,0,0,-0.2,0,0,0,0.4,-0.2,-0.125,0.0588,-0.0588,-0.0588,0,0.1765,0,0,-0.1,0,0.1,-0.04,-0.04,0.04,0.04,-0.0303,-0.0909,0.1176,0,-0.04,-0.0333,-0.05,0,0,0.04,0.05,0.0909,0.04,33,0.2,0.3,0.29,0.21,0,0,0,0,0.49,0.09,-0.6573,-0.09,0,0,0,47.6029,0,1,1,0,0.9495,0.9697,0.4242,0.2727,0.0101,-0.1416,0.268,0.4096,0.148,0.3015,0
100trials_453,6660,-4300,2360,0.2,-0.6,-0.2,-1,0.2,0.6,1,1,1,1,1,1,1,1,1,1,1,1,1,1,-0.2,-0.6,0.4,1,1,1,1,1,1,1,-0.25,0.1765,1,1,1,1,-0.4,0.7,1,1,1,-0.28,0.92,1,1,-0.0303,1,1,0.15,0.32,0.4333,0.45,1,1,1,1,1,1,51,0.07,0.1,0.6,0.23,0,0,1,0,0.67,0.53,-0.0355,0.13,0.66,1,1,68.368,1,1,4.8824,1,0.303,0.2353,0.0808,0.0392,0.01,-0.1778,NA,NA,1.0303,1.25,0.85
100trials_454,8210,-8775,-565,-1,0.6,0.6,1,-0.2,0.2,-0.2,-0.2,0.6,0.2,-0.6,-0.2,-0.2,0.2,0.2,-0.6,-0.2,1,-0.6,-0.6,-0.2,0.8,0,-0.2,0.4,-0.4,0,-0.2,0.4,-0.6,0.125,0.1765,0.1765,-0.1765,-0.25,-0.0588,0.3,-0.1,0,-0.1,-0.1,0.2,0.12,-0.12,-0.2,0.1515,-0.0303,-0.1176,0.1,0.16,0.0667,0.25,-0.0667,-0.2,-0.16,-0.1,-0.1515,-0.2,26,0.19,0.31,0.15,0.35,0,0,0,0,0.34,-0.04,-0.8172,0.04,0,0,0,47.6029,0,1,1,1,0.7071,0.8462,0.4646,0.4615,0.0202,-0.1354,0.1387,0.2741,-0.2692,-0.1838,-0.1667
100trials_455,7690,-9200,-1510,0.2,0.6,-0.2,0.2,0.2,-0.2,0.2,-0.2,0.6,0.2,-0.2,0.2,-0.2,1,-0.2,0.2,0.2,-0.2,0.6,0.2,0.4,0,0,0,0.4,0,0.4,0,0,0.4,0.25,-0.0588,0.2941,0.0588,0.375,0.0588,0.2,0,0.2,0.2,0.2,0.2,0.12,0.12,0.2,0.0909,0.1515,0.2353,0.1,0.16,0.1333,0.1,0.2,0.1333,0.16,0.2,0.2121,0.2,31,0.21,0.21,0.22,0.36,0,0,0,0,0.43,0.01,-0.624,0.15,0.16,1,1,52.6368,1,1,1.381,1,0.7576,1,0.5354,0.6774,0,-0.1608,-0.1703,-0.0094,0.1444,-0.1912,0.1
100trials_456,8950,-11425,-2475,-0.6,-0.2,-0.6,-0.6,-0.6,0.2,1,0.2,-1,-0.2,-0.6,-1,0.2,1,1,1,-0.6,-1,-1,0.2,-0.4,-0.6,-0.2,0.6,-0.6,-0.8,0.6,1,-0.8,-0.4,-0.5,-0.0588,-0.1765,-0.2941,0.75,-0.6471,-0.5,0.2,-0.7,0.8,-0.6,-0.52,0.04,0.12,-0.28,-0.2727,-0.2727,0.0588,-0.15,-0.24,-0.3333,-0.2,-0.1667,0.2667,-0.08,0.1,0.0303,-0.28,19,0.12,0.46,0.11,0.31,0,0,0,0,0.23,-0.01,-0.9988,-0.15,-0.16,0,0,42.5689,0,1,0.7241,0,0.3535,0.9474,0.2323,0.6842,0,-0.4145,0.0775,0.492,0.3316,-0.1471,-0.0167
100trials_457,9290,-11150,-1860,-1,1,-0.2,-1,-1,0.2,1,1,-0.2,-1,-0.2,1,-0.6,-1,-1,-1,-1,-1,-0.2,1,0,-0.6,-0.4,1,-0.6,0.4,-0.8,-1,-1,0.4,-0.125,-0.2941,0.0588,-0.0588,-1,-0.1765,-0.3,0.3,-0.1,-0.9,-0.3,-0.44,0.2,-0.36,-0.44,-0.2121,0.0303,-0.5882,0,-0.12,-0.0333,-0.15,-0.4333,-0.4667,-0.4,-0.6,-0.5758,-0.44,19,0.13,0.5,0.12,0.25,0,0,0,0,0.25,-0.01,-1.0752,-0.25,-0.26,0,0,39.4227,0,1,0.5873,0,0.2424,0.5789,0.0707,0.1579,0.0303,0.1218,0.0963,-0.0255,-0.3761,-0.0515,-0.4333
100trials_458,9545,-11875,-2330,-0.6,0.2,-0.2,-0.2,-0.6,-0.6,-0.2,-0.6,-0.2,-0.6,-0.6,-0.6,-0.2,-0.2,-0.6,0.6,-1,-0.6,-0.6,0.2,-0.2,-0.2,-0.6,-0.4,-0.4,-0.6,-0.2,0,-0.8,-0.2,-0.25,-0.4118,-0.4118,-0.4118,-0.25,-0.4118,-0.2,-0.5,-0.5,-0.1,-0.5,-0.28,-0.44,-0.44,-0.28,-0.3333,-0.3939,-0.3529,-0.35,-0.36,-0.4,-0.4,-0.3667,-0.2667,-0.36,-0.3,-0.3333,-0.28,26,0.17,0.51,0.2,0.12,0,0,0,0,0.37,0.03,-1.1073,-0.39,-0.36,0,0,36.2764,0,0,0.4706,0,0.6667,0.9231,0.4242,0.5385,0.02,-0.111,0.1702,0.2811,-0.0196,-0.1618,-0.0167
100trials_459,6780,-4300,2480,-1,-1,-0.2,1,1,1,1,1,1,1,1,1,1,1,1,0.2,-1,1,1,1,-1,0.4,1,1,1,1,1,0.6,0,1,-0.625,1,1,1,0.375,0.7647,-0.3,1,1,0.8,0.5,-0.04,1,1,0.44,0.2121,1,0.5882,0.35,0.48,0.5667,0.85,0.7667,0.8667,0.72,0.65,0.5758,0.44,21,0.07,0.13,0.2,0.6,0,0,0,1,0.27,0.13,-0.4643,0.47,0.6,1,1,66.4803,1,1,4,1,0.0404,0.1,0.0303,0.05,0.02,0.0856,-0.0178,-0.1034,0.3761,1.3897,0.4167
100trials_46,6450,-6750,-300,0.2,-0.2,-0.2,0.2,-0.2,1,1,-1,-1,-0.2,1,0.2,0.6,1,1,1,1,1,1,1,0,0,0.4,0,-0.6,0.6,0.8,1,1,1,-0.125,0.5294,-0.5294,0.6471,1,1,0,0.2,0,0.9,1,-0.04,-0.04,0.76,1,0.2121,0.0303,1,0.1,-0.04,0.0667,-0.05,0.6333,0.8,0.88,0.95,1,1,19,0.07,0.22,0.1,0.61,0,0,0,1,0.17,0.03,-0.6852,0.39,0.42,1,1,60.8171,1,1,2.4483,1,0.2424,0.7895,0.1818,0.5789,0,-0.227,NA,NA,0.7879,1.125,0.5333
100trials_460,10185,-13475,-3290,0.2,0.2,-0.6,-0.2,-0.6,-0.2,-0.2,-1,0.2,-1,-0.6,-1,-1,-0.6,0.2,-0.6,-1,-1,-0.6,0.6,0.2,-0.4,-0.4,-0.6,-0.4,-0.8,-0.8,-0.2,-1,0,0,-0.4118,-0.5294,-0.7647,-0.5,-0.4118,-0.1,-0.5,-0.6,-0.5,-0.5,-0.2,-0.44,-0.6,-0.52,-0.2121,-0.697,-0.4118,-0.3,-0.32,-0.4,-0.45,-0.5333,-0.6,-0.56,-0.5,-0.4545,-0.52,21,0.12,0.6,0.15,0.13,0,1,0,0,0.27,0.03,-1.2635,-0.47,-0.44,0,0,33.7594,0,0,0.3889,0,0.5152,0.95,0.3333,0.6,0,0.16,-0.1668,-0.3268,-0.1996,-0.4118,-0.2333
100trials_461,10185,-13475,-3290,0.2,0.2,-0.6,-0.2,-0.6,-0.2,-0.2,-1,0.2,-1,-0.6,-1,-1,-0.6,0.2,-0.6,-1,-1,-0.6,0.6,0.2,-0.4,-0.4,-0.6,-0.4,-0.8,-0.8,-0.2,-1,0,0,-0.4118,-0.5294,-0.7647,-0.5,-0.4118,-0.1,-0.5,-0.6,-0.5,-0.5,-0.2,-0.44,-0.6,-0.52,-0.2121,-0.697,-0.4118,-0.3,-0.32,-0.4,-0.45,-0.5333,-0.6,-0.56,-0.5,-0.4545,-0.52,21,0.12,0.6,0.15,0.13,0,1,0,0,0.27,0.03,-1.2635,-0.47,-0.44,0,0,33.7594,0,0,0.3889,0,0.5152,0.95,0.3333,0.6,0,0.16,-0.1668,-0.3268,-0.1996,-0.4118,-0.2333
100trials_462,8255,-8975,-720,0.6,0.2,-1,-0.6,1,0.2,-0.2,-0.6,0.2,-1,0.2,1,0.2,0.2,0.2,-0.2,0.2,-0.2,-0.2,0.2,0.4,-0.8,0.6,-0.4,-0.4,0.6,0.2,0,0,0,-0.125,0.1765,-0.4118,0.4118,0.125,-0.0588,-0.2,0.1,0.1,0.1,0,0.04,-0.28,0.36,-0.04,0.0303,0.0303,0,-0.05,-0.12,0,-0.25,0.0667,0.2667,0.16,0.05,0.0303,-0.04,21,0.1,0.39,0.17,0.34,0,0,0,0,0.27,0.07,-0.7752,-0.05,0.02,0,1,48.2321,0,1,1.0408,0,0.7273,1,0.5051,0.619,0,0.0811,-0.0992,-0.1803,-0.0303,0.0662,0.1167
100trials_463,8325,-10325,-2000,-0.2,-1,-0.6,-0.2,-0.2,0.2,0.2,0.2,-0.2,-0.2,-0.2,0.6,0.2,-0.2,0.2,-0.6,0.2,-0.2,1,-0.2,-0.6,-0.4,0,0.2,-0.2,0.2,0,-0.2,0,0.4,-0.5,-0.0588,-0.0588,0.2941,-0.375,0.2941,-0.5,0.1,0,-0.1,0.2,-0.44,0.04,0.12,0.04,-0.2727,0.0909,0,-0.2,-0.2,-0.1333,-0.1,0.0333,0,0.08,0.05,-0.0303,0.04,29,0.19,0.34,0.22,0.25,0,0,0,0,0.41,0.03,-0.7706,-0.09,-0.06,0,0,45.7151,0,1,0.8868,0,0.6465,0.9286,0.3939,0.5357,0.0202,-0.247,-0.1337,0.1133,0.2727,0.7941,0.2333
100trials_464,9380,-10950,-1570,-1,-1,-0.6,-0.2,-0.6,0.6,-0.6,1,-1,-0.6,0.6,-1,-1,-1,-1,-1,-0.6,1,1,-0.2,-1,-0.4,0,0.2,-0.8,-0.2,-1,-1,0.2,0.4,-0.75,-0.2941,-0.1765,-0.5294,-1,0.5294,-0.7,0.1,-0.5,-1,0.3,-0.68,-0.12,-0.68,0.04,-0.5152,-0.3333,-0.2353,-0.3,-0.4,-0.3667,-0.25,-0.4,-0.7333,-0.32,-0.35,-0.2121,0.04,26,0.24,0.44,0.12,0.2,0,0,0,0,0.36,-0.12,-1.1868,-0.24,-0.36,0,0,36.2764,0,0,0.4706,0,0.3333,0.8462,0.101,0.2308,0.0303,0.1687,0.0144,-0.1543,0.2799,1.2794,-0.1
100trials_465,6600,-4200,2400,1,1,1,1,1,1,1,1,1,1,1,1,1,0.6,-1,-1,-0.2,1,1,0.6,1,1,1,1,1,1,0.8,-1,0.4,0.8,1,1,1,1,-0.75,0.8824,1,1,1,-0.1,0.6,1,1,0.52,0.28,1,1,0.1176,1,1,1,1,0.5,0.2667,0.4,0.25,0.0909,0.28,23,0.05,0.1,0.25,0.6,0,0,0,1,0.3,0.2,-0.3646,0.5,0.7,1,1,69.6265,1,1,5.6667,1,0.0505,0.1739,0.0303,0.087,0.01,NA,0.0053,NA,-0.8824,-0.1176,-0.5
100trials_466,8190,-9225,-1035,-0.2,-0.2,0.2,-0.2,0.2,-0.2,0.2,-0.2,0.6,-0.2,-0.2,-0.2,-0.2,0.2,-0.2,-0.2,0.2,-0.2,-0.2,0.2,-0.2,0,0,0,0.2,-0.2,0,-0.2,0,0,0,-0.0588,0.0588,-0.0588,-0.25,0.0588,-0.1,0,0,-0.1,0,-0.04,0.04,-0.12,-0.04,-0.0303,-0.0303,-0.0588,-0.05,0,-0.0333,0.05,-0.0333,-0.1333,-0.08,-0.05,-0.0909,-0.04,31,0.25,0.27,0.23,0.25,0,0,0,0,0.48,-0.02,-0.7442,-0.02,-0.04,0,0,46.3444,0,1,0.9231,0,0.9697,1,0.5253,0.6452,0,-0.0846,-0.1668,-0.0822,-0.0285,0.0588,0.0167
100trials_467,8975,-11350,-2375,0.2,0.6,-0.6,-0.2,0.2,0.2,0.2,0.2,0.6,0.2,0.6,-0.6,-1,0.2,-0.2,-1,-1,-1,-1,-0.2,0.4,-0.4,0.2,0.2,0.4,0,-0.4,-0.6,-1,-0.6,0.125,0.0588,0.2941,-0.2941,-0.5,-0.7647,0,0.2,0.2,-0.5,-0.8,0.04,0.28,-0.2,-0.84,0.0909,-0.0303,-0.5882,0.1,0.16,0.1333,0.1,-0.3667,-0.3333,-0.52,-0.65,-0.6364,-0.84,23,0.12,0.47,0.19,0.22,0,0,0,0,0.31,0.07,-0.9074,-0.25,-0.18,0,0,41.9396,0,1,0.6949,0,0.3737,0.4783,0.303,0.4783,0.03,-0.0195,0.0415,0.0611,-0.6791,-0.8897,-0.4667
100trials_468,6940,-5550,1390,1,1,1,0.6,-1,-1,-1,0.6,1,1,1,1,1,1,1,1,1,1,1,-0.6,1,0.8,-1,-0.2,1,1,1,1,1,0.2,1,-0.6471,0.6471,1,1,0.5294,0.9,-0.6,1,1,0.6,0.52,0.12,1,0.68,0.1515,0.8182,0.7647,0.15,0.32,0.4333,0.15,0.8667,1,0.84,0.8,0.7576,0.68,20,0.05,0.16,0.19,0.6,0,0,0,1,0.24,0.14,-0.4853,0.44,0.58,1,1,65.851,1,1,3.7619,1,0.0606,0.2,0.0303,0.05,0,0.0654,0.0382,-0.0272,0.6132,-0.4706,0.7167
100trials_469,8290,-10525,-2235,0.2,-0.2,-0.6,0.2,-0.2,0.2,0.2,-0.2,0.6,-0.2,-0.2,-0.2,0.2,0.2,-0.2,-0.2,-0.2,-0.2,-0.2,-0.2,0,-0.2,0,0,0.2,-0.2,0.2,-0.2,-0.2,-0.2,-0.125,0.0588,0.0588,-0.0588,-0.125,-0.1765,-0.1,0,0,0,-0.2,-0.12,0.12,-0.04,-0.2,-0.0303,-0.0303,-0.1176,-0.05,0,-0.0333,0,-0.0667,-0.0667,-0.12,-0.1,-0.1515,-0.2,34,0.21,0.32,0.29,0.18,0,0,0,0,0.5,0.08,-0.7088,-0.14,-0.06,0,0,45.7151,0,1,0.8868,0,0.9697,0.9697,0.6566,0.6364,0,-0.2937,0.1158,0.4096,-0.0873,-0.0515,-0.0167
100trials_47,7450,-7700,-250,-0.2,0.2,0.6,0.2,0.2,0.2,-0.2,0.2,-0.2,-0.2,-0.2,0.2,-0.6,1,-0.2,0.6,-0.2,-0.6,-0.2,-0.2,0,0.4,0.2,0,-0.2,0,0.2,0.2,-0.4,-0.2,0.125,0.2941,-0.1765,-0.0588,0.125,-0.1765,0.2,0.1,-0.1,0.2,-0.3,0.2,-0.04,0.04,-0.12,0.2121,-0.1515,0,0.15,0.08,0.0667,0.1,-0.0667,0.1333,-0.04,-0.05,-0.0303,-0.12,24,0.22,0.27,0.11,0.4,0,0,0,0,0.33,-0.11,-0.8673,0.13,0.02,0,1,48.2321,0,1,1.0408,1,0.7475,0.875,0.4343,0.4583,0.01,-0.186,-0.1382,0.0478,-0.2121,-0.3015,-0.2167
100trials_470,7850,-8150,-300,-0.2,-0.2,-0.2,-0.2,-0.2,-1,0.6,-0.2,-1,-0.6,0.2,0.2,-0.2,0.2,0.2,0.2,0.2,-0.2,-0.2,-0.2,-0.2,-0.2,-0.6,0.2,-0.8,0.2,0,0.2,0,-0.2,-0.25,-0.1765,-0.5294,0.0588,0.125,-0.0588,-0.2,-0.2,-0.3,0.1,-0.1,-0.2,-0.44,0.12,-0.04,-0.2121,-0.2727,0.0588,-0.2,-0.32,-0.2333,-0.35,-0.1,0.1333,0.04,0,0.0303,-0.04,22,0.15,0.42,0.14,0.29,0,0,0,0,0.29,-0.01,-0.936,-0.13,-0.14,0,0,43.1981,0,1,0.7544,0,0.5859,0.7727,0.4343,0.5909,0.0202,-0.1862,-0.25,-0.0638,0.2709,0.1912,0.1
100trials_471,5950,-4950,1000,-1,-1,-0.6,1,1,1,1,1,1,1,1,1,1,1,1,1,1,1,1,-1,-1,0.2,1,1,1,1,1,1,1,0,-0.75,1,1,1,1,0.4118,-0.4,1,1,1,0.5,-0.12,1,1,0.6,0.1515,1,0.7059,0.3,0.44,0.5333,0.8,0.8333,1,0.8,0.75,0.697,0.6,20,0.05,0.14,0.19,0.62,0,0,0,1,0.24,0.14,-0.4723,0.48,0.62,1,1,67.1095,1,1,4.2632,1,0.0303,0.1053,0.0202,0.1053,0.01,-0.0497,-0.1692,-0.1195,0.5544,1.1618,0.5333
100trials_472,7100,-7600,-500,0.6,-0.2,1,-0.2,-1,-0.6,0.6,0.2,0.2,-0.2,1,-0.2,-0.2,1,0.2,0.6,0.6,0.6,-0.2,-0.6,0.2,0.4,-0.8,0.4,0,0.4,0.4,0.4,0.6,-0.4,0.5,-0.5294,0.1765,0.2941,0.625,-0.0588,0.3,-0.2,0.2,0.4,0.1,0.04,0.04,0.36,0.2,-0.0303,0.2121,0.2941,0.05,0.04,0.1,0,0.2333,0.4,0.28,0.25,0.2727,0.2,26,0.17,0.25,0.19,0.39,0,0,0,0,0.36,0.02,-0.6636,0.14,0.16,1,1,52.6368,1,1,1.381,1,0.3434,0.64,0.2424,0.4,0.02,0.0958,-0.1601,-0.2559,0.3244,-0.5588,0.1833
100trials_473,7550,-7500,50,-1,-0.2,-0.2,-0.2,1,-0.2,-1,-0.2,0.2,-0.2,-0.2,0.2,-0.2,0.2,-0.2,-0.6,0.6,-0.2,1,1,-0.6,-0.2,0.4,-0.6,0,0,0,-0.4,0.2,1,-0.5,0.0588,-0.1765,0.0588,-0.125,0.5294,-0.4,-0.1,0,-0.2,0.6,-0.12,-0.28,-0.04,0.36,-0.2121,-0.0909,0.2353,-0.25,-0.2,-0.1667,-0.1,0.1333,-0.1333,0.16,0.2,0.2121,0.36,18,0.1,0.41,0.1,0.39,0,0,0,0,0.2,0,-0.9105,-0.02,-0.02,0,0,46.9736,0,1,0.9608,0,0.4545,0.5,0.2929,0.1667,0,0.1026,0.1329,0.0304,0.4474,1.0294,0.3833
100trials_474,8950,-10650,-1700,-0.6,-0.6,-1,-0.6,-1,-0.6,-1,0.2,-0.6,-1,-0.6,-0.6,0.2,-0.2,-0.2,-0.6,-0.6,-0.6,-0.6,-1,-0.6,-0.8,-0.8,-0.4,-0.8,-0.6,0,-0.4,-0.6,-0.8,-0.75,-0.7647,-0.5294,-0.2941,-0.5,-0.6471,-0.7,-0.6,-0.7,-0.2,-0.7,-0.76,-0.6,-0.28,-0.68,-0.7576,-0.4545,-0.5294,-0.65,-0.68,-0.6667,-0.7,-0.5333,-0.3333,-0.48,-0.45,-0.5758,-0.68,24,0.22,0.57,0.13,0.08,0,0,0,0,0.35,-0.09,-1.5408,-0.49,-0.58,0,0,29.3547,0,0,0.2658,0,0.5253,0.7917,0.3232,0.4583,0.0101,0.0019,-0.137,-0.139,0.2282,0.1029,0.1167
100trials_475,7800,-8550,-750,-1,-1,-1,-0.6,1,1,-0.2,-0.2,-0.2,0.2,0.2,0.2,-0.6,1,0.6,1,0.2,-1,-1,-1,-1,-0.8,1,-0.2,0,0.2,0.2,0.8,-0.4,-1,-1,0.5294,-0.1765,0.0588,0.875,-1,-0.9,0.4,0.1,0.5,-0.7,-0.52,0.12,0.28,-0.36,-0.2121,-0.0909,-0.0588,-0.25,-0.2,-0.1333,0,-0.0333,0.4,-0.04,-0.1,-0.0909,-0.36,27,0.18,0.38,0.24,0.2,0,0,0,0,0.42,0.06,-0.8022,-0.18,-0.12,0,0,43.8274,0,1,0.7857,0,0.3333,0.6154,0.1414,0.3077,0.02,0.092,0.0271,-0.0649,0.1533,0,0.2167
100trials_476,8050,-8850,-800,-0.2,0.2,-0.2,-1,-0.6,-0.2,-0.2,-0.2,-0.2,0.6,-0.2,-1,-0.2,-0.2,0.2,-1,-0.2,-0.2,0.2,0.2,0,-0.6,-0.4,-0.2,0.2,-0.6,-0.2,-0.4,-0.2,0.2,-0.125,-0.6471,0.1765,-0.4118,-0.375,0.0588,-0.3,-0.3,-0.2,-0.3,0,-0.36,-0.04,-0.28,-0.2,-0.3939,-0.1515,-0.1176,-0.3,-0.2,-0.2667,-0.25,-0.1667,-0.4,-0.24,-0.15,-0.1515,-0.2,19,0.12,0.49,0.1,0.29,0,0,0,0,0.22,-0.02,-1.068,-0.2,-0.22,0,0,40.6812,0,1,0.6393,0,0.6364,1,0.5354,0.6667,0,0.122,-0.0506,-0.1726,0.2763,0.1838,0.1333
100trials_477,7400,-8100,-700,-0.2,-0.2,-1,-0.2,-0.2,0.2,-0.2,0.6,-0.6,0.6,-0.2,0.2,0.2,0.2,-0.2,0.2,-0.2,0.6,0.6,0.6,-0.2,-0.6,0,0.2,0,0,0.2,0,0.2,0.6,-0.5,0.0588,0.0588,0.0588,0,0.5294,-0.4,0.1,0,0.1,0.4,-0.36,0.12,0.04,0.36,-0.2121,0.0303,0.2941,-0.15,-0.12,-0.1,-0.1,0.1667,0.0667,0.2,0.25,0.2727,0.36,25,0.16,0.32,0.24,0.28,0,0,0,0,0.4,0.08,-0.67490000000000006,-0.04,0.04,0,1,48.8614,0,1,1.0833,0,0.8283,1,0.4343,0.2917,0,0.0452,-0.0213,-0.0665,0.5062,1.0294,0.3167
100trials_478,8300,-9225,-925,-0.2,-0.6,-0.6,-1,-0.6,-0.6,-0.6,-0.2,0.2,1,-1,-0.6,-0.2,-0.2,-0.6,-1,-0.2,-0.2,0.6,0.2,-0.4,-0.8,-0.6,-0.4,0.6,-0.8,-0.2,-0.8,-0.2,0.4,-0.5,-0.7647,0.2941,-0.6471,-0.625,0.2941,-0.6,-0.5,-0.1,-0.5,0.1,-0.6,-0.04,-0.52,-0.12,-0.6364,-0.1515,-0.1765,-0.55,-0.32,-0.4,-0.3,-0.1667,-0.6,-0.32,-0.2,-0.1515,-0.12,27,0.27,0.39,0.17,0.17,0,0,0,0,0.44,-0.1,-1.0788,-0.22,-0.32,0,0,37.5349,0,0,0.5152,0,0.4141,0.7037,0.2727,0.4815,0.0505,-0.5422,0.1672,0.7094,0.4599,0.7941,0.3833
100trials_479,7000,-7600,-600,0.2,-0.2,0.2,0.2,-0.2,0.2,0.6,0.2,0.2,0.2,0.2,0.6,0.2,0.2,-0.2,0.2,0.2,0.6,0.2,0.2,0,0.2,0,0.4,0.2,0.4,0.2,0,0.4,0.2,0.125,0.1765,0.1765,0.1765,0.25,0.2941,0.1,0.2,0.3,0.1,0.3,0.04,0.28,0.2,0.28,0.1515,0.2121,0.2353,0.15,0.16,0.2,0.2,0.2333,0.2,0.24,0.2,0.2727,0.28,26,0.17,0.23,0.23,0.37,0,0,0,0,0.4,0.06,-0.5896,0.14,0.2,1,1,53.8953,1,1,1.5,1,0.9495,0.9615,0.697,0.6538,0,-0.179,-0.0579,0.1211,0.0838,0.1691,0.0833
100trials_48,6900,-7650,-750,1,0.2,-1,0.2,-1,-1,1,1,-0.6,-0.2,0.6,0.6,-0.6,0.2,1,-0.2,1,1,1,0.6,0.6,-0.4,-1,1,-0.4,0.6,-0.2,0.4,1,0.8,0.125,-0.4118,0.1765,0.1765,0.5,0.8824,0.1,0,0.1,0.1,0.9,-0.12,0.04,0.36,0.68,-0.1515,0.2121,0.6471,0.05,-0.04,0.0667,-0.2,0.3667,0.2667,0.52,0.5,0.697,0.68,32,0.04,0.34,0.44,0.18,0,0,0,0,0.48,0.4,-0.3809,-0.16,0.24,1,1,55.1538,1,1,1.6316,1,0.2626,0.3871,0.2222,0.3226,0,-0.1075,-0.1133,-0.0058,0.7986,0.7574,0.3167
100trials_480,7800,-8350,-550,-0.6,0.2,0.2,-0.2,-0.2,-0.2,0.6,0.2,-0.6,-0.2,0.2,-0.6,-0.6,0.2,0.2,-0.2,-0.2,-0.6,0.2,-0.2,-0.2,0,-0.2,0.4,-0.4,-0.2,-0.2,0,-0.4,0,-0.125,-0.0588,-0.0588,-0.2941,0,-0.1765,-0.1,0.1,-0.3,-0.1,-0.2,-0.12,-0.04,-0.12,-0.2,-0.0909,-0.1515,-0.1176,0,-0.08,-0.1,-0.05,-0.2,-0.1333,-0.16,-0.15,-0.0909,-0.2,25,0.17,0.39,0.2,0.24,0,0,0,0,0.37,0.03,-0.8422,-0.15,-0.12,0,0,43.8274,0,1,0.7857,0,0.8788,1,0.6061,0.6,0,0.2402,0.133,-0.1072,-0.0267,-0.0515,-0.2
100trials_481,6650,-6900,-250,-0.2,-1,-1,-0.2,0.6,-0.6,0.6,0.6,-0.6,0.2,-0.2,0.6,1,1,1,1,1,1,1,1,-0.6,-0.6,0,0.6,-0.2,0.2,1,1,1,1,-0.75,0.1765,0.0588,0.5294,1,1,-0.6,0.3,0,1,1,-0.36,0.04,0.68,1,-0.2727,0.2727,1,-0.15,-0.16,-0.1,-0.05,0.6667,0.7333,0.84,1,1,1,37,0.12,0.21,0.54,0.13,0,0,0,0,0.66,0.42,-0.274,-0.08,0.34,1,1,58.3001,1,1,2.0303,1,0.2626,0.3243,0.1717,0.2162,0.0101,-0.1524,NA,NA,1.2727,1.75,0.8167
100trials_482,7750,-8200,-450,0.2,-0.2,0.2,-0.2,-0.2,0.2,-0.2,-0.2,0.2,-0.6,-0.2,-0.2,-0.2,-0.2,0.2,-0.2,-0.2,-0.2,-0.2,0.2,0,0,0,-0.2,-0.2,-0.2,-0.2,0,-0.2,0,0,-0.0588,-0.1765,-0.1765,-0.125,-0.0588,0,-0.1,-0.2,-0.1,-0.1,-0.04,-0.12,-0.12,-0.12,-0.0303,-0.1515,-0.1176,-0.05,-0.08,-0.1,-0.1,-0.1333,-0.1333,-0.12,-0.1,-0.0909,-0.12,26,0.26,0.29,0.16,0.29,0,0,0,0,0.42,-0.1,-0.8755,0,-0.1,0,0,44.4566,0,1,0.8182,0,0.9697,1,0.7172,0.7692,0,0.1926,-0.1625,-0.3552,-0.0873,-0.0588,-0.0833
100trials_483,7550,-8750,-1200,0.2,-0.2,0.6,0.2,-0.2,-0.2,-0.2,-0.2,-0.6,-0.2,-0.2,0.2,0.2,0.2,0.2,-0.2,0.2,-0.2,-0.2,0.2,0,0.4,-0.2,-0.2,-0.4,0,0.2,0,0,0,0.25,-0.1765,-0.2941,0.0588,0,0.0588,0.2,-0.2,-0.2,0.1,0,0.12,-0.28,0.12,-0.04,0.0303,-0.1515,0.0588,0,-0.08,-0.0667,-0.1,-0.0333,0.0667,0.04,0.05,0.0303,-0.04,27,0.18,0.33,0.2,0.29,0,0,0,0,0.38,0.02,-0.7635,-0.04,-0.02,0,0,46.9736,0,1,0.9608,0,0.8687,0.8462,0.6465,0.5769,0.0202,0.0745,0.001,-0.0735,0.0285,-0.1912,-0.0333
100trials_484,6800,-6900,-100,0.2,-0.2,-0.2,-0.2,0.6,0.2,0.2,0.6,0.6,0.2,0.2,0.6,0.6,0.6,0.2,-0.2,0.2,1,0.2,0.2,0,-0.2,0.4,0.4,0.4,0.4,0.6,0,0.6,0.2,0,0.1765,0.4118,0.5294,0.125,0.4118,-0.1,0.4,0.4,0.3,0.4,0.04,0.36,0.44,0.28,0.0909,0.4545,0.2941,0.15,0.2,0.2333,0.25,0.3667,0.3333,0.36,0.35,0.2727,0.28,29,0.13,0.23,0.35,0.29,0,0,0,0,0.48,0.22,-0.4178,0.06,0.28,1,1,56.4123,1,1,1.7778,1,0.9495,0.9643,0.5253,0.3929,0,-0.0757,-0.0578,0.0178,0.2032,0.4118,0.2167
100trials_485,7700,-8150,-450,-0.2,-0.2,-0.2,-0.2,-0.2,-0.2,-0.2,0.6,-0.2,-0.6,0.2,-0.2,-0.2,0.2,-0.2,0.2,-0.2,0.2,0.2,-0.2,-0.2,-0.2,-0.2,0.2,-0.4,0,0,0,0,0,-0.25,-0.0588,-0.1765,-0.0588,0.125,-0.0588,-0.2,0,-0.2,0,0,-0.2,-0.12,-0.04,0.04,-0.1515,-0.0909,0,-0.1,-0.16,-0.1333,-0.15,-0.0667,0,0,0,0.0303,0.04,29,0.26,0.28,0.24,0.22,0,0,0,0,0.5,-0.02,-0.7668,-0.06,-0.08,0,0,45.0859,0,1,0.8519,0,0.9596,1,0.6667,0.6786,0,-0.1922,0.2398,0.4319,0.1515,0.1912,0.0333
100trials_486,7850,-8375,-525,0.2,-0.6,-0.2,-0.6,0.2,-0.6,-0.2,-0.2,0.2,-0.2,-0.2,-0.2,0.2,-0.6,-0.2,0.2,-0.2,-0.2,0.2,0.2,-0.2,-0.4,-0.2,-0.2,0,-0.2,-0.2,0,-0.2,0.2,-0.25,-0.2941,-0.0588,-0.1765,-0.25,0.1765,-0.3,-0.2,-0.1,-0.1,0,-0.2,-0.2,-0.2,0.04,-0.2727,-0.0909,-0.0588,-0.25,-0.2,-0.2,-0.2,-0.0667,-0.1333,-0.08,-0.05,-0.0303,0.04,24,0.18,0.39,0.17,0.26,0,0,0,0,0.35,-0.01,-0.8952,-0.13,-0.14,0,0,43.1981,0,1,0.7544,0,0.8384,0.9583,0.5657,0.375,0.01,-0.1022,0.2793,0.3815,0.2139,0.4265,0.1833
100trials_487,7300,-7675,-375,-1,-0.2,0.2,-0.2,0.2,-0.2,0.2,0.6,-0.2,0.2,-0.2,0.2,0.6,-0.6,0.2,0.2,0.2,0.2,1,0.2,-0.6,0,0,0.4,0,0,0,0.2,0.2,0.6,-0.375,0.0588,0.1765,0.1765,0,0.4118,-0.3,0.2,0,0.1,0.4,-0.2,0.12,0.04,0.36,-0.1515,0.2121,0.1765,-0.05,-0.04,-0.0333,0.1,0.1667,0.0667,0.2,0.25,0.2121,0.36,29,0.23,0.23,0.27,0.27,0,0,0,0,0.5,0.04,-0.6162,0.04,0.08,1,1,50.1199,1,1,1.1739,1,0.8283,0.8966,0.5758,0.5172,0.0101,-0.1822,0.3034,0.4856,0.328,0.7868,0.2167
100trials_488,7350,-7800,-450,0.2,-0.2,0.6,0.6,-0.2,-0.2,0.6,-0.2,0.6,0.2,-0.6,-0.2,-0.2,-0.2,-0.6,0.2,-0.2,0.6,0.2,0.2,0,0.6,-0.2,0.2,0.4,-0.4,-0.2,-0.2,0.2,0.2,0.25,0.1765,0.1765,-0.2941,-0.25,0.2941,0.3,0,0,-0.2,0.2,0.2,0.2,-0.36,0.2,0.2121,-0.0909,0.0588,0.15,0.2,0.1,0.25,0,-0.2667,-0.08,0,0.0303,0.2,27,0.23,0.24,0.22,0.31,0,0,0,0,0.45,-0.01,-0.6844,0.07,0.06,1,1,49.4906,0,1,1.1277,1,0.8384,0.963,0.5556,0.6296,0.0101,0.0586,-0.0897,-0.1483,-0.1533,0.0441,-0.15
100trials_489,9500,-11650,-2150,-1,-0.6,-1,-0.6,-0.6,-1,-1,-1,-0.6,-1,-1,-1,-1,-1,-1,-1,-1,-1,0.6,-0.2,-0.8,-0.8,-0.8,-1,-0.8,-1,-1,-1,-1,0.2,-0.875,-0.7647,-0.8824,-1,-1,-0.2941,-0.8,-0.9,-0.9,-1,-0.4,-0.76,-0.92,-1,-0.52,-0.8182,-0.9394,-0.6471,-0.85,-0.84,-0.8667,-0.85,-0.7667,-1,-0.76,-0.7,-0.6364,-0.52,15,0.13,0.77,0.03,0.07,0,1,0,0,0.16,-0.1,-2.3299,-0.7,-0.8,0,0,22.433,0,0,0.1111,0,0.303,0.7333,0.0909,0.2,0,-0.2722,0.1294,0.4016,0.1711,0.5809,0.0833
100trials_49,7600,-7200,400,-0.2,0.2,0.2,-0.6,-1,-0.2,-0.6,0.6,0.2,-0.2,0.2,0.6,-0.2,0.6,0.2,-0.6,1,-0.6,-1,0.6,0,-0.2,-0.6,0,0,0.4,0.2,-0.2,0.2,-0.2,0,-0.6471,0.1765,0.2941,0.125,-0.1765,-0.1,-0.3,0.2,0,0,-0.28,-0.04,0.28,-0.12,-0.3333,0.2121,0,-0.2,-0.16,-0.0667,-0.2,0.0667,0.1333,0.08,0,-0.0303,-0.12,22,0.17,0.35,0.11,0.37,0,0,0,0,0.28,-0.06,-0.9072,0.02,-0.04,0,0,46.3444,0,1,0.9231,1,0.5051,0.619,0.3535,0.3333,0.04,0.0637,0.2107,0.147,0.3333,-0.1765,0.2667
100trials_490,7600,-8550,-950,-0.2,-0.2,0.2,-0.2,0.6,0.2,0.2,-0.6,-0.2,0.6,0.2,0.2,0.2,0.2,-0.2,-0.2,-0.6,-1,-0.2,0.2,-0.2,0,0.4,-0.2,0.2,0.2,0.2,-0.2,-0.8,0,0,0.0588,0.0588,0.1765,-0.125,-0.4118,-0.1,0.1,0.2,0,-0.4,0.04,0.04,0.12,-0.36,0.0303,0.1515,-0.2941,0,0.04,0.0667,0.1,-0.0667,0.0667,-0.12,-0.2,-0.2727,-0.36,27,0.18,0.34,0.24,0.24,0,0,0,0,0.42,0.06,-0.734,-0.1,-0.04,0,0,46.3444,0,1,0.9231,0,0.8283,1,0.6465,0.8148,0,-0.1265,-0.1683,-0.0418,-0.3244,-0.4118,-0.0667
100trials_491,7350,-7675,-325,-0.2,0.2,-0.2,0.6,0.2,0.2,-0.2,-0.2,0.2,0.2,0.2,0.2,-0.2,0.2,-0.2,0.2,-0.6,0.2,0.2,0.2,0,0.2,0.2,-0.2,0.2,0.2,0,0,-0.2,0.2,0,0.2941,-0.0588,0.1765,-0.125,0.0588,0.1,0,0.2,0,0,0.12,0.04,0.04,0.04,0.1515,0.0303,0,0.05,0.08,0.1,0.1,0.0667,0.0667,0.04,0,-0.0303,0.04,29,0.23,0.24,0.28,0.25,0,0,0,0,0.51,0.05,-0.6204,0.01,0.06,1,1,49.4906,0,1,1.1277,1,0.9596,1,0.6061,0.7586,0,-0.11,-0.1891,-0.0791,-0.1515,0.0588,0.0167
100trials_492,7400,-7225,175,-1,0.2,-0.2,0.6,-0.2,-1,0.6,0.6,1,1,-0.2,-1,-1,0.2,0.2,-1,-1,1,1,1,-0.4,0.2,-0.6,0.6,1,-0.6,-0.4,-0.4,0,1,-0.25,-0.1765,0.8824,-0.6471,-0.375,0.7647,-0.1,0,0.2,-0.4,0.5,-0.12,0.44,-0.36,0.2,-0.2121,0.1515,0.1765,-0.05,0.16,0.0333,0.3,0.1,-0.4667,-0.08,0.05,0.2121,0.2,27,0.17,0.31,0.27,0.25,0,0,0,0,0.44,0.1,-0.6442,-0.06,0.04,0,1,48.8614,0,1,1.0833,0,0.5455,0.4444,0.2323,0.0741,0.0505,0.132,0.052,-0.08,0.3886,1.0147,0.15
100trials_493,7900,-9225,-1325,-0.6,-1,-1,1,1,0.6,0.6,-0.2,-1,-0.6,0.2,0.2,-0.2,-1,-1,0.6,-0.2,0.2,-0.2,-0.6,-0.8,0,0.8,0.2,-0.8,0.2,-0.6,-0.2,0,-0.4,-0.75,0.8824,-0.5294,-0.0588,-0.375,-0.1765,-0.4,0.5,-0.3,-0.4,-0.2,-0.12,-0.12,-0.36,-0.04,0.0909,-0.2727,-0.2941,0.05,-0.12,-0.0667,0.05,-0.3,-0.2,-0.2,-0.3,-0.2727,-0.04,27,0.26,0.32,0.17,0.25,0,0,0,0,0.43,-0.09,-0.9126,-0.07,-0.16,0,0,42.5689,0,1,0.7241,0,0.4848,0.6538,0.3838,0.4615,0.0606,0.1169,0.0015,-0.1154,-0.385,0.5735,-0.35
100trials_494,7500,-8700,-1200,0.2,-0.6,0.2,-0.2,0.2,-0.2,0.6,0.2,-0.2,0.2,0.2,-0.6,0.2,0.2,-0.2,0.2,0.2,-0.6,0.2,-0.2,-0.2,0,0,0.4,0,-0.2,0.2,0,-0.2,0,0,-0.0588,0.1765,-0.0588,0.125,-0.1765,-0.1,0.2,-0.1,0.1,-0.1,-0.04,0.12,-0.04,-0.04,-0.0303,0.0303,0,0.05,0.04,0,0.1,-0.0333,0,-0.04,0,-0.0303,-0.04,30,0.18,0.32,0.29,0.21,0,0,0,0,0.47,0.11,-0.6573,-0.11,0,0,0,47.6029,0,1,1,0,0.9899,1,0.6768,0.6207,0,-0.1683,0.4846,0.6529,0.0303,-0.1765,-0.0833
100trials_495,5850,-2725,3125,-0.2,-0.2,0.2,-0.2,0.2,0.2,0.2,1,1,1,1,1,1,1,1,1,1,1,1,1,-0.2,0,0.2,0.6,1,1,1,1,1,1,-0.125,0.1765,0.8824,1,1,1,-0.1,0.4,1,1,1,-0.04,0.68,1,1,0.0303,0.9394,1,0.15,0.32,0.4333,0.45,1,1,1,1,1,1,42,0.09,0.08,0.78,0.05,0,0,1,0,0.87,0.69,-0.0354,-0.03,0.66,1,1,68.368,1,1,4.8824,1,0.2727,0.1905,0.1818,0.1667,0.01,-0.191,NA,NA,0.9697,1.125,0.85
100trials_496,7400,-7300,100,0.2,0.2,-0.6,-0.2,-0.2,0.2,0.2,-0.2,0.2,-0.2,0.2,-0.2,0.2,0.2,0.2,-0.6,0.2,0.6,0.2,0.2,0.2,-0.4,0,0,0,0,0.2,-0.2,0.4,0.2,0,-0.1765,0.0588,-0.0588,0.125,0.2941,-0.1,0,0,0,0.3,-0.12,0.04,0.12,0.12,-0.0909,0.0303,0.1765,-0.05,-0.04,-0.0333,-0.1,0.1,0,0.12,0.15,0.2121,0.12,26,0.2,0.28,0.24,0.28,0,0,0,0,0.44,0.04,-0.67490000000000006,0,0.04,0,1,48.8614,0,1,1.0833,0,0.8081,1,0.5758,0.6538,0,-0.111,-0.1562,-0.0452,0.2674,0.2941,0.15
100trials_497,8350,-8900,-550,-0.6,-1,-1,-0.6,-1,0.6,1,-0.2,-1,-1,0.6,0.6,-1,-1,-1,-1,-1,-0.2,1,1,-0.8,-0.8,-0.2,0.4,-1,0.6,-1,-1,-0.6,1,-0.875,-0.0588,-0.5294,-0.0588,-1,0.4118,-0.8,0.1,-0.2,-1,0.2,-0.84,-0.12,-0.36,-0.04,-0.4545,-0.2727,-0.2941,-0.35,-0.48,-0.3,-0.4,-0.3333,-0.4667,-0.2,-0.4,-0.2727,-0.04,23,0.25,0.42,0.1,0.23,0,0,0,0,0.35,-0.15,-1.1922,-0.19,-0.34,0,0,36.9057,0,0,0.4925,0,0.2525,0.5909,0.0909,0.1364,0.0505,-0.1763,0.0663,0.2426,0.1604,1.2868,0.0167
100trials_498,7200,-7850,-650,0.2,-0.6,-1,0.6,1,-0.6,-0.2,1,0.6,-1,-0.2,0.2,0.2,-0.2,0.2,0.6,0.2,-0.6,1,1,-0.2,-0.2,0.2,0.4,-0.2,0,0,0.4,-0.2,1,-0.5,0.4118,0.0588,0.0588,0.375,0.2941,-0.2,0.3,-0.1,0.2,0.4,0.04,-0.04,0.04,0.44,-0.0303,0.0303,0.3529,0.05,0,0,0.05,0.1667,0.1333,0.24,0.3,0.3333,0.44,19,0.12,0.32,0.1,0.46,0,0,0,0,0.22,-0.02,-0.825,0.14,0.12,1,1,51.3784,1,1,1.2727,1,0.4545,1,0.2424,0.5789,0,-0.1945,-0.0431,0.1515,0.3832,0.7941,0.1167
100trials_499,7600,-7950,-350,-0.2,0.2,-0.2,0.2,-0.2,0.2,-0.2,0.2,0.2,-0.2,0.2,-0.2,-0.2,0.2,0.2,-0.2,-0.2,0.2,0.2,-1,0,0,0,0,0,0,0,0,0,-0.4,0,-0.0588,0.0588,0.0588,0,-0.2941,0,0,0,0,-0.2,-0.04,0.04,0.04,-0.2,-0.0303,0.0303,-0.1176,0,0,0,0,-0.0667,0,-0.08,-0.1,-0.1515,-0.2,28,0.24,0.28,0.24,0.24,0,0,0,0,0.48,0,-0.734,-0.04,-0.04,0,0,46.3444,0,1,0.9231,0,0.9394,1,0.7273,0.7857,0,0.1443,0.0119,-0.1324,-0.0873,-0.2941,-0.0667
100trials_5,7300,-8600,-1300,-1,0.2,-0.6,0.6,-0.6,0.2,-0.2,0.2,-0.6,-0.2,-0.6,1,1,1,0.2,1,0.6,-1,-0.6,1,-0.4,0,-0.2,0,-0.4,0.2,1,0.6,-0.2,0.2,-0.5,0.0588,-0.1765,0.5294,0.75,-0.1765,-0.2,-0.1,-0.1,0.8,0,-0.28,-0.12,0.52,0.2,-0.2121,0.1515,0.2941,-0.15,-0.2,-0.1333,-0.15,0.2333,0.6,0.36,0.4,0.2727,0.2,29,0.15,0.31,0.28,0.26,0,0,0,0,0.43,0.13,-0.6064,-0.05,0.08,1,1,50.1199,1,1,1.1739,0,0.5354,0.6552,0.3333,0.2759,0.0202,0.1793,0.0425,-0.1368,0.5062,0.3235,0.3833
100trials_50,9100,-11400,-2300,-0.2,-1,-1,-0.2,-0.6,-0.6,-1,-1,0.2,-0.2,-1,-1,-0.2,0.2,-1,-0.6,-0.6,-1,-1,-1,-0.6,-0.6,-0.6,-1,0,-1,0,-0.8,-0.8,-1,-0.625,-0.6471,-0.4118,-0.5294,-0.625,-1,-0.6,-0.8,-0.5,-0.4,-0.9,-0.6,-0.52,-0.6,-0.84,-0.6364,-0.5152,-0.7647,-0.7,-0.56,-0.6333,-0.55,-0.6,-0.6,-0.72,-0.65,-0.8182,-0.84,26,0.29,0.53,0.1,0.08,0,0,0,0,0.39,-0.19,-1.7058,-0.45,-0.64,0,0,27.467,0,0,0.2195,0,0.2929,0.5769,0.1515,0.2308,0.07,-0.1858,0.0945,0.2803,-0.1283,-0.375,0.1
100trials_500,7300,-7225,75,-0.6,-0.2,0.2,0.2,0.2,-0.2,-0.2,0.2,0.2,-1,-1,1,1,-0.6,0.2,0.2,1,0.6,-0.6,1,-0.4,0.2,0,0,-0.4,0,0.2,0.2,0.8,0.2,-0.125,-0.1765,-0.0588,0.2941,0.125,0.4118,-0.1,0,-0.2,0.2,0.5,-0.04,-0.2,0.12,0.44,-0.1515,0.1515,0.2353,-0.05,-0.12,-0.1,-0.05,0.1667,0.1333,0.28,0.35,0.2727,0.44,27,0.17,0.29,0.28,0.26,0,0,0,0,0.45,0.11,-0.6064,-0.03,0.08,1,1,50.1199,1,1,1.1739,0,0.3535,0.5926,0.1919,0.3704,0.03,0.1734,-0.0361,-0.2095,0.3868,0.5368,0.2167
100trials_501,6450,-5850,600,1,1,0.2,1,-0.6,-1,-0.2,1,0.6,0.6,1,1,1,1,-0.2,1,-0.6,0.2,-0.2,0.6,1,0.6,-0.8,0.4,0.6,1,1,0.4,-0.2,0.2,0.75,-0.4118,0.7647,1,0.25,0.1765,0.8,-0.2,0.8,0.7,0,0.52,0.2,0.76,0.2,0.1515,0.8788,0.2353,0.3,0.36,0.4667,0.2,0.5,0.8,0.48,0.35,0.2121,0.2,32,0.14,0.15,0.44,0.27,0,0,0,0,0.58,0.3,-0.2675,0.12,0.42,1,1,60.8171,1,1,2.4483,1,0.4141,0.2188,0.1414,0.0625,0.05,-0.1827,0.2697,0.4524,0.0838,-0.5735,0.2
100trials_502,7950,-9475,-1525,-0.2,-0.2,-0.6,-0.2,0.2,-0.2,-0.2,0.2,-0.6,0.2,-0.2,0.2,-0.2,-0.6,0.2,0.6,-0.6,-0.6,-0.2,-0.6,-0.2,-0.4,0,0,-0.2,0,-0.4,0.4,-0.6,-0.4,-0.25,-0.1765,-0.0588,-0.1765,0.125,-0.5294,-0.3,0,-0.1,0,-0.5,-0.2,-0.12,-0.12,-0.28,-0.2121,-0.0909,-0.2353,-0.15,-0.16,-0.1333,-0.15,-0.2,0,-0.2,-0.25,-0.2121,-0.28,28,0.27,0.32,0.17,0.24,0,0,0,0,0.44,-0.1,-0.9306,-0.08,-0.18,0,0,41.9396,0,1,0.6949,0,0.6667,0.8214,0.4949,0.6786,0.0202,0.0965,-0.1709,-0.2674,-0.0232,-0.2794,-0.05
100trials_503,7600,-8350,-750,0.2,-0.2,-0.2,-0.2,0.2,-0.2,0.2,-0.2,0.2,-0.2,-0.2,-0.2,0.2,-0.2,-0.2,0.2,-0.2,-0.2,0.2,0.2,0,-0.2,0,0,0,-0.2,0,0,-0.2,0.2,0,-0.0588,-0.0588,-0.0588,-0.125,0.0588,-0.1,0,-0.1,0,0,-0.04,-0.04,-0.12,0.04,-0.0303,-0.0909,0,-0.05,-0.04,-0.0667,-0.05,-0.0333,-0.0667,-0.04,0,-0.0303,0.04,29,0.27,0.25,0.23,0.25,0,0,0,0,0.5,-0.04,-0.7442,0,-0.04,0,0,46.3444,0,1,0.9231,0,0.9899,1,0.7576,0.7931,0,0.1443,0.1211,-0.0232,0.0303,0.0588,0.0167
100trials_504,6700,-6525,175,1,-0.6,-1,-0.2,1,0.6,-1,0.6,1,1,1,1,0.2,-0.2,0.6,0.2,0.2,0.6,0.6,-0.2,0.2,-0.6,0.8,-0.2,1,1,0,0.4,0.4,0.2,-0.25,0.2941,0.6471,0.6471,0.25,0.2941,-0.2,0.3,1,0.2,0.3,0.04,0.44,0.52,0.28,0.0303,0.6364,0.2941,0.05,0.24,0.3667,0.25,0.5,0.4667,0.4,0.25,0.2727,0.28,19,0.1,0.24,0.12,0.54,0,0,0,0,0.22,0.02,-0.6926,0.3,0.32,1,1,57.6708,1,1,1.9412,1,0.303,0.8421,0.2222,0.4737,0.01,0.0638,-0.136,-0.1997,0.2638,0.5441,0.45
100trials_51,7200,-7000,200,1,1,1,-0.2,0.2,0.2,-0.2,-0.2,0.2,0.6,-0.6,0.6,-0.2,0.2,-0.6,0.2,-1,0.2,-0.2,0.2,1,0.4,0.2,-0.2,0.4,0,0,-0.2,-0.4,0,0.875,0.0588,0.1765,-0.1765,-0.125,-0.0588,0.7,0,0.2,-0.1,-0.2,0.6,0.12,-0.12,-0.12,0.4545,0.0303,-0.1176,0.35,0.36,0.3,0.2,-0.0333,-0.0667,-0.12,-0.15,-0.0909,-0.12,31,0.34,0.1,0.17,0.39,0,0,0,0,0.51,-0.17,-0.714,0.29,0.12,1,1,51.3784,1,1,1.2727,1,0.4949,0.4333,0.4848,0.4333,0.08,-0.0942,-0.018,0.0761,-0.5722,-0.9338,-0.3833
100trials_52,7800,-8650,-850,-0.2,-0.6,1,0.2,0.6,-0.2,-1,0.6,-0.6,-1,-1,0.2,-0.2,-0.2,-0.2,-0.2,0.2,0.2,-0.2,0.2,-0.4,0.6,0.2,-0.2,-0.8,-0.4,-0.2,-0.2,0.2,0,0,0.0588,-0.4118,-0.2941,0,-0.0588,0.1,0,-0.6,-0.2,0.1,0.2,-0.44,-0.28,0.04,0.0303,-0.3939,0,0.05,-0.12,-0.1667,-0.05,-0.2333,-0.2667,-0.12,-0.05,-0.0303,0.04,17,0.09,0.47,0.05,0.39,0,0,0,0,0.14,-0.04,-1.0757,-0.08,-0.12,0,0,43.8274,0,1,0.7857,0,0.5152,1,0.4141,0.6471,0,0.1742,-0.0028,-0.177,-0.0303,-0.0588,-0.2833
100trials_53,8600,-10300,-1700,0.2,-0.6,-0.6,-0.6,-0.2,-0.6,0.6,-1,-1,-0.2,-0.6,0.2,-1,-1,-1,-1,0.2,-0.2,-1,0.6,-0.2,-0.6,-0.4,-0.2,-0.6,-0.2,-1,-1,0,-0.2,-0.375,-0.2941,-0.5294,-0.5294,-0.875,-0.0588,-0.4,-0.3,-0.4,-1,-0.1,-0.36,-0.44,-0.68,-0.28,-0.3333,-0.5152,-0.4706,-0.35,-0.4,-0.3667,-0.45,-0.5,-0.7333,-0.48,-0.55,-0.4545,-0.28,27,0.25,0.47,0.13,0.15,0,0,0,0,0.38,-0.12,-1.2835,-0.32,-0.44,0,0,33.7594,0,0,0.3889,0,0.7172,0.8462,0.2525,0.3846,0,-0.239,-0.2048,0.0342,-0.1373,0.3162,-0.15
100trials_54,6700,-5650,1050,0.6,0.6,1,1,-0.6,0.2,0.2,-0.6,0.6,-0.2,0.6,-1,0.2,0.6,0.2,0.2,0.2,1,0.6,1,0.6,1,-0.2,-0.2,0.2,-0.2,0.4,0.2,0.6,0.8,0.75,0.0588,0.0588,0.0588,0.25,0.7647,0.8,-0.2,0,0.3,0.7,0.52,0.04,0.12,0.6,0.3939,0.0303,0.5294,0.3,0.28,0.2,0.2,0.3333,0.1333,0.36,0.5,0.5152,0.6,11,0.01,0.33,0.01,0.65,0,0,0,1,0.02,0,-0.9006,0.32,0.32,1,1,57.6708,1,1,1.9412,1,0.2626,0.6364,0.2525,0.5455,0,-0.1602,0.2836,0.4437,0.1355,0.0147,0.0333
100trials_55,7100,-6900,200,0.6,1,0.2,-1,-1,-1,-0.2,1,0.2,-0.2,-0.2,0.6,0.6,1,0.2,-0.6,0.2,0.2,0.6,1,0.8,-0.4,-1,0.4,0,0.2,0.8,-0.2,0.2,0.8,0.5,-1,0.4118,0.4118,0,0.6471,0.2,-0.3,0.1,0.3,0.5,-0.04,-0.04,0.44,0.28,-0.2727,0.3939,0.3529,-0.05,-0.04,0,-0.25,0.3,0.2667,0.36,0.4,0.3333,0.28,20,0.02,0.4,0.22,0.36,0,0,0,0,0.24,0.2,-0.624,-0.04,0.16,1,1,52.6368,1,1,1.381,0,0.4646,0.7368,0.2323,0.4211,0,-0.3351,-0.2162,0.1189,0.6257,0.1471,0.35
100trials_56,7250,-7150,100,-1,-1,0.6,-0.2,-0.6,-0.2,0.6,0.2,0.2,0.2,1,-0.2,0.6,0.2,0.6,0.2,0.6,0.2,-0.2,0.2,-1,0.2,-0.4,0.4,0.2,0.4,0.4,0.4,0.4,0,-0.5,-0.0588,0.1765,0.5294,0.25,0.1765,-0.4,0,0.3,0.4,0.2,-0.44,0.2,0.44,0.2,-0.2727,0.3333,0.2353,-0.2,-0.12,-0.0333,0.1,0.3,0.4,0.32,0.3,0.2121,0.2,24,0.17,0.28,0.19,0.36,0,0,0,0,0.36,0.02,-0.6978,0.08,0.1,1,1,50.7491,1,1,1.2222,1,0.7071,0.9583,0.3838,0.5,0,-0.3673,-0.1888,0.1785,0.508,0.6765,0.5
100trials_57,7750,-8550,-800,-0.2,-1,-0.2,-1,0.2,0.2,-0.2,0.2,-0.2,0.6,-0.2,-0.2,-0.6,0.6,-0.2,0.2,0.2,0.6,-0.6,-0.2,-0.6,-0.6,0.2,0,0.2,-0.2,0,0,0.4,-0.4,-0.5,-0.1765,0.1765,-0.2941,0.125,0.0588,-0.6,0.1,0,0,0,-0.44,0.12,-0.12,0.04,-0.3333,-0.0303,0.0588,-0.25,-0.16,-0.1667,-0.05,0,-0.0667,-0.04,0,0.0909,0.04,25,0.17,0.38,0.19,0.26,0,0,0,0,0.36,0.02,-0.837,-0.12,-0.1,0,0,44.4566,0,1,0.8182,0,0.6667,0.84,0.4444,0.64,0.01,-0.2071,-0.0871,0.12,0.3922,0.5588,0.25
100trials_58,8000,-8700,-700,-0.6,-0.6,-0.6,-0.6,-0.2,1,-0.2,-0.6,-0.6,-0.2,-0.6,0.2,-0.2,-0.2,0.2,0.2,0.2,-0.6,-0.2,0.2,-0.6,-0.6,0.4,-0.4,-0.4,-0.2,-0.2,0.2,-0.2,0,-0.625,0.1765,-0.5294,-0.1765,0,-0.0588,-0.6,0,-0.3,0,-0.1,-0.52,-0.12,-0.12,-0.04,-0.2121,-0.3333,-0.0588,-0.3,-0.32,-0.3,-0.25,-0.1333,-0.0667,-0.08,-0.05,-0.0303,-0.04,19,0.11,0.49,0.1,0.3,0,0,0,0,0.21,-0.01,-1.0498,-0.19,-0.2,0,0,41.3104,0,1,0.6667,0,0.5253,1,0.3737,0.6316,0,-0.2753,-0.0221,0.2532,0.1533,0.5662,0.1667
100trials_59,7250,-7400,-150,0.2,0.2,-0.2,-0.6,0.6,0.2,-0.2,0.6,0.2,-0.2,0.2,0.2,-0.2,0.2,-0.2,0.2,0.2,0.2,0.2,0.2,0.2,-0.4,0.4,0.2,0,0.2,0,0,0.2,0.2,0,0.1765,0.0588,0.0588,0.125,0.1765,-0.1,0.3,0.1,0,0.2,0.04,0.12,0.04,0.2,0.0909,0.0909,0.1176,0.1,0.08,0.1,0.05,0.1,0.0667,0.12,0.1,0.1515,0.2,31,0.05,0.4,0.42,0.13,0,0,0,0,0.47,0.37,-0.5057,-0.27,0.1,1,1,50.7491,1,1,1.2222,1,0.9192,0.9032,0.73740000000000006,0.8387,0.01,-0.1081,-0.1006,0.0075,0.0267,0.1765,-0
100trials_6,9300,-10500,-1200,-0.2,-0.2,0.2,-0.6,-0.2,-1,-0.6,-1,-1,-1,-1,-1,-1,-0.6,-1,-1,-1,-0.6,-0.6,-1,-0.2,-0.2,-0.6,-0.8,-1,-1,-0.8,-1,-0.8,-0.8,-0.125,-0.5294,-1,-0.8824,-1,-0.7647,-0.2,-0.7,-1,-0.9,-0.8,-0.2,-0.92,-0.92,-0.84,-0.3333,-0.9394,-0.8824,-0.45,-0.56,-0.6333,-0.65,-0.9,-0.9333,-0.88,-0.85,-0.8788,-0.84,16,0.12,0.74,0.06,0.08,0,1,0,0,0.18,-0.06,-1.9774,-0.66,-0.72,0,0,24.95,0,0,0.1628,0,0.4444,0.6875,0.2222,0.25,0,-0.0604,0.0931,0.1535,-0.549,-0.6397,-0.45
100trials_60,8700,-9800,-1100,-1,-0.6,-0.6,-1,-1,-1,-1,-0.6,-0.2,-1,-0.6,-0.2,-0.2,-0.2,0.2,-0.6,-0.6,0.2,0.6,-0.2,-0.8,-0.8,-1,-0.8,-0.6,-0.4,-0.2,-0.2,-0.2,0.2,-0.75,-1,-0.6471,-0.1765,-0.5,0.1765,-0.8,-0.9,-0.5,-0.2,0,-0.84,-0.76,-0.2,-0.12,-0.8788,-0.4545,-0.1176,-0.85,-0.8,-0.7333,-0.8,-0.2333,-0.2667,-0.16,-0.1,-0.1515,-0.12,24,0.26,0.48,0.11,0.15,0,0,0,0,0.37,-0.15,-1.3695,-0.33,-0.48,0,0,32.5009,0,0,0.3514,0,0.5758,0.9167,0.2828,0.2917,0.0202,-0.4875,0.2173,0.7048,0.7611,0.9265,0.6167
100trials_61,7000,-6800,200,-0.2,-0.2,-0.6,-0.6,-0.2,0.6,0.6,0.2,0.2,1,-0.2,0.6,0.6,-1,-1,1,1,1,0.2,1,-0.2,-0.6,0.2,0.4,0.6,0.2,-0.2,0,1,0.6,-0.375,0.0588,0.5294,0.1765,0,0.7647,-0.4,0.3,0.4,-0.1,0.8,-0.36,0.52,-0.2,0.84,-0.1515,0.3939,0.3529,-0.05,0.08,0.1,0.15,0.3667,0,0.32,0.35,0.3939,0.84,31,0.12,0.28,0.44,0.16,0,0,0,0,0.56,0.32,-0.4122,-0.12,0.2,1,1,53.8953,1,1,1.5,1,0.4747,0.7097,0.2929,0.3226,0,0.132,0.1227,-0.0093,0.5045,1.1397,0.4167
100trials_62,5450,-3750,1700,-0.6,-0.2,0.6,0.6,1,1,1,1,1,1,1,1,1,1,1,1,1,1,1,1,-0.4,0.6,1,1,1,1,1,1,1,1,0,0.8824,1,1,1,1,0.1,1,1,1,1,0.28,1,1,1,0.4545,1,1,0.55,0.64,0.7,0.9,1,1,1,1,1,1,39,0.01,0.08,0.71,0.2,0,0,1,0,0.72,0.7,0.1117,0.12,0.82,1,1,73.402,1,1,10.1111,1,0.3333,0.3333,0.0707,0.0513,0,-0.1211,NA,NA,0.5455,1,0.45
100trials_63,7450,-7800,-350,0.6,-0.2,0.2,0.2,0.2,0.2,0.2,0.2,-0.2,-0.6,0.2,-0.2,0.6,0.2,0.2,0.2,-0.2,-1,0.2,-0.6,0.2,0.2,0.2,0.2,-0.4,0,0.4,0.2,-0.6,-0.2,0.25,0.1765,-0.1765,0.1765,0.125,-0.4118,0.2,0.2,-0.2,0.3,-0.4,0.2,-0.04,0.2,-0.28,0.2121,-0.0303,-0.1176,0.2,0.08,0.0667,0.05,-0.1,0.2,-0.04,-0.05,-0.1515,-0.28,29,0.22,0.27,0.23,0.28,0,0,0,0,0.45,0.01,-0.6998,0.01,0.02,0,1,48.2321,0,1,1.0408,1,0.899,1,0.5354,0.6897,0,-0.1009,-0.0588,0.042,-0.3298,-0.6618,-0.3
100trials_64,6650,-5450,1200,-0.6,0.2,-1,-0.6,1,-0.2,-1,-1,1,1,1,1,1,0.6,-0.2,0.6,1,1,1,1,-0.2,-0.8,0.4,-1,1,1,0.8,0.2,1,1,-0.5,-0.0588,0.1765,1,0.375,1,-0.5,-0.3,1,0.5,1,-0.2,-0.04,0.68,0.92,-0.2727,0.5758,0.7059,-0.4,-0.12,0.0667,-0.1,0.8333,0.6667,0.8,0.75,0.697,0.92,33,0.1,0.23,0.48,0.19,0,0,0,0,0.58,0.38,-0.2909,-0.04,0.34,1,1,58.3001,1,1,2.0303,1,0.1717,0.3125,0.1111,0.1875,0.0202,-0.1257,-0.1271,-0.0014,0.9786,1.5,1.2333
100trials_65,8400,-9650,-1250,-0.6,-0.2,-0.2,-0.2,-1,-1,1,-0.6,-0.2,0.2,-1,-1,-1,-0.2,-1,0.2,-0.2,-0.6,0.2,0.2,-0.4,-0.2,-1,0.2,0,-1,-0.6,-0.4,-0.4,0.2,-0.375,-0.4118,-0.0588,-0.7647,-0.625,0.0588,-0.3,-0.4,-0.5,-0.5,-0.1,-0.44,-0.12,-0.84,-0.04,-0.3939,-0.4545,-0.2353,-0.35,-0.28,-0.4,-0.25,-0.3667,-0.6667,-0.44,-0.3,-0.2727,-0.04,25,0.23,0.45,0.17,0.15,0,0,0,0,0.4,-0.06,-1.1299,-0.3,-0.36,0,0,36.2764,0,0,0.4706,0,0.5051,0.76,0.2525,0.36,0.05,-0.2112,-0.3116,-0.1004,0.1586,0.4338,-0.0167
100trials_66,7700,-7150,550,-1,-1,0.2,-1,0.6,1,-1,0.2,-1,-1,1,-0.6,-0.6,1,1,1,-0.2,0.2,0.2,-0.6,-1,-0.4,0.8,-0.4,-1,0.2,0.2,1,0,-0.2,-0.625,0.0588,-0.6471,0.0588,0.75,-0.0588,-0.7,0.2,-0.4,0.6,-0.1,-0.44,-0.36,0.36,0.12,-0.2727,-0.3333,0.3529,-0.25,-0.4,-0.3,-0.25,0.0333,0.4667,0.24,0.25,0.3333,0.12,26,0.18,0.36,0.24,0.22,0,0,0,0,0.42,0.06,-0.7668,-0.14,-0.08,0,0,45.0859,0,1,0.8519,0,0.2727,0.3846,0.1616,0.2308,0.0404,0.0242,-0.4087,-0.4329,0.6257,0.5662,0.2833
100trials_67,7800,-7750,50,0.2,-0.2,-0.2,-0.2,-0.6,-0.2,-0.6,-1,-0.2,-0.2,-0.6,0.2,0.2,-1,1,0.2,-0.2,0.6,0.2,0.2,0,-0.2,-0.4,-0.8,-0.2,-0.2,-0.4,0.6,0.2,0.2,-0.125,-0.4118,-0.4118,-0.1765,0.25,0.1765,-0.1,-0.6,-0.2,0.1,0.2,-0.2,-0.44,-0.04,0.2,-0.2727,-0.2727,0.1765,-0.35,-0.32,-0.3,-0.4,0.0333,0,0.08,0.15,0.2121,0.2,24,0.15,0.41,0.21,0.23,0,0,0,0,0.36,0.06,-0.8313,-0.18,-0.12,0,0,43.8274,0,1,0.7857,0,0.7172,1,0.4141,0.5417,0,0.0725,0.3219,0.2494,0.4492,0.3015,0.3833
100trials_68,7650,-7450,200,-1,0.2,-1,-0.6,-1,-1,-1,-0.6,-1,0.6,1,0.2,0.6,1,-1,-0.6,1,1,1,1,-0.4,-0.8,-1,-0.8,-0.2,0.6,0.8,-0.8,1,1,-0.625,-0.8824,-0.4118,0.6471,-0.125,1,-0.6,-0.9,0.2,0,1,-0.68,-0.6,0.36,0.68,-0.7576,0.0909,0.4706,-0.75,-0.64,-0.4333,-0.7,0.4,0.2,0.52,0.5,0.4545,0.68,21,0.2,0.33,0.08,0.39,0,0,0,0,0.28,-0.12,-0.9736,0.06,-0.06,0,0,45.7151,0,1,0.8868,1,0.2323,0.5,0.1111,0.25,0.07,-0.3618,0.1796,0.5414,1.2282,1.625,1.15
100trials_69,6000,-4500,1500,-1,-1,1,1,1,1,-1,-1,1,1,1,1,1,1,1,1,1,1,1,1,-1,1,1,-1,1,1,1,1,1,1,-0.25,0.6471,0.1765,1,1,1,0,0,1,1,1,0.2,0.2,1,1,0.2121,0.5758,1,0,0.2,0.3333,0.5,1,1,1,1,1,1,42,0.1,0.1,0.7,0.1,0,0,1,0,0.8,0.6,-0.0513,0,0.6,1,1,66.4803,1,1,4,1,0.0404,0.0244,0.0303,0.0244,0.0404,-0.0217,NA,NA,0.7879,1.25,1
100trials_7,7650,-7250,400,0.2,-0.2,-0.2,-0.6,0.2,-0.2,0.2,0.6,0.2,-0.2,0.2,-0.6,-0.2,-0.2,-0.2,0.6,-0.2,-1,0.2,0.2,0,-0.4,0,0.4,0,-0.2,-0.2,0.2,-0.6,0.2,0,-0.1765,0.1765,-0.2941,0.25,-0.2941,-0.2,0.2,-0.1,0,-0.2,-0.12,0.12,-0.2,-0.04,-0.0909,-0.0303,-0.0588,0,0,-0.0333,0,-0.1,-0.0667,-0.12,-0.1,-0.0303,-0.04,22,0.14,0.39,0.12,0.35,0,0,0,0,0.26,-0.02,-0.905,-0.04,-0.06,0,0,45.7151,0,1,0.8868,0,0.6667,0.9524,0.5253,0.7143,0,-0.1385,-0.2952,-0.1567,0.0321,-0.2941,-0.1
100trials_70,7700,-6950,750,-0.2,-0.6,1,-0.6,-0.6,-0.2,-1,-0.2,-0.6,-0.2,1,-1,-1,1,0.6,0.6,-1,0.6,0.2,0.6,-0.4,0.2,-0.4,-0.6,-0.4,0,0,0.6,-0.2,0.4,0.125,-0.6471,-0.4118,-0.1765,0.375,0.2941,-0.1,-0.5,-0.2,0.3,0.1,-0.2,-0.44,0.12,0.2,-0.2727,-0.3333,0.3529,-0.3,-0.32,-0.2667,-0.3,0.0667,0.2,0.16,0.2,0.3333,0.2,23,0.15,0.39,0.17,0.29,0,0,0,0,0.32,0.02,-0.8465,-0.1,-0.08,0,0,45.0859,0,1,0.8519,0,0.3737,0.9091,0.2222,0.4545,0.02,-0.1581,-0.52,-0.3619,0.6257,0.1691,0.3667
100trials_71,7900,-9250,-1350,0.2,-0.2,-0.6,-1,-0.2,-0.6,-0.6,-0.2,0.2,-0.6,0.2,-0.6,0.2,0.2,-0.6,0.6,-0.2,0.2,0.6,-0.2,0,-0.8,-0.4,-0.4,-0.2,-0.2,0.2,0,0,0.2,-0.25,-0.5294,-0.2941,0.0588,-0.25,0.2941,-0.4,-0.4,-0.2,0.1,0.1,-0.36,-0.36,-0.12,0.2,-0.3939,-0.1515,0.0588,-0.4,-0.36,-0.3333,-0.45,0,0,0.04,0.1,0.0303,0.2,28,0.24,0.34,0.18,0.24,0,0,0,0,0.42,-0.06,-0.9004,-0.1,-0.16,0,0,42.5689,0,1,0.7241,0,0.7475,0.963,0.4545,0.5185,0.01,0.02,-0.2614,-0.2814,0.4528,0.5441,0.4
100trials_72,5650,-3700,1950,0.2,-0.2,0.2,0.6,0.6,0.2,0.6,1,1,0.6,1,1,1,1,1,1,1,1,1,1,0,0.4,0.4,0.8,0.8,1,1,1,1,1,0,0.5294,0.8824,1,1,1,0.2,0.6,0.9,1,1,0.28,0.68,1,1,0.2727,0.9394,1,0.4,0.48,0.5667,0.6,0.9667,1,1,1,1,1,28,0.01,0.12,0.43,0.44,0,0,0,0,0.44,0.42,-0.1443,0.32,0.74,1,1,70.885,1,1,6.6923,1,0.1919,0.2963,0.101,0.1111,0,-0.1726,NA,NA,0.7273,1,0.5667
100trials_73,7400,-6800,600,-0.6,-0.2,-0.2,-0.2,0.2,0.2,-0.2,0.6,-0.2,0.6,-0.2,0.2,0.2,0.2,-0.2,0.6,-0.2,-0.2,0.2,0.2,-0.4,-0.2,0.2,0.2,0.2,0,0.2,0.2,-0.2,0.2,-0.25,-0.0588,0.2941,-0.0588,0.25,0.0588,-0.3,0.2,0.1,0.2,0,-0.2,0.2,0.04,0.12,-0.1515,0.1515,0.1176,-0.05,0,0,0.1,0.1,0.1333,0.08,0.1,0.1515,0.12,28,0.25,0.23,0.21,0.31,0,0,0,0,0.46,-0.04,-0.7096,0.08,0.04,0,1,48.8614,0,1,1.0833,1,0.697,0.7857,0.5051,0.5714,0.0101,-0.2328,-0.1356,0.0972,0.2692,0.3088,0.15
100trials_74,6100,-4950,1150,1,0.2,0.2,1,0.6,0.6,1,1,-0.2,0.6,0.6,0.6,0.6,0.6,0.6,0.6,0.2,0.6,0.6,0.2,0.6,0.6,0.6,1,0.2,0.6,0.6,0.6,0.4,0.4,0.5,0.7647,0.5294,0.6471,0.375,0.5294,0.6,0.8,0.4,0.6,0.4,0.6,0.6,0.6,0.44,0.6364,0.5758,0.4706,0.7,0.6,0.6,0.6,0.4667,0.6,0.52,0.5,0.4545,0.44,14,0.02,0.2,0.06,0.72,0,0,0,1,0.08,0.04,-0.7058,0.52,0.56,1,1,65.2218,1,1,3.5455,1,0.3333,1,0.303,0.7857,0,-0.0602,0.4951,0.5553,-0.1658,0.0294,-0.2333
100trials_75,7850,-8150,-300,-0.2,-0.2,-1,-0.6,1,1,1,0.2,-1,-1,-0.6,1,-1,-1,-1,-1,-0.6,1,1,0.2,-0.2,-0.8,1,0.6,-1,0.2,-1,-1,0.2,0.6,-0.5,0.6471,-0.4118,-0.2941,-1,0.6471,-0.5,0.8,-0.4,-1,0.4,-0.2,0.04,-0.52,0.12,0.0909,-0.3333,-0.1765,0.15,-0.08,-0.0333,-0.05,-0.3333,-0.6,-0.2,-0.3,-0.1515,0.12,19,0.17,0.4,0.04,0.39,0,0,0,0,0.21,-0.13,-1.112,-0.01,-0.14,0,0,43.1981,0,1,0.7544,0,0.1818,0.9444,0.1313,0.6667,0.01,0.2164,0.0518,-0.1646,-0.2674,1.1471,-0.4833
100trials_76,8100,-8000,100,-0.6,-0.6,-1,-0.6,0.6,-0.6,0.2,-0.6,-0.2,-1,1,-0.2,-0.2,0.2,-0.2,0.6,-0.6,-0.2,-0.6,-0.2,-0.6,-0.8,0,-0.2,-0.6,0.4,0,0.2,-0.4,-0.4,-0.625,-0.1765,-0.5294,0.1765,0,-0.2941,-0.7,-0.1,-0.1,0.1,-0.4,-0.44,-0.44,0.12,-0.2,-0.3939,-0.2121,-0.1176,-0.4,-0.44,-0.3,-0.4,-0.1333,0.2,-0.04,-0.15,-0.1515,-0.2,18,0.15,0.47,0.08,0.3,0,0,0,0,0.23,-0.07,-1.1212,-0.17,-0.24,0,0,40.0519,0,1,0.6129,0,0.5253,0.4444,0.3535,0.1667,0.03,0.191,0.1333,-0.0577,0.2763,0.3309,0.2667
100trials_77,7600,-8450,-850,-0.2,-0.2,-0.2,-0.2,0.2,0.2,-0.2,0.2,-0.2,0.2,-0.2,0.2,-0.2,0.2,-0.2,0.2,-0.2,0.2,-0.2,-0.2,-0.2,-0.2,0.2,0,0,0,0,0,0,-0.2,-0.25,0.0588,0.0588,-0.0588,0,-0.0588,-0.2,0.1,0,0,-0.1,-0.12,0.04,-0.04,-0.04,-0.0909,0.0303,-0.0588,-0.05,-0.04,-0.0333,0,-0.0333,0,-0.04,-0.05,-0.0303,-0.04,16,0.06,0.46,0.07,0.41,0,0,0,0,0.13,0.01,-0.9782,-0.05,-0.04,0,0,46.3444,0,1,0.9231,0,1,1,0.9394,0.75,0,-0.0992,-0.1404,-0.0411,0.0321,0.1912,0.0167
100trials_78,6200,-5850,350,-0.2,0.6,1,1,1,1,0.2,0.6,1,1,1,0.2,0.2,0.6,0.2,0.6,0.6,-0.2,0.6,-0.6,0.2,1,1,0.4,1,0.6,0.4,0.4,0.2,0,0.5,0.8824,0.7647,0.5294,0.5,-0.0588,0.6,0.7,0.8,0.4,0.1,0.68,0.76,0.44,0.2,0.697,0.6364,0.2353,0.65,0.72,0.7,0.85,0.4333,0.4667,0.32,0.25,0.2121,0.2,14,0.01,0.23,0.04,0.72,0,0,0,1,0.05,0.03,-0.7581,0.49,0.52,1,1,63.9633,1,1,3.1667,1,0.303,0.6154,0.2828,0.5385,0,0.0569,-0.1295,-0.1865,-0.4617,-0.5588,-0.2167
100trials_79,7250,-7700,-450,-0.2,0.2,-0.2,-0.6,0.2,0.2,0.2,0.2,0.2,-0.6,1,0.2,0.2,-0.2,1,-0.6,0.6,0.2,1,-1,0,-0.4,0.2,0.2,-0.2,0.6,0,0.2,0.4,0,-0.125,0.0588,-0.0588,0.5294,0.125,0.0588,-0.2,0.2,0.2,0.1,0.2,-0.12,0.04,0.44,0.04,-0.0303,0.2121,0.1176,0,-0.04,0.0667,-0.05,0.1667,0.2667,0.24,0.15,0.0909,0.04,28,0.21,0.24,0.21,0.34,0,0,0,0,0.42,0,-0.6716,0.1,0.1,1,1,50.7491,1,1,1.2222,1,0.7677,0.963,0.3939,0.3704,0,-0.264,0.2322,0.4962,0.148,0.1838,0.1667
100trials_8,7600,-8600,-1000,-0.2,0.2,0.2,-0.2,-0.2,1,-0.2,0.6,-1,-0.2,-0.2,-0.2,-0.2,-0.2,-0.2,0.6,-0.2,0.2,-0.6,0.2,0,0,0.4,0.2,-0.6,-0.2,-0.2,0.2,0,-0.2,0.125,0.0588,-0.1765,-0.0588,-0.125,-0.0588,0,0.3,-0.4,0,-0.1,-0.04,0.04,-0.2,0.04,0.0909,-0.1515,-0.0588,0.15,0,-0.0333,0,-0.1667,-0.0667,-0.08,-0.05,-0.0909,0.04,32,0.3,0.22,0.24,0.24,0,0,0,0,0.54,-0.06,-0.734,0.02,-0.04,0,0,46.3444,0,1,0.9231,0,0.6667,0.6875,0.4646,0.5313,0.03,0.1893,-0.1961,-0.3853,-0.1497,-0.1838,-0.3167
100trials_80,7600,-6800,800,0.2,-0.6,-0.2,0.2,0.2,-0.2,0.2,-0.2,0.2,-0.2,0.2,-0.2,0.2,-0.2,0.2,-0.2,0.2,-0.2,-0.2,-0.2,-0.2,0,0,0,0,0,0,0,0,-0.2,-0.125,0.0588,-0.0588,-0.0588,0.125,-0.1765,-0.1,0,0,0,-0.1,-0.04,-0.04,0.04,-0.12,-0.0303,-0.0303,-0.0588,-0.05,-0.04,-0.0333,0,-0.0333,0,-0.04,-0.05,-0.0303,-0.12,24,0.17,0.35,0.21,0.27,0,0,0,0,0.38,0.04,-0.7663,-0.08,-0.04,0,0,46.3444,0,1,0.9231,0,0.8687,0.9167,0.7475,0.875,0.01,-0.1951,-0.2065,-0.0114,-0.0285,-0.0515,0.0167
100trials_81,7800,-7700,100,1,1,-0.2,-1,-0.6,-0.6,-0.6,-1,-1,0.6,0.6,-0.2,0.2,0.6,0.2,-0.6,0.2,-1,-0.2,0.2,1,-0.6,-0.6,-0.8,-0.2,0.2,0.4,-0.2,-0.4,0,0.5,-0.6471,-0.5294,0.1765,0.25,-0.4118,0.2,-0.7,0,0.1,-0.2,0.04,-0.52,0.28,-0.28,-0.0909,-0.2121,-0.0588,-0.25,-0.24,-0.1667,-0.55,-0.0333,0.1333,0,-0.05,-0.0909,-0.28,22,0.12,0.44,0.18,0.26,0,0,0,0,0.3,0.06,-0.8657,-0.18,-0.12,0,0,43.8274,0,1,0.7857,0,0.3535,0.7273,0.1717,0.2727,0.01,-0.2723,0.1455,0.4178,0.0321,-0.9118,0.2167
100trials_82,7800,-8400,-600,-0.2,-0.6,-1,-0.2,-1,1,1,-0.6,-0.6,-0.2,0.6,0.2,-0.2,0.2,-0.2,-0.2,-0.2,-0.2,-0.2,0.2,-0.4,-0.6,0,0.2,-0.4,0.4,0,-0.2,-0.2,0,-0.625,0.1765,-0.2941,0.2941,-0.125,-0.1765,-0.5,0.1,0,-0.1,-0.1,-0.6,0.12,0.12,-0.12,-0.2121,-0.0303,-0.1176,-0.2,-0.24,-0.1333,-0.2,-0.0667,0.0667,0,-0.1,-0.1515,-0.12,22,0.18,0.38,0.14,0.3,0,0,0,0,0.32,-0.04,-0.9197,-0.08,-0.12,0,0,43.8274,0,1,0.7857,0,0.404,0.8182,0.2323,0.5455,0.02,-0.3113,-0.1707,0.1406,0.0945,0.4485,0.1333
100trials_83,6800,-6550,250,0.2,0.6,-0.2,-0.2,0.2,1,-0.6,0.2,0.6,1,-0.2,0.2,0.2,0.2,0.6,1,0.2,0.2,0.2,0.2,0.4,-0.2,0.6,-0.2,0.8,0,0.2,0.8,0.2,0.2,0.125,0.1765,0.5294,0.1765,0.5,0.1765,0.1,0.2,0.4,0.5,0.2,0.12,0.44,0.2,0.36,0.1515,0.3333,0.3529,0.15,0.28,0.2333,0.25,0.3667,0.3333,0.28,0.35,0.3333,0.36,27,0.11,0.25,0.31,0.33,0,0,0,0,0.42,0.2,-0.4564,0.08,0.28,1,1,56.4123,1,1,1.7778,1,0.798,0.963,0.4141,0.5185,0,-0.1539,0.1931,0.347,0.2014,0.0515,0.2167
100trials_84,7250,-6200,1050,-0.2,-0.6,-0.6,-0.6,-0.2,1,0.2,1,0.2,0.2,0.6,0.6,0.6,0.2,0.2,0.2,0.2,-0.2,0.2,-1,-0.4,-0.6,0.4,0.6,0.2,0.6,0.4,0.2,0,-0.4,-0.5,0.0588,0.5294,0.5294,0.25,-0.2941,-0.5,0.5,0.4,0.3,-0.2,-0.44,0.52,0.44,-0.12,-0.2121,0.5758,-0.0588,0,0.04,0.1333,0.15,0.1667,0.4,0.16,0.05,-0.0303,-0.12,15,0.06,0.39,0.06,0.49,0,0,0,0,0.12,0,-0.9097,0.1,0.1,1,1,50.7491,1,1,1.2222,1,0.6667,0.9333,0.4848,0.4,0,-0.0046,0.2594,0.264,0.1533,0.2059,0.1667
100trials_85,8750,-9950,-1200,-0.2,-1,-0.2,0.2,-0.6,-1,-1,-0.6,-1,-0.6,0.6,-0.6,0.2,-0.6,-1,-0.2,-0.6,-1,0.2,-1,-0.6,0,-0.8,-0.8,-0.8,0,-0.2,-0.6,-0.8,-0.4,-0.5,-0.5294,-0.7647,-0.0588,-0.5,-0.6471,-0.3,-0.8,-0.4,-0.4,-0.6,-0.36,-0.84,-0.28,-0.52,-0.5152,-0.3939,-0.5882,-0.55,-0.6,-0.5,-0.6,-0.4667,-0.2667,-0.4,-0.5,-0.5758,-0.52,14,0.02,0.73,0.03,0.22,0,1,0,0,0.05,0.01,-1.5377,-0.51,-0.5,0,0,31.8717,0,0,0.3333,0,0.303,0.6429,0.2626,0.3571,0,0.125,0.1392,0.0142,-0.0731,-0.1471,0.0833
100trials_86,7850,-7950,-100,-0.2,-1,-0.6,0.2,-0.2,0.2,-0.2,-0.6,1,-1,-0.2,-0.2,0.6,-1,0.6,0.6,-0.2,-1,1,-0.6,-0.6,-0.2,0,-0.4,0,-0.2,-0.2,0.6,-0.6,0.2,-0.5,0.0588,-0.2941,-0.0588,0.25,-0.2941,-0.4,-0.2,-0.1,0.2,-0.2,-0.36,-0.12,-0.04,-0.04,-0.2121,-0.1515,-0.0588,-0.3,-0.24,-0.2333,-0.15,-0.0333,0.0667,-0.04,0,-0.0303,-0.04,21,0.17,0.4,0.13,0.3,0,0,0,0,0.3,-0.04,-0.9509,-0.1,-0.14,0,0,43.1981,0,1,0.7544,0,0.4242,0.8571,0.2222,0.5238,0.0202,-0.3327,-0.1435,0.1891,0.1533,0.2059,0.2667
100trials_87,5300,-4250,1050,1,1,0.2,1,1,1,1,1,1,1,0.2,1,0.6,0.6,1,1,1,1,1,1,1,0.6,1,1,1,0.6,0.6,1,1,1,0.75,1,1,0.5294,1,1,0.8,1,0.8,0.8,1,0.84,1,0.68,1,0.8788,0.7576,1,0.9,0.92,0.8667,0.9,0.8667,0.7333,0.84,0.9,1,1,14,0.05,0.01,0.02,0.92,0,0,0,1,0.07,-0.03,-0.6848,0.91,0.88,1,1,75.2897,1,1,15.6667,1,0.1111,0.5714,0.0808,0.3571,0,0.653,NA,NA,0.1212,0.25,-0.0333
100trials_88,9050,-11500,-2450,-1,-0.2,-0.2,-1,-1,-0.6,-0.2,-1,-1,-1,-0.2,0.2,-1,-0.2,-0.2,-1,-0.6,-0.2,-1,-1,-0.6,-0.6,-0.8,-0.6,-1,0,-0.6,-0.6,-0.4,-1,-0.5,-0.6471,-1,-0.4118,-0.5,-0.6471,-0.6,-0.7,-0.5,-0.6,-0.7,-0.68,-0.76,-0.28,-0.76,-0.5758,-0.697,-0.5882,-0.65,-0.72,-0.6,-0.75,-0.6,-0.4,-0.52,-0.65,-0.5758,-0.76,28,0.35,0.46,0.03,0.16,0,0,0,0,0.38,-0.32,-1.7626,-0.3,-0.62,0,0,28.0962,0,0,0.2346,0,0.3333,0.7857,0.1212,0.2143,0.05,0.0651,0.1024,0.0372,-0.0125,-0.1471,0.05
100trials_89,6800,-7200,-400,-0.6,-0.2,0.6,-0.6,0.6,0.2,-0.2,0.2,0.6,0.6,0.2,0.2,0.6,0.6,0.6,0.6,0.2,0.6,0.2,0.6,-0.4,0,0.4,0,0.6,0.2,0.6,0.6,0.4,0.4,-0.125,0.0588,0.4118,0.4118,0.5,0.4118,-0.2,0.2,0.4,0.6,0.4,-0.04,0.28,0.44,0.44,-0.0303,0.3939,0.4706,0,0.12,0.1333,0.25,0.4667,0.4667,0.44,0.5,0.4545,0.44,30,0.13,0.23,0.37,0.27,0,0,0,0,0.5,0.24,-0.4005,0.04,0.28,1,1,56.4123,1,1,1.7778,1,0.8283,0.5667,0.5152,0.4,0.03,0.229,-0.0905,-0.3195,0.5009,0.5368,0.4667
100trials_9,7650,-6950,700,0.2,-0.2,-0.2,-0.6,-0.6,1,-1,0.2,0.6,-0.2,0.6,-0.6,0.2,-0.2,-1,-1,-0.2,-0.2,1,1,0,-0.4,0.2,-0.4,0.2,0,0,-1,-0.2,1,0,-0.2941,0.0588,-0.0588,-0.625,0.5294,-0.2,-0.1,0.1,-0.5,0.4,-0.28,0.12,-0.2,0.12,-0.1515,0.0303,-0.0588,-0.15,-0.08,-0.0667,-0.1,0,-0.3333,-0.04,-0.05,-0.0303,0.12,20,0.14,0.39,0.11,0.36,0,0,0,0,0.25,-0.03,-0.9213,-0.03,-0.06,0,0,45.7151,0,1,0.8868,0,0.4545,0.9,0.303,0.6,0,-0.3939,0.0815,0.4754,0.0927,0.5294,0.15
100trials_90,8850,-10150,-1300,-0.2,-1,-1,-1,-1,-0.6,-0.2,-0.6,-0.2,-0.6,-0.2,-0.6,-0.6,-0.2,-1,-0.6,-0.6,-0.6,0.2,-0.2,-0.6,-1,-0.8,-0.4,-0.4,-0.4,-0.4,-0.8,-0.6,0,-0.75,-0.7647,-0.4118,-0.5294,-0.625,-0.1765,-0.8,-0.6,-0.4,-0.6,-0.3,-0.84,-0.44,-0.52,-0.36,-0.7576,-0.4545,-0.4118,-0.7,-0.64,-0.6,-0.65,-0.4333,-0.5333,-0.44,-0.45,-0.3939,-0.36,20,0.17,0.6,0.07,0.16,0,1,0,0,0.24,-0.1,-1.5288,-0.44,-0.54,0,0,30.6132,0,0,0.2987,0,0.5758,0.9474,0.3838,0.4211,0,0.143,-0.087,-0.2301,0.3458,0.5735,0.2667
100trials_91,5300,-4100,1200,0.6,-0.6,1,0.6,1,1,1,1,1,1,1,1,1,1,1,1,1,1,1,1,0,0.8,1,1,1,1,1,1,1,1,0.375,0.8824,1,1,1,1,0.4,1,1,1,1,0.52,1,1,1,0.6364,1,1,0.7,0.76,0.8,0.95,1,1,1,1,1,1,47,0.02,0.04,0.84,0.1,0,0,1,0,0.86,0.82,0.2026,0.06,0.88,1,1,75.2897,1,1,15.6667,1,0.0606,0.0652,0.0505,0.0652,0,0.3357,NA,NA,0.3636,0.625,0.3
100trials_92,8150,-7950,200,0.2,-0.6,0.2,-1,-0.6,0.2,-0.2,-0.6,0.2,0.2,1,-0.2,-1,-1,0.6,0.2,-0.6,-1,-0.2,-1,-0.2,-0.4,-0.2,-0.4,0.2,0.4,-1,0.4,-0.8,-0.6,-0.125,-0.4118,-0.0588,-0.1765,0,-0.7647,-0.3,-0.3,0.3,-0.3,-0.7,-0.36,-0.04,-0.12,-0.52,-0.2727,-0.0909,-0.4118,-0.3,-0.2,-0.1,-0.2,-0.2333,-0.0667,-0.32,-0.5,-0.3939,-0.52,28,0.25,0.38,0.18,0.19,0,0,0,0,0.43,-0.07,-0.9993,-0.19,-0.26,0,0,39.4227,0,1,0.5873,0,0.4949,0.6429,0.2727,0.2857,0.04,-0.0519,-0.1379,-0.086,-0.139,-0.6397,0.0667
100trials_93,7300,-6500,800,-0.2,-1,0.2,-0.2,0.2,0.2,0.2,0.6,1,-0.2,0.2,0.2,0.2,0.2,0.2,-0.2,0.2,-0.6,0.6,-0.2,-0.6,0,0.2,0.4,0.4,0.2,0.2,0,-0.2,0.2,-0.375,0.0588,0.5294,0.1765,0,0.0588,-0.3,0.3,0.3,0.1,0,-0.2,0.36,0.2,-0.04,-0.1515,0.3333,0.0588,0,0.08,0.1,0.25,0.1333,0.1333,0.08,0.05,0.0303,-0.04,24,0.21,0.25,0.17,0.37,0,0,0,0,0.38,-0.04,-0.73740000000000006,0.12,0.08,1,1,50.1199,1,1,1.1739,1,0.8081,1,0.4444,0.6667,0,-0.2457,0.1506,0.3963,0.2103,0.4338,0.1333
100trials_94,6950,-6050,900,-0.6,0.2,-0.2,-0.6,0.6,0.2,0.2,0.6,0.2,0.2,-0.2,-0.2,0.6,0.2,0.6,0.2,0.6,0.6,0.6,0.6,-0.2,-0.4,0.4,0.4,0.2,-0.2,0.4,0.4,0.6,0.6,-0.25,0.1765,0.2941,0.0588,0.375,0.6471,-0.3,0.4,0,0.4,0.6,-0.12,0.28,0.2,0.52,-0.0303,0.2121,0.4706,0.05,0.08,0.0333,0.15,0.3333,0.2,0.36,0.5,0.5152,0.52,30,0.15,0.24,0.34,0.27,0,0,0,0,0.49,0.19,-0.4615,0.03,0.22,1,1,54.5246,1,1,1.5641,1,0.8788,0.931,0.5758,0.5517,0,-0.1457,-0.0643,0.0814,0.5009,0.8971,0.2833
100trials_95,7750,-8250,-500,-0.2,-1,-1,0.6,0.2,0.2,0.6,0.2,-0.2,-1,-0.2,0.2,0.2,-0.2,0.2,0.2,0.2,-0.2,-0.2,-0.6,-0.6,-0.2,0.2,0.4,-0.6,0,0,0.2,0,-0.4,-0.625,0.4118,-0.2941,0.0588,0,-0.1765,-0.4,0.3,-0.3,0.1,-0.2,-0.28,-0.04,0.04,-0.12,-0.0909,-0.1515,-0.0588,-0.05,-0.16,-0.1333,-0.05,-0.1333,0.0667,-0.04,-0.05,-0.0909,-0.12,23,0.18,0.37,0.12,0.33,0,0,0,0,0.3,-0.06,-0.9346,-0.04,-0.1,0,0,44.4566,0,1,0.8182,0,0.8182,1,0.4949,0.3478,0,0.1259,-0.2062,-0.3322,0.0321,0.4485,-0.0833
100trials_96,7150,-6650,500,-0.6,-1,1,1,-0.6,-1,-1,-1,-1,-1,-1,1,1,1,1,1,1,1,1,1,-0.8,1,-0.8,-1,-1,0,1,1,1,1,-0.125,-0.4118,-1,0.4118,1,1,0.1,-0.9,-0.5,1,1,-0.04,-1,0.6,1,-0.2727,-0.3333,1,-0.4,-0.52,-0.4333,-0.45,0.5,0.6667,0.8,1,1,1,26,0.13,0.3,0.28,0.29,0,0,0,0,0.41,0.15,-0.5672,-0.01,0.14,1,1,52.0076,1,1,1.3256,0,0.1212,0.2692,0.0505,0.0769,0.0303,-0.2068,NA,NA,1.2727,1.125,0.9
100trials_97,7350,-7600,-250,-0.2,-0.2,0.6,-1,-1,0.2,1,1,1,-0.2,-0.2,-0.2,-1,0.6,0.2,-0.2,0.6,0.2,-0.2,0.2,-0.2,-0.2,-0.4,1,0.4,-0.2,-0.2,0,0.4,0,0,-0.2941,0.6471,-0.4118,0.25,0.1765,-0.2,0.3,0.1,-0.1,0.2,-0.36,0.6,-0.12,0.12,-0.1515,0.1515,0.1765,0.05,0.12,0.0667,0.2,0.0667,-0.1333,0,0.05,0.2121,0.12,20,0.09,0.38,0.13,0.4,0,0,0,0,0.22,0.04,-0.8098,0.02,0.06,1,1,49.4906,0,1,1.1277,1,0.3131,0.3684,0.2828,0.3158,0.03,-0.1225,0.0748,0.1973,0.328,0.1765,0.0167
100trials_98,8050,-8350,-300,-0.2,0.6,0.2,-0.2,-0.2,-1,-1,-0.6,0.2,-0.6,-0.6,0.2,1,1,-0.2,-1,-0.6,-0.6,0.2,-1,0.2,0,-0.6,-0.8,-0.2,-0.2,1,-0.6,-0.6,-0.4,0.25,-0.6471,-0.4118,0.2941,-0.25,-0.5294,0.1,-0.7,-0.2,0.2,-0.5,0.04,-0.6,0.28,-0.6,-0.2121,-0.0909,-0.3529,-0.3,-0.28,-0.2667,-0.4,-0.1667,0.0667,-0.16,-0.15,-0.3939,-0.6,21,0.17,0.44,0.08,0.31,0,0,0,0,0.25,-0.09,-1.1025,-0.13,-0.22,0,0,40.6812,0,1,0.6393,0,0.3535,0.9048,0.303,0.7143,0.02,-0.1711,-0.2855,-0.1144,-0.1408,-0.7794,0.1333
100trials_99,7750,-7150,600,-0.2,-0.6,-0.2,-0.6,0.2,0.6,-0.6,0.2,-0.2,-0.2,0.2,-0.2,-1,0.2,-0.2,-0.2,0.2,0.2,0.2,0.2,-0.4,-0.4,0.4,-0.2,-0.2,0,-0.4,-0.2,0.2,0.2,-0.25,-0.0588,-0.1765,-0.2941,0,0.1765,-0.4,0.1,-0.1,-0.3,0.2,-0.28,-0.04,-0.2,0.12,-0.1515,-0.2121,0.0588,-0.15,-0.16,-0.1333,-0.1,-0.0667,-0.2,-0.04,-0.05,0.0909,0.12,25,0.18,0.37,0.18,0.27,0,0,0,0,0.36,0,-0.8493,-0.1,-0.1,0,0,44.4566,0,1,0.8182,0,0.8889,0.9583,0.5556,0.5,0,0.2626,0.2443,-0.0183,0.2103,0.4265,0.0833
