id,trial,win,loss,balance_for_trial,loss_binary,choice,group
1,1,100,-0,100,0,B,2
1,2,100,-0,100,0,A,2
1,3,50,-0,50,0,D,2
1,4,50,-0,50,0,C,2
1,5,100,-0,100,0,B,2
1,6,100,-0,100,0,A,2
1,7,100,-0,100,0,B,2
1,8,100,-150,-50,1,A,2
1,9,100,-0,100,0,B,2
1,10,50,-0,50,0,C,2
1,11,50,-0,50,0,D,2
1,12,100,-0,100,0,A,2
1,13,100,-0,100,0,B,2
1,14,50,-50,0,1,C,2
1,15,50,-0,50,0,D,2
1,16,100,-300,-200,1,A,2
1,17,100,-0,100,0,B,2
1,18,50,-0,50,0,D,2
1,19,100,-0,100,0,B,2
1,20,100,-0,100,0,B,2
1,21,50,-0,50,0,D,2
1,22,100,-1250,-1150,1,B,2
1,23,100,-0,100,0,A,2
1,24,50,-0,50,0,C,2
1,25,50,-0,50,0,D,2
1,26,100,-200,-100,1,A,2
1,27,50,-50,0,1,C,2
1,28,50,-0,50,0,D,2
1,29,50,-0,50,0,D,2
1,30,50,-0,50,0,C,2
1,31,100,-0,100,0,A,2
1,32,50,-0,50,0,D,2
1,33,50,-50,0,1,C,2
1,34,50,-250,-200,1,D,2
1,35,100,-250,-150,1,A,2
1,36,100,-0,100,0,B,2
1,37,100,-0,100,0,B,2
1,38,100,-0,100,0,B,2
1,39,50,-0,50,0,C,2
1,40,100,-0,100,0,B,2
1,41,100,-350,-250,1,A,2
1,42,50,-0,50,0,D,2
1,43,100,-1250,-1150,1,B,2
1,44,50,-50,0,1,C,2
1,45,50,-0,50,0,D,2
1,46,50,-0,50,0,D,2
1,47,50,-0,50,0,D,2
1,48,50,-0,50,0,D,2
1,49,100,-0,100,0,B,2
1,50,50,-0,50,0,D,2
1,51,50,-0,50,0,D,2
1,52,100,-0,100,0,A,2
1,53,100,-0,100,0,B,2
1,54,50,-50,0,1,C,2
1,55,50,-0,50,0,D,2
1,56,100,-350,-250,1,A,2
1,57,100,-0,100,0,B,2
1,58,100,-0,100,0,B,2
1,59,50,-0,50,0,C,2
1,60,50,-0,50,0,D,2
1,61,50,-250,-200,1,D,2
1,62,100,-0,100,0,A,2
1,63,100,-0,100,0,B,2
1,64,50,-25,25,1,C,2
1,65,100,-0,100,0,B,2
1,66,100,-250,-150,1,A,2
1,67,100,-1250,-1150,1,B,2
1,68,50,-0,50,0,D,2
1,69,100,-0,100,0,B,2
1,70,50,-75,-25,1,C,2
1,71,50,-0,50,0,D,2
1,72,100,-200,-100,1,A,2
1,73,100,-0,100,0,B,2
1,74,50,-0,50,0,C,2
1,75,100,-0,100,0,B,2
1,76,100,-0,100,0,B,2
1,77,100,-0,100,0,A,2
1,78,100,-300,-200,1,A,2
1,79,50,-0,50,0,D,2
1,80,50,-0,50,0,D,2
1,81,100,-0,100,0,B,2
1,82,50,-0,50,0,D,2
1,83,100,-150,-50,1,A,2
1,84,50,-0,50,0,C,2
1,85,50,-0,50,0,D,2
1,86,100,-0,100,0,A,2
1,87,50,-0,50,0,D,2
1,88,100,-0,100,0,A,2
1,89,50,-0,50,0,C,2
1,90,100,-0,100,0,B,2
1,91,50,-0,50,0,D,2
1,92,50,-250,-200,1,D,2
1,93,100,-0,100,0,A,2
1,94,100,-0,100,0,B,2
1,95,50,-25,25,1,C,2
1,96,100,-0,100,0,B,2
1,97,100,-0,100,0,B,2
1,98,50,-0,50,0,D,2
1,99,100,-300,-200,1,A,2
1,100,50,-75,-25,1,C,2
2,1,100,-0,100,0,A,2
2,2,100,-0,100,0,A,2
2,3,100,-150,-50,1,A,2
2,4,50,-0,50,0,D,2
2,5,100,-0,100,0,B,2
2,6,50,-0,50,0,C,2
2,7,50,-0,50,0,D,2
2,8,100,-0,100,0,A,2
2,9,50,-0,50,0,C,2
2,10,100,-0,100,0,B,2
2,11,50,-0,50,0,D,2
2,12,100,-300,-200,1,A,2
2,13,100,-0,100,0,B,2
2,14,50,-0,50,0,D,2
2,15,50,-50,0,1,C,2
2,16,100,-0,100,0,B,2
2,17,100,-0,100,0,A,2
2,18,50,-0,50,0,C,2
2,19,100,-0,100,0,B,2
2,20,50,-0,50,0,D,2
2,21,100,-200,-100,1,A,2
2,22,100,-0,100,0,B,2
2,23,50,-50,0,1,C,2
2,24,50,-0,50,0,D,2
2,25,100,-0,100,0,B,2
2,26,100,-0,100,0,A,2
2,27,100,-0,100,0,B,2
2,28,50,-0,50,0,D,2
2,29,50,-0,50,0,C,2
2,30,100,-250,-150,1,A,2
2,31,50,-0,50,0,D,2
2,32,100,-350,-250,1,A,2
2,33,50,-50,0,1,C,2
2,34,100,-1250,-1150,1,B,2
2,35,50,-0,50,0,C,2
2,36,50,-0,50,0,D,2
2,37,50,-50,0,1,C,2
2,38,100,-0,100,0,B,2
2,39,50,-250,-200,1,D,2
2,40,100,-0,100,0,A,2
2,41,50,-0,50,0,D,2
2,42,100,-350,-250,1,A,2
2,43,100,-0,100,0,B,2
2,44,100,-0,100,0,B,2
2,45,50,-50,0,1,C,2
2,46,100,-0,100,0,B,2
2,47,50,-0,50,0,D,2
2,48,100,-0,100,0,A,2
2,49,50,-0,50,0,C,2
2,50,100,-1250,-1150,1,B,2
2,51,100,-250,-150,1,A,2
2,52,100,-0,100,0,B,2
2,53,50,-25,25,1,C,2
2,54,50,-0,50,0,D,2
2,55,100,-0,100,0,B,2
2,56,50,-75,-25,1,C,2
2,57,50,-0,50,0,D,2
2,58,100,-200,-100,1,A,2
2,59,100,-0,100,0,B,2
2,60,50,-0,50,0,C,2
2,61,50,-0,50,0,D,2
2,62,100,-0,100,0,B,2
2,63,50,-0,50,0,C,2
2,64,100,-0,100,0,A,2
2,65,100,-0,100,0,B,2
2,66,50,-0,50,0,D,2
2,67,50,-0,50,0,C,2
2,68,100,-0,100,0,B,2
2,69,100,-300,-200,1,A,2
2,70,50,-25,25,1,C,2
2,71,50,-75,-25,1,C,2
2,72,100,-1250,-1150,1,B,2
2,73,50,-0,50,0,D,2
2,74,50,-0,50,0,C,2
2,75,100,-150,-50,1,A,2
2,76,50,-50,0,1,C,2
2,77,50,-0,50,0,D,2
2,78,50,-0,50,0,D,2
2,79,50,-250,-200,1,D,2
2,80,100,-0,100,0,B,2
2,81,50,-0,50,0,C,2
2,82,100,-0,100,0,B,2
2,83,50,-0,50,0,C,2
2,84,100,-0,100,0,B,2
2,85,50,-0,50,0,C,2
2,86,100,-0,100,0,B,2
2,87,50,-50,0,1,C,2
2,88,100,-0,100,0,B,2
2,89,50,-0,50,0,D,2
2,90,50,-25,25,1,C,2
2,91,100,-0,100,0,A,2
2,92,100,-0,100,0,B,2
2,93,50,-0,50,0,D,2
2,94,50,-50,0,1,C,2
2,95,100,-0,100,0,A,2
2,96,100,-0,100,0,B,2
2,97,50,-0,50,0,D,2
2,98,100,-0,100,0,A,2
2,99,50,-0,50,0,C,2
2,100,100,-0,100,0,B,2
3,1,50,-0,50,0,D,3
3,2,50,-0,50,0,D,3
3,3,50,-0,50,0,C,3
3,4,50,-0,50,0,D,3
3,5,50,-0,50,0,C,3
3,6,50,-50,0,1,C,3
3,7,50,-0,50,0,D,3
3,8,100,-0,100,0,A,3
3,9,100,-0,100,0,A,3
3,10,100,-0,100,0,B,3
3,11,50,-0,50,0,D,3
3,12,50,-0,50,0,C,3
3,13,100,-150,-50,1,A,3
3,14,100,-0,100,0,B,3
3,15,100,-0,100,0,B,3
3,16,50,-0,50,0,D,3
3,17,100,-0,100,0,B,3
3,18,50,-50,0,1,C,3
3,19,50,-0,50,0,D,3
3,20,100,-0,100,0,B,3
3,21,50,-0,50,0,D,3
3,22,100,-0,100,0,B,3
3,23,100,-0,100,0,B,3
3,24,50,-0,50,0,D,3
3,25,100,-0,100,0,B,3
3,26,100,-1250,-1150,1,B,3
3,27,50,-250,-200,1,D,3
3,28,100,-0,100,0,A,3
3,29,100,-300,-200,1,A,3
3,30,50,-0,50,0,C,3
3,31,100,-0,100,0,A,3
3,32,100,-200,-100,1,A,3
3,33,50,-50,0,1,C,3
3,34,50,-0,50,0,D,3
3,35,100,-0,100,0,B,3
3,36,100,-0,100,0,B,3
3,37,100,-0,100,0,B,3
3,38,100,-0,100,0,B,3
3,39,100,-1250,-1150,1,B,3
3,40,50,-0,50,0,D,3
3,41,50,-0,50,0,D,3
3,42,50,-0,50,0,D,3
3,43,100,-0,100,0,A,3
3,44,100,-250,-150,1,A,3
3,45,50,-0,50,0,C,3
3,46,50,-50,0,1,C,3
3,47,50,-50,0,1,C,3
3,48,100,-0,100,0,B,3
3,49,100,-0,100,0,B,3
3,50,50,-0,50,0,D,3
3,51,50,-0,50,0,D,3
3,52,100,-0,100,0,B,3
3,53,50,-0,50,0,C,3
3,54,50,-25,25,1,C,3
3,55,100,-0,100,0,B,3
3,56,50,-75,-25,1,C,3
3,57,50,-0,50,0,D,3
3,58,50,-0,50,0,C,3
3,59,50,-0,50,0,D,3
3,60,50,-0,50,0,C,3
3,61,50,-0,50,0,C,3
3,62,50,-0,50,0,D,3
3,63,100,-0,100,0,B,3
3,64,50,-25,25,1,C,3
3,65,100,-350,-250,1,A,3
3,66,50,-250,-200,1,D,3
3,67,50,-75,-25,1,C,3
3,68,100,-0,100,0,B,3
3,69,50,-0,50,0,C,3
3,70,50,-50,0,1,C,3
3,71,50,-0,50,0,C,3
3,72,50,-0,50,0,C,3
3,73,50,-0,50,0,D,3
3,74,50,-0,50,0,C,3
3,75,50,-0,50,0,D,3
3,76,100,-1250,-1150,1,B,3
3,77,50,-50,0,1,C,3
3,78,50,-0,50,0,D,3
3,79,50,-25,25,1,C,3
3,80,50,-50,0,1,C,3
3,81,50,-0,50,0,C,3
3,82,50,-0,50,0,C,3
3,83,100,-0,100,0,B,3
3,84,50,-75,-25,1,C,3
3,85,50,-0,50,0,D,3
3,86,50,-0,50,0,D,3
3,87,100,-0,100,0,B,3
3,88,50,-50,0,1,C,3
3,89,50,-0,50,0,C,3
3,90,50,-0,50,0,C,3
3,91,50,-0,50,0,C,3
3,92,50,-25,25,1,C,3
3,93,50,-0,50,0,D,3
3,94,100,-0,100,0,B,3
3,95,50,-25,25,1,C,3
3,96,50,-0,50,0,D,3
3,97,50,-0,50,0,C,3
3,98,50,-75,-25,1,C,3
3,99,50,-0,50,0,C,3
3,100,50,-50,0,1,C,3
4,1,100,-0,100,0,A,3
4,2,100,-0,100,0,A,3
4,3,100,-150,-50,1,A,3
4,4,50,-0,50,0,C,3
4,5,50,-0,50,0,C,3
4,6,50,-50,0,1,C,3
4,7,100,-0,100,0,B,3
4,8,100,-0,100,0,B,3
4,9,100,-0,100,0,B,3
4,10,100,-0,100,0,B,3
4,11,100,-0,100,0,B,3
4,12,100,-0,100,0,B,3
4,13,100,-0,100,0,B,3
4,14,100,-0,100,0,B,3
4,15,100,-1250,-1150,1,B,3
4,16,50,-0,50,0,D,3
4,17,50,-0,50,0,D,3
4,18,50,-0,50,0,D,3
4,19,50,-0,50,0,D,3
4,20,50,-0,50,0,D,3
4,21,50,-0,50,0,D,3
4,22,100,-0,100,0,B,3
4,23,100,-0,100,0,B,3
4,24,100,-0,100,0,B,3
4,25,100,-0,100,0,B,3
4,26,100,-0,100,0,A,3
4,27,100,-300,-200,1,A,3
4,28,50,-0,50,0,D,3
4,29,50,-0,50,0,D,3
4,30,50,-0,50,0,D,3
4,31,100,-1250,-1150,1,B,3
4,32,100,-0,100,0,B,3
4,33,100,-0,100,0,B,3
4,34,100,-0,100,0,B,3
4,35,100,-0,100,0,B,3
4,36,100,-0,100,0,A,3
4,37,100,-200,-100,1,A,3
4,38,50,-250,-200,1,D,3
4,39,50,-0,50,0,D,3
4,40,50,-0,50,0,D,3
4,41,50,-0,50,0,D,3
4,42,50,-0,50,0,D,3
4,43,50,-0,50,0,D,3
4,44,50,-0,50,0,C,3
4,45,50,-50,0,1,C,3
4,46,50,-0,50,0,C,3
4,47,50,-50,0,1,C,3
4,48,50,-0,50,0,C,3
4,49,50,-50,0,1,C,3
4,50,50,-50,0,1,C,3
4,51,50,-0,50,0,C,3
4,52,50,-25,25,1,C,3
4,53,50,-75,-25,1,C,3
4,54,50,-0,50,0,C,3
4,55,50,-0,50,0,C,3
4,56,50,-0,50,0,C,3
4,57,100,-0,100,0,A,3
4,58,100,-250,-150,1,A,3
4,59,50,-25,25,1,C,3
4,60,50,-75,-25,1,C,3
4,61,50,-0,50,0,C,3
4,62,100,-350,-250,1,A,3
4,63,50,-50,0,1,C,3
4,64,50,-0,50,0,C,3
4,65,50,-0,50,0,C,3
4,66,50,-0,50,0,C,3
4,67,50,-50,0,1,C,3
4,68,50,-25,25,1,C,3
4,69,50,-50,0,1,C,3
4,70,50,-0,50,0,C,3
4,71,50,-0,50,0,C,3
4,72,100,-0,100,0,A,3
4,73,100,-350,-250,1,A,3
4,74,50,-75,-25,1,C,3
4,75,50,-50,0,1,C,3
4,76,50,-0,50,0,C,3
4,77,50,-0,50,0,C,3
4,78,50,-0,50,0,C,3
4,79,50,-0,50,0,D,3
4,80,50,-0,50,0,D,3
4,81,50,-0,50,0,D,3
4,82,50,-0,50,0,D,3
4,83,50,-250,-200,1,D,3
4,84,50,-0,50,0,D,3
4,85,50,-0,50,0,D,3
4,86,50,-0,50,0,D,3
4,87,50,-0,50,0,D,3
4,88,50,-0,50,0,D,3
4,89,50,-0,50,0,D,3
4,90,50,-0,50,0,D,3
4,91,50,-0,50,0,D,3
4,92,50,-250,-200,1,D,3
4,93,50,-0,50,0,D,3
4,94,50,-0,50,0,D,3
4,95,50,-0,50,0,D,3
4,96,50,-0,50,0,D,3
4,97,50,-0,50,0,D,3
4,98,50,-250,-200,1,D,3
4,99,50,-0,50,0,D,3
4,100,50,-0,50,0,D,3
5,1,100,-0,100,0,B,1
5,2,100,-0,100,0,A,1
5,3,50,-0,50,0,C,1
5,4,50,-0,50,0,D,1
5,5,100,-0,100,0,A,1
5,6,100,-0,100,0,B,1
5,7,50,-0,50,0,D,1
5,8,100,-150,-50,1,A,1
5,9,50,-0,50,0,C,1
5,10,50,-0,50,0,D,1
5,11,100,-0,100,0,B,1
5,12,50,-0,50,0,D,1
5,13,50,-50,0,1,C,1
5,14,100,-0,100,0,B,1
5,15,100,-0,100,0,A,1
5,16,100,-0,100,0,B,1
5,17,100,-300,-200,1,A,1
5,18,100,-0,100,0,B,1
5,19,100,-0,100,0,B,1
5,20,50,-0,50,0,D,1
5,21,100,-0,100,0,A,1
5,22,100,-0,100,0,B,1
5,23,50,-0,50,0,D,1
5,24,50,-0,50,0,C,1
5,25,100,-200,-100,1,A,1
5,26,100,-1250,-1150,1,B,1
5,27,50,-0,50,0,D,1
5,28,50,-50,0,1,C,1
5,29,50,-0,50,0,D,1
5,30,100,-0,100,0,B,1
5,31,100,-0,100,0,A,1
5,32,100,-0,100,0,B,1
5,33,50,-0,50,0,D,1
5,34,50,-0,50,0,C,1
5,35,100,-250,-150,1,A,1
5,36,100,-0,100,0,B,1
5,37,50,-250,-200,1,D,1
5,38,100,-0,100,0,B,1
5,39,50,-50,0,1,C,1
5,40,100,-1250,-1150,1,B,1
5,41,100,-0,100,0,B,1
5,42,50,-0,50,0,D,1
5,43,100,-350,-250,1,A,1
5,44,100,-0,100,0,B,1
5,45,50,-0,50,0,D,1
5,46,50,-0,50,0,C,1
5,47,50,-0,50,0,D,1
5,48,100,-0,100,0,B,1
5,49,100,-0,100,0,B,1
5,50,50,-0,50,0,D,1
5,51,100,-0,100,0,A,1
5,52,100,-0,100,0,B,1
5,53,50,-0,50,0,D,1
5,54,50,-50,0,1,C,1
5,55,100,-350,-250,1,A,1
5,56,100,-0,100,0,B,1
5,57,50,-0,50,0,D,1
5,58,50,-50,0,1,C,1
5,59,100,-0,100,0,A,1
5,60,100,-1250,-1150,1,B,1
5,61,100,-250,-150,1,A,1
5,62,100,-0,100,0,B,1
5,63,50,-0,50,0,D,1
5,64,50,-0,50,0,C,1
5,65,100,-0,100,0,B,1
5,66,100,-200,-100,1,A,1
5,67,100,-0,100,0,B,1
5,68,50,-0,50,0,D,1
5,69,50,-0,50,0,D,1
5,70,50,-250,-200,1,D,1
5,71,100,-0,100,0,B,1
5,72,100,-0,100,0,B,1
5,73,50,-0,50,0,D,1
5,74,100,-0,100,0,B,1
5,75,100,-0,100,0,A,1
5,76,50,-0,50,0,D,1
5,77,50,-25,25,1,C,1
5,78,100,-300,-200,1,A,1
5,79,100,-0,100,0,B,1
5,80,100,-0,100,0,B,1
5,81,100,-150,-50,1,A,1
5,82,100,-0,100,0,B,1
5,83,50,-0,50,0,D,1
5,84,100,-0,100,0,B,1
5,85,100,-1250,-1150,1,B,1
5,86,50,-75,-25,1,C,1
5,87,100,-0,100,0,A,1
5,88,50,-0,50,0,D,1
5,89,100,-0,100,0,A,1
5,90,50,-0,50,0,D,1
5,91,100,-0,100,0,A,1
5,92,100,-0,100,0,B,1
5,93,50,-0,50,0,D,1
5,94,100,-0,100,0,B,1
5,95,100,-0,100,0,B,1
5,96,50,-0,50,0,C,1
5,97,50,-0,50,0,D,1
5,98,100,-300,-200,1,A,1
5,99,100,-0,100,0,B,1
5,100,50,-0,50,0,D,1
6,1,50,-0,50,0,D,3
6,2,100,-0,100,0,B,3
6,3,50,-0,50,0,D,3
6,4,100,-0,100,0,B,3
6,5,100,-0,100,0,A,3
6,6,50,-0,50,0,C,3
6,7,100,-0,100,0,B,3
6,8,100,-0,100,0,A,3
6,9,100,-0,100,0,B,3
6,10,100,-150,-50,1,A,3
6,11,100,-0,100,0,B,3
6,12,50,-0,50,0,D,3
6,13,100,-0,100,0,B,3
6,14,100,-0,100,0,B,3
6,15,100,-0,100,0,B,3
6,16,100,-1250,-1150,1,B,3
6,17,50,-0,50,0,D,3
6,18,50,-0,50,0,C,3
6,19,50,-0,50,0,D,3
6,20,50,-50,0,1,C,3
6,21,50,-0,50,0,D,3
6,22,100,-0,100,0,A,3
6,23,50,-0,50,0,D,3
6,24,50,-0,50,0,C,3
6,25,100,-0,100,0,B,3
6,26,50,-0,50,0,D,3
6,27,100,-300,-200,1,A,3
6,28,100,-0,100,0,B,3
6,29,50,-0,50,0,D,3
6,30,50,-50,0,1,C,3
6,31,50,-250,-200,1,D,3
6,32,100,-0,100,0,A,3
6,33,50,-0,50,0,C,3
6,34,50,-50,0,1,C,3
6,35,50,-0,50,0,D,3
6,36,50,-0,50,0,C,3
6,37,100,-200,-100,1,A,3
6,38,50,-0,50,0,D,3
6,39,50,-50,0,1,C,3
6,40,50,-50,0,1,C,3
6,41,50,-0,50,0,D,3
6,42,50,-0,50,0,C,3
6,43,100,-0,100,0,B,3
6,44,50,-25,25,1,C,3
6,45,50,-0,50,0,D,3
6,46,100,-0,100,0,A,3
6,47,50,-75,-25,1,C,3
6,48,50,-0,50,0,D,3
6,49,100,-250,-150,1,A,3
6,50,50,-0,50,0,C,3
6,51,50,-0,50,0,D,3
6,52,50,-0,50,0,C,3
6,53,100,-0,100,0,B,3
6,54,50,-0,50,0,C,3
6,55,50,-0,50,0,D,3
6,56,100,-350,-250,1,A,3
6,57,50,-0,50,0,D,3
6,58,50,-25,25,1,C,3
6,59,50,-75,-25,1,C,3
6,60,50,-0,50,0,D,3
6,61,50,-250,-200,1,D,3
6,62,50,-0,50,0,C,3
6,63,100,-1250,-1150,1,B,3
6,64,50,-0,50,0,D,3
6,65,100,-0,100,0,A,3
6,66,50,-50,0,1,C,3
6,67,100,-0,100,0,B,3
6,68,50,-0,50,0,D,3
6,69,50,-0,50,0,C,3
6,70,100,-350,-250,1,A,3
6,71,50,-0,50,0,D,3
6,72,50,-0,50,0,C,3
6,73,50,-0,50,0,D,3
6,74,50,-0,50,0,C,3
6,75,100,-0,100,0,A,3
6,76,50,-0,50,0,D,3
6,77,50,-50,0,1,C,3
6,78,50,-25,25,1,C,3
6,79,50,-0,50,0,D,3
6,80,50,-50,0,1,C,3
6,81,100,-0,100,0,B,3
6,82,50,-0,50,0,C,3
6,83,50,-0,50,0,D,3
6,84,50,-0,50,0,C,3
6,85,50,-0,50,0,D,3
6,86,50,-75,-25,1,C,3
6,87,100,-250,-150,1,A,3
6,88,50,-250,-200,1,D,3
6,89,50,-50,0,1,C,3
6,90,100,-200,-100,1,A,3
6,91,50,-0,50,0,D,3
6,92,50,-0,50,0,C,3
6,93,100,-0,100,0,A,3
6,94,50,-0,50,0,D,3
6,95,50,-0,50,0,C,3
6,96,50,-0,50,0,D,3
6,97,50,-0,50,0,C,3
6,98,50,-0,50,0,D,3
6,99,50,-25,25,1,C,3
6,100,50,-25,25,1,C,3
7,1,50,-0,50,0,D,1
7,2,50,-0,50,0,C,1
7,3,50,-0,50,0,D,1
7,4,50,-0,50,0,C,1
7,5,50,-0,50,0,D,1
7,6,50,-50,0,1,C,1
7,7,50,-0,50,0,D,1
7,8,100,-0,100,0,A,1
7,9,100,-0,100,0,A,1
7,10,100,-0,100,0,B,1
7,11,100,-150,-50,1,A,1
7,12,100,-0,100,0,B,1
7,13,50,-0,50,0,D,1
7,14,100,-0,100,0,B,1
7,15,50,-0,50,0,C,1
7,16,100,-0,100,0,B,1
7,17,100,-0,100,0,B,1
7,18,100,-0,100,0,B,1
7,19,100,-0,100,0,B,1
7,20,100,-0,100,0,B,1
7,21,50,-0,50,0,D,1
7,22,100,-1250,-1150,1,B,1
7,23,100,-0,100,0,A,1
7,24,50,-50,0,1,C,1
7,25,50,-0,50,0,D,1
7,26,100,-300,-200,1,A,1
7,27,50,-0,50,0,D,1
7,28,50,-0,50,0,D,1
7,29,50,-250,-200,1,D,1
7,30,50,-0,50,0,C,1
7,31,100,-0,100,0,B,1
7,32,50,-0,50,0,D,1
7,33,100,-0,100,0,B,1
7,34,100,-0,100,0,B,1
7,35,100,-0,100,0,A,1
7,36,100,-200,-100,1,A,1
7,37,100,-0,100,0,B,1
7,38,50,-50,0,1,C,1
7,39,100,-1250,-1150,1,B,1
7,40,50,-0,50,0,D,1
7,41,50,-0,50,0,D,1
7,42,50,-0,50,0,C,1
7,43,100,-0,100,0,B,1
7,44,100,-0,100,0,A,1
7,45,100,-0,100,0,B,1
7,46,100,-250,-150,1,A,1
7,47,100,-0,100,0,B,1
7,48,100,-0,100,0,B,1
7,49,100,-0,100,0,B,1
7,50,100,-0,100,0,B,1
7,51,100,-350,-250,1,A,1
7,52,50,-0,50,0,D,1
7,53,100,-1250,-1150,1,B,1
7,54,50,-50,0,1,C,1
7,55,50,-0,50,0,D,1
7,56,50,-0,50,0,D,1
7,57,50,-0,50,0,D,1
7,58,50,-0,50,0,D,1
7,59,100,-0,100,0,B,1
7,60,100,-0,100,0,B,1
7,61,100,-0,100,0,B,1
7,62,100,-0,100,0,B,1
7,63,100,-0,100,0,B,1
7,64,50,-0,50,0,D,1
7,65,100,-0,100,0,B,1
7,66,100,-0,100,0,B,1
7,67,50,-50,0,1,C,1
7,68,50,-250,-200,1,D,1
7,69,100,-0,100,0,B,1
7,70,100,-0,100,0,B,1
7,71,50,-0,50,0,D,1
7,72,100,-0,100,0,B,1
7,73,100,-0,100,0,A,1
7,74,100,-1250,-1150,1,B,1
7,75,50,-0,50,0,D,1
7,76,100,-350,-250,1,A,1
7,77,50,-0,50,0,D,1
7,78,50,-0,50,0,C,1
7,79,50,-0,50,0,D,1
7,80,50,-0,50,0,D,1
7,81,50,-0,50,0,D,1
7,82,50,-0,50,0,D,1
7,83,100,-0,100,0,B,1
7,84,100,-0,100,0,B,1
7,85,100,-0,100,0,B,1
7,86,100,-0,100,0,A,1
7,87,50,-0,50,0,D,1
7,88,100,-0,100,0,B,1
7,89,100,-0,100,0,B,1
7,90,100,-250,-150,1,A,1
7,91,50,-250,-200,1,D,1
7,92,100,-0,100,0,B,1
7,93,100,-0,100,0,B,1
7,94,100,-0,100,0,B,1
7,95,100,-200,-100,1,A,1
7,96,50,-25,25,1,C,1
7,97,100,-0,100,0,B,1
7,98,100,-0,100,0,B,1
7,99,100,-0,100,0,B,1
7,100,100,-0,100,0,B,1
8,1,50,-0,50,0,C,3
8,2,50,-0,50,0,D,3
8,3,50,-0,50,0,C,3
8,4,100,-0,100,0,A,3
8,5,100,-0,100,0,B,3
8,6,100,-0,100,0,A,3
8,7,100,-0,100,0,B,3
8,8,50,-50,0,1,C,3
8,9,100,-150,-50,1,A,3
8,10,50,-0,50,0,D,3
8,11,50,-0,50,0,D,3
8,12,100,-0,100,0,B,3
8,13,100,-0,100,0,B,3
8,14,100,-0,100,0,A,3
8,15,50,-0,50,0,D,3
8,16,100,-300,-200,1,A,3
8,17,100,-0,100,0,B,3
8,18,100,-0,100,0,B,3
8,19,50,-0,50,0,D,3
8,20,100,-0,100,0,B,3
8,21,50,-0,50,0,C,3
8,22,100,-0,100,0,A,3
8,23,50,-50,0,1,C,3
8,24,100,-0,100,0,B,3
8,25,100,-1250,-1150,1,B,3
8,26,100,-0,100,0,B,3
8,27,50,-0,50,0,D,3
8,28,100,-200,-100,1,A,3
8,29,50,-0,50,0,C,3
8,30,50,-50,0,1,C,3
8,31,50,-0,50,0,C,3
8,32,50,-0,50,0,D,3
8,33,100,-0,100,0,A,3
8,34,100,-0,100,0,B,3
8,35,50,-50,0,1,C,3
8,36,50,-50,0,1,C,3
8,37,50,-0,50,0,C,3
8,38,50,-0,50,0,D,3
8,39,100,-0,100,0,B,3
8,40,100,-0,100,0,B,3
8,41,50,-25,25,1,C,3
8,42,50,-0,50,0,D,3
8,43,100,-250,-150,1,A,3
8,44,100,-350,-250,1,A,3
8,45,100,-1250,-1150,1,B,3
8,46,100,-0,100,0,B,3
8,47,100,-0,100,0,B,3
8,48,100,-0,100,0,B,3
8,49,100,-0,100,0,B,3
8,50,50,-250,-200,1,D,3
8,51,50,-75,-25,1,C,3
8,52,50,-0,50,0,C,3
8,53,50,-0,50,0,D,3
8,54,50,-0,50,0,D,3
8,55,50,-0,50,0,C,3
8,56,100,-0,100,0,A,3
8,57,50,-0,50,0,D,3
8,58,50,-0,50,0,C,3
8,59,100,-350,-250,1,A,3
8,60,100,-0,100,0,A,3
8,61,50,-25,25,1,C,3
8,62,50,-0,50,0,D,3
8,63,50,-0,50,0,D,3
8,64,50,-0,50,0,D,3
8,65,50,-0,50,0,D,3
8,66,50,-0,50,0,D,3
8,67,50,-0,50,0,D,3
8,68,50,-250,-200,1,D,3
8,69,50,-0,50,0,D,3
8,70,50,-0,50,0,D,3
8,71,50,-0,50,0,D,3
8,72,50,-75,-25,1,C,3
8,73,50,-0,50,0,C,3
8,74,50,-50,0,1,C,3
8,75,100,-250,-150,1,A,3
8,76,100,-200,-100,1,A,3
8,77,100,-0,100,0,A,3
8,78,50,-0,50,0,D,3
8,79,50,-0,50,0,C,3
8,80,50,-0,50,0,C,3
8,81,50,-0,50,0,C,3
8,82,50,-50,0,1,C,3
8,83,50,-25,25,1,C,3
8,84,50,-0,50,0,D,3
8,85,50,-50,0,1,C,3
8,86,50,-0,50,0,C,3
8,87,100,-300,-200,1,A,3
8,88,50,-0,50,0,D,3
8,89,50,-0,50,0,C,3
8,90,50,-75,-25,1,C,3
8,91,50,-50,0,1,C,3
8,92,50,-0,50,0,C,3
8,93,50,-0,50,0,C,3
8,94,50,-0,50,0,C,3
8,95,50,-25,25,1,C,3
8,96,50,-25,25,1,C,3
8,97,50,-0,50,0,C,3
8,98,50,-75,-25,1,C,3
8,99,50,-0,50,0,C,3
8,100,50,-50,0,1,C,3
9,1,100,-0,100,0,A,2
9,2,50,-0,50,0,C,2
9,3,50,-0,50,0,C,2
9,4,100,-0,100,0,A,2
9,5,100,-0,100,0,B,2
9,6,50,-50,0,1,C,2
9,7,50,-0,50,0,D,2
9,8,100,-150,-50,1,A,2
9,9,100,-0,100,0,B,2
9,10,50,-0,50,0,C,2
9,11,100,-0,100,0,A,2
9,12,100,-300,-200,1,A,2
9,13,100,-0,100,0,B,2
9,14,50,-50,0,1,C,2
9,15,100,-0,100,0,B,2
9,16,50,-0,50,0,C,2
9,17,100,-0,100,0,A,2
9,18,50,-0,50,0,D,2
9,19,100,-0,100,0,B,2
9,20,100,-200,-100,1,A,2
9,21,50,-50,0,1,C,2
9,22,100,-0,100,0,B,2
9,23,50,-0,50,0,D,2
9,24,50,-0,50,0,C,2
9,25,100,-0,100,0,B,2
9,26,100,-0,100,0,A,2
9,27,50,-50,0,1,C,2
9,28,100,-0,100,0,B,2
9,29,50,-0,50,0,D,2
9,30,100,-1250,-1150,1,B,2
9,31,100,-250,-150,1,A,2
9,32,50,-50,0,1,C,2
9,33,50,-0,50,0,D,2
9,34,100,-0,100,0,B,2
9,35,50,-0,50,0,D,2
9,36,100,-350,-250,1,A,2
9,37,100,-0,100,0,B,2
9,38,50,-0,50,0,D,2
9,39,50,-0,50,0,D,2
9,40,100,-0,100,0,B,2
9,41,50,-0,50,0,D,2
9,42,50,-0,50,0,C,2
9,43,100,-0,100,0,B,2
9,44,50,-25,25,1,C,2
9,45,50,-250,-200,1,D,2
9,46,100,-0,100,0,A,2
9,47,50,-75,-25,1,C,2
9,48,100,-1250,-1150,1,B,2
9,49,100,-350,-250,1,A,2
9,50,50,-0,50,0,C,2
9,51,50,-0,50,0,C,2
9,52,100,-0,100,0,A,2
9,53,100,-250,-150,1,A,2
9,54,50,-0,50,0,D,2
9,55,50,-0,50,0,C,2
9,56,100,-200,-100,1,A,2
9,57,50,-25,25,1,C,2
9,58,100,-0,100,0,B,2
9,59,50,-75,-25,1,C,2
9,60,50,-0,50,0,D,2
9,61,50,-0,50,0,C,2
9,62,50,-0,50,0,D,2
9,63,50,-50,0,1,C,2
9,64,100,-0,100,0,B,2
9,65,50,-0,50,0,D,2
9,66,50,-0,50,0,C,2
9,67,100,-0,100,0,B,2
9,68,100,-0,100,0,A,2
9,69,50,-0,50,0,D,2
9,70,50,-0,50,0,C,2
9,71,100,-300,-200,1,A,2
9,72,100,-0,100,0,B,2
9,73,100,-150,-50,1,A,2
9,74,50,-0,50,0,C,2
9,75,100,-0,100,0,B,2
9,76,50,-0,50,0,D,2
9,77,50,-50,0,1,C,2
9,78,50,-25,25,1,C,2
9,79,100,-0,100,0,B,2
9,80,50,-50,0,1,C,2
9,81,100,-0,100,0,A,2
9,82,100,-1250,-1150,1,B,2
9,83,50,-0,50,0,C,2
9,84,100,-0,100,0,A,2
9,85,50,-0,50,0,D,2
9,86,50,-0,50,0,C,2
9,87,50,-75,-25,1,C,2
9,88,50,-0,50,0,D,2
9,89,100,-0,100,0,A,2
9,90,50,-50,0,1,C,2
9,91,100,-300,-200,1,A,2
9,92,100,-0,100,0,B,2
9,93,50,-0,50,0,C,2
9,94,100,-0,100,0,B,2
9,95,50,-0,50,0,D,2
9,96,50,-0,50,0,C,2
9,97,100,-0,100,0,B,2
9,98,50,-250,-200,1,D,2
9,99,50,-0,50,0,C,2
9,100,100,-0,100,0,A,2
10,1,100,-0,100,0,B,1
10,2,100,-0,100,0,B,1
10,3,100,-0,100,0,B,1
10,4,100,-0,100,0,B,1
10,5,100,-0,100,0,B,1
10,6,100,-0,100,0,A,1
10,7,100,-0,100,0,A,1
10,8,100,-0,100,0,B,1
10,9,100,-150,-50,1,A,1
10,10,100,-0,100,0,B,1
10,11,50,-0,50,0,C,1
10,12,100,-0,100,0,B,1
10,13,100,-0,100,0,A,1
10,14,50,-0,50,0,D,1
10,15,100,-1250,-1150,1,B,1
10,16,100,-300,-200,1,A,1
10,17,50,-0,50,0,C,1
10,18,50,-50,0,1,C,1
10,19,50,-0,50,0,D,1
10,20,100,-0,100,0,B,1
10,21,100,-0,100,0,B,1
10,22,100,-0,100,0,B,1
10,23,100,-0,100,0,B,1
10,24,100,-1250,-1150,1,B,1
10,25,100,-0,100,0,A,1
10,26,100,-200,-100,1,A,1
10,27,50,-0,50,0,C,1
10,28,50,-50,0,1,C,1
10,29,50,-0,50,0,C,1
10,30,50,-0,50,0,D,1
10,31,50,-50,0,1,C,1
10,32,50,-0,50,0,D,1
10,33,100,-0,100,0,A,1
10,34,100,-0,100,0,B,1
10,35,100,-250,-150,1,A,1
10,36,50,-0,50,0,D,1
10,37,50,-0,50,0,D,1
10,38,50,-0,50,0,D,1
10,39,100,-0,100,0,B,1
10,40,100,-0,100,0,B,1
10,41,100,-350,-250,1,A,1
10,42,50,-0,50,0,D,1
10,43,100,-0,100,0,B,1
10,44,50,-0,50,0,C,1
10,45,100,-0,100,0,B,1
10,46,50,-0,50,0,D,1
10,47,100,-0,100,0,B,1
10,48,100,-1250,-1150,1,B,1
10,49,50,-250,-200,1,D,1
10,50,100,-0,100,0,A,1
10,51,50,-50,0,1,C,1
10,52,100,-0,100,0,B,1
10,53,100,-0,100,0,B,1
10,54,100,-0,100,0,B,1
10,55,100,-0,100,0,B,1
10,56,100,-0,100,0,B,1
10,57,100,-0,100,0,B,1
10,58,100,-0,100,0,B,1
10,59,100,-0,100,0,B,1
10,60,100,-0,100,0,B,1
10,61,100,-0,100,0,B,1
10,62,100,-1250,-1150,1,B,1
10,63,100,-0,100,0,B,1
10,64,100,-0,100,0,B,1
10,65,100,-0,100,0,B,1
10,66,100,-0,100,0,B,1
10,67,100,-0,100,0,B,1
10,68,100,-0,100,0,B,1
10,69,50,-0,50,0,D,1
10,70,50,-0,50,0,D,1
10,71,50,-0,50,0,D,1
10,72,100,-350,-250,1,A,1
10,73,50,-50,0,1,C,1
10,74,50,-0,50,0,D,1
10,75,100,-0,100,0,B,1
10,76,100,-0,100,0,B,1
10,77,50,-0,50,0,D,1
10,78,50,-0,50,0,D,1
10,79,50,-0,50,0,D,1
10,80,50,-0,50,0,D,1
10,81,50,-0,50,0,D,1
10,82,50,-250,-200,1,D,1
10,83,50,-0,50,0,D,1
10,84,50,-0,50,0,D,1
10,85,50,-0,50,0,D,1
10,86,50,-0,50,0,D,1
10,87,50,-0,50,0,D,1
10,88,50,-0,50,0,D,1
10,89,50,-0,50,0,D,1
10,90,50,-0,50,0,D,1
10,91,50,-250,-200,1,D,1
10,92,50,-0,50,0,C,1
10,93,50,-25,25,1,C,1
10,94,50,-75,-25,1,C,1
10,95,100,-0,100,0,B,1
10,96,100,-0,100,0,B,1
10,97,100,-0,100,0,B,1
10,98,50,-0,50,0,D,1
10,99,50,-0,50,0,D,1
10,100,50,-0,50,0,D,1
11,1,50,-0,50,0,C,2
11,2,100,-0,100,0,A,2
11,3,50,-0,50,0,D,2
11,4,50,-0,50,0,C,2
11,5,100,-0,100,0,B,2
11,6,100,-0,100,0,A,2
11,7,100,-0,100,0,B,2
11,8,50,-0,50,0,D,2
11,9,100,-150,-50,1,A,2
11,10,100,-0,100,0,A,2
11,11,100,-0,100,0,B,2
11,12,50,-50,0,1,C,2
11,13,50,-0,50,0,D,2
11,14,100,-300,-200,1,A,2
11,15,100,-0,100,0,A,2
11,16,50,-0,50,0,C,2
11,17,100,-0,100,0,B,2
11,18,50,-50,0,1,C,2
11,19,50,-0,50,0,C,2
11,20,50,-0,50,0,D,2
11,21,50,-0,50,0,D,2
11,22,100,-0,100,0,B,2
11,23,100,-0,100,0,B,2
11,24,50,-50,0,1,C,2
11,25,50,-0,50,0,D,2
11,26,100,-200,-100,1,A,2
11,27,100,-0,100,0,A,2
11,28,100,-0,100,0,B,2
11,29,50,-0,50,0,D,2
11,30,100,-0,100,0,B,2
11,31,100,-250,-150,1,A,2
11,32,100,-350,-250,1,A,2
11,33,100,-0,100,0,A,2
11,34,50,-0,50,0,D,2
11,35,50,-0,50,0,C,2
11,36,100,-1250,-1150,1,B,2
11,37,50,-0,50,0,D,2
11,38,100,-0,100,0,B,2
11,39,100,-350,-250,1,A,2
11,40,50,-50,0,1,C,2
11,41,50,-250,-200,1,D,2
11,42,50,-50,0,1,C,2
11,43,100,-0,100,0,A,2
11,44,50,-0,50,0,D,2
11,45,50,-0,50,0,C,2
11,46,100,-0,100,0,B,2
11,47,50,-25,25,1,C,2
11,48,50,-0,50,0,D,2
11,49,100,-250,-150,1,A,2
11,50,100,-0,100,0,B,2
11,51,100,-0,100,0,B,2
11,52,50,-75,-25,1,C,2
11,53,50,-0,50,0,D,2
11,54,100,-200,-100,1,A,2
11,55,50,-0,50,0,D,2
11,56,50,-0,50,0,C,2
11,57,100,-1250,-1150,1,B,2
11,58,50,-0,50,0,D,2
11,59,50,-0,50,0,C,2
11,60,100,-0,100,0,B,2
11,61,50,-0,50,0,D,2
11,62,100,-0,100,0,B,2
11,63,50,-0,50,0,C,2
11,64,50,-0,50,0,D,2
11,65,100,-0,100,0,B,2
11,66,50,-0,50,0,D,2
11,67,50,-25,25,1,C,2
11,68,50,-0,50,0,D,2
11,69,100,-0,100,0,A,2
11,70,100,-0,100,0,B,2
11,71,100,-300,-200,1,A,2
11,72,50,-75,-25,1,C,2
11,73,100,-150,-50,1,A,2
11,74,100,-0,100,0,B,2
11,75,100,-0,100,0,B,2
11,76,50,-250,-200,1,D,2
11,77,100,-1250,-1150,1,B,2
11,78,50,-0,50,0,D,2
11,79,100,-0,100,0,A,2
11,80,50,-0,50,0,C,2
11,81,50,-0,50,0,D,2
11,82,100,-0,100,0,B,2
11,83,50,-0,50,0,D,2
11,84,50,-50,0,1,C,2
11,85,50,-0,50,0,D,2
11,86,100,-0,100,0,B,2
11,87,50,-0,50,0,D,2
11,88,100,-0,100,0,B,2
11,89,100,-0,100,0,B,2
11,90,50,-0,50,0,D,2
11,91,100,-0,100,0,A,2
11,92,100,-0,100,0,B,2
11,93,50,-0,50,0,D,2
11,94,100,-0,100,0,A,2
11,95,100,-0,100,0,B,2
11,96,50,-0,50,0,D,2
11,97,100,-300,-200,1,A,2
11,98,100,-0,100,0,B,2
11,99,50,-250,-200,1,D,2
11,100,50,-0,50,0,C,2
12,1,50,-0,50,0,C,3
12,2,50,-0,50,0,C,3
12,3,100,-0,100,0,B,3
12,4,100,-0,100,0,B,3
12,5,100,-0,100,0,B,3
12,6,100,-0,100,0,B,3
12,7,100,-0,100,0,B,3
12,8,100,-0,100,0,B,3
12,9,100,-0,100,0,B,3
12,10,100,-0,100,0,B,3
12,11,50,-0,50,0,D,3
12,12,100,-0,100,0,A,3
12,13,100,-0,100,0,A,3
12,14,100,-150,-50,1,A,3
12,15,50,-50,0,1,C,3
12,16,50,-0,50,0,D,3
12,17,100,-1250,-1150,1,B,3
12,18,50,-0,50,0,D,3
12,19,50,-0,50,0,D,3
12,20,50,-0,50,0,D,3
12,21,50,-0,50,0,C,3
12,22,100,-0,100,0,A,3
12,23,50,-50,0,1,C,3
12,24,100,-300,-200,1,A,3
12,25,50,-0,50,0,D,3
12,26,50,-0,50,0,D,3
12,27,50,-0,50,0,D,3
12,28,50,-0,50,0,D,3
12,29,50,-250,-200,1,D,3
12,30,50,-0,50,0,C,3
12,31,100,-0,100,0,B,3
12,32,100,-0,100,0,B,3
12,33,100,-0,100,0,B,3
12,34,50,-50,0,1,C,3
12,35,100,-0,100,0,B,3
12,36,100,-1250,-1150,1,B,3
12,37,50,-0,50,0,C,3
12,38,50,-0,50,0,D,3
12,39,50,-50,0,1,C,3
12,40,100,-0,100,0,A,3
12,41,50,-50,0,1,C,3
12,42,100,-200,-100,1,A,3
12,43,100,-0,100,0,B,3
12,44,100,-0,100,0,B,3
12,45,50,-0,50,0,D,3
12,46,50,-0,50,0,D,3
12,47,50,-0,50,0,C,3
12,48,50,-25,25,1,C,3
12,49,50,-0,50,0,D,3
12,50,50,-0,50,0,D,3
12,51,50,-75,-25,1,C,3
12,52,50,-0,50,0,D,3
12,53,50,-0,50,0,D,3
12,54,100,-0,100,0,A,3
12,55,50,-0,50,0,D,3
12,56,100,-250,-150,1,A,3
12,57,50,-0,50,0,D,3
12,58,50,-250,-200,1,D,3
12,59,100,-0,100,0,B,3
12,60,50,-0,50,0,C,3
12,61,50,-0,50,0,C,3
12,62,100,-0,100,0,B,3
12,63,50,-0,50,0,D,3
12,64,100,-350,-250,1,A,3
12,65,50,-0,50,0,C,3
12,66,50,-0,50,0,D,3
12,67,50,-25,25,1,C,3
12,68,100,-0,100,0,B,3
12,69,50,-75,-25,1,C,3
12,70,50,-0,50,0,D,3
12,71,50,-0,50,0,D,3
12,72,50,-0,50,0,C,3
12,73,100,-0,100,0,A,3
12,74,100,-0,100,0,B,3
12,75,50,-50,0,1,C,3
12,76,50,-0,50,0,D,3
12,77,100,-1250,-1150,1,B,3
12,78,50,-0,50,0,C,3
12,79,50,-0,50,0,D,3
12,80,50,-0,50,0,C,3
12,81,100,-0,100,0,B,3
12,82,100,-350,-250,1,A,3
12,83,100,-0,100,0,B,3
12,84,50,-0,50,0,D,3
12,85,50,-0,50,0,D,3
12,86,50,-0,50,0,C,3
12,87,50,-250,-200,1,D,3
12,88,50,-50,0,1,C,3
12,89,100,-0,100,0,B,3
12,90,100,-0,100,0,A,3
12,91,50,-0,50,0,D,3
12,92,50,-25,25,1,C,3
12,93,100,-250,-150,1,A,3
12,94,100,-0,100,0,B,3
12,95,50,-50,0,1,C,3
12,96,50,-0,50,0,D,3
12,97,50,-0,50,0,C,3
12,98,50,-0,50,0,D,3
12,99,50,-0,50,0,D,3
12,100,50,-0,50,0,C,3
13,1,100,-0,100,0,A,3
13,2,50,-0,50,0,C,3
13,3,100,-0,100,0,A,3
13,4,50,-0,50,0,C,3
13,5,100,-150,-50,1,A,3
13,6,100,-0,100,0,B,3
13,7,50,-50,0,1,C,3
13,8,50,-0,50,0,D,3
13,9,100,-0,100,0,A,3
13,10,100,-0,100,0,B,3
13,11,100,-0,100,0,B,3
13,12,50,-0,50,0,C,3
13,13,50,-0,50,0,D,3
13,14,100,-0,100,0,B,3
13,15,50,-50,0,1,C,3
13,16,100,-0,100,0,B,3
13,17,100,-300,-200,1,A,3
13,18,100,-0,100,0,B,3
13,19,50,-0,50,0,D,3
13,20,100,-0,100,0,A,3
13,21,50,-0,50,0,C,3
13,22,100,-0,100,0,B,3
13,23,50,-0,50,0,D,3
13,24,100,-0,100,0,B,3
13,25,100,-200,-100,1,A,3
13,26,50,-0,50,0,D,3
13,27,100,-1250,-1150,1,B,3
13,28,50,-0,50,0,D,3
13,29,50,-50,0,1,C,3
13,30,50,-0,50,0,D,3
13,31,50,-0,50,0,C,3
13,32,100,-0,100,0,A,3
13,33,50,-50,0,1,C,3
13,34,50,-0,50,0,D,3
13,35,100,-250,-150,1,A,3
13,36,100,-0,100,0,B,3
13,37,50,-0,50,0,D,3
13,38,50,-50,0,1,C,3
13,39,100,-0,100,0,B,3
13,40,50,-250,-200,1,D,3
13,41,100,-0,100,0,B,3
13,42,50,-0,50,0,D,3
13,43,100,-0,100,0,B,3
13,44,50,-0,50,0,D,3
13,45,50,-0,50,0,C,3
13,46,50,-0,50,0,D,3
13,47,100,-1250,-1150,1,B,3
13,48,50,-0,50,0,D,3
13,49,100,-0,100,0,B,3
13,50,50,-0,50,0,D,3
13,51,50,-0,50,0,D,3
13,52,100,-350,-250,1,A,3
13,53,50,-25,25,1,C,3
13,54,50,-0,50,0,D,3
13,55,50,-75,-25,1,C,3
13,56,100,-0,100,0,B,3
13,57,50,-0,50,0,D,3
13,58,50,-0,50,0,C,3
13,59,50,-0,50,0,D,3
13,60,100,-0,100,0,B,3
13,61,100,-0,100,0,B,3
13,62,50,-250,-200,1,D,3
13,63,50,-0,50,0,C,3
13,64,50,-0,50,0,D,3
13,65,50,-0,50,0,C,3
13,66,50,-0,50,0,D,3
13,67,100,-0,100,0,B,3
13,68,50,-25,25,1,C,3
13,69,50,-0,50,0,D,3
13,70,50,-75,-25,1,C,3
13,71,100,-0,100,0,A,3
13,72,50,-0,50,0,D,3
13,73,50,-0,50,0,C,3
13,74,50,-50,0,1,C,3
13,75,50,-0,50,0,D,3
13,76,100,-0,100,0,B,3
13,77,50,-0,50,0,D,3
13,78,50,-0,50,0,C,3
13,79,50,-0,50,0,D,3
13,80,50,-0,50,0,D,3
13,81,100,-350,-250,1,A,3
13,82,50,-250,-200,1,D,3
13,83,100,-1250,-1150,1,B,3
13,84,50,-0,50,0,C,3
13,85,50,-0,50,0,D,3
13,86,100,-0,100,0,B,3
13,87,50,-0,50,0,C,3
13,88,50,-0,50,0,D,3
13,89,50,-50,0,1,C,3
13,90,100,-0,100,0,A,3
13,91,50,-25,25,1,C,3
13,92,50,-0,50,0,D,3
13,93,100,-0,100,0,B,3
13,94,50,-0,50,0,D,3
13,95,100,-0,100,0,B,3
13,96,100,-250,-150,1,A,3
13,97,50,-0,50,0,D,3
13,98,50,-50,0,1,C,3
13,99,100,-0,100,0,B,3
13,100,50,-250,-200,1,D,3
14,1,50,-0,50,0,D,2
14,2,50,-0,50,0,C,2
14,3,100,-0,100,0,B,2
14,4,50,-0,50,0,D,2
14,5,100,-0,100,0,B,2
14,6,100,-0,100,0,B,2
14,7,100,-0,100,0,B,2
14,8,100,-0,100,0,B,2
14,9,100,-0,100,0,B,2
14,10,100,-0,100,0,A,2
14,11,100,-0,100,0,B,2
14,12,100,-0,100,0,A,2
14,13,50,-0,50,0,C,2
14,14,50,-0,50,0,D,2
14,15,100,-0,100,0,B,2
14,16,100,-1250,-1150,1,B,2
14,17,100,-150,-50,1,A,2
14,18,100,-0,100,0,A,2
14,19,50,-50,0,1,C,2
14,20,50,-0,50,0,D,2
14,21,100,-300,-200,1,A,2
14,22,50,-0,50,0,D,2
14,23,100,-0,100,0,B,2
14,24,100,-0,100,0,A,2
14,25,50,-0,50,0,D,2
14,26,50,-0,50,0,C,2
14,27,100,-0,100,0,B,2
14,28,100,-200,-100,1,A,2
14,29,50,-0,50,0,D,2
14,30,50,-50,0,1,C,2
14,31,50,-0,50,0,D,2
14,32,100,-0,100,0,A,2
14,33,100,-0,100,0,B,2
14,34,100,-250,-150,1,A,2
14,35,50,-0,50,0,D,2
14,36,100,-0,100,0,B,2
14,37,50,-0,50,0,C,2
14,38,100,-350,-250,1,A,2
14,39,50,-250,-200,1,D,2
14,40,50,-50,0,1,C,2
14,41,50,-0,50,0,C,2
14,42,100,-1250,-1150,1,B,2
14,43,50,-0,50,0,D,2
14,44,100,-0,100,0,A,2
14,45,50,-50,0,1,C,2
14,46,100,-350,-250,1,A,2
14,47,50,-0,50,0,D,2
14,48,50,-0,50,0,D,2
14,49,50,-0,50,0,D,2
14,50,50,-0,50,0,D,2
14,51,50,-0,50,0,D,2
14,52,50,-50,0,1,C,2
14,53,100,-0,100,0,A,2
14,54,100,-250,-150,1,A,2
14,55,100,-0,100,0,B,2
14,56,50,-0,50,0,C,2
14,57,50,-0,50,0,D,2
14,58,50,-0,50,0,D,2
14,59,50,-0,50,0,D,2
14,60,50,-250,-200,1,D,2
14,61,50,-0,50,0,D,2
14,62,50,-25,25,1,C,2
14,63,100,-200,-100,1,A,2
14,64,50,-0,50,0,D,2
14,65,50,-0,50,0,D,2
14,66,100,-0,100,0,B,2
14,67,50,-75,-25,1,C,2
14,68,100,-0,100,0,A,2
14,69,50,-0,50,0,D,2
14,70,100,-0,100,0,B,2
14,71,100,-300,-200,1,A,2
14,72,50,-0,50,0,D,2
14,73,50,-0,50,0,D,2
14,74,100,-0,100,0,B,2
14,75,50,-0,50,0,C,2
14,76,100,-150,-50,1,A,2
14,77,50,-0,50,0,D,2
14,78,100,-0,100,0,B,2
14,79,100,-0,100,0,B,2
14,80,100,-1250,-1150,1,B,2
14,81,50,-0,50,0,C,2
14,82,100,-0,100,0,B,2
14,83,100,-0,100,0,B,2
14,84,50,-0,50,0,D,2
14,85,50,-250,-200,1,D,2
14,86,50,-0,50,0,C,2
14,87,50,-25,25,1,C,2
14,88,50,-0,50,0,D,2
14,89,50,-0,50,0,D,2
14,90,50,-75,-25,1,C,2
14,91,50,-0,50,0,D,2
14,92,100,-0,100,0,B,2
14,93,100,-0,100,0,B,2
14,94,50,-0,50,0,D,2
14,95,50,-0,50,0,C,2
14,96,50,-50,0,1,C,2
14,97,100,-0,100,0,A,2
14,98,100,-0,100,0,A,2
14,99,50,-0,50,0,D,2
14,100,100,-0,100,0,A,2
15,1,50,-0,50,0,D,2
15,2,50,-0,50,0,C,2
15,3,100,-0,100,0,B,2
15,4,100,-0,100,0,A,2
15,5,100,-0,100,0,B,2
15,6,50,-0,50,0,D,2
15,7,50,-0,50,0,C,2
15,8,100,-0,100,0,B,2
15,9,100,-0,100,0,A,2
15,10,50,-0,50,0,D,2
15,11,100,-0,100,0,B,2
15,12,50,-0,50,0,D,2
15,13,50,-50,0,1,C,2
15,14,100,-150,-50,1,A,2
15,15,100,-0,100,0,B,2
15,16,100,-0,100,0,B,2
15,17,50,-0,50,0,D,2
15,18,100,-0,100,0,B,2
15,19,50,-0,50,0,D,2
15,20,50,-0,50,0,C,2
15,21,100,-0,100,0,A,2
15,22,100,-0,100,0,B,2
15,23,50,-50,0,1,C,2
15,24,50,-0,50,0,D,2
15,25,100,-1250,-1150,1,B,2
15,26,100,-300,-200,1,A,2
15,27,50,-0,50,0,D,2
15,28,50,-0,50,0,C,2
15,29,50,-0,50,0,D,2
15,30,50,-50,0,1,C,2
15,31,100,-0,100,0,B,2
15,32,50,-250,-200,1,D,2
15,33,50,-0,50,0,C,2
15,34,100,-0,100,0,A,2
15,35,100,-0,100,0,B,2
15,36,50,-50,0,1,C,2
15,37,100,-200,-100,1,A,2
15,38,100,-0,100,0,B,2
15,39,50,-50,0,1,C,2
15,40,50,-0,50,0,D,2
15,41,100,-0,100,0,A,2
15,42,50,-0,50,0,C,2
15,43,50,-0,50,0,D,2
15,44,100,-0,100,0,B,2
15,45,100,-250,-150,1,A,2
15,46,50,-25,25,1,C,2
15,47,50,-0,50,0,D,2
15,48,100,-1250,-1150,1,B,2
15,49,100,-350,-250,1,A,2
15,50,50,-75,-25,1,C,2
15,51,100,-0,100,0,B,2
15,52,50,-0,50,0,D,2
15,53,50,-0,50,0,C,2
15,54,100,-0,100,0,A,2
15,55,100,-0,100,0,B,2
15,56,50,-0,50,0,D,2
15,57,50,-0,50,0,C,2
15,58,100,-350,-250,1,A,2
15,59,100,-0,100,0,B,2
15,60,50,-0,50,0,D,2
15,61,100,-0,100,0,B,2
15,62,50,-0,50,0,D,2
15,63,50,-0,50,0,C,2
15,64,100,-0,100,0,A,2
15,65,100,-0,100,0,B,2
15,66,50,-0,50,0,D,2
15,67,50,-25,25,1,C,2
15,68,100,-250,-150,1,A,2
15,69,100,-0,100,0,B,2
15,70,50,-0,50,0,D,2
15,71,100,-1250,-1150,1,B,2
15,72,100,-200,-100,1,A,2
15,73,50,-75,-25,1,C,2
15,74,50,-250,-200,1,D,2
15,75,100,-0,100,0,A,2
15,76,50,-0,50,0,C,2
15,77,50,-0,50,0,D,2
15,78,100,-0,100,0,B,2
15,79,100,-300,-200,1,A,2
15,80,50,-50,0,1,C,2
15,81,100,-0,100,0,B,2
15,82,50,-0,50,0,D,2
15,83,50,-0,50,0,D,2
15,84,100,-0,100,0,B,2
15,85,100,-0,100,0,B,2
15,86,100,-0,100,0,B,2
15,87,100,-0,100,0,B,2
15,88,100,-0,100,0,B,2
15,89,100,-0,100,0,B,2
15,90,100,-0,100,0,B,2
15,91,100,-150,-50,1,A,2
15,92,50,-0,50,0,C,2
15,93,50,-0,50,0,D,2
15,94,50,-0,50,0,C,2
15,95,50,-0,50,0,D,2
15,96,50,-0,50,0,C,2
15,97,50,-0,50,0,D,2
15,98,50,-50,0,1,C,2
15,99,50,-0,50,0,D,2
15,100,100,-0,100,0,B,2
16,1,50,-0,50,0,C,2
16,2,100,-0,100,0,A,2
16,3,100,-0,100,0,B,2
16,4,50,-0,50,0,C,2
16,5,100,-0,100,0,A,2
16,6,100,-150,-50,1,A,2
16,7,50,-0,50,0,D,2
16,8,50,-50,0,1,C,2
16,9,100,-0,100,0,A,2
16,10,100,-0,100,0,B,2
16,11,50,-0,50,0,C,2
16,12,100,-300,-200,1,A,2
16,13,100,-0,100,0,A,2
16,14,100,-0,100,0,B,2
16,15,50,-0,50,0,D,2
16,16,100,-200,-100,1,A,2
16,17,100,-0,100,0,B,2
16,18,50,-0,50,0,D,2
16,19,50,-50,0,1,C,2
16,20,50,-0,50,0,D,2
16,21,50,-0,50,0,C,2
16,22,100,-0,100,0,B,2
16,23,50,-0,50,0,D,2
16,24,100,-0,100,0,A,2
16,25,50,-50,0,1,C,2
16,26,50,-0,50,0,D,2
16,27,100,-0,100,0,B,2
16,28,50,-0,50,0,C,2
16,29,100,-0,100,0,B,2
16,30,100,-0,100,0,B,2
16,31,50,-50,0,1,C,2
16,32,100,-1250,-1150,1,B,2
16,33,50,-0,50,0,D,2
16,34,100,-250,-150,1,A,2
16,35,50,-50,0,1,C,2
16,36,50,-0,50,0,D,2
16,37,50,-0,50,0,D,2
16,38,50,-0,50,0,C,2
16,39,50,-250,-200,1,D,2
16,40,100,-0,100,0,B,2
16,41,50,-25,25,1,C,2
16,42,100,-350,-250,1,A,2
16,43,100,-0,100,0,B,2
16,44,50,-75,-25,1,C,2
16,45,50,-0,50,0,D,2
16,46,50,-0,50,0,C,2
16,47,100,-0,100,0,B,2
16,48,50,-0,50,0,D,2
16,49,50,-0,50,0,C,2
16,50,100,-0,100,0,A,2
16,51,100,-0,100,0,B,2
16,52,100,-1250,-1150,1,B,2
16,53,50,-0,50,0,D,2
16,54,100,-0,100,0,B,2
16,55,50,-0,50,0,C,2
16,56,50,-0,50,0,D,2
16,57,50,-25,25,1,C,2
16,58,100,-350,-250,1,A,2
16,59,50,-0,50,0,D,2
16,60,50,-75,-25,1,C,2
16,61,50,-0,50,0,C,2
16,62,50,-50,0,1,C,2
16,63,50,-0,50,0,D,2
16,64,100,-0,100,0,A,2
16,65,50,-0,50,0,D,2
16,66,50,-0,50,0,C,2
16,67,50,-0,50,0,C,2
16,68,100,-250,-150,1,A,2
16,69,100,-0,100,0,B,2
16,70,50,-0,50,0,C,2
16,71,50,-0,50,0,D,2
16,72,50,-50,0,1,C,2
16,73,50,-25,25,1,C,2
16,74,50,-0,50,0,D,2
16,75,100,-200,-100,1,A,2
16,76,100,-0,100,0,B,2
16,77,50,-250,-200,1,D,2
16,78,50,-50,0,1,C,2
16,79,100,-0,100,0,A,2
16,80,50,-0,50,0,C,2
16,81,50,-0,50,0,C,2
16,82,50,-0,50,0,D,2
16,83,50,-75,-25,1,C,2
16,84,50,-0,50,0,D,2
16,85,100,-0,100,0,B,2
16,86,50,-0,50,0,D,2
16,87,50,-50,0,1,C,2
16,88,100,-300,-200,1,A,2
16,89,100,-150,-50,1,A,2
16,90,100,-0,100,0,B,2
16,91,100,-0,100,0,A,2
16,92,50,-0,50,0,C,2
16,93,50,-0,50,0,D,2
16,94,50,-0,50,0,C,2
16,95,50,-0,50,0,D,2
16,96,100,-0,100,0,B,2
16,97,50,-0,50,0,C,2
16,98,50,-0,50,0,D,2
16,99,100,-1250,-1150,1,B,2
16,100,100,-0,100,0,A,2
17,1,50,-0,50,0,C,2
17,2,100,-0,100,0,B,2
17,3,50,-0,50,0,C,2
17,4,100,-0,100,0,B,2
17,5,100,-0,100,0,B,2
17,6,100,-0,100,0,A,2
17,7,50,-0,50,0,D,2
17,8,50,-50,0,1,C,2
17,9,100,-0,100,0,A,2
17,10,100,-0,100,0,B,2
17,11,100,-0,100,0,B,2
17,12,100,-150,-50,1,A,2
17,13,50,-0,50,0,D,2
17,14,50,-0,50,0,C,2
17,15,100,-0,100,0,B,2
17,16,100,-0,100,0,B,2
17,17,50,-50,0,1,C,2
17,18,50,-0,50,0,D,2
17,19,100,-0,100,0,B,2
17,20,100,-1250,-1150,1,B,2
17,21,50,-0,50,0,C,2
17,22,100,-0,100,0,A,2
17,23,50,-0,50,0,D,2
17,24,100,-300,-200,1,A,2
17,25,50,-0,50,0,D,2
17,26,50,-50,0,1,C,2
17,27,50,-0,50,0,D,2
17,28,100,-0,100,0,B,2
17,29,100,-0,100,0,B,2
17,30,100,-0,100,0,B,2
17,31,50,-0,50,0,C,2
17,32,50,-0,50,0,D,2
17,33,100,-0,100,0,B,2
17,34,100,-0,100,0,A,2
17,35,100,-1250,-1150,1,B,2
17,36,50,-0,50,0,D,2
17,37,50,-50,0,1,C,2
17,38,100,-200,-100,1,A,2
17,39,50,-0,50,0,D,2
17,40,50,-250,-200,1,D,2
17,41,50,-0,50,0,D,2
17,42,100,-0,100,0,A,2
17,43,100,-250,-150,1,A,2
17,44,100,-0,100,0,B,2
17,45,50,-50,0,1,C,2
17,46,50,-0,50,0,D,2
17,47,100,-350,-250,1,A,2
17,48,100,-0,100,0,A,2
17,49,100,-0,100,0,B,2
17,50,50,-0,50,0,C,2
17,51,100,-0,100,0,B,2
17,52,50,-0,50,0,D,2
17,53,100,-0,100,0,B,2
17,54,50,-25,25,1,C,2
17,55,100,-350,-250,1,A,2
17,56,100,-0,100,0,A,2
17,57,100,-0,100,0,B,2
17,58,50,-75,-25,1,C,2
17,59,100,-250,-150,1,A,2
17,60,50,-0,50,0,D,2
17,61,50,-0,50,0,C,2
17,62,100,-0,100,0,B,2
17,63,100,-200,-100,1,A,2
17,64,50,-0,50,0,D,2
17,65,50,-0,50,0,C,2
17,66,50,-0,50,0,D,2
17,67,50,-0,50,0,C,2
17,68,100,-1250,-1150,1,B,2
17,69,50,-0,50,0,D,2
17,70,100,-0,100,0,A,2
17,71,50,-0,50,0,D,2
17,72,50,-25,25,1,C,2
17,73,50,-75,-25,1,C,2
17,74,100,-300,-200,1,A,2
17,75,100,-0,100,0,B,2
17,76,100,-150,-50,1,A,2
17,77,50,-0,50,0,C,2
17,78,50,-0,50,0,D,2
17,79,50,-250,-200,1,D,2
17,80,100,-0,100,0,A,2
17,81,100,-0,100,0,B,2
17,82,50,-50,0,1,C,2
17,83,50,-0,50,0,D,2
17,84,50,-0,50,0,D,2
17,85,100,-0,100,0,B,2
17,86,100,-0,100,0,A,2
17,87,50,-0,50,0,C,2
17,88,50,-0,50,0,D,2
17,89,100,-0,100,0,B,2
17,90,100,-0,100,0,A,2
17,91,100,-300,-200,1,A,2
17,92,100,-0,100,0,A,2
17,93,100,-0,100,0,B,2
17,94,50,-0,50,0,C,2
17,95,50,-0,50,0,D,2
17,96,100,-0,100,0,B,2
17,97,100,-350,-250,1,A,2
17,98,50,-0,50,0,D,2
17,99,50,-0,50,0,C,2
17,100,100,-0,100,0,B,2
18,1,50,-0,50,0,D,3
18,2,50,-0,50,0,C,3
18,3,100,-0,100,0,A,3
18,4,50,-0,50,0,C,3
18,5,100,-0,100,0,B,3
18,6,50,-50,0,1,C,3
18,7,100,-0,100,0,A,3
18,8,50,-0,50,0,C,3
18,9,50,-0,50,0,D,3
18,10,100,-0,100,0,B,3
18,11,50,-50,0,1,C,3
18,12,100,-150,-50,1,A,3
18,13,100,-0,100,0,B,3
18,14,100,-0,100,0,B,3
18,15,100,-0,100,0,B,3
18,16,100,-0,100,0,B,3
18,17,100,-0,100,0,B,3
18,18,50,-0,50,0,C,3
18,19,100,-0,100,0,B,3
18,20,50,-0,50,0,D,3
18,21,50,-0,50,0,D,3
18,22,100,-1250,-1150,1,B,3
18,23,50,-50,0,1,C,3
18,24,50,-0,50,0,D,3
18,25,100,-0,100,0,A,3
18,26,50,-0,50,0,D,3
18,27,50,-0,50,0,C,3
18,28,50,-50,0,1,C,3
18,29,100,-0,100,0,B,3
18,30,50,-0,50,0,D,3
18,31,50,-0,50,0,D,3
18,32,50,-50,0,1,C,3
18,33,100,-300,-200,1,A,3
18,34,100,-0,100,0,B,3
18,35,50,-0,50,0,D,3
18,36,50,-0,50,0,C,3
18,37,50,-250,-200,1,D,3
18,38,50,-25,25,1,C,3
18,39,100,-0,100,0,A,3
18,40,50,-75,-25,1,C,3
18,41,50,-0,50,0,C,3
18,42,100,-200,-100,1,A,3
18,43,100,-0,100,0,B,3
18,44,50,-0,50,0,D,3
18,45,50,-0,50,0,C,3
18,46,100,-0,100,0,A,3
18,47,50,-0,50,0,C,3
18,48,50,-0,50,0,D,3
18,49,100,-0,100,0,B,3
18,50,50,-0,50,0,D,3
18,51,50,-25,25,1,C,3
18,52,50,-0,50,0,D,3
18,53,100,-250,-150,1,A,3
18,54,100,-1250,-1150,1,B,3
18,55,50,-0,50,0,D,3
18,56,50,-75,-25,1,C,3
18,57,50,-0,50,0,D,3
18,58,100,-0,100,0,B,3
18,59,50,-0,50,0,D,3
18,60,50,-0,50,0,C,3
18,61,50,-50,0,1,C,3
18,62,100,-350,-250,1,A,3
18,63,50,-0,50,0,D,3
18,64,100,-0,100,0,B,3
18,65,50,-0,50,0,C,3
18,66,50,-0,50,0,D,3
18,67,50,-0,50,0,C,3
18,68,100,-0,100,0,A,3
18,69,50,-250,-200,1,D,3
18,70,50,-0,50,0,C,3
18,71,50,-0,50,0,D,3
18,72,100,-350,-250,1,A,3
18,73,100,-0,100,0,B,3
18,74,50,-0,50,0,D,3
18,75,50,-50,0,1,C,3
18,76,50,-0,50,0,D,3
18,77,50,-0,50,0,D,3
18,78,50,-25,25,1,C,3
18,79,50,-0,50,0,D,3
18,80,100,-0,100,0,A,3
18,81,50,-0,50,0,D,3
18,82,100,-250,-150,1,A,3
18,83,100,-0,100,0,B,3
18,84,50,-0,50,0,D,3
18,85,50,-50,0,1,C,3
18,86,100,-200,-100,1,A,3
18,87,50,-0,50,0,C,3
18,88,100,-0,100,0,B,3
18,89,50,-0,50,0,D,3
18,90,50,-0,50,0,C,3
18,91,50,-250,-200,1,D,3
18,92,50,-75,-25,1,C,3
18,93,100,-0,100,0,A,3
18,94,100,-0,100,0,B,3
18,95,50,-0,50,0,D,3
18,96,50,-50,0,1,C,3
18,97,100,-300,-200,1,A,3
18,98,50,-0,50,0,D,3
18,99,100,-1250,-1150,1,B,3
18,100,50,-0,50,0,C,3
19,1,50,-0,50,0,D,1
19,2,50,-0,50,0,C,1
19,3,50,-0,50,0,D,1
19,4,50,-0,50,0,C,1
19,5,100,-0,100,0,B,1
19,6,100,-0,100,0,A,1
19,7,50,-0,50,0,D,1
19,8,100,-0,100,0,A,1
19,9,100,-0,100,0,B,1
19,10,100,-150,-50,1,A,1
19,11,100,-0,100,0,B,1
19,12,100,-0,100,0,A,1
19,13,100,-0,100,0,B,1
19,14,100,-0,100,0,B,1
19,15,100,-300,-200,1,A,1
19,16,100,-0,100,0,B,1
19,17,100,-0,100,0,B,1
19,18,50,-0,50,0,D,1
19,19,100,-0,100,0,B,1
19,20,100,-1250,-1150,1,B,1
19,21,100,-0,100,0,B,1
19,22,100,-0,100,0,B,1
19,23,100,-0,100,0,B,1
19,24,100,-0,100,0,A,1
19,25,100,-0,100,0,B,1
19,26,100,-1250,-1150,1,B,1
19,27,50,-50,0,1,C,1
19,28,50,-0,50,0,D,1
19,29,50,-0,50,0,D,1
19,30,50,-0,50,0,D,1
19,31,100,-0,100,0,B,1
19,32,100,-200,-100,1,A,1
19,33,100,-0,100,0,B,1
19,34,100,-0,100,0,B,1
19,35,100,-0,100,0,B,1
19,36,50,-0,50,0,D,1
19,37,50,-0,50,0,D,1
19,38,50,-250,-200,1,D,1
19,39,100,-0,100,0,B,1
19,40,100,-0,100,0,A,1
19,41,100,-0,100,0,B,1
19,42,100,-1250,-1150,1,B,1
19,43,50,-0,50,0,C,1
19,44,100,-250,-150,1,A,1
19,45,50,-0,50,0,D,1
19,46,100,-0,100,0,B,1
19,47,50,-0,50,0,D,1
19,48,100,-0,100,0,B,1
19,49,100,-0,100,0,B,1
19,50,50,-0,50,0,D,1
19,51,100,-0,100,0,B,1
19,52,100,-0,100,0,B,1
19,53,50,-0,50,0,D,1
19,54,100,-0,100,0,B,1
19,55,100,-0,100,0,B,1
19,56,50,-0,50,0,D,1
19,57,50,-50,0,1,C,1
19,58,50,-0,50,0,D,1
19,59,100,-0,100,0,B,1
19,60,50,-0,50,0,D,1
19,61,100,-0,100,0,B,1
19,62,100,-0,100,0,B,1
19,63,100,-350,-250,1,A,1
19,64,50,-0,50,0,D,1
19,65,100,-1250,-1150,1,B,1
19,66,50,-0,50,0,D,1
19,67,50,-250,-200,1,D,1
19,68,100,-0,100,0,B,1
19,69,100,-0,100,0,B,1
19,70,50,-0,50,0,D,1
19,71,100,-0,100,0,B,1
19,72,100,-0,100,0,B,1
19,73,100,-0,100,0,B,1
19,74,100,-0,100,0,B,1
19,75,50,-0,50,0,D,1
19,76,100,-0,100,0,B,1
19,77,50,-0,50,0,D,1
19,78,50,-0,50,0,D,1
19,79,100,-0,100,0,B,1
19,80,100,-0,100,0,B,1
19,81,100,-0,100,0,B,1
19,82,100,-0,100,0,B,1
19,83,50,-0,50,0,D,1
19,84,50,-0,50,0,D,1
19,85,100,-0,100,0,B,1
19,86,100,-0,100,0,B,1
19,87,50,-0,50,0,D,1
19,88,50,-0,50,0,D,1
19,89,100,-0,100,0,B,1
19,90,100,-0,100,0,B,1
19,91,100,-0,100,0,B,1
19,92,100,-1250,-1150,1,B,1
19,93,50,-250,-200,1,D,1
19,94,50,-0,50,0,C,1
19,95,100,-0,100,0,A,1
19,96,100,-350,-250,1,A,1
19,97,50,-0,50,0,D,1
19,98,100,-0,100,0,B,1
19,99,100,-0,100,0,A,1
19,100,100,-0,100,0,B,1
20,1,100,-0,100,0,B,1
20,2,50,-0,50,0,C,1
20,3,50,-0,50,0,C,1
20,4,100,-0,100,0,B,1
20,5,100,-0,100,0,B,1
20,6,50,-50,0,1,C,1
20,7,100,-0,100,0,B,1
20,8,100,-0,100,0,B,1
20,9,100,-0,100,0,B,1
20,10,100,-0,100,0,A,1
20,11,100,-0,100,0,B,1
20,12,100,-0,100,0,B,1
20,13,100,-0,100,0,A,1
20,14,100,-1250,-1150,1,B,1
20,15,100,-150,-50,1,A,1
20,16,50,-0,50,0,C,1
20,17,50,-50,0,1,C,1
20,18,50,-0,50,0,D,1
20,19,50,-0,50,0,D,1
20,20,50,-0,50,0,D,1
20,21,50,-0,50,0,D,1
20,22,50,-0,50,0,C,1
20,23,50,-0,50,0,D,1
20,24,50,-50,0,1,C,1
20,25,100,-0,100,0,B,1
20,26,100,-0,100,0,A,1
20,27,100,-0,100,0,B,1
20,28,100,-300,-200,1,A,1
20,29,50,-0,50,0,D,1
20,30,50,-0,50,0,D,1
20,31,100,-0,100,0,B,1
20,32,50,-0,50,0,D,1
20,33,50,-0,50,0,D,1
20,34,50,-250,-200,1,D,1
20,35,100,-0,100,0,B,1
20,36,100,-1250,-1150,1,B,1
20,37,50,-0,50,0,D,1
20,38,50,-0,50,0,C,1
20,39,50,-50,0,1,C,1
20,40,100,-0,100,0,A,1
20,41,50,-0,50,0,D,1
20,42,100,-200,-100,1,A,1
20,43,50,-0,50,0,D,1
20,44,100,-0,100,0,B,1
20,45,100,-0,100,0,B,1
20,46,100,-0,100,0,B,1
20,47,100,-0,100,0,B,1
20,48,100,-0,100,0,B,1
20,49,100,-0,100,0,B,1
20,50,100,-1250,-1150,1,B,1
20,51,100,-0,100,0,B,1
20,52,50,-50,0,1,C,1
20,53,50,-0,50,0,D,1
20,54,100,-0,100,0,B,1
20,55,100,-0,100,0,B,1
20,56,50,-0,50,0,D,1
20,57,100,-0,100,0,B,1
20,58,50,-0,50,0,D,1
20,59,50,-0,50,0,D,1
20,60,100,-0,100,0,B,1
20,61,50,-0,50,0,D,1
20,62,100,-0,100,0,B,1
20,63,100,-0,100,0,B,1
20,64,100,-0,100,0,B,1
20,65,50,-0,50,0,D,1
20,66,50,-250,-200,1,D,1
20,67,100,-0,100,0,A,1
20,68,100,-250,-150,1,A,1
20,69,100,-0,100,0,B,1
20,70,100,-0,100,0,B,1
20,71,50,-0,50,0,D,1
20,72,100,-1250,-1150,1,B,1
20,73,100,-0,100,0,B,1
20,74,50,-0,50,0,D,1
20,75,50,-0,50,0,C,1
20,76,100,-0,100,0,B,1
20,77,50,-0,50,0,D,1
20,78,100,-0,100,0,B,1
20,79,50,-0,50,0,D,1
20,80,100,-0,100,0,B,1
20,81,50,-0,50,0,D,1
20,82,100,-0,100,0,B,1
20,83,100,-0,100,0,B,1
20,84,50,-0,50,0,D,1
20,85,50,-0,50,0,D,1
20,86,100,-0,100,0,B,1
20,87,50,-0,50,0,D,1
20,88,100,-0,100,0,B,1
20,89,100,-0,100,0,B,1
20,90,100,-0,100,0,B,1
20,91,100,-0,100,0,B,1
20,92,50,-250,-200,1,D,1
20,93,50,-0,50,0,D,1
20,94,50,-0,50,0,D,1
20,95,100,-0,100,0,B,1
20,96,100,-0,100,0,B,1
20,97,50,-25,25,1,C,1
20,98,100,-350,-250,1,A,1
20,99,100,-0,100,0,B,1
20,100,50,-0,50,0,D,1
21,1,50,-0,50,0,C,2
21,2,50,-0,50,0,D,2
21,3,50,-0,50,0,D,2
21,4,50,-0,50,0,D,2
21,5,50,-0,50,0,C,2
21,6,50,-0,50,0,D,2
21,7,50,-0,50,0,D,2
21,8,50,-0,50,0,D,2
21,9,50,-0,50,0,D,2
21,10,50,-50,0,1,C,2
21,11,50,-0,50,0,D,2
21,12,100,-0,100,0,B,2
21,13,100,-0,100,0,B,2
21,14,100,-0,100,0,B,2
21,15,100,-0,100,0,B,2
21,16,100,-0,100,0,B,2
21,17,100,-0,100,0,B,2
21,18,100,-0,100,0,B,2
21,19,100,-0,100,0,B,2
21,20,100,-1250,-1150,1,B,2
21,21,100,-0,100,0,A,2
21,22,100,-0,100,0,A,2
21,23,100,-150,-50,1,A,2
21,24,50,-0,50,0,D,2
21,25,100,-0,100,0,B,2
21,26,50,-250,-200,1,D,2
21,27,50,-0,50,0,C,2
21,28,100,-0,100,0,A,2
21,29,50,-0,50,0,D,2
21,30,100,-0,100,0,B,2
21,31,50,-50,0,1,C,2
21,32,50,-0,50,0,D,2
21,33,100,-300,-200,1,A,2
21,34,50,-0,50,0,D,2
21,35,50,-0,50,0,D,2
21,36,50,-0,50,0,D,2
21,37,50,-0,50,0,D,2
21,38,50,-0,50,0,D,2
21,39,50,-0,50,0,D,2
21,40,50,-0,50,0,D,2
21,41,50,-0,50,0,C,2
21,42,50,-50,0,1,C,2
21,43,100,-0,100,0,B,2
21,44,100,-0,100,0,B,2
21,45,100,-1250,-1150,1,B,2
21,46,50,-250,-200,1,D,2
21,47,100,-0,100,0,A,2
21,48,100,-200,-100,1,A,2
21,49,50,-0,50,0,C,2
21,50,50,-0,50,0,D,2
21,51,50,-0,50,0,D,2
21,52,100,-0,100,0,A,2
21,53,50,-0,50,0,D,2
21,54,100,-250,-150,1,A,2
21,55,50,-50,0,1,C,2
21,56,50,-0,50,0,D,2
21,57,100,-0,100,0,B,2
21,58,50,-0,50,0,D,2
21,59,100,-350,-250,1,A,2
21,60,50,-0,50,0,D,2
21,61,50,-50,0,1,C,2
21,62,50,-0,50,0,D,2
21,63,100,-0,100,0,A,2
21,64,100,-0,100,0,B,2
21,65,50,-0,50,0,D,2
21,66,50,-0,50,0,C,2
21,67,100,-350,-250,1,A,2
21,68,50,-250,-200,1,D,2
21,69,50,-25,25,1,C,2
21,70,50,-0,50,0,D,2
21,71,100,-0,100,0,B,2
21,72,100,-0,100,0,B,2
21,73,100,-0,100,0,B,2
21,74,100,-0,100,0,B,2
21,75,100,-1250,-1150,1,B,2
21,76,50,-75,-25,1,C,2
21,77,50,-0,50,0,D,2
21,78,50,-0,50,0,C,2
21,79,50,-0,50,0,C,2
21,80,50,-0,50,0,D,2
21,81,50,-0,50,0,D,2
21,82,50,-0,50,0,C,2
21,83,50,-25,25,1,C,2
21,84,100,-0,100,0,B,2
21,85,50,-0,50,0,D,2
21,86,50,-250,-200,1,D,2
21,87,100,-0,100,0,A,2
21,88,50,-0,50,0,D,2
21,89,100,-0,100,0,B,2
21,90,100,-0,100,0,B,2
21,91,50,-0,50,0,D,2
21,92,100,-250,-150,1,A,2
21,93,100,-0,100,0,B,2
21,94,100,-0,100,0,B,2
21,95,50,-0,50,0,D,2
21,96,50,-0,50,0,D,2
21,97,50,-0,50,0,D,2
21,98,100,-0,100,0,B,2
21,99,100,-0,100,0,B,2
21,100,50,-0,50,0,D,2
22,1,100,-0,100,0,A,1
22,2,50,-0,50,0,D,1
22,3,100,-0,100,0,A,1
22,4,100,-150,-50,1,A,1
22,5,100,-0,100,0,B,1
22,6,50,-0,50,0,D,1
22,7,100,-0,100,0,B,1
22,8,50,-0,50,0,C,1
22,9,50,-0,50,0,D,1
22,10,100,-0,100,0,B,1
22,11,100,-0,100,0,A,1
22,12,100,-0,100,0,B,1
22,13,50,-0,50,0,D,1
22,14,50,-0,50,0,C,1
22,15,100,-0,100,0,B,1
22,16,100,-0,100,0,B,1
22,17,100,-0,100,0,B,1
22,18,100,-0,100,0,B,1
22,19,100,-1250,-1150,1,B,1
22,20,50,-0,50,0,D,1
22,21,100,-0,100,0,B,1
22,22,100,-0,100,0,B,1
22,23,100,-300,-200,1,A,1
22,24,50,-0,50,0,D,1
22,25,50,-0,50,0,D,1
22,26,100,-0,100,0,B,1
22,27,100,-0,100,0,A,1
22,28,100,-0,100,0,B,1
22,29,50,-0,50,0,D,1
22,30,50,-0,50,0,D,1
22,31,100,-1250,-1150,1,B,1
22,32,100,-200,-100,1,A,1
22,33,100,-0,100,0,A,1
22,34,100,-250,-150,1,A,1
22,35,100,-0,100,0,B,1
22,36,100,-0,100,0,B,1
22,37,100,-0,100,0,B,1
22,38,100,-0,100,0,B,1
22,39,100,-350,-250,1,A,1
22,40,100,-0,100,0,B,1
22,41,100,-0,100,0,A,1
22,42,50,-250,-200,1,D,1
22,43,50,-50,0,1,C,1
22,44,50,-0,50,0,C,1
22,45,100,-0,100,0,B,1
22,46,100,-1250,-1150,1,B,1
22,47,50,-0,50,0,D,1
22,48,50,-0,50,0,D,1
22,49,50,-0,50,0,D,1
22,50,100,-350,-250,1,A,1
22,51,100,-0,100,0,A,1
22,52,100,-0,100,0,B,1
22,53,50,-0,50,0,D,1
22,54,100,-0,100,0,B,1
22,55,100,-250,-150,1,A,1
22,56,100,-0,100,0,B,1
22,57,50,-0,50,0,D,1
22,58,50,-0,50,0,D,1
22,59,100,-0,100,0,B,1
22,60,100,-200,-100,1,A,1
22,61,100,-0,100,0,A,1
22,62,100,-0,100,0,B,1
22,63,50,-0,50,0,D,1
22,64,50,-0,50,0,D,1
22,65,50,-50,0,1,C,1
22,66,50,-0,50,0,D,1
22,67,100,-0,100,0,B,1
22,68,100,-300,-200,1,A,1
22,69,100,-0,100,0,B,1
22,70,100,-0,100,0,B,1
22,71,100,-0,100,0,B,1
22,72,100,-150,-50,1,A,1
22,73,50,-250,-200,1,D,1
22,74,50,-0,50,0,D,1
22,75,100,-0,100,0,B,1
22,76,100,-1250,-1150,1,B,1
22,77,50,-0,50,0,C,1
22,78,50,-50,0,1,C,1
22,79,50,-0,50,0,D,1
22,80,50,-0,50,0,D,1
22,81,100,-0,100,0,A,1
22,82,100,-0,100,0,A,1
22,83,100,-0,100,0,B,1
22,84,50,-0,50,0,D,1
22,85,100,-0,100,0,B,1
22,86,100,-0,100,0,B,1
22,87,100,-0,100,0,A,1
22,88,100,-0,100,0,B,1
22,89,100,-0,100,0,B,1
22,90,100,-300,-200,1,A,1
22,91,100,-0,100,0,A,1
22,92,100,-0,100,0,B,1
22,93,100,-350,-250,1,A,1
22,94,50,-0,50,0,D,1
22,95,50,-0,50,0,C,1
22,96,100,-0,100,0,B,1
22,97,100,-0,100,0,B,1
22,98,100,-0,100,0,B,1
22,99,100,-0,100,0,A,1
22,100,100,-0,100,0,B,1
23,1,50,-0,50,0,C,1
23,2,50,-0,50,0,D,1
23,3,50,-0,50,0,C,1
23,4,50,-0,50,0,D,1
23,5,50,-50,0,1,C,1
23,6,50,-0,50,0,D,1
23,7,50,-0,50,0,C,1
23,8,50,-0,50,0,D,1
23,9,50,-50,0,1,C,1
23,10,50,-0,50,0,C,1
23,11,100,-0,100,0,B,1
23,12,100,-0,100,0,A,1
23,13,50,-50,0,1,C,1
23,14,50,-0,50,0,D,1
23,15,100,-0,100,0,B,1
23,16,100,-0,100,0,A,1
23,17,100,-0,100,0,B,1
23,18,100,-0,100,0,B,1
23,19,100,-0,100,0,B,1
23,20,100,-0,100,0,B,1
23,21,100,-0,100,0,B,1
23,22,100,-150,-50,1,A,1
23,23,100,-0,100,0,B,1
23,24,50,-0,50,0,C,1
23,25,50,-0,50,0,D,1
23,26,100,-1250,-1150,1,B,1
23,27,50,-50,0,1,C,1
23,28,50,-0,50,0,D,1
23,29,50,-0,50,0,D,1
23,30,50,-0,50,0,D,1
23,31,100,-0,100,0,B,1
23,32,100,-0,100,0,B,1
23,33,100,-0,100,0,B,1
23,34,100,-0,100,0,B,1
23,35,100,-1250,-1150,1,B,1
23,36,50,-50,0,1,C,1
23,37,50,-250,-200,1,D,1
23,38,100,-0,100,0,A,1
23,39,100,-300,-200,1,A,1
23,40,100,-0,100,0,B,1
23,41,100,-0,100,0,B,1
23,42,100,-0,100,0,B,1
23,43,50,-0,50,0,D,1
23,44,50,-0,50,0,C,1
23,45,100,-0,100,0,B,1
23,46,100,-0,100,0,A,1
23,47,100,-0,100,0,B,1
23,48,100,-0,100,0,B,1
23,49,100,-1250,-1150,1,B,1
23,50,100,-200,-100,1,A,1
23,51,100,-0,100,0,B,1
23,52,100,-0,100,0,B,1
23,53,100,-0,100,0,B,1
23,54,50,-25,25,1,C,1
23,55,100,-0,100,0,B,1
23,56,100,-0,100,0,B,1
23,57,100,-0,100,0,B,1
23,58,100,-0,100,0,B,1
23,59,100,-0,100,0,B,1
23,60,100,-0,100,0,B,1
23,61,100,-0,100,0,B,1
23,62,100,-1250,-1150,1,B,1
23,63,50,-75,-25,1,C,1
23,64,50,-0,50,0,D,1
23,65,100,-0,100,0,A,1
23,66,100,-250,-150,1,A,1
23,67,100,-0,100,0,B,1
23,68,100,-0,100,0,B,1
23,69,100,-0,100,0,B,1
23,70,100,-0,100,0,B,1
23,71,50,-0,50,0,C,1
23,72,50,-0,50,0,C,1
23,73,50,-0,50,0,D,1
23,74,100,-350,-250,1,A,1
23,75,100,-0,100,0,B,1
23,76,50,-0,50,0,C,1
23,77,50,-0,50,0,D,1
23,78,100,-0,100,0,A,1
23,79,100,-0,100,0,B,1
23,80,50,-25,25,1,C,1
23,81,100,-0,100,0,B,1
23,82,50,-75,-25,1,C,1
23,83,100,-350,-250,1,A,1
23,84,50,-0,50,0,D,1
23,85,100,-0,100,0,A,1
23,86,100,-0,100,0,B,1
23,87,50,-0,50,0,C,1
23,88,50,-50,0,1,C,1
23,89,100,-0,100,0,B,1
23,90,50,-0,50,0,C,1
23,91,50,-0,50,0,C,1
23,92,50,-0,50,0,C,1
23,93,50,-50,0,1,C,1
23,94,100,-0,100,0,B,1
23,95,100,-0,100,0,B,1
23,96,100,-250,-150,1,A,1
23,97,100,-0,100,0,B,1
23,98,100,-0,100,0,B,1
23,99,100,-0,100,0,B,1
23,100,100,-0,100,0,B,1
24,1,100,-0,100,0,B,1
24,2,100,-0,100,0,B,1
24,3,100,-0,100,0,B,1
24,4,50,-0,50,0,D,1
24,5,100,-0,100,0,B,1
24,6,100,-0,100,0,B,1
24,7,100,-0,100,0,B,1
24,8,100,-0,100,0,B,1
24,9,100,-0,100,0,B,1
24,10,100,-1250,-1150,1,B,1
24,11,50,-0,50,0,D,1
24,12,50,-0,50,0,C,1
24,13,100,-0,100,0,B,1
24,14,100,-0,100,0,A,1
24,15,100,-0,100,0,B,1
24,16,100,-0,100,0,A,1
24,17,100,-0,100,0,B,1
24,18,100,-150,-50,1,A,1
24,19,100,-0,100,0,B,1
24,20,100,-1250,-1150,1,B,1
24,21,50,-0,50,0,C,1
24,22,50,-0,50,0,D,1
24,23,50,-50,0,1,C,1
24,24,100,-0,100,0,B,1
24,25,100,-0,100,0,B,1
24,26,100,-0,100,0,B,1
24,27,100,-0,100,0,B,1
24,28,100,-0,100,0,B,1
24,29,100,-0,100,0,B,1
24,30,100,-1250,-1150,1,B,1
24,31,100,-0,100,0,B,1
24,32,100,-0,100,0,A,1
24,33,100,-0,100,0,B,1
24,34,100,-300,-200,1,A,1
24,35,50,-0,50,0,D,1
24,36,50,-0,50,0,C,1
24,37,100,-0,100,0,B,1
24,38,50,-0,50,0,D,1
24,39,50,-50,0,1,C,1
24,40,50,-0,50,0,D,1
24,41,100,-0,100,0,A,1
24,42,100,-200,-100,1,A,1
24,43,100,-0,100,0,B,1
24,44,50,-0,50,0,D,1
24,45,100,-0,100,0,B,1
24,46,50,-0,50,0,D,1
24,47,50,-0,50,0,C,1
24,48,50,-0,50,0,D,1
24,49,100,-0,100,0,B,1
24,50,100,-0,100,0,B,1
24,51,100,-0,100,0,B,1
24,52,50,-250,-200,1,D,1
24,53,100,-0,100,0,B,1
24,54,100,-0,100,0,A,1
24,55,50,-50,0,1,C,1
24,56,100,-0,100,0,B,1
24,57,100,-250,-150,1,A,1
24,58,100,-1250,-1150,1,B,1
24,59,50,-0,50,0,D,1
24,60,100,-0,100,0,B,1
24,61,100,-350,-250,1,A,1
24,62,100,-0,100,0,B,1
24,63,50,-0,50,0,D,1
24,64,100,-0,100,0,B,1
24,65,50,-0,50,0,D,1
24,66,100,-0,100,0,B,1
24,67,50,-0,50,0,D,1
24,68,100,-0,100,0,B,1
24,69,50,-0,50,0,D,1
24,70,50,-0,50,0,D,1
24,71,50,-0,50,0,C,1
24,72,50,-0,50,0,D,1
24,73,100,-0,100,0,B,1
24,74,100,-0,100,0,A,1
24,75,100,-0,100,0,B,1
24,76,100,-350,-250,1,A,1
24,77,100,-0,100,0,B,1
24,78,50,-50,0,1,C,1
24,79,50,-0,50,0,D,1
24,80,100,-0,100,0,B,1
24,81,100,-0,100,0,A,1
24,82,100,-0,100,0,B,1
24,83,100,-250,-150,1,A,1
24,84,50,-0,50,0,D,1
24,85,100,-0,100,0,B,1
24,86,100,-0,100,0,B,1
24,87,100,-0,100,0,B,1
24,88,100,-0,100,0,B,1
24,89,100,-0,100,0,B,1
24,90,100,-0,100,0,B,1
24,91,100,-1250,-1150,1,B,1
24,92,50,-250,-200,1,D,1
24,93,50,-50,0,1,C,1
24,94,100,-200,-100,1,A,1
24,95,50,-0,50,0,C,1
24,96,50,-25,25,1,C,1
24,97,50,-75,-25,1,C,1
24,98,50,-0,50,0,D,1
24,99,50,-0,50,0,D,1
24,100,50,-0,50,0,D,1
25,1,50,-0,50,0,D,1
25,2,50,-0,50,0,D,1
25,3,100,-0,100,0,B,1
25,4,100,-0,100,0,A,1
25,5,50,-0,50,0,C,1
25,6,100,-0,100,0,B,1
25,7,50,-0,50,0,D,1
25,8,100,-0,100,0,A,1
25,9,100,-0,100,0,B,1
25,10,100,-150,-50,1,A,1
25,11,50,-0,50,0,D,1
25,12,100,-0,100,0,A,1
25,13,100,-300,-200,1,A,1
25,14,50,-0,50,0,C,1
25,15,50,-0,50,0,D,1
25,16,100,-0,100,0,A,1
25,17,100,-200,-100,1,A,1
25,18,100,-0,100,0,B,1
25,19,50,-50,0,1,C,1
25,20,50,-0,50,0,D,1
25,21,100,-0,100,0,A,1
25,22,50,-0,50,0,D,1
25,23,100,-0,100,0,B,1
25,24,50,-0,50,0,C,1
25,25,50,-50,0,1,C,1
25,26,50,-0,50,0,C,1
25,27,100,-250,-150,1,A,1
25,28,100,-0,100,0,B,1
25,29,100,-350,-250,1,A,1
25,30,100,-0,100,0,B,1
25,31,50,-0,50,0,D,1
25,32,100,-0,100,0,A,1
25,33,100,-350,-250,1,A,1
25,34,50,-0,50,0,D,1
25,35,100,-0,100,0,B,1
25,36,100,-0,100,0,A,1
25,37,100,-1250,-1150,1,B,1
25,38,50,-50,0,1,C,1
25,39,50,-0,50,0,C,1
25,40,50,-250,-200,1,D,1
25,41,50,-0,50,0,D,1
25,42,100,-250,-150,1,A,1
25,43,100,-0,100,0,B,1
25,44,50,-50,0,1,C,1
25,45,100,-200,-100,1,A,1
25,46,50,-0,50,0,D,1
25,47,50,-0,50,0,D,1
25,48,100,-0,100,0,A,1
25,49,100,-0,100,0,B,1
25,50,100,-0,100,0,B,1
25,51,100,-300,-200,1,A,1
25,52,100,-0,100,0,B,1
25,53,50,-50,0,1,C,1
25,54,50,-0,50,0,D,1
25,55,100,-150,-50,1,A,1
25,56,50,-0,50,0,C,1
25,57,100,-1250,-1150,1,B,1
25,58,50,-0,50,0,D,1
25,59,100,-0,100,0,A,1
25,60,50,-0,50,0,D,1
25,61,100,-0,100,0,A,1
25,62,100,-0,100,0,B,1
25,63,50,-25,25,1,C,1
25,64,100,-0,100,0,B,1
25,65,100,-0,100,0,A,1
25,66,50,-0,50,0,D,1
25,67,50,-75,-25,1,C,1
25,68,100,-300,-200,1,A,1
25,69,100,-0,100,0,B,1
25,70,50,-0,50,0,D,1
25,71,50,-0,50,0,D,1
25,72,50,-0,50,0,C,1
25,73,100,-0,100,0,B,1
25,74,100,-0,100,0,A,1
25,75,100,-0,100,0,B,1
25,76,50,-250,-200,1,D,1
25,77,50,-0,50,0,C,1
25,78,100,-0,100,0,B,1
25,79,100,-350,-250,1,A,1
25,80,50,-0,50,0,D,1
25,81,100,-0,100,0,A,1
25,82,50,-0,50,0,C,1
25,83,50,-0,50,0,D,1
25,84,100,-1250,-1150,1,B,1
25,85,100,-200,-100,1,A,1
25,86,50,-0,50,0,D,1
25,87,50,-25,25,1,C,1
25,88,100,-0,100,0,B,1
25,89,100,-250,-150,1,A,1
25,90,50,-75,-25,1,C,1
25,91,50,-0,50,0,D,1
25,92,100,-0,100,0,B,1
25,93,100,-150,-50,1,A,1
25,94,50,-0,50,0,D,1
25,95,100,-0,100,0,A,1
25,96,50,-0,50,0,C,1
25,97,100,-0,100,0,B,1
25,98,100,-0,100,0,A,1
25,99,50,-0,50,0,D,1
25,100,100,-0,100,0,B,1
26,1,50,-0,50,0,C,1
26,2,100,-0,100,0,B,1
26,3,100,-0,100,0,B,1
26,4,50,-0,50,0,D,1
26,5,100,-0,100,0,A,1
26,6,100,-0,100,0,B,1
26,7,100,-0,100,0,A,1
26,8,50,-0,50,0,D,1
26,9,100,-0,100,0,B,1
26,10,100,-0,100,0,B,1
26,11,50,-0,50,0,C,1
26,12,100,-0,100,0,B,1
26,13,100,-150,-50,1,A,1
26,14,100,-0,100,0,B,1
26,15,50,-0,50,0,D,1
26,16,100,-0,100,0,B,1
26,17,100,-1250,-1150,1,B,1
26,18,50,-50,0,1,C,1
26,19,50,-0,50,0,D,1
26,20,50,-0,50,0,D,1
26,21,100,-0,100,0,A,1
26,22,100,-300,-200,1,A,1
26,23,100,-0,100,0,B,1
26,24,100,-0,100,0,B,1
26,25,50,-0,50,0,C,1
26,26,50,-0,50,0,D,1
26,27,100,-0,100,0,B,1
26,28,100,-0,100,0,B,1
26,29,50,-50,0,1,C,1
26,30,50,-0,50,0,C,1
26,31,50,-0,50,0,D,1
26,32,50,-50,0,1,C,1
26,33,100,-1250,-1150,1,B,1
26,34,100,-0,100,0,A,1
26,35,100,-200,-100,1,A,1
26,36,50,-0,50,0,C,1
26,37,50,-0,50,0,D,1
26,38,50,-50,0,1,C,1
26,39,50,-0,50,0,D,1
26,40,50,-250,-200,1,D,1
26,41,50,-0,50,0,D,1
26,42,50,-50,0,1,C,1
26,43,50,-0,50,0,C,1
26,44,100,-0,100,0,A,1
26,45,100,-0,100,0,B,1
26,46,100,-250,-150,1,A,1
26,47,100,-0,100,0,B,1
26,48,50,-25,25,1,C,1
26,49,50,-0,50,0,D,1
26,50,100,-350,-250,1,A,1
26,51,100,-0,100,0,B,1
26,52,50,-75,-25,1,C,1
26,53,50,-0,50,0,D,1
26,54,100,-0,100,0,A,1
26,55,100,-0,100,0,B,1
26,56,50,-0,50,0,C,1
26,57,100,-350,-250,1,A,1
26,58,100,-0,100,0,B,1
26,59,50,-0,50,0,C,1
26,60,100,-0,100,0,A,1
26,61,100,-0,100,0,B,1
26,62,50,-0,50,0,C,1
26,63,100,-250,-150,1,A,1
26,64,100,-1250,-1150,1,B,1
26,65,50,-0,50,0,D,1
26,66,100,-0,100,0,B,1
26,67,100,-0,100,0,B,1
26,68,100,-200,-100,1,A,1
26,69,100,-0,100,0,B,1
26,70,50,-25,25,1,C,1
26,71,100,-0,100,0,B,1
26,72,100,-0,100,0,A,1
26,73,50,-75,-25,1,C,1
26,74,50,-0,50,0,D,1
26,75,100,-300,-200,1,A,1
26,76,100,-0,100,0,B,1
26,77,100,-0,100,0,B,1
26,78,100,-150,-50,1,A,1
26,79,50,-0,50,0,D,1
26,80,50,-0,50,0,C,1
26,81,100,-0,100,0,B,1
26,82,100,-0,100,0,A,1
26,83,100,-0,100,0,B,1
26,84,50,-50,0,1,C,1
26,85,50,-0,50,0,D,1
26,86,100,-0,100,0,A,1
26,87,100,-0,100,0,B,1
26,88,100,-0,100,0,B,1
26,89,100,-0,100,0,A,1
26,90,50,-0,50,0,D,1
26,91,100,-300,-200,1,A,1
26,92,100,-1250,-1150,1,B,1
26,93,100,-0,100,0,B,1
26,94,50,-0,50,0,C,1
26,95,100,-0,100,0,A,1
26,96,100,-350,-250,1,A,1
26,97,100,-0,100,0,A,1
26,98,100,-0,100,0,B,1
26,99,100,-200,-100,1,A,1
26,100,50,-0,50,0,C,1
27,1,50,-0,50,0,D,2
27,2,100,-0,100,0,B,2
27,3,50,-0,50,0,C,2
27,4,100,-0,100,0,A,2
27,5,100,-0,100,0,B,2
27,6,100,-0,100,0,B,2
27,7,50,-0,50,0,D,2
27,8,100,-0,100,0,B,2
27,9,100,-0,100,0,B,2
27,10,100,-0,100,0,A,2
27,11,100,-0,100,0,B,2
27,12,50,-0,50,0,D,2
27,13,100,-0,100,0,B,2
27,14,100,-150,-50,1,A,2
27,15,50,-0,50,0,C,2
27,16,100,-0,100,0,B,2
27,17,100,-1250,-1150,1,B,2
27,18,50,-50,0,1,C,2
27,19,50,-0,50,0,D,2
27,20,100,-0,100,0,A,2
27,21,50,-0,50,0,D,2
27,22,100,-0,100,0,B,2
27,23,50,-0,50,0,C,2
27,24,100,-300,-200,1,A,2
27,25,50,-0,50,0,D,2
27,26,50,-50,0,1,C,2
27,27,100,-0,100,0,B,2
27,28,100,-0,100,0,B,2
27,29,100,-0,100,0,B,2
27,30,100,-1250,-1150,1,B,2
27,31,100,-0,100,0,B,2
27,32,50,-0,50,0,D,2
27,33,50,-0,50,0,D,2
27,34,50,-0,50,0,C,2
27,35,100,-0,100,0,B,2
27,36,100,-0,100,0,A,2
27,37,100,-200,-100,1,A,2
27,38,50,-0,50,0,D,2
27,39,50,-250,-200,1,D,2
27,40,50,-0,50,0,D,2
27,41,100,-0,100,0,B,2
27,42,100,-0,100,0,A,2
27,43,100,-0,100,0,B,2
27,44,50,-0,50,0,D,2
27,45,50,-50,0,1,C,2
27,46,50,-0,50,0,C,2
27,47,50,-0,50,0,D,2
27,48,100,-0,100,0,B,2
27,49,100,-0,100,0,B,2
27,50,50,-0,50,0,D,2
27,51,100,-1250,-1150,1,B,2
27,52,50,-0,50,0,D,2
27,53,50,-50,0,1,C,2
27,54,50,-0,50,0,D,2
27,55,50,-0,50,0,D,2
27,56,100,-0,100,0,B,2
27,57,50,-50,0,1,C,2
27,58,100,-250,-150,1,A,2
27,59,50,-0,50,0,D,2
27,60,100,-0,100,0,B,2
27,61,50,-0,50,0,D,2
27,62,50,-250,-200,1,D,2
27,63,50,-0,50,0,C,2
27,64,50,-25,25,1,C,2
27,65,50,-75,-25,1,C,2
27,66,100,-350,-250,1,A,2
27,67,50,-0,50,0,C,2
27,68,50,-0,50,0,C,2
27,69,50,-0,50,0,D,2
27,70,50,-0,50,0,D,2
27,71,50,-0,50,0,D,2
27,72,100,-0,100,0,B,2
27,73,50,-0,50,0,C,2
27,74,100,-0,100,0,A,2
27,75,100,-350,-250,1,A,2
27,76,100,-0,100,0,B,2
27,77,50,-25,25,1,C,2
27,78,50,-75,-25,1,C,2
27,79,50,-0,50,0,D,2
27,80,50,-0,50,0,D,2
27,81,50,-0,50,0,C,2
27,82,100,-0,100,0,B,2
27,83,100,-0,100,0,B,2
27,84,100,-0,100,0,B,2
27,85,100,-0,100,0,A,2
27,86,50,-0,50,0,D,2
27,87,100,-0,100,0,B,2
27,88,50,-50,0,1,C,2
27,89,50,-0,50,0,C,2
27,90,100,-250,-150,1,A,2
27,91,50,-0,50,0,C,2
27,92,100,-200,-100,1,A,2
27,93,50,-0,50,0,D,2
27,94,50,-0,50,0,D,2
27,95,50,-250,-200,1,D,2
27,96,100,-0,100,0,A,2
27,97,50,-0,50,0,C,2
27,98,50,-50,0,1,C,2
27,99,50,-25,25,1,C,2
27,100,100,-300,-200,1,A,2
28,1,50,-0,50,0,C,2
28,2,50,-0,50,0,D,2
28,3,50,-0,50,0,C,2
28,4,50,-50,0,1,C,2
28,5,50,-0,50,0,D,2
28,6,100,-0,100,0,B,2
28,7,100,-0,100,0,B,2
28,8,50,-0,50,0,C,2
28,9,100,-0,100,0,A,2
28,10,100,-0,100,0,A,2
28,11,50,-50,0,1,C,2
28,12,50,-0,50,0,C,2
28,13,100,-0,100,0,B,2
28,14,100,-150,-50,1,A,2
28,15,50,-0,50,0,D,2
28,16,50,-50,0,1,C,2
28,17,100,-0,100,0,B,2
28,18,100,-0,100,0,A,2
28,19,50,-0,50,0,D,2
28,20,50,-0,50,0,C,2
28,21,50,-50,0,1,C,2
28,22,100,-300,-200,1,A,2
28,23,50,-0,50,0,D,2
28,24,100,-0,100,0,B,2
28,25,100,-0,100,0,A,2
28,26,50,-50,0,1,C,2
28,27,50,-0,50,0,D,2
28,28,100,-0,100,0,B,2
28,29,50,-0,50,0,C,2
28,30,100,-200,-100,1,A,2
28,31,50,-25,25,1,C,2
28,32,100,-0,100,0,B,2
28,33,100,-0,100,0,B,2
28,34,100,-1250,-1150,1,B,2
28,35,100,-0,100,0,A,2
28,36,100,-250,-150,1,A,2
28,37,50,-0,50,0,D,2
28,38,50,-0,50,0,D,2
28,39,50,-75,-25,1,C,2
28,40,100,-0,100,0,B,2
28,41,50,-0,50,0,D,2
28,42,100,-350,-250,1,A,2
28,43,50,-0,50,0,C,2
28,44,50,-250,-200,1,D,2
28,45,50,-0,50,0,C,2
28,46,100,-0,100,0,B,2
28,47,100,-0,100,0,B,2
28,48,100,-0,100,0,B,2
28,49,100,-1250,-1150,1,B,2
28,50,50,-0,50,0,C,2
28,51,50,-25,25,1,C,2
28,52,50,-0,50,0,D,2
28,53,100,-0,100,0,A,2
28,54,50,-0,50,0,D,2
28,55,100,-0,100,0,B,2
28,56,50,-0,50,0,D,2
28,57,100,-350,-250,1,A,2
28,58,50,-0,50,0,D,2
28,59,50,-75,-25,1,C,2
28,60,100,-0,100,0,B,2
28,61,50,-0,50,0,D,2
28,62,50,-0,50,0,C,2
28,63,100,-0,100,0,B,2
28,64,50,-0,50,0,D,2
28,65,50,-0,50,0,D,2
28,66,100,-0,100,0,A,2
28,67,50,-0,50,0,D,2
28,68,50,-50,0,1,C,2
28,69,100,-0,100,0,B,2
28,70,50,-0,50,0,D,2
28,71,50,-0,50,0,C,2
28,72,100,-0,100,0,B,2
28,73,100,-0,100,0,B,2
28,74,50,-250,-200,1,D,2
28,75,50,-0,50,0,C,2
28,76,100,-250,-150,1,A,2
28,77,100,-1250,-1150,1,B,2
28,78,50,-0,50,0,C,2
28,79,100,-200,-100,1,A,2
28,80,50,-0,50,0,D,2
28,81,50,-50,0,1,C,2
28,82,50,-0,50,0,D,2
28,83,100,-0,100,0,A,2
28,84,100,-300,-200,1,A,2
28,85,100,-150,-50,1,A,2
28,86,100,-0,100,0,B,2
28,87,100,-0,100,0,B,2
28,88,100,-0,100,0,B,2
28,89,50,-0,50,0,D,2
28,90,100,-0,100,0,A,2
28,91,50,-0,50,0,D,2
28,92,50,-25,25,1,C,2
28,93,100,-0,100,0,A,2
28,94,100,-0,100,0,A,2
28,95,100,-300,-200,1,A,2
28,96,100,-0,100,0,B,2
28,97,100,-0,100,0,B,2
28,98,50,-0,50,0,D,2
28,99,100,-0,100,0,A,2
28,100,50,-0,50,0,D,2
29,1,50,-0,50,0,D,2
29,2,100,-0,100,0,A,2
29,3,50,-0,50,0,D,2
29,4,100,-0,100,0,A,2
29,5,50,-0,50,0,C,2
29,6,100,-0,100,0,B,2
29,7,100,-150,-50,1,A,2
29,8,100,-0,100,0,B,2
29,9,50,-0,50,0,D,2
29,10,50,-0,50,0,C,2
29,11,50,-0,50,0,D,2
29,12,50,-50,0,1,C,2
29,13,100,-0,100,0,A,2
29,14,100,-300,-200,1,A,2
29,15,100,-0,100,0,B,2
29,16,50,-0,50,0,C,2
29,17,50,-0,50,0,D,2
29,18,100,-0,100,0,B,2
29,19,50,-0,50,0,D,2
29,20,50,-50,0,1,C,2
29,21,50,-0,50,0,D,2
29,22,50,-0,50,0,C,2
29,23,100,-0,100,0,A,2
29,24,100,-0,100,0,B,2
29,25,100,-200,-100,1,A,2
29,26,100,-0,100,0,B,2
29,27,50,-50,0,1,C,2
29,28,50,-0,50,0,D,2
29,29,100,-0,100,0,B,2
29,30,50,-0,50,0,D,2
29,31,50,-250,-200,1,D,2
29,32,50,-0,50,0,C,2
29,33,100,-0,100,0,A,2
29,34,100,-0,100,0,B,2
29,35,50,-50,0,1,C,2
29,36,100,-250,-150,1,A,2
29,37,100,-1250,-1150,1,B,2
29,38,50,-0,50,0,D,2
29,39,50,-50,0,1,C,2
29,40,100,-350,-250,1,A,2
29,41,50,-0,50,0,D,2
29,42,50,-0,50,0,C,2
29,43,100,-0,100,0,A,2
29,44,100,-0,100,0,B,2
29,45,50,-0,50,0,D,2
29,46,50,-25,25,1,C,2
29,47,100,-350,-250,1,A,2
29,48,100,-0,100,0,B,2
29,49,50,-0,50,0,D,2
29,50,50,-75,-25,1,C,2
29,51,50,-0,50,0,D,2
29,52,50,-0,50,0,C,2
29,53,100,-0,100,0,A,2
29,54,100,-0,100,0,B,2
29,55,50,-0,50,0,D,2
29,56,50,-0,50,0,C,2
29,57,100,-250,-150,1,A,2
29,58,100,-0,100,0,B,2
29,59,50,-0,50,0,D,2
29,60,50,-0,50,0,C,2
29,61,50,-0,50,0,D,2
29,62,50,-25,25,1,C,2
29,63,100,-200,-100,1,A,2
29,64,100,-1250,-1150,1,B,2
29,65,50,-0,50,0,D,2
29,66,50,-75,-25,1,C,2
29,67,100,-0,100,0,A,2
29,68,100,-0,100,0,B,2
29,69,50,-250,-200,1,D,2
29,70,50,-0,50,0,C,2
29,71,50,-0,50,0,D,2
29,72,50,-50,0,1,C,2
29,73,100,-300,-200,1,A,2
29,74,100,-0,100,0,B,2
29,75,50,-0,50,0,D,2
29,76,50,-0,50,0,C,2
29,77,100,-150,-50,1,A,2
29,78,100,-0,100,0,B,2
29,79,50,-0,50,0,D,2
29,80,50,-0,50,0,C,2
29,81,50,-0,50,0,D,2
29,82,50,-0,50,0,C,2
29,83,100,-0,100,0,A,2
29,84,100,-0,100,0,B,2
29,85,50,-0,50,0,D,2
29,86,50,-50,0,1,C,2
29,87,100,-0,100,0,A,2
29,88,100,-0,100,0,B,2
29,89,50,-0,50,0,D,2
29,90,50,-0,50,0,D,2
29,91,50,-0,50,0,D,2
29,92,50,-25,25,1,C,2
29,93,50,-250,-200,1,D,2
29,94,50,-50,0,1,C,2
29,95,100,-0,100,0,A,2
29,96,100,-300,-200,1,A,2
29,97,100,-0,100,0,B,2
29,98,100,-1250,-1150,1,B,2
29,99,50,-0,50,0,D,2
29,100,50,-0,50,0,C,2
30,1,50,-0,50,0,D,1
30,2,100,-0,100,0,A,1
30,3,100,-0,100,0,A,1
30,4,50,-0,50,0,C,1
30,5,100,-0,100,0,B,1
30,6,100,-150,-50,1,A,1
30,7,50,-0,50,0,D,1
30,8,50,-0,50,0,C,1
30,9,50,-0,50,0,D,1
30,10,100,-0,100,0,B,1
30,11,100,-0,100,0,A,1
30,12,50,-50,0,1,C,1
30,13,50,-0,50,0,D,1
30,14,100,-0,100,0,B,1
30,15,100,-300,-200,1,A,1
30,16,100,-0,100,0,B,1
30,17,50,-0,50,0,D,1
30,18,100,-0,100,0,B,1
30,19,100,-0,100,0,B,1
30,20,50,-0,50,0,D,1
30,21,100,-0,100,0,B,1
30,22,50,-0,50,0,D,1
30,23,50,-0,50,0,C,1
30,24,100,-0,100,0,B,1
30,25,100,-1250,-1150,1,B,1
30,26,100,-0,100,0,A,1
30,27,50,-0,50,0,D,1
30,28,50,-50,0,1,C,1
30,29,100,-200,-100,1,A,1
30,30,50,-0,50,0,D,1
30,31,100,-0,100,0,A,1
30,32,50,-250,-200,1,D,1
30,33,100,-250,-150,1,A,1
30,34,100,-0,100,0,B,1
30,35,50,-0,50,0,C,1
30,36,100,-0,100,0,B,1
30,37,100,-0,100,0,B,1
30,38,50,-0,50,0,D,1
30,39,50,-50,0,1,C,1
30,40,100,-0,100,0,B,1
30,41,100,-1250,-1150,1,B,1
30,42,100,-350,-250,1,A,1
30,43,50,-0,50,0,D,1
30,44,50,-0,50,0,C,1
30,45,50,-50,0,1,C,1
30,46,50,-0,50,0,D,1
30,47,50,-0,50,0,D,1
30,48,50,-0,50,0,D,1
30,49,50,-0,50,0,D,1
30,50,50,-0,50,0,D,1
30,51,100,-0,100,0,A,1
30,52,100,-0,100,0,B,1
30,53,50,-0,50,0,D,1
30,54,50,-50,0,1,C,1
30,55,100,-350,-250,1,A,1
30,56,100,-0,100,0,B,1
30,57,100,-0,100,0,B,1
30,58,100,-0,100,0,B,1
30,59,100,-0,100,0,B,1
30,60,100,-0,100,0,B,1
30,61,100,-1250,-1150,1,B,1
30,62,50,-0,50,0,D,1
30,63,100,-0,100,0,A,1
30,64,50,-0,50,0,C,1
30,65,100,-250,-150,1,A,1
30,66,50,-250,-200,1,D,1
30,67,50,-25,25,1,C,1
30,68,50,-75,-25,1,C,1
30,69,100,-200,-100,1,A,1
30,70,50,-0,50,0,D,1
30,71,100,-0,100,0,A,1
30,72,100,-0,100,0,B,1
30,73,50,-0,50,0,D,1
30,74,50,-0,50,0,C,1
30,75,100,-0,100,0,B,1
30,76,100,-300,-200,1,A,1
30,77,50,-0,50,0,D,1
30,78,50,-0,50,0,C,1
30,79,100,-0,100,0,B,1
30,80,100,-0,100,0,B,1
30,81,100,-0,100,0,B,1
30,82,100,-0,100,0,B,1
30,83,100,-0,100,0,B,1
30,84,50,-0,50,0,D,1
30,85,50,-0,50,0,D,1
30,86,100,-0,100,0,B,1
30,87,100,-0,100,0,B,1
30,88,100,-0,100,0,B,1
30,89,100,-1250,-1150,1,B,1
30,90,50,-0,50,0,D,1
30,91,100,-0,100,0,B,1
30,92,100,-150,-50,1,A,1
30,93,50,-0,50,0,D,1
30,94,50,-0,50,0,C,1
30,95,100,-0,100,0,B,1
30,96,100,-0,100,0,B,1
30,97,100,-0,100,0,B,1
30,98,50,-0,50,0,D,1
30,99,50,-250,-200,1,D,1
30,100,100,-0,100,0,B,1
31,1,50,-0,50,0,D,2
31,2,100,-0,100,0,B,2
31,3,100,-0,100,0,A,2
31,4,50,-0,50,0,C,2
31,5,50,-0,50,0,C,2
31,6,100,-0,100,0,B,2
31,7,50,-0,50,0,D,2
31,8,100,-0,100,0,A,2
31,9,100,-0,100,0,B,2
31,10,50,-50,0,1,C,2
31,11,100,-150,-50,1,A,2
31,12,50,-0,50,0,C,2
31,13,50,-0,50,0,D,2
31,14,50,-50,0,1,C,2
31,15,100,-0,100,0,B,2
31,16,50,-0,50,0,D,2
31,17,100,-0,100,0,A,2
31,18,50,-0,50,0,C,2
31,19,100,-300,-200,1,A,2
31,20,100,-0,100,0,B,2
31,21,50,-50,0,1,C,2
31,22,100,-0,100,0,B,2
31,23,50,-0,50,0,D,2
31,24,100,-0,100,0,A,2
31,25,100,-0,100,0,B,2
31,26,50,-0,50,0,D,2
31,27,50,-0,50,0,C,2
31,28,100,-200,-100,1,A,2
31,29,100,-0,100,0,A,2
31,30,50,-0,50,0,D,2
31,31,100,-250,-150,1,A,2
31,32,100,-0,100,0,B,2
31,33,50,-50,0,1,C,2
31,34,50,-0,50,0,D,2
31,35,100,-350,-250,1,A,2
31,36,100,-1250,-1150,1,B,2
31,37,50,-0,50,0,D,2
31,38,50,-50,0,1,C,2
31,39,50,-250,-200,1,D,2
31,40,100,-0,100,0,B,2
31,41,100,-0,100,0,B,2
31,42,50,-0,50,0,C,2
31,43,100,-0,100,0,A,2
31,44,50,-0,50,0,D,2
31,45,50,-0,50,0,D,2
31,46,100,-350,-250,1,A,2
31,47,50,-25,25,1,C,2
31,48,100,-0,100,0,B,2
31,49,50,-75,-25,1,C,2
31,50,50,-0,50,0,D,2
31,51,50,-0,50,0,D,2
31,52,100,-0,100,0,A,2
31,53,100,-0,100,0,B,2
31,54,50,-0,50,0,C,2
31,55,100,-250,-150,1,A,2
31,56,50,-0,50,0,D,2
31,57,50,-0,50,0,C,2
31,58,100,-1250,-1150,1,B,2
31,59,100,-0,100,0,B,2
31,60,50,-0,50,0,D,2
31,61,50,-0,50,0,D,2
31,62,100,-200,-100,1,A,2
31,63,100,-0,100,0,B,2
31,64,50,-0,50,0,C,2
31,65,100,-0,100,0,B,2
31,66,50,-25,25,1,C,2
31,67,100,-0,100,0,A,2
31,68,50,-0,50,0,D,2
31,69,50,-0,50,0,D,2
31,70,50,-75,-25,1,C,2
31,71,100,-0,100,0,B,2
31,72,50,-250,-200,1,D,2
31,73,50,-0,50,0,C,2
31,74,100,-300,-200,1,A,2
31,75,50,-0,50,0,D,2
31,76,100,-150,-50,1,A,2
31,77,100,-0,100,0,B,2
31,78,50,-50,0,1,C,2
31,79,100,-0,100,0,B,2
31,80,50,-0,50,0,C,2
31,81,100,-0,100,0,A,2
31,82,100,-1250,-1150,1,B,2
31,83,50,-0,50,0,D,2
31,84,50,-0,50,0,C,2
31,85,100,-0,100,0,B,2
31,86,100,-0,100,0,A,2
31,87,50,-0,50,0,D,2
31,88,100,-0,100,0,B,2
31,89,50,-0,50,0,C,2
31,90,100,-0,100,0,A,2
31,91,50,-0,50,0,D,2
31,92,100,-300,-200,1,A,2
31,93,100,-0,100,0,B,2
31,94,50,-50,0,1,C,2
31,95,100,-0,100,0,A,2
31,96,50,-0,50,0,D,2
31,97,100,-0,100,0,B,2
31,98,50,-0,50,0,D,2
31,99,50,-25,25,1,C,2
31,100,100,-0,100,0,B,2
32,1,50,-0,50,0,C,2
32,2,50,-0,50,0,D,2
32,3,50,-0,50,0,C,2
32,4,50,-0,50,0,D,2
32,5,50,-50,0,1,C,2
32,6,100,-0,100,0,A,2
32,7,100,-0,100,0,B,2
32,8,50,-0,50,0,D,2
32,9,100,-0,100,0,A,2
32,10,50,-0,50,0,C,2
32,11,50,-50,0,1,C,2
32,12,50,-0,50,0,D,2
32,13,100,-150,-50,1,A,2
32,14,50,-0,50,0,C,2
32,15,50,-0,50,0,D,2
32,16,50,-50,0,1,C,2
32,17,100,-0,100,0,B,2
32,18,50,-0,50,0,D,2
32,19,50,-0,50,0,C,2
32,20,50,-50,0,1,C,2
32,21,100,-0,100,0,B,2
32,22,50,-0,50,0,D,2
32,23,50,-50,0,1,C,2
32,24,100,-0,100,0,B,2
32,25,50,-0,50,0,D,2
32,26,50,-0,50,0,C,2
32,27,100,-0,100,0,B,2
32,28,50,-0,50,0,D,2
32,29,50,-25,25,1,C,2
32,30,50,-250,-200,1,D,2
32,31,50,-0,50,0,D,2
32,32,100,-0,100,0,B,2
32,33,50,-75,-25,1,C,2
32,34,100,-0,100,0,A,2
32,35,100,-300,-200,1,A,2
32,36,50,-0,50,0,D,2
32,37,100,-0,100,0,B,2
32,38,50,-0,50,0,D,2
32,39,50,-0,50,0,C,2
32,40,100,-0,100,0,A,2
32,41,100,-0,100,0,B,2
32,42,50,-0,50,0,C,2
32,43,100,-200,-100,1,A,2
32,44,50,-0,50,0,D,2
32,45,100,-1250,-1150,1,B,2
32,46,50,-0,50,0,C,2
32,47,100,-0,100,0,A,2
32,48,100,-250,-150,1,A,2
32,49,50,-0,50,0,D,2
32,50,50,-25,25,1,C,2
32,51,50,-75,-25,1,C,2
32,52,50,-0,50,0,D,2
32,53,100,-350,-250,1,A,2
32,54,100,-0,100,0,B,2
32,55,100,-0,100,0,B,2
32,56,50,-0,50,0,D,2
32,57,100,-0,100,0,B,2
32,58,50,-0,50,0,C,2
32,59,50,-0,50,0,D,2
32,60,100,-0,100,0,A,2
32,61,50,-50,0,1,C,2
32,62,100,-350,-250,1,A,2
32,63,100,-0,100,0,B,2
32,64,100,-1250,-1150,1,B,2
32,65,50,-0,50,0,D,2
32,66,100,-0,100,0,A,2
32,67,100,-250,-150,1,A,2
32,68,50,-0,50,0,C,2
32,69,50,-250,-200,1,D,2
32,70,100,-0,100,0,B,2
32,71,100,-0,100,0,B,2
32,72,100,-200,-100,1,A,2
32,73,50,-0,50,0,C,2
32,74,100,-0,100,0,A,2
32,75,50,-0,50,0,D,2
32,76,100,-0,100,0,B,2
32,77,50,-0,50,0,C,2
32,78,50,-0,50,0,D,2
32,79,50,-50,0,1,C,2
32,80,50,-25,25,1,C,2
32,81,100,-0,100,0,B,2
32,82,50,-50,0,1,C,2
32,83,50,-0,50,0,D,2
32,84,100,-300,-200,1,A,2
32,85,100,-150,-50,1,A,2
32,86,50,-0,50,0,C,2
32,87,100,-0,100,0,B,2
32,88,100,-0,100,0,A,2
32,89,50,-0,50,0,C,2
32,90,50,-0,50,0,D,2
32,91,100,-0,100,0,B,2
32,92,100,-0,100,0,A,2
32,93,100,-0,100,0,A,2
32,94,100,-1250,-1150,1,B,2
32,95,50,-75,-25,1,C,2
32,96,100,-300,-200,1,A,2
32,97,50,-0,50,0,D,2
32,98,100,-0,100,0,B,2
32,99,100,-0,100,0,B,2
32,100,100,-0,100,0,A,2
33,1,50,-0,50,0,D,1
33,2,100,-0,100,0,B,1
33,3,50,-0,50,0,C,1
33,4,100,-0,100,0,A,1
33,5,100,-0,100,0,A,1
33,6,100,-0,100,0,B,1
33,7,100,-150,-50,1,A,1
33,8,100,-0,100,0,B,1
33,9,100,-0,100,0,B,1
33,10,100,-0,100,0,B,1
33,11,100,-0,100,0,B,1
33,12,100,-0,100,0,B,1
33,13,100,-0,100,0,B,1
33,14,100,-1250,-1150,1,B,1
33,15,100,-0,100,0,B,1
33,16,100,-0,100,0,B,1
33,17,100,-0,100,0,B,1
33,18,100,-0,100,0,B,1
33,19,100,-1250,-1150,1,B,1
33,20,100,-0,100,0,B,1
33,21,100,-0,100,0,A,1
33,22,50,-0,50,0,C,1
33,23,100,-0,100,0,B,1
33,24,100,-300,-200,1,A,1
33,25,100,-0,100,0,A,1
33,26,100,-0,100,0,B,1
33,27,50,-50,0,1,C,1
33,28,50,-0,50,0,D,1
33,29,100,-0,100,0,B,1
33,30,100,-0,100,0,B,1
33,31,100,-0,100,0,B,1
33,32,100,-200,-100,1,A,1
33,33,100,-0,100,0,A,1
33,34,100,-1250,-1150,1,B,1
33,35,100,-0,100,0,B,1
33,36,50,-0,50,0,D,1
33,37,50,-0,50,0,C,1
33,38,100,-250,-150,1,A,1
33,39,50,-0,50,0,D,1
33,40,100,-0,100,0,B,1
33,41,50,-0,50,0,D,1
33,42,100,-0,100,0,B,1
33,43,50,-0,50,0,D,1
33,44,50,-50,0,1,C,1
33,45,50,-0,50,0,D,1
33,46,50,-0,50,0,D,1
33,47,50,-0,50,0,D,1
33,48,100,-0,100,0,B,1
33,49,50,-250,-200,1,D,1
33,50,100,-0,100,0,B,1
33,51,100,-0,100,0,B,1
33,52,50,-0,50,0,C,1
33,53,100,-0,100,0,B,1
33,54,50,-0,50,0,D,1
33,55,100,-350,-250,1,A,1
33,56,100,-0,100,0,B,1
33,57,50,-50,0,1,C,1
33,58,100,-0,100,0,B,1
33,59,50,-0,50,0,D,1
33,60,100,-0,100,0,B,1
33,61,100,-1250,-1150,1,B,1
33,62,50,-0,50,0,D,1
33,63,100,-0,100,0,A,1
33,64,50,-0,50,0,C,1
33,65,100,-350,-250,1,A,1
33,66,50,-50,0,1,C,1
33,67,50,-0,50,0,D,1
33,68,100,-0,100,0,B,1
33,69,100,-0,100,0,B,1
33,70,50,-0,50,0,D,1
33,71,50,-0,50,0,D,1
33,72,100,-0,100,0,A,1
33,73,50,-0,50,0,D,1
33,74,100,-0,100,0,B,1
33,75,50,-50,0,1,C,1
33,76,100,-250,-150,1,A,1
33,77,100,-0,100,0,B,1
33,78,50,-0,50,0,D,1
33,79,50,-0,50,0,D,1
33,80,50,-250,-200,1,D,1
33,81,50,-0,50,0,D,1
33,82,50,-0,50,0,D,1
33,83,100,-0,100,0,B,1
33,84,50,-0,50,0,C,1
33,85,50,-25,25,1,C,1
33,86,50,-0,50,0,D,1
33,87,100,-200,-100,1,A,1
33,88,50,-75,-25,1,C,1
33,89,50,-0,50,0,C,1
33,90,50,-0,50,0,D,1
33,91,50,-0,50,0,D,1
33,92,50,-0,50,0,C,1
33,93,100,-0,100,0,A,1
33,94,50,-0,50,0,D,1
33,95,100,-0,100,0,B,1
33,96,50,-0,50,0,C,1
33,97,50,-0,50,0,D,1
33,98,100,-300,-200,1,A,1
33,99,50,-25,25,1,C,1
33,100,50,-75,-25,1,C,1
34,1,50,-0,50,0,D,1
34,2,50,-0,50,0,D,1
34,3,50,-0,50,0,C,1
34,4,50,-0,50,0,D,1
34,5,100,-0,100,0,A,1
34,6,100,-0,100,0,B,1
34,7,100,-0,100,0,B,1
34,8,100,-0,100,0,A,1
34,9,50,-0,50,0,C,1
34,10,100,-150,-50,1,A,1
34,11,50,-0,50,0,D,1
34,12,100,-0,100,0,B,1
34,13,100,-0,100,0,A,1
34,14,50,-0,50,0,D,1
34,15,50,-0,50,0,D,1
34,16,100,-0,100,0,B,1
34,17,100,-0,100,0,B,1
34,18,100,-0,100,0,B,1
34,19,100,-0,100,0,B,1
34,20,100,-0,100,0,B,1
34,21,100,-1250,-1150,1,B,1
34,22,50,-0,50,0,D,1
34,23,50,-0,50,0,D,1
34,24,100,-300,-200,1,A,1
34,25,50,-0,50,0,D,1
34,26,50,-50,0,1,C,1
34,27,50,-250,-200,1,D,1
34,28,100,-0,100,0,B,1
34,29,100,-0,100,0,B,1
34,30,100,-0,100,0,B,1
34,31,100,-0,100,0,B,1
34,32,50,-0,50,0,C,1
34,33,100,-0,100,0,A,1
34,34,100,-1250,-1150,1,B,1
34,35,100,-200,-100,1,A,1
34,36,50,-0,50,0,D,1
34,37,50,-0,50,0,D,1
34,38,50,-0,50,0,D,1
34,39,50,-0,50,0,D,1
34,40,50,-0,50,0,D,1
34,41,50,-0,50,0,D,1
34,42,100,-0,100,0,B,1
34,43,100,-0,100,0,A,1
34,44,50,-50,0,1,C,1
34,45,100,-0,100,0,B,1
34,46,100,-0,100,0,B,1
34,47,100,-0,100,0,B,1
34,48,100,-0,100,0,B,1
34,49,100,-0,100,0,B,1
34,50,100,-1250,-1150,1,B,1
34,51,100,-0,100,0,B,1
34,52,100,-0,100,0,B,1
34,53,100,-0,100,0,B,1
34,54,100,-0,100,0,B,1
34,55,100,-0,100,0,B,1
34,56,100,-0,100,0,B,1
34,57,100,-0,100,0,B,1
34,58,50,-0,50,0,D,1
34,59,50,-0,50,0,D,1
34,60,50,-0,50,0,D,1
34,61,100,-0,100,0,B,1
34,62,100,-250,-150,1,A,1
34,63,100,-0,100,0,B,1
34,64,100,-0,100,0,B,1
34,65,100,-1250,-1150,1,B,1
34,66,50,-250,-200,1,D,1
34,67,50,-0,50,0,C,1
34,68,50,-50,0,1,C,1
34,69,50,-0,50,0,C,1
34,70,50,-50,0,1,C,1
34,71,100,-0,100,0,B,1
34,72,100,-0,100,0,B,1
34,73,100,-0,100,0,B,1
34,74,100,-0,100,0,B,1
34,75,100,-0,100,0,B,1
34,76,100,-0,100,0,B,1
34,77,100,-0,100,0,B,1
34,78,100,-0,100,0,B,1
34,79,100,-0,100,0,B,1
34,80,100,-0,100,0,B,1
34,81,100,-0,100,0,B,1
34,82,100,-0,100,0,B,1
34,83,100,-0,100,0,B,1
34,84,100,-0,100,0,B,1
34,85,100,-0,100,0,B,1
34,86,100,-0,100,0,B,1
34,87,100,-1250,-1150,1,B,1
34,88,50,-0,50,0,D,1
34,89,50,-0,50,0,D,1
34,90,50,-0,50,0,D,1
34,91,100,-0,100,0,B,1
34,92,100,-0,100,0,B,1
34,93,100,-0,100,0,B,1
34,94,100,-0,100,0,B,1
34,95,50,-0,50,0,D,1
34,96,50,-0,50,0,D,1
34,97,50,-0,50,0,D,1
34,98,50,-0,50,0,D,1
34,99,50,-0,50,0,D,1
34,100,50,-250,-200,1,D,1
35,1,100,-0,100,0,B,3
35,2,100,-0,100,0,B,3
35,3,50,-0,50,0,C,3
35,4,50,-0,50,0,D,3
35,5,100,-0,100,0,B,3
35,6,100,-0,100,0,A,3
35,7,100,-0,100,0,A,3
35,8,100,-0,100,0,B,3
35,9,100,-0,100,0,B,3
35,10,100,-0,100,0,B,3
35,11,50,-0,50,0,C,3
35,12,100,-0,100,0,B,3
35,13,100,-150,-50,1,A,3
35,14,50,-0,50,0,D,3
35,15,100,-0,100,0,B,3
35,16,100,-1250,-1150,1,B,3
35,17,50,-50,0,1,C,3
35,18,50,-0,50,0,D,3
35,19,50,-0,50,0,D,3
35,20,100,-0,100,0,A,3
35,21,50,-0,50,0,C,3
35,22,50,-0,50,0,D,3
35,23,100,-0,100,0,B,3
35,24,100,-0,100,0,B,3
35,25,100,-0,100,0,B,3
35,26,100,-0,100,0,B,3
35,27,100,-1250,-1150,1,B,3
35,28,100,-300,-200,1,A,3
35,29,50,-50,0,1,C,3
35,30,50,-0,50,0,C,3
35,31,50,-0,50,0,D,3
35,32,50,-0,50,0,D,3
35,33,50,-0,50,0,D,3
35,34,50,-50,0,1,C,3
35,35,50,-0,50,0,D,3
35,36,50,-250,-200,1,D,3
35,37,100,-0,100,0,B,3
35,38,100,-0,100,0,A,3
35,39,50,-0,50,0,C,3
35,40,50,-0,50,0,D,3
35,41,50,-50,0,1,C,3
35,42,50,-0,50,0,D,3
35,43,100,-200,-100,1,A,3
35,44,100,-0,100,0,A,3
35,45,100,-250,-150,1,A,3
35,46,50,-50,0,1,C,3
35,47,50,-0,50,0,C,3
35,48,50,-25,25,1,C,3
35,49,50,-75,-25,1,C,3
35,50,50,-0,50,0,C,3
35,51,100,-0,100,0,B,3
35,52,100,-0,100,0,B,3
35,53,50,-0,50,0,D,3
35,54,50,-0,50,0,D,3
35,55,100,-350,-250,1,A,3
35,56,100,-0,100,0,B,3
35,57,50,-0,50,0,C,3
35,58,100,-0,100,0,B,3
35,59,50,-0,50,0,D,3
35,60,100,-0,100,0,B,3
35,61,100,-0,100,0,A,3
35,62,100,-1250,-1150,1,B,3
35,63,50,-0,50,0,C,3
35,64,50,-0,50,0,D,3
35,65,100,-0,100,0,B,3
35,66,100,-0,100,0,B,3
35,67,50,-25,25,1,C,3
35,68,100,-350,-250,1,A,3
35,69,50,-0,50,0,D,3
35,70,50,-0,50,0,D,3
35,71,50,-0,50,0,D,3
35,72,100,-0,100,0,A,3
35,73,50,-75,-25,1,C,3
35,74,100,-0,100,0,B,3
35,75,50,-250,-200,1,D,3
35,76,50,-0,50,0,C,3
35,77,100,-250,-150,1,A,3
35,78,100,-0,100,0,B,3
35,79,50,-0,50,0,D,3
35,80,50,-50,0,1,C,3
35,81,50,-0,50,0,C,3
35,82,50,-0,50,0,C,3
35,83,50,-0,50,0,C,3
35,84,50,-50,0,1,C,3
35,85,50,-25,25,1,C,3
35,86,50,-0,50,0,D,3
35,87,50,-0,50,0,D,3
35,88,50,-0,50,0,D,3
35,89,50,-0,50,0,D,3
35,90,50,-0,50,0,D,3
35,91,50,-0,50,0,D,3
35,92,50,-0,50,0,D,3
35,93,50,-250,-200,1,D,3
35,94,50,-50,0,1,C,3
35,95,100,-0,100,0,B,3
35,96,50,-0,50,0,D,3
35,97,50,-0,50,0,D,3
35,98,50,-0,50,0,D,3
35,99,50,-0,50,0,D,3
35,100,50,-0,50,0,D,3
36,1,50,-0,50,0,D,2
36,2,100,-0,100,0,A,2
36,3,100,-0,100,0,A,2
36,4,50,-0,50,0,C,2
36,5,50,-0,50,0,D,2
36,6,100,-150,-50,1,A,2
36,7,50,-0,50,0,D,2
36,8,100,-0,100,0,B,2
36,9,50,-0,50,0,D,2
36,10,50,-0,50,0,C,2
36,11,100,-0,100,0,A,2
36,12,100,-300,-200,1,A,2
36,13,50,-0,50,0,D,2
36,14,100,-0,100,0,B,2
36,15,100,-0,100,0,A,2
36,16,50,-0,50,0,D,2
36,17,50,-0,50,0,D,2
36,18,100,-200,-100,1,A,2
36,19,100,-0,100,0,B,2
36,20,50,-50,0,1,C,2
36,21,50,-0,50,0,C,2
36,22,100,-0,100,0,B,2
36,23,100,-0,100,0,B,2
36,24,100,-0,100,0,A,2
36,25,50,-50,0,1,C,2
36,26,100,-250,-150,1,A,2
36,27,100,-0,100,0,B,2
36,28,50,-0,50,0,C,2
36,29,50,-50,0,1,C,2
36,30,50,-0,50,0,D,2
36,31,50,-0,50,0,D,2
36,32,100,-350,-250,1,A,2
36,33,50,-0,50,0,C,2
36,34,100,-0,100,0,B,2
36,35,50,-50,0,1,C,2
36,36,50,-50,0,1,C,2
36,37,50,-250,-200,1,D,2
36,38,100,-0,100,0,A,2
36,39,100,-0,100,0,B,2
36,40,100,-1250,-1150,1,B,2
36,41,100,-0,100,0,B,2
36,42,100,-350,-250,1,A,2
36,43,50,-0,50,0,C,2
36,44,100,-0,100,0,B,2
36,45,50,-0,50,0,D,2
36,46,50,-25,25,1,C,2
36,47,100,-0,100,0,B,2
36,48,50,-0,50,0,D,2
36,49,50,-75,-25,1,C,2
36,50,100,-0,100,0,B,2
36,51,50,-0,50,0,D,2
36,52,50,-0,50,0,C,2
36,53,100,-1250,-1150,1,B,2
36,54,50,-0,50,0,D,2
36,55,100,-0,100,0,A,2
36,56,50,-0,50,0,D,2
36,57,100,-0,100,0,B,2
36,58,50,-0,50,0,D,2
36,59,100,-250,-150,1,A,2
36,60,50,-0,50,0,C,2
36,61,50,-0,50,0,C,2
36,62,100,-0,100,0,B,2
36,63,50,-0,50,0,D,2
36,64,100,-0,100,0,B,2
36,65,50,-25,25,1,C,2
36,66,50,-0,50,0,D,2
36,67,50,-75,-25,1,C,2
36,68,100,-200,-100,1,A,2
36,69,100,-0,100,0,B,2
36,70,50,-0,50,0,C,2
36,71,50,-0,50,0,D,2
36,72,100,-0,100,0,A,2
36,73,50,-50,0,1,C,2
36,74,50,-250,-200,1,D,2
36,75,100,-0,100,0,B,2
36,76,50,-0,50,0,D,2
36,77,100,-0,100,0,B,2
36,78,50,-0,50,0,D,2
36,79,50,-0,50,0,C,2
36,80,50,-0,50,0,D,2
36,81,50,-0,50,0,D,2
36,82,50,-0,50,0,C,2
36,83,50,-0,50,0,C,2
36,84,50,-0,50,0,D,2
36,85,100,-1250,-1150,1,B,2
36,86,100,-300,-200,1,A,2
36,87,50,-0,50,0,D,2
36,88,50,-50,0,1,C,2
36,89,50,-0,50,0,D,2
36,90,100,-0,100,0,B,2
36,91,50,-25,25,1,C,2
36,92,100,-0,100,0,B,2
36,93,50,-0,50,0,D,2
36,94,50,-250,-200,1,D,2
36,95,50,-50,0,1,C,2
36,96,100,-0,100,0,B,2
36,97,100,-0,100,0,B,2
36,98,50,-0,50,0,C,2
36,99,50,-0,50,0,C,2
36,100,100,-0,100,0,B,2
37,1,50,-0,50,0,D,3
37,2,100,-0,100,0,B,3
37,3,100,-0,100,0,B,3
37,4,50,-0,50,0,C,3
37,5,100,-0,100,0,A,3
37,6,100,-0,100,0,A,3
37,7,100,-150,-50,1,A,3
37,8,50,-0,50,0,C,3
37,9,50,-0,50,0,D,3
37,10,100,-0,100,0,B,3
37,11,50,-50,0,1,C,3
37,12,100,-0,100,0,A,3
37,13,100,-300,-200,1,A,3
37,14,100,-0,100,0,B,3
37,15,50,-0,50,0,D,3
37,16,100,-0,100,0,B,3
37,17,100,-0,100,0,B,3
37,18,100,-0,100,0,B,3
37,19,100,-0,100,0,B,3
37,20,100,-1250,-1150,1,B,3
37,21,50,-0,50,0,D,3
37,22,100,-0,100,0,B,3
37,23,100,-0,100,0,B,3
37,24,100,-0,100,0,A,3
37,25,50,-0,50,0,C,3
37,26,100,-200,-100,1,A,3
37,27,50,-0,50,0,D,3
37,28,50,-50,0,1,C,3
37,29,100,-0,100,0,B,3
37,30,50,-0,50,0,D,3
37,31,100,-0,100,0,A,3
37,32,100,-0,100,0,B,3
37,33,50,-0,50,0,D,3
37,34,50,-0,50,0,D,3
37,35,100,-1250,-1150,1,B,3
37,36,50,-0,50,0,C,3
37,37,50,-0,50,0,D,3
37,38,50,-250,-200,1,D,3
37,39,50,-50,0,1,C,3
37,40,50,-0,50,0,C,3
37,41,50,-0,50,0,D,3
37,42,100,-0,100,0,B,3
37,43,50,-50,0,1,C,3
37,44,100,-0,100,0,B,3
37,45,50,-50,0,1,C,3
37,46,50,-0,50,0,D,3
37,47,50,-0,50,0,C,3
37,48,100,-0,100,0,B,3
37,49,50,-25,25,1,C,3
37,50,50,-75,-25,1,C,3
37,51,50,-0,50,0,C,3
37,52,50,-0,50,0,D,3
37,53,100,-250,-150,1,A,3
37,54,100,-350,-250,1,A,3
37,55,50,-0,50,0,C,3
37,56,50,-0,50,0,D,3
37,57,50,-0,50,0,C,3
37,58,50,-0,50,0,D,3
37,59,50,-25,25,1,C,3
37,60,50,-75,-25,1,C,3
37,61,50,-0,50,0,C,3
37,62,50,-50,0,1,C,3
37,63,50,-0,50,0,C,3
37,64,50,-0,50,0,C,3
37,65,50,-0,50,0,C,3
37,66,50,-0,50,0,D,3
37,67,50,-0,50,0,D,3
37,68,50,-50,0,1,C,3
37,69,50,-25,25,1,C,3
37,70,50,-0,50,0,D,3
37,71,50,-50,0,1,C,3
37,72,50,-0,50,0,C,3
37,73,50,-0,50,0,D,3
37,74,50,-0,50,0,C,3
37,75,50,-75,-25,1,C,3
37,76,50,-50,0,1,C,3
37,77,50,-0,50,0,C,3
37,78,50,-0,50,0,C,3
37,79,50,-0,50,0,C,3
37,80,50,-25,25,1,C,3
37,81,50,-25,25,1,C,3
37,82,50,-250,-200,1,D,3
37,83,50,-0,50,0,D,3
37,84,50,-0,50,0,C,3
37,85,50,-0,50,0,D,3
37,86,50,-75,-25,1,C,3
37,87,50,-0,50,0,C,3
37,88,50,-0,50,0,D,3
37,89,50,-50,0,1,C,3
37,90,50,-75,-25,1,C,3
37,91,50,-0,50,0,C,3
37,92,50,-0,50,0,C,3
37,93,50,-50,0,1,C,3
37,94,50,-0,50,0,C,3
37,95,50,-50,0,1,C,3
37,96,50,-0,50,0,D,3
37,97,50,-0,50,0,C,3
37,98,50,-50,0,1,C,3
37,99,50,-0,50,0,C,3
37,100,50,-50,0,1,C,3
38,1,50,-0,50,0,C,3
38,2,100,-0,100,0,B,3
38,3,50,-0,50,0,C,3
38,4,50,-0,50,0,D,3
38,5,100,-0,100,0,B,3
38,6,100,-0,100,0,A,3
38,7,50,-50,0,1,C,3
38,8,50,-0,50,0,D,3
38,9,50,-0,50,0,C,3
38,10,100,-0,100,0,B,3
38,11,50,-50,0,1,C,3
38,12,100,-0,100,0,B,3
38,13,100,-0,100,0,A,3
38,14,50,-0,50,0,D,3
38,15,100,-0,100,0,B,3
38,16,100,-150,-50,1,A,3
38,17,100,-0,100,0,B,3
38,18,50,-0,50,0,D,3
38,19,50,-0,50,0,C,3
38,20,50,-0,50,0,D,3
38,21,50,-50,0,1,C,3
38,22,100,-0,100,0,B,3
38,23,100,-0,100,0,A,3
38,24,50,-0,50,0,D,3
38,25,100,-0,100,0,B,3
38,26,100,-300,-200,1,A,3
38,27,50,-0,50,0,C,3
38,28,100,-1250,-1150,1,B,3
38,29,50,-0,50,0,D,3
38,30,50,-50,0,1,C,3
38,31,50,-50,0,1,C,3
38,32,50,-0,50,0,D,3
38,33,50,-0,50,0,D,3
38,34,50,-0,50,0,C,3
38,35,100,-0,100,0,A,3
38,36,50,-250,-200,1,D,3
38,37,100,-0,100,0,B,3
38,38,100,-200,-100,1,A,3
38,39,50,-0,50,0,D,3
38,40,50,-0,50,0,D,3
38,41,50,-25,25,1,C,3
38,42,100,-0,100,0,A,3
38,43,100,-0,100,0,B,3
38,44,50,-0,50,0,D,3
38,45,50,-75,-25,1,C,3
38,46,100,-250,-150,1,A,3
38,47,100,-0,100,0,B,3
38,48,50,-0,50,0,D,3
38,49,50,-0,50,0,D,3
38,50,50,-0,50,0,D,3
38,51,50,-0,50,0,D,3
38,52,50,-0,50,0,C,3
38,53,100,-350,-250,1,A,3
38,54,100,-0,100,0,B,3
38,55,50,-0,50,0,C,3
38,56,50,-0,50,0,D,3
38,57,50,-0,50,0,D,3
38,58,100,-1250,-1150,1,B,3
38,59,50,-0,50,0,C,3
38,60,50,-250,-200,1,D,3
38,61,50,-25,25,1,C,3
38,62,50,-0,50,0,D,3
38,63,50,-75,-25,1,C,3
38,64,50,-0,50,0,D,3
38,65,100,-0,100,0,B,3
38,66,100,-0,100,0,A,3
38,67,50,-0,50,0,C,3
38,68,50,-0,50,0,D,3
38,69,100,-0,100,0,B,3
38,70,100,-350,-250,1,A,3
38,71,50,-0,50,0,D,3
38,72,50,-50,0,1,C,3
38,73,50,-0,50,0,D,3
38,74,100,-0,100,0,B,3
38,75,50,-0,50,0,C,3
38,76,50,-0,50,0,D,3
38,77,50,-0,50,0,D,3
38,78,50,-0,50,0,D,3
38,79,50,-250,-200,1,D,3
38,80,100,-0,100,0,A,3
38,81,50,-0,50,0,D,3
38,82,50,-0,50,0,C,3
38,83,100,-250,-150,1,A,3
38,84,100,-0,100,0,B,3
38,85,100,-200,-100,1,A,3
38,86,50,-0,50,0,D,3
38,87,50,-0,50,0,C,3
38,88,50,-0,50,0,D,3
38,89,50,-50,0,1,C,3
38,90,50,-0,50,0,D,3
38,91,50,-25,25,1,C,3
38,92,50,-0,50,0,D,3
38,93,50,-250,-200,1,D,3
38,94,50,-50,0,1,C,3
38,95,100,-0,100,0,B,3
38,96,50,-0,50,0,D,3
38,97,50,-0,50,0,C,3
38,98,100,-0,100,0,B,3
38,99,100,-1250,-1150,1,B,3
38,100,100,-0,100,0,A,3
39,1,50,-0,50,0,C,2
39,2,50,-0,50,0,C,2
39,3,100,-0,100,0,B,2
39,4,50,-0,50,0,D,2
39,5,100,-0,100,0,A,2
39,6,100,-0,100,0,B,2
39,7,100,-0,100,0,A,2
39,8,100,-150,-50,1,A,2
39,9,50,-50,0,1,C,2
39,10,100,-0,100,0,B,2
39,11,100,-0,100,0,B,2
39,12,50,-0,50,0,D,2
39,13,100,-0,100,0,B,2
39,14,100,-0,100,0,B,2
39,15,100,-0,100,0,B,2
39,16,100,-0,100,0,B,2
39,17,100,-0,100,0,A,2
39,18,50,-0,50,0,C,2
39,19,100,-1250,-1150,1,B,2
39,20,50,-0,50,0,D,2
39,21,50,-0,50,0,D,2
39,22,50,-50,0,1,C,2
39,23,50,-0,50,0,D,2
39,24,100,-0,100,0,B,2
39,25,100,-0,100,0,B,2
39,26,100,-0,100,0,B,2
39,27,100,-0,100,0,B,2
39,28,100,-1250,-1150,1,B,2
39,29,100,-300,-200,1,A,2
39,30,50,-0,50,0,D,2
39,31,50,-0,50,0,C,2
39,32,100,-0,100,0,B,2
39,33,100,-0,100,0,B,2
39,34,100,-0,100,0,B,2
39,35,50,-0,50,0,D,2
39,36,100,-0,100,0,A,2
39,37,100,-200,-100,1,A,2
39,38,50,-0,50,0,D,2
39,39,50,-0,50,0,D,2
39,40,50,-250,-200,1,D,2
39,41,50,-50,0,1,C,2
39,42,100,-0,100,0,B,2
39,43,100,-0,100,0,B,2
39,44,100,-0,100,0,A,2
39,45,100,-250,-150,1,A,2
39,46,50,-0,50,0,D,2
39,47,50,-0,50,0,D,2
39,48,50,-0,50,0,D,2
39,49,50,-0,50,0,D,2
39,50,50,-0,50,0,D,2
39,51,100,-0,100,0,B,2
39,52,100,-350,-250,1,A,2
39,53,50,-0,50,0,D,2
39,54,50,-0,50,0,C,2
39,55,100,-1250,-1150,1,B,2
39,56,50,-0,50,0,D,2
39,57,50,-0,50,0,D,2
39,58,50,-0,50,0,D,2
39,59,50,-250,-200,1,D,2
39,60,50,-50,0,1,C,2
39,61,50,-0,50,0,D,2
39,62,100,-0,100,0,B,2
39,63,50,-50,0,1,C,2
39,64,50,-0,50,0,D,2
39,65,100,-0,100,0,B,2
39,66,100,-0,100,0,B,2
39,67,100,-0,100,0,B,2
39,68,100,-0,100,0,B,2
39,69,50,-0,50,0,D,2
39,70,50,-0,50,0,D,2
39,71,100,-0,100,0,B,2
39,72,100,-0,100,0,B,2
39,73,100,-0,100,0,B,2
39,74,100,-0,100,0,B,2
39,75,100,-0,100,0,B,2
39,76,100,-1250,-1150,1,B,2
39,77,50,-0,50,0,D,2
39,78,50,-0,50,0,D,2
39,79,50,-0,50,0,D,2
39,80,50,-0,50,0,D,2
39,81,100,-0,100,0,B,2
39,82,100,-0,100,0,B,2
39,83,100,-0,100,0,B,2
39,84,50,-250,-200,1,D,2
39,85,100,-0,100,0,B,2
39,86,50,-0,50,0,D,2
39,87,50,-0,50,0,D,2
39,88,50,-0,50,0,D,2
39,89,50,-0,50,0,D,2
39,90,50,-0,50,0,D,2
39,91,100,-0,100,0,B,2
39,92,100,-0,100,0,B,2
39,93,100,-0,100,0,B,2
39,94,100,-0,100,0,A,2
39,95,100,-350,-250,1,A,2
39,96,50,-250,-200,1,D,2
39,97,100,-0,100,0,B,2
39,98,50,-0,50,0,C,2
39,99,100,-0,100,0,B,2
39,100,100,-0,100,0,B,2
40,1,100,-0,100,0,B,1
40,2,100,-0,100,0,A,1
40,3,50,-0,50,0,D,1
40,4,50,-0,50,0,C,1
40,5,100,-0,100,0,A,1
40,6,100,-0,100,0,B,1
40,7,100,-0,100,0,B,1
40,8,100,-0,100,0,B,1
40,9,100,-0,100,0,B,1
40,10,100,-0,100,0,B,1
40,11,50,-0,50,0,D,1
40,12,100,-150,-50,1,A,1
40,13,50,-0,50,0,C,1
40,14,100,-0,100,0,B,1
40,15,100,-0,100,0,B,1
40,16,100,-1250,-1150,1,B,1
40,17,100,-0,100,0,A,1
40,18,50,-50,0,1,C,1
40,19,50,-0,50,0,D,1
40,20,100,-300,-200,1,A,1
40,21,100,-0,100,0,B,1
40,22,100,-0,100,0,B,1
40,23,100,-0,100,0,B,1
40,24,100,-0,100,0,B,1
40,25,100,-1250,-1150,1,B,1
40,26,100,-0,100,0,B,1
40,27,100,-0,100,0,B,1
40,28,100,-0,100,0,B,1
40,29,100,-0,100,0,A,1
40,30,100,-200,-100,1,A,1
40,31,100,-0,100,0,B,1
40,32,100,-0,100,0,B,1
40,33,100,-0,100,0,B,1
40,34,100,-1250,-1150,1,B,1
40,35,100,-0,100,0,B,1
40,36,100,-0,100,0,B,1
40,37,100,-0,100,0,B,1
40,38,100,-0,100,0,A,1
40,39,100,-250,-150,1,A,1
40,40,100,-0,100,0,B,1
40,41,50,-0,50,0,D,1
40,42,100,-350,-250,1,A,1
40,43,100,-0,100,0,A,1
40,44,100,-350,-250,1,A,1
40,45,50,-0,50,0,C,1
40,46,50,-0,50,0,D,1
40,47,100,-0,100,0,B,1
40,48,100,-0,100,0,B,1
40,49,100,-0,100,0,B,1
40,50,50,-0,50,0,D,1
40,51,100,-0,100,0,B,1
40,52,100,-0,100,0,B,1
40,53,100,-0,100,0,B,1
40,54,100,-0,100,0,A,1
40,55,50,-0,50,0,D,1
40,56,50,-50,0,1,C,1
40,57,50,-0,50,0,D,1
40,58,50,-0,50,0,C,1
40,59,50,-0,50,0,D,1
40,60,50,-250,-200,1,D,1
40,61,100,-1250,-1150,1,B,1
40,62,100,-0,100,0,B,1
40,63,100,-0,100,0,B,1
40,64,100,-0,100,0,B,1
40,65,100,-250,-150,1,A,1
40,66,100,-200,-100,1,A,1
40,67,50,-50,0,1,C,1
40,68,50,-0,50,0,D,1
40,69,50,-0,50,0,D,1
40,70,50,-0,50,0,C,1
40,71,50,-50,0,1,C,1
40,72,50,-0,50,0,D,1
40,73,100,-0,100,0,A,1
40,74,100,-0,100,0,B,1
40,75,100,-0,100,0,B,1
40,76,100,-0,100,0,B,1
40,77,50,-50,0,1,C,1
40,78,50,-0,50,0,C,1
40,79,50,-25,25,1,C,1
40,80,50,-75,-25,1,C,1
40,81,100,-0,100,0,B,1
40,82,100,-0,100,0,B,1
40,83,100,-0,100,0,B,1
40,84,50,-0,50,0,C,1
40,85,50,-0,50,0,C,1
40,86,50,-0,50,0,C,1
40,87,50,-25,25,1,C,1
40,88,100,-300,-200,1,A,1
40,89,50,-0,50,0,D,1
40,90,100,-150,-50,1,A,1
40,91,100,-0,100,0,B,1
40,92,100,-0,100,0,B,1
40,93,100,-0,100,0,B,1
40,94,50,-75,-25,1,C,1
40,95,100,-0,100,0,A,1
40,96,50,-0,50,0,C,1
40,97,50,-50,0,1,C,1
40,98,50,-0,50,0,C,1
40,99,50,-0,50,0,C,1
40,100,50,-0,50,0,C,1
41,1,50,-0,50,0,C,1
41,2,50,-0,50,0,D,1
41,3,50,-0,50,0,D,1
41,4,100,-0,100,0,B,1
41,5,100,-0,100,0,A,1
41,6,100,-0,100,0,A,1
41,7,100,-0,100,0,B,1
41,8,100,-0,100,0,B,1
41,9,100,-0,100,0,B,1
41,10,100,-0,100,0,B,1
41,11,50,-0,50,0,C,1
41,12,100,-0,100,0,B,1
41,13,100,-0,100,0,B,1
41,14,100,-150,-50,1,A,1
41,15,100,-0,100,0,B,1
41,16,50,-0,50,0,D,1
41,17,100,-1250,-1150,1,B,1
41,18,50,-0,50,0,D,1
41,19,50,-50,0,1,C,1
41,20,50,-0,50,0,D,1
41,21,100,-0,100,0,A,1
41,22,100,-300,-200,1,A,1
41,23,50,-0,50,0,D,1
41,24,100,-0,100,0,B,1
41,25,50,-0,50,0,C,1
41,26,100,-0,100,0,B,1
41,27,50,-0,50,0,D,1
41,28,50,-0,50,0,D,1
41,29,50,-50,0,1,C,1
41,30,100,-0,100,0,A,1
41,31,100,-0,100,0,B,1
41,32,50,-0,50,0,C,1
41,33,100,-200,-100,1,A,1
41,34,100,-0,100,0,B,1
41,35,50,-0,50,0,D,1
41,36,100,-1250,-1150,1,B,1
41,37,50,-50,0,1,C,1
41,38,50,-250,-200,1,D,1
41,39,100,-0,100,0,A,1
41,40,100,-0,100,0,B,1
41,41,50,-0,50,0,D,1
41,42,50,-0,50,0,D,1
41,43,50,-0,50,0,D,1
41,44,100,-0,100,0,B,1
41,45,100,-0,100,0,B,1
41,46,100,-0,100,0,B,1
41,47,50,-0,50,0,C,1
41,48,100,-250,-150,1,A,1
41,49,100,-0,100,0,B,1
41,50,100,-0,100,0,B,1
41,51,100,-1250,-1150,1,B,1
41,52,50,-50,0,1,C,1
41,53,50,-0,50,0,D,1
41,54,100,-350,-250,1,A,1
41,55,50,-0,50,0,D,1
41,56,100,-0,100,0,B,1
41,57,100,-0,100,0,B,1
41,58,100,-0,100,0,B,1
41,59,100,-0,100,0,B,1
41,60,100,-0,100,0,B,1
41,61,100,-0,100,0,B,1
41,62,50,-50,0,1,C,1
41,63,100,-0,100,0,A,1
41,64,50,-0,50,0,D,1
41,65,100,-350,-250,1,A,1
41,66,100,-0,100,0,B,1
41,67,100,-0,100,0,B,1
41,68,100,-0,100,0,B,1
41,69,100,-0,100,0,B,1
41,70,100,-1250,-1150,1,B,1
41,71,100,-0,100,0,B,1
41,72,50,-0,50,0,C,1
41,73,50,-0,50,0,D,1
41,74,100,-0,100,0,A,1
41,75,100,-0,100,0,B,1
41,76,100,-250,-150,1,A,1
41,77,50,-25,25,1,C,1
41,78,100,-0,100,0,B,1
41,79,50,-0,50,0,D,1
41,80,100,-0,100,0,B,1
41,81,100,-0,100,0,B,1
41,82,50,-0,50,0,D,1
41,83,50,-75,-25,1,C,1
41,84,100,-0,100,0,B,1
41,85,50,-250,-200,1,D,1
41,86,100,-0,100,0,B,1
41,87,100,-0,100,0,B,1
41,88,50,-0,50,0,C,1
41,89,50,-0,50,0,D,1
41,90,100,-0,100,0,B,1
41,91,50,-0,50,0,D,1
41,92,100,-0,100,0,B,1
41,93,100,-0,100,0,B,1
41,94,50,-0,50,0,C,1
41,95,100,-0,100,0,B,1
41,96,50,-0,50,0,D,1
41,97,100,-0,100,0,B,1
41,98,50,-0,50,0,C,1
41,99,100,-0,100,0,B,1
41,100,50,-0,50,0,D,1
42,1,100,-0,100,0,B,3
42,2,100,-0,100,0,B,3
42,3,100,-0,100,0,B,3
42,4,100,-0,100,0,B,3
42,5,100,-0,100,0,B,3
42,6,100,-0,100,0,B,3
42,7,100,-0,100,0,B,3
42,8,100,-0,100,0,B,3
42,9,100,-1250,-1150,1,B,3
42,10,100,-0,100,0,A,3
42,11,100,-0,100,0,A,3
42,12,100,-150,-50,1,A,3
42,13,50,-0,50,0,D,3
42,14,50,-0,50,0,D,3
42,15,50,-0,50,0,D,3
42,16,100,-0,100,0,A,3
42,17,50,-0,50,0,C,3
42,18,50,-0,50,0,C,3
42,19,50,-50,0,1,C,3
42,20,50,-0,50,0,D,3
42,21,50,-0,50,0,D,3
42,22,50,-0,50,0,D,3
42,23,50,-0,50,0,D,3
42,24,50,-0,50,0,D,3
42,25,50,-0,50,0,C,3
42,26,50,-50,0,1,C,3
42,27,50,-0,50,0,C,3
42,28,50,-50,0,1,C,3
42,29,50,-0,50,0,C,3
42,30,50,-0,50,0,D,3
42,31,50,-50,0,1,C,3
42,32,50,-50,0,1,C,3
42,33,50,-250,-200,1,D,3
42,34,50,-0,50,0,D,3
42,35,50,-0,50,0,D,3
42,36,50,-0,50,0,D,3
42,37,50,-0,50,0,D,3
42,38,50,-0,50,0,D,3
42,39,50,-0,50,0,D,3
42,40,50,-0,50,0,D,3
42,41,100,-300,-200,1,A,3
42,42,50,-0,50,0,C,3
42,43,50,-25,25,1,C,3
42,44,50,-75,-25,1,C,3
42,45,50,-0,50,0,D,3
42,46,50,-0,50,0,D,3
42,47,50,-250,-200,1,D,3
42,48,50,-0,50,0,D,3
42,49,50,-0,50,0,D,3
42,50,50,-0,50,0,D,3
42,51,50,-0,50,0,D,3
42,52,50,-0,50,0,D,3
42,53,50,-0,50,0,D,3
42,54,50,-0,50,0,D,3
42,55,50,-0,50,0,D,3
42,56,50,-250,-200,1,D,3
42,57,50,-0,50,0,D,3
42,58,100,-0,100,0,B,3
42,59,100,-0,100,0,A,3
42,60,50,-0,50,0,D,3
42,61,50,-0,50,0,D,3
42,62,50,-0,50,0,D,3
42,63,50,-0,50,0,D,3
42,64,50,-250,-200,1,D,3
42,65,50,-0,50,0,D,3
42,66,50,-0,50,0,D,3
42,67,50,-0,50,0,D,3
42,68,50,-0,50,0,C,3
42,69,50,-0,50,0,C,3
42,70,50,-0,50,0,C,3
42,71,100,-200,-100,1,A,3
42,72,50,-25,25,1,C,3
42,73,50,-75,-25,1,C,3
42,74,50,-0,50,0,C,3
42,75,100,-0,100,0,A,3
42,76,50,-50,0,1,C,3
42,77,50,-0,50,0,C,3
42,78,50,-0,50,0,C,3
42,79,100,-0,100,0,B,3
42,80,50,-0,50,0,C,3
42,81,50,-50,0,1,C,3
42,82,50,-25,25,1,C,3
42,83,50,-0,50,0,D,3
42,84,50,-0,50,0,D,3
42,85,50,-0,50,0,D,3
42,86,100,-250,-150,1,A,3
42,87,50,-0,50,0,D,3
42,88,50,-0,50,0,D,3
42,89,50,-0,50,0,D,3
42,90,100,-350,-250,1,A,3
42,91,50,-0,50,0,D,3
42,92,50,-0,50,0,D,3
42,93,100,-0,100,0,B,3
42,94,50,-0,50,0,D,3
42,95,50,-0,50,0,D,3
42,96,50,-0,50,0,D,3
42,97,100,-0,100,0,B,3
42,98,50,-50,0,1,C,3
42,99,50,-0,50,0,C,3
42,100,50,-0,50,0,C,3
43,1,50,-0,50,0,C,1
43,2,100,-0,100,0,B,1
43,3,50,-0,50,0,D,1
43,4,100,-0,100,0,A,1
43,5,100,-0,100,0,B,1
43,6,100,-0,100,0,B,1
43,7,100,-0,100,0,A,1
43,8,100,-0,100,0,B,1
43,9,50,-0,50,0,D,1
43,10,100,-0,100,0,B,1
43,11,100,-0,100,0,B,1
43,12,100,-150,-50,1,A,1
43,13,50,-0,50,0,C,1
43,14,50,-0,50,0,D,1
43,15,100,-0,100,0,B,1
43,16,100,-0,100,0,B,1
43,17,100,-1250,-1150,1,B,1
43,18,50,-50,0,1,C,1
43,19,50,-0,50,0,D,1
43,20,50,-0,50,0,D,1
43,21,100,-0,100,0,B,1
43,22,50,-0,50,0,C,1
43,23,100,-0,100,0,A,1
43,24,50,-0,50,0,D,1
43,25,100,-0,100,0,B,1
43,26,100,-0,100,0,B,1
43,27,100,-0,100,0,B,1
43,28,100,-1250,-1150,1,B,1
43,29,50,-50,0,1,C,1
43,30,50,-0,50,0,D,1
43,31,100,-0,100,0,B,1
43,32,50,-0,50,0,C,1
43,33,100,-300,-200,1,A,1
43,34,50,-0,50,0,D,1
43,35,50,-0,50,0,D,1
43,36,50,-250,-200,1,D,1
43,37,100,-0,100,0,B,1
43,38,100,-0,100,0,B,1
43,39,100,-0,100,0,B,1
43,40,100,-0,100,0,B,1
43,41,100,-0,100,0,B,1
43,42,100,-1250,-1150,1,B,1
43,43,50,-0,50,0,D,1
43,44,50,-50,0,1,C,1
43,45,100,-0,100,0,A,1
43,46,100,-200,-100,1,A,1
43,47,50,-0,50,0,D,1
43,48,50,-0,50,0,D,1
43,49,50,-0,50,0,D,1
43,50,50,-0,50,0,D,1
43,51,100,-0,100,0,B,1
43,52,50,-0,50,0,D,1
43,53,50,-0,50,0,C,1
43,54,100,-0,100,0,A,1
43,55,100,-0,100,0,B,1
43,56,100,-0,100,0,B,1
43,57,100,-0,100,0,B,1
43,58,100,-0,100,0,B,1
43,59,100,-0,100,0,B,1
43,60,100,-0,100,0,B,1
43,61,50,-50,0,1,C,1
43,62,100,-0,100,0,B,1
43,63,50,-0,50,0,D,1
43,64,100,-250,-150,1,A,1
43,65,100,-0,100,0,B,1
43,66,100,-0,100,0,B,1
43,67,100,-1250,-1150,1,B,1
43,68,50,-0,50,0,D,1
43,69,50,-0,50,0,D,1
43,70,50,-250,-200,1,D,1
43,71,100,-0,100,0,B,1
43,72,50,-0,50,0,D,1
43,73,50,-50,0,1,C,1
43,74,100,-350,-250,1,A,1
43,75,100,-0,100,0,B,1
43,76,100,-0,100,0,B,1
43,77,100,-0,100,0,B,1
43,78,100,-0,100,0,B,1
43,79,100,-0,100,0,B,1
43,80,100,-0,100,0,B,1
43,81,100,-0,100,0,B,1
43,82,50,-0,50,0,D,1
43,83,50,-0,50,0,C,1
43,84,100,-0,100,0,A,1
43,85,100,-0,100,0,B,1
43,86,100,-0,100,0,B,1
43,87,100,-0,100,0,B,1
43,88,100,-0,100,0,B,1
43,89,100,-0,100,0,B,1
43,90,50,-25,25,1,C,1
43,91,100,-0,100,0,B,1
43,92,50,-0,50,0,D,1
43,93,50,-75,-25,1,C,1
43,94,100,-350,-250,1,A,1
43,95,50,-0,50,0,C,1
43,96,50,-0,50,0,C,1
43,97,100,-0,100,0,B,1
43,98,100,-0,100,0,B,1
43,99,100,-1250,-1150,1,B,1
43,100,100,-0,100,0,B,1
44,1,50,-0,50,0,C,1
44,2,50,-0,50,0,C,1
44,3,50,-0,50,0,D,1
44,4,100,-0,100,0,B,1
44,5,100,-0,100,0,A,1
44,6,100,-0,100,0,B,1
44,7,100,-0,100,0,B,1
44,8,100,-0,100,0,B,1
44,9,100,-0,100,0,B,1
44,10,100,-0,100,0,B,1
44,11,50,-50,0,1,C,1
44,12,100,-0,100,0,B,1
44,13,100,-0,100,0,A,1
44,14,50,-0,50,0,D,1
44,15,100,-0,100,0,B,1
44,16,100,-1250,-1150,1,B,1
44,17,100,-150,-50,1,A,1
44,18,100,-0,100,0,B,1
44,19,50,-0,50,0,C,1
44,20,50,-0,50,0,D,1
44,21,100,-0,100,0,B,1
44,22,100,-0,100,0,B,1
44,23,100,-0,100,0,B,1
44,24,50,-50,0,1,C,1
44,25,50,-0,50,0,D,1
44,26,100,-0,100,0,A,1
44,27,100,-300,-200,1,A,1
44,28,100,-1250,-1150,1,B,1
44,29,50,-0,50,0,C,1
44,30,50,-50,0,1,C,1
44,31,50,-0,50,0,C,1
44,32,50,-50,0,1,C,1
44,33,100,-0,100,0,B,1
44,34,100,-0,100,0,A,1
44,35,50,-0,50,0,D,1
44,36,50,-50,0,1,C,1
44,37,100,-0,100,0,B,1
44,38,100,-0,100,0,B,1
44,39,100,-200,-100,1,A,1
44,40,50,-0,50,0,D,1
44,41,100,-0,100,0,B,1
44,42,100,-0,100,0,A,1
44,43,50,-0,50,0,D,1
44,44,50,-0,50,0,C,1
44,45,100,-250,-150,1,A,1
44,46,100,-0,100,0,B,1
44,47,100,-0,100,0,B,1
44,48,100,-350,-250,1,A,1
44,49,100,-1250,-1150,1,B,1
44,50,50,-25,25,1,C,1
44,51,50,-75,-25,1,C,1
44,52,100,-0,100,0,B,1
44,53,100,-0,100,0,A,1
44,54,50,-0,50,0,D,1
44,55,100,-0,100,0,B,1
44,56,50,-0,50,0,D,1
44,57,100,-350,-250,1,A,1
44,58,50,-250,-200,1,D,1
44,59,50,-0,50,0,C,1
44,60,50,-0,50,0,D,1
44,61,50,-0,50,0,C,1
44,62,100,-0,100,0,B,1
44,63,100,-0,100,0,A,1
44,64,50,-0,50,0,D,1
44,65,50,-0,50,0,C,1
44,66,100,-0,100,0,B,1
44,67,100,-250,-150,1,A,1
44,68,50,-25,25,1,C,1
44,69,100,-0,100,0,B,1
44,70,50,-0,50,0,D,1
44,71,50,-75,-25,1,C,1
44,72,100,-0,100,0,B,1
44,73,100,-200,-100,1,A,1
44,74,50,-0,50,0,D,1
44,75,100,-0,100,0,B,1
44,76,100,-0,100,0,A,1
44,77,50,-0,50,0,C,1
44,78,100,-0,100,0,B,1
44,79,50,-0,50,0,D,1
44,80,100,-0,100,0,B,1
44,81,50,-50,0,1,C,1
44,82,100,-0,100,0,B,1
44,83,100,-300,-200,1,A,1
44,84,50,-0,50,0,D,1
44,85,100,-1250,-1150,1,B,1
44,86,50,-0,50,0,C,1
44,87,50,-0,50,0,D,1
44,88,50,-0,50,0,D,1
44,89,50,-0,50,0,D,1
44,90,50,-250,-200,1,D,1
44,91,50,-0,50,0,C,1
44,92,100,-0,100,0,B,1
44,93,100,-150,-50,1,A,1
44,94,50,-0,50,0,D,1
44,95,100,-0,100,0,B,1
44,96,100,-0,100,0,B,1
44,97,100,-0,100,0,B,1
44,98,100,-0,100,0,B,1
44,99,100,-0,100,0,A,1
44,100,100,-0,100,0,A,1
45,1,100,-0,100,0,B,2
45,2,50,-0,50,0,D,2
45,3,50,-0,50,0,C,2
45,4,100,-0,100,0,B,2
45,5,100,-0,100,0,A,2
45,6,50,-0,50,0,C,2
45,7,50,-50,0,1,C,2
45,8,50,-0,50,0,D,2
45,9,100,-0,100,0,A,2
45,10,100,-0,100,0,B,2
45,11,50,-0,50,0,C,2
45,12,50,-0,50,0,D,2
45,13,100,-150,-50,1,A,2
45,14,100,-0,100,0,B,2
45,15,50,-50,0,1,C,2
45,16,100,-0,100,0,B,2
45,17,100,-0,100,0,B,2
45,18,50,-0,50,0,D,2
45,19,50,-0,50,0,D,2
45,20,100,-0,100,0,B,2
45,21,100,-0,100,0,B,2
45,22,50,-0,50,0,D,2
45,23,100,-1250,-1150,1,B,2
45,24,50,-0,50,0,C,2
45,25,50,-0,50,0,D,2
45,26,100,-0,100,0,A,2
45,27,100,-0,100,0,B,2
45,28,50,-0,50,0,D,2
45,29,50,-50,0,1,C,2
45,30,100,-0,100,0,B,2
45,31,100,-300,-200,1,A,2
45,32,50,-0,50,0,D,2
45,33,50,-0,50,0,C,2
45,34,100,-0,100,0,B,2
45,35,50,-250,-200,1,D,2
45,36,100,-0,100,0,A,2
45,37,50,-50,0,1,C,2
45,38,100,-0,100,0,B,2
45,39,100,-200,-100,1,A,2
45,40,50,-0,50,0,D,2
45,41,100,-0,100,0,A,2
45,42,50,-0,50,0,D,2
45,43,50,-50,0,1,C,2
45,44,50,-0,50,0,D,2
45,45,100,-1250,-1150,1,B,2
45,46,100,-250,-150,1,A,2
45,47,100,-350,-250,1,A,2
45,48,50,-0,50,0,D,2
45,49,50,-0,50,0,C,2
45,50,50,-25,25,1,C,2
45,51,50,-0,50,0,D,2
45,52,100,-0,100,0,A,2
45,53,50,-75,-25,1,C,2
45,54,100,-0,100,0,B,2
45,55,50,-0,50,0,D,2
45,56,100,-350,-250,1,A,2
45,57,50,-0,50,0,C,2
45,58,50,-0,50,0,D,2
45,59,100,-0,100,0,A,2
45,60,50,-0,50,0,C,2
45,61,50,-0,50,0,C,2
45,62,50,-0,50,0,D,2
45,63,100,-0,100,0,B,2
45,64,100,-250,-150,1,A,2
45,65,50,-0,50,0,D,2
45,66,50,-250,-200,1,D,2
45,67,50,-25,25,1,C,2
45,68,100,-0,100,0,B,2
45,69,100,-200,-100,1,A,2
45,70,50,-0,50,0,D,2
45,71,50,-0,50,0,D,2
45,72,100,-0,100,0,A,2
45,73,50,-75,-25,1,C,2
45,74,100,-0,100,0,B,2
45,75,50,-0,50,0,D,2
45,76,100,-300,-200,1,A,2
45,77,50,-0,50,0,C,2
45,78,50,-0,50,0,D,2
45,79,100,-150,-50,1,A,2
45,80,50,-0,50,0,D,2
45,81,100,-0,100,0,B,2
45,82,50,-0,50,0,D,2
45,83,100,-0,100,0,A,2
45,84,50,-0,50,0,D,2
45,85,50,-50,0,1,C,2
45,86,100,-0,100,0,A,2
45,87,100,-0,100,0,B,2
45,88,50,-0,50,0,D,2
45,89,100,-0,100,0,A,2
45,90,50,-0,50,0,C,2
45,91,50,-250,-200,1,D,2
45,92,50,-0,50,0,C,2
45,93,100,-300,-200,1,A,2
45,94,100,-1250,-1150,1,B,2
45,95,50,-0,50,0,D,2
45,96,100,-0,100,0,A,2
45,97,50,-0,50,0,C,2
45,98,100,-350,-250,1,A,2
45,99,50,-0,50,0,D,2
45,100,50,-50,0,1,C,2
46,1,100,-0,100,0,A,1
46,2,50,-0,50,0,D,1
46,3,100,-0,100,0,A,1
46,4,100,-150,-50,1,A,1
46,5,50,-0,50,0,D,1
46,6,100,-0,100,0,B,1
46,7,50,-0,50,0,D,1
46,8,100,-0,100,0,B,1
46,9,100,-0,100,0,B,1
46,10,100,-0,100,0,B,1
46,11,50,-0,50,0,C,1
46,12,50,-0,50,0,D,1
46,13,100,-0,100,0,B,1
46,14,100,-0,100,0,B,1
46,15,100,-0,100,0,B,1
46,16,100,-0,100,0,B,1
46,17,100,-1250,-1150,1,B,1
46,18,100,-0,100,0,A,1
46,19,50,-0,50,0,D,1
46,20,50,-0,50,0,C,1
46,21,100,-300,-200,1,A,1
46,22,50,-50,0,1,C,1
46,23,100,-0,100,0,B,1
46,24,100,-0,100,0,B,1
46,25,100,-0,100,0,B,1
46,26,50,-0,50,0,D,1
46,27,100,-0,100,0,B,1
46,28,50,-0,50,0,D,1
46,29,100,-1250,-1150,1,B,1
46,30,50,-0,50,0,D,1
46,31,100,-0,100,0,A,1
46,32,100,-0,100,0,B,1
46,33,50,-0,50,0,C,1
46,34,50,-0,50,0,D,1
46,35,100,-0,100,0,B,1
46,36,100,-200,-100,1,A,1
46,37,50,-250,-200,1,D,1
46,38,50,-50,0,1,C,1
46,39,100,-0,100,0,B,1
46,40,100,-0,100,0,B,1
46,41,100,-0,100,0,B,1
46,42,50,-0,50,0,D,1
46,43,100,-0,100,0,B,1
46,44,100,-1250,-1150,1,B,1
46,45,50,-0,50,0,D,1
46,46,50,-0,50,0,C,1
46,47,50,-0,50,0,D,1
46,48,50,-50,0,1,C,1
46,49,100,-0,100,0,B,1
46,50,100,-0,100,0,A,1
46,51,50,-0,50,0,D,1
46,52,100,-0,100,0,B,1
46,53,100,-250,-150,1,A,1
46,54,50,-0,50,0,D,1
46,55,50,-0,50,0,D,1
46,56,100,-0,100,0,B,1
46,57,100,-0,100,0,B,1
46,58,50,-0,50,0,D,1
46,59,50,-0,50,0,D,1
46,60,100,-0,100,0,B,1
46,61,50,-0,50,0,D,1
46,62,100,-0,100,0,B,1
46,63,50,-250,-200,1,D,1
46,64,100,-0,100,0,B,1
46,65,100,-0,100,0,B,1
46,66,100,-0,100,0,B,1
46,67,50,-0,50,0,D,1
46,68,100,-0,100,0,B,1
46,69,100,-350,-250,1,A,1
46,70,100,-1250,-1150,1,B,1
46,71,50,-0,50,0,D,1
46,72,100,-0,100,0,B,1
46,73,100,-0,100,0,A,1
46,74,100,-0,100,0,B,1
46,75,50,-0,50,0,C,1
46,76,100,-0,100,0,B,1
46,77,100,-0,100,0,B,1
46,78,50,-0,50,0,D,1
46,79,100,-0,100,0,B,1
46,80,50,-0,50,0,D,1
46,81,100,-0,100,0,B,1
46,82,50,-0,50,0,D,1
46,83,50,-0,50,0,D,1
46,84,100,-0,100,0,B,1
46,85,100,-0,100,0,B,1
46,86,50,-0,50,0,D,1
46,87,100,-350,-250,1,A,1
46,88,50,-0,50,0,D,1
46,89,50,-250,-200,1,D,1
46,90,100,-0,100,0,B,1
46,91,50,-0,50,0,D,1
46,92,100,-0,100,0,B,1
46,93,100,-0,100,0,A,1
46,94,100,-0,100,0,B,1
46,95,100,-0,100,0,B,1
46,96,50,-0,50,0,D,1
46,97,100,-250,-150,1,A,1
46,98,50,-50,0,1,C,1
46,99,50,-0,50,0,D,1
46,100,100,-0,100,0,B,1
47,1,50,-0,50,0,C,1
47,2,50,-0,50,0,D,1
47,3,100,-0,100,0,B,1
47,4,100,-0,100,0,A,1
47,5,100,-0,100,0,B,1
47,6,100,-0,100,0,A,1
47,7,100,-0,100,0,B,1
47,8,100,-150,-50,1,A,1
47,9,50,-0,50,0,D,1
47,10,50,-0,50,0,C,1
47,11,50,-50,0,1,C,1
47,12,50,-0,50,0,D,1
47,13,100,-0,100,0,B,1
47,14,100,-0,100,0,A,1
47,15,100,-0,100,0,B,1
47,16,100,-300,-200,1,A,1
47,17,50,-0,50,0,D,1
47,18,50,-0,50,0,D,1
47,19,100,-0,100,0,B,1
47,20,100,-0,100,0,B,1
47,21,50,-0,50,0,C,1
47,22,50,-0,50,0,D,1
47,23,100,-0,100,0,B,1
47,24,100,-0,100,0,A,1
47,25,100,-1250,-1150,1,B,1
47,26,50,-0,50,0,D,1
47,27,100,-200,-100,1,A,1
47,28,50,-0,50,0,D,1
47,29,50,-0,50,0,D,1
47,30,50,-50,0,1,C,1
47,31,50,-0,50,0,C,1
47,32,50,-250,-200,1,D,1
47,33,50,-50,0,1,C,1
47,34,100,-0,100,0,B,1
47,35,100,-0,100,0,B,1
47,36,100,-0,100,0,A,1
47,37,100,-0,100,0,B,1
47,38,100,-250,-150,1,A,1
47,39,100,-0,100,0,B,1
47,40,100,-1250,-1150,1,B,1
47,41,50,-0,50,0,C,1
47,42,100,-0,100,0,B,1
47,43,50,-0,50,0,D,1
47,44,100,-350,-250,1,A,1
47,45,100,-0,100,0,B,1
47,46,100,-0,100,0,B,1
47,47,50,-0,50,0,D,1
47,48,50,-0,50,0,D,1
47,49,50,-0,50,0,D,1
47,50,50,-50,0,1,C,1
47,51,100,-0,100,0,B,1
47,52,100,-0,100,0,B,1
47,53,100,-0,100,0,B,1
47,54,100,-0,100,0,A,1
47,55,50,-0,50,0,D,1
47,56,100,-350,-250,1,A,1
47,57,50,-0,50,0,D,1
47,58,50,-0,50,0,D,1
47,59,50,-0,50,0,D,1
47,60,50,-0,50,0,D,1
47,61,100,-1250,-1150,1,B,1
47,62,100,-0,100,0,A,1
47,63,50,-250,-200,1,D,1
47,64,50,-0,50,0,D,1
47,65,100,-0,100,0,B,1
47,66,100,-0,100,0,B,1
47,67,100,-0,100,0,B,1
47,68,50,-0,50,0,D,1
47,69,50,-0,50,0,D,1
47,70,50,-0,50,0,D,1
47,71,100,-0,100,0,B,1
47,72,100,-0,100,0,B,1
47,73,100,-0,100,0,B,1
47,74,100,-250,-150,1,A,1
47,75,100,-200,-100,1,A,1
47,76,100,-0,100,0,B,1
47,77,100,-0,100,0,B,1
47,78,100,-0,100,0,B,1
47,79,50,-0,50,0,D,1
47,80,50,-0,50,0,D,1
47,81,50,-0,50,0,D,1
47,82,100,-0,100,0,A,1
47,83,100,-300,-200,1,A,1
47,84,50,-0,50,0,D,1
47,85,50,-250,-200,1,D,1
47,86,50,-50,0,1,C,1
47,87,50,-0,50,0,C,1
47,88,50,-25,25,1,C,1
47,89,50,-75,-25,1,C,1
47,90,100,-0,100,0,B,1
47,91,100,-1250,-1150,1,B,1
47,92,100,-0,100,0,B,1
47,93,100,-0,100,0,B,1
47,94,100,-0,100,0,B,1
47,95,100,-0,100,0,B,1
47,96,100,-0,100,0,B,1
47,97,100,-0,100,0,B,1
47,98,100,-0,100,0,B,1
47,99,100,-0,100,0,B,1
47,100,100,-0,100,0,B,1
48,1,50,-0,50,0,C,3
48,2,100,-0,100,0,A,3
48,3,50,-0,50,0,D,3
48,4,100,-0,100,0,B,3
48,5,50,-0,50,0,C,3
48,6,100,-0,100,0,A,3
48,7,50,-0,50,0,D,3
48,8,100,-0,100,0,B,3
48,9,50,-50,0,1,C,3
48,10,100,-150,-50,1,A,3
48,11,50,-0,50,0,C,3
48,12,100,-0,100,0,A,3
48,13,50,-0,50,0,D,3
48,14,100,-0,100,0,B,3
48,15,50,-50,0,1,C,3
48,16,100,-300,-200,1,A,3
48,17,50,-0,50,0,D,3
48,18,100,-0,100,0,B,3
48,19,50,-0,50,0,D,3
48,20,100,-0,100,0,B,3
48,21,50,-0,50,0,D,3
48,22,100,-0,100,0,B,3
48,23,50,-0,50,0,C,3
48,24,50,-0,50,0,D,3
48,25,100,-0,100,0,B,3
48,26,100,-0,100,0,B,3
48,27,100,-1250,-1150,1,B,3
48,28,50,-50,0,1,C,3
48,29,50,-0,50,0,D,3
48,30,50,-0,50,0,D,3
48,31,50,-250,-200,1,D,3
48,32,50,-0,50,0,C,3
48,33,100,-0,100,0,A,3
48,34,100,-0,100,0,B,3
48,35,50,-50,0,1,C,3
48,36,50,-0,50,0,D,3
48,37,50,-0,50,0,D,3
48,38,100,-0,100,0,B,3
48,39,100,-200,-100,1,A,3
48,40,50,-0,50,0,D,3
48,41,50,-0,50,0,D,3
48,42,50,-50,0,1,C,3
48,43,100,-0,100,0,B,3
48,44,50,-0,50,0,D,3
48,45,50,-0,50,0,D,3
48,46,100,-0,100,0,A,3
48,47,100,-0,100,0,B,3
48,48,50,-0,50,0,C,3
48,49,50,-0,50,0,D,3
48,50,100,-1250,-1150,1,B,3
48,51,50,-0,50,0,D,3
48,52,100,-0,100,0,B,3
48,53,50,-0,50,0,D,3
48,54,50,-25,25,1,C,3
48,55,50,-250,-200,1,D,3
48,56,100,-0,100,0,B,3
48,57,50,-75,-25,1,C,3
48,58,100,-250,-150,1,A,3
48,59,50,-0,50,0,D,3
48,60,100,-0,100,0,B,3
48,61,50,-0,50,0,D,3
48,62,100,-0,100,0,B,3
48,63,50,-0,50,0,C,3
48,64,50,-0,50,0,D,3
48,65,100,-0,100,0,B,3
48,66,50,-0,50,0,D,3
48,67,50,-0,50,0,C,3
48,68,50,-0,50,0,D,3
48,69,100,-350,-250,1,A,3
48,70,50,-0,50,0,D,3
48,71,50,-0,50,0,D,3
48,72,100,-0,100,0,B,3
48,73,50,-0,50,0,C,3
48,74,50,-0,50,0,D,3
48,75,100,-1250,-1150,1,B,3
48,76,50,-250,-200,1,D,3
48,77,50,-25,25,1,C,3
48,78,100,-0,100,0,A,3
48,79,50,-75,-25,1,C,3
48,80,50,-0,50,0,D,3
48,81,100,-350,-250,1,A,3
48,82,50,-0,50,0,D,3
48,83,100,-0,100,0,B,3
48,84,50,-0,50,0,C,3
48,85,100,-0,100,0,B,3
48,86,50,-0,50,0,D,3
48,87,50,-0,50,0,D,3
48,88,100,-0,100,0,B,3
48,89,50,-0,50,0,D,3
48,90,50,-50,0,1,C,3
48,91,50,-0,50,0,C,3
48,92,50,-250,-200,1,D,3
48,93,50,-0,50,0,D,3
48,94,100,-0,100,0,B,3
48,95,100,-0,100,0,B,3
48,96,50,-0,50,0,C,3
48,97,50,-0,50,0,D,3
48,98,100,-0,100,0,A,3
48,99,100,-0,100,0,B,3
48,100,50,-0,50,0,C,3
49,1,50,-0,50,0,C,3
49,2,100,-0,100,0,A,3
49,3,100,-0,100,0,B,3
49,4,50,-0,50,0,D,3
49,5,50,-0,50,0,C,3
49,6,100,-0,100,0,A,3
49,7,50,-50,0,1,C,3
49,8,100,-150,-50,1,A,3
49,9,50,-0,50,0,D,3
49,10,100,-0,100,0,B,3
49,11,50,-0,50,0,C,3
49,12,100,-0,100,0,A,3
49,13,50,-0,50,0,D,3
49,14,100,-0,100,0,B,3
49,15,100,-0,100,0,B,3
49,16,50,-50,0,1,C,3
49,17,50,-0,50,0,D,3
49,18,100,-0,100,0,B,3
49,19,50,-0,50,0,D,3
49,20,100,-0,100,0,B,3
49,21,50,-0,50,0,D,3
49,22,100,-0,100,0,B,3
49,23,100,-0,100,0,B,3
49,24,100,-1250,-1150,1,B,3
49,25,50,-0,50,0,D,3
49,26,100,-300,-200,1,A,3
49,27,50,-0,50,0,D,3
49,28,50,-0,50,0,D,3
49,29,50,-250,-200,1,D,3
49,30,50,-0,50,0,C,3
49,31,50,-50,0,1,C,3
49,32,50,-0,50,0,D,3
49,33,50,-0,50,0,C,3
49,34,100,-0,100,0,B,3
49,35,50,-0,50,0,D,3
49,36,100,-0,100,0,A,3
49,37,50,-50,0,1,C,3
49,38,50,-0,50,0,D,3
49,39,50,-50,0,1,C,3
49,40,100,-0,100,0,B,3
49,41,50,-0,50,0,C,3
49,42,50,-0,50,0,D,3
49,43,50,-25,25,1,C,3
49,44,100,-200,-100,1,A,3
49,45,50,-0,50,0,D,3
49,46,100,-0,100,0,B,3
49,47,50,-0,50,0,D,3
49,48,50,-75,-25,1,C,3
49,49,100,-0,100,0,B,3
49,50,50,-0,50,0,D,3
49,51,100,-0,100,0,A,3
49,52,50,-0,50,0,D,3
49,53,50,-0,50,0,C,3
49,54,100,-1250,-1150,1,B,3
49,55,50,-0,50,0,D,3
49,56,50,-0,50,0,C,3
49,57,100,-0,100,0,B,3
49,58,50,-250,-200,1,D,3
49,59,100,-250,-150,1,A,3
49,60,100,-0,100,0,B,3
49,61,100,-350,-250,1,A,3
49,62,50,-0,50,0,D,3
49,63,100,-0,100,0,B,3
49,64,50,-0,50,0,C,3
49,65,50,-0,50,0,D,3
49,66,50,-0,50,0,D,3
49,67,100,-0,100,0,A,3
49,68,50,-25,25,1,C,3
49,69,50,-0,50,0,D,3
49,70,100,-0,100,0,B,3
49,71,50,-75,-25,1,C,3
49,72,50,-0,50,0,D,3
49,73,100,-350,-250,1,A,3
49,74,100,-0,100,0,B,3
49,75,50,-0,50,0,C,3
49,76,50,-0,50,0,D,3
49,77,100,-0,100,0,B,3
49,78,50,-50,0,1,C,3
49,79,50,-0,50,0,D,3
49,80,100,-1250,-1150,1,B,3
49,81,50,-0,50,0,D,3
49,82,50,-0,50,0,C,3
49,83,100,-0,100,0,A,3
49,84,50,-250,-200,1,D,3
49,85,100,-0,100,0,B,3
49,86,50,-0,50,0,C,3
49,87,50,-0,50,0,D,3
49,88,50,-0,50,0,C,3
49,89,100,-0,100,0,B,3
49,90,50,-50,0,1,C,3
49,91,50,-25,25,1,C,3
49,92,50,-0,50,0,D,3
49,93,100,-250,-150,1,A,3
49,94,100,-0,100,0,B,3
49,95,50,-0,50,0,D,3
49,96,50,-50,0,1,C,3
49,97,100,-0,100,0,B,3
49,98,50,-0,50,0,C,3
49,99,100,-200,-100,1,A,3
49,100,50,-0,50,0,D,3
50,1,50,-0,50,0,D,2
50,2,50,-0,50,0,D,2
50,3,50,-0,50,0,D,2
50,4,100,-0,100,0,A,2
50,5,100,-0,100,0,A,2
50,6,100,-150,-50,1,A,2
50,7,50,-0,50,0,D,2
50,8,50,-0,50,0,D,2
50,9,50,-0,50,0,C,2
50,10,50,-0,50,0,C,2
50,11,100,-0,100,0,B,2
50,12,50,-0,50,0,D,2
50,13,100,-0,100,0,A,2
50,14,50,-50,0,1,C,2
50,15,100,-0,100,0,B,2
50,16,100,-0,100,0,B,2
50,17,100,-0,100,0,B,2
50,18,100,-0,100,0,B,2
50,19,100,-0,100,0,B,2
50,20,100,-0,100,0,B,2
50,21,50,-0,50,0,C,2
50,22,50,-0,50,0,D,2
50,23,100,-0,100,0,B,2
50,24,100,-300,-200,1,A,2
50,25,100,-1250,-1150,1,B,2
50,26,50,-0,50,0,D,2
50,27,50,-0,50,0,D,2
50,28,50,-50,0,1,C,2
50,29,50,-250,-200,1,D,2
50,30,50,-0,50,0,C,2
50,31,100,-0,100,0,B,2
50,32,50,-0,50,0,D,2
50,33,50,-50,0,1,C,2
50,34,50,-0,50,0,D,2
50,35,100,-0,100,0,A,2
50,36,100,-0,100,0,B,2
50,37,100,-0,100,0,B,2
50,38,50,-0,50,0,C,2
50,39,50,-0,50,0,D,2
50,40,50,-0,50,0,D,2
50,41,100,-200,-100,1,A,2
50,42,50,-50,0,1,C,2
50,43,50,-0,50,0,D,2
50,44,50,-0,50,0,D,2
50,45,100,-0,100,0,B,2
50,46,100,-1250,-1150,1,B,2
50,47,100,-0,100,0,A,2
50,48,100,-250,-150,1,A,2
50,49,50,-50,0,1,C,2
50,50,50,-0,50,0,D,2
50,51,50,-0,50,0,C,2
50,52,100,-0,100,0,B,2
50,53,100,-350,-250,1,A,2
50,54,50,-0,50,0,D,2
50,55,50,-0,50,0,D,2
50,56,50,-250,-200,1,D,2
50,57,100,-0,100,0,B,2
50,58,50,-25,25,1,C,2
50,59,100,-0,100,0,A,2
50,60,100,-350,-250,1,A,2
50,61,50,-75,-25,1,C,2
50,62,50,-0,50,0,D,2
50,63,50,-0,50,0,D,2
50,64,100,-0,100,0,B,2
50,65,50,-0,50,0,D,2
50,66,50,-0,50,0,C,2
50,67,50,-0,50,0,C,2
50,68,50,-0,50,0,D,2
50,69,50,-0,50,0,D,2
50,70,50,-0,50,0,D,2
50,71,50,-0,50,0,D,2
50,72,50,-0,50,0,C,2
50,73,50,-0,50,0,D,2
50,74,100,-0,100,0,A,2
50,75,100,-0,100,0,B,2
50,76,50,-25,25,1,C,2
50,77,100,-250,-150,1,A,2
50,78,50,-250,-200,1,D,2
50,79,100,-0,100,0,B,2
50,80,100,-0,100,0,B,2
50,81,50,-0,50,0,D,2
50,82,100,-1250,-1150,1,B,2
50,83,100,-200,-100,1,A,2
50,84,50,-75,-25,1,C,2
50,85,50,-0,50,0,D,2
50,86,50,-0,50,0,D,2
50,87,50,-0,50,0,D,2
50,88,50,-0,50,0,D,2
50,89,100,-0,100,0,B,2
50,90,100,-0,100,0,A,2
50,91,100,-0,100,0,B,2
50,92,50,-250,-200,1,D,2
50,93,100,-0,100,0,B,2
50,94,50,-0,50,0,C,2
50,95,100,-300,-200,1,A,2
50,96,50,-0,50,0,D,2
50,97,100,-0,100,0,B,2
50,98,100,-0,100,0,B,2
50,99,50,-0,50,0,D,2
50,100,100,-150,-50,1,A,2
51,1,100,-0,100,0,A,3
51,2,50,-0,50,0,C,3
51,3,50,-0,50,0,D,3
51,4,100,-0,100,0,B,3
51,5,50,-0,50,0,C,3
51,6,100,-0,100,0,A,3
51,7,100,-0,100,0,B,3
51,8,100,-150,-50,1,A,3
51,9,50,-50,0,1,C,3
51,10,50,-0,50,0,D,3
51,11,50,-0,50,0,C,3
51,12,100,-0,100,0,B,3
51,13,50,-50,0,1,C,3
51,14,50,-0,50,0,D,3
51,15,100,-0,100,0,B,3
51,16,100,-0,100,0,B,3
51,17,100,-0,100,0,B,3
51,18,100,-0,100,0,B,3
51,19,100,-0,100,0,B,3
51,20,100,-1250,-1150,1,B,3
51,21,50,-0,50,0,D,3
51,22,50,-0,50,0,C,3
51,23,100,-0,100,0,A,3
51,24,100,-0,100,0,B,3
51,25,100,-0,100,0,B,3
51,26,100,-300,-200,1,A,3
51,27,50,-50,0,1,C,3
51,28,50,-0,50,0,D,3
51,29,100,-0,100,0,B,3
51,30,50,-0,50,0,C,3
51,31,50,-50,0,1,C,3
51,32,100,-0,100,0,A,3
51,33,50,-0,50,0,D,3
51,34,100,-0,100,0,B,3
51,35,50,-50,0,1,C,3
51,36,50,-0,50,0,C,3
51,37,50,-25,25,1,C,3
51,38,50,-75,-25,1,C,3
51,39,50,-0,50,0,C,3
51,40,50,-0,50,0,C,3
51,41,50,-0,50,0,C,3
51,42,50,-25,25,1,C,3
51,43,50,-75,-25,1,C,3
51,44,50,-0,50,0,C,3
51,45,50,-50,0,1,C,3
51,46,50,-0,50,0,C,3
51,47,100,-200,-100,1,A,3
51,48,50,-0,50,0,D,3
51,49,50,-0,50,0,D,3
51,50,50,-0,50,0,D,3
51,51,50,-250,-200,1,D,3
51,52,100,-1250,-1150,1,B,3
51,53,50,-0,50,0,C,3
51,54,100,-0,100,0,A,3
51,55,100,-250,-150,1,A,3
51,56,50,-0,50,0,D,3
51,57,50,-0,50,0,C,3
51,58,50,-50,0,1,C,3
51,59,100,-0,100,0,B,3
51,60,100,-0,100,0,B,3
51,61,50,-25,25,1,C,3
51,62,50,-0,50,0,D,3
51,63,50,-50,0,1,C,3
51,64,50,-0,50,0,D,3
51,65,50,-0,50,0,D,3
51,66,50,-0,50,0,C,3
51,67,50,-0,50,0,D,3
51,68,50,-0,50,0,C,3
51,69,50,-0,50,0,D,3
51,70,50,-75,-25,1,C,3
51,71,50,-50,0,1,C,3
51,72,100,-0,100,0,B,3
51,73,100,-350,-250,1,A,3
51,74,50,-0,50,0,D,3
51,75,50,-0,50,0,C,3
51,76,50,-0,50,0,D,3
51,77,100,-0,100,0,A,3
51,78,50,-0,50,0,C,3
51,79,50,-0,50,0,D,3
51,80,100,-0,100,0,B,3
51,81,100,-350,-250,1,A,3
51,82,100,-0,100,0,B,3
51,83,50,-0,50,0,C,3
51,84,50,-250,-200,1,D,3
51,85,50,-25,25,1,C,3
51,86,50,-25,25,1,C,3
51,87,50,-0,50,0,C,3
51,88,50,-75,-25,1,C,3
51,89,50,-0,50,0,C,3
51,90,50,-50,0,1,C,3
51,91,50,-75,-25,1,C,3
51,92,50,-0,50,0,D,3
51,93,100,-0,100,0,A,3
51,94,100,-250,-150,1,A,3
51,95,50,-0,50,0,C,3
51,96,50,-0,50,0,C,3
51,97,50,-0,50,0,D,3
51,98,100,-0,100,0,B,3
51,99,100,-1250,-1150,1,B,3
51,100,50,-50,0,1,C,3
52,1,50,-0,50,0,C,3
52,2,50,-0,50,0,C,3
52,3,100,-0,100,0,A,3
52,4,100,-0,100,0,A,3
52,5,100,-150,-50,1,A,3
52,6,100,-0,100,0,A,3
52,7,100,-300,-200,1,A,3
52,8,50,-50,0,1,C,3
52,9,100,-0,100,0,B,3
52,10,100,-0,100,0,B,3
52,11,100,-0,100,0,B,3
52,12,100,-0,100,0,B,3
52,13,100,-0,100,0,B,3
52,14,100,-0,100,0,B,3
52,15,100,-0,100,0,B,3
52,16,100,-0,100,0,B,3
52,17,100,-1250,-1150,1,B,3
52,18,50,-0,50,0,D,3
52,19,50,-0,50,0,D,3
52,20,50,-0,50,0,D,3
52,21,50,-0,50,0,D,3
52,22,50,-0,50,0,D,3
52,23,50,-0,50,0,D,3
52,24,50,-0,50,0,D,3
52,25,50,-0,50,0,D,3
52,26,50,-0,50,0,D,3
52,27,50,-250,-200,1,D,3
52,28,50,-0,50,0,D,3
52,29,50,-0,50,0,D,3
52,30,50,-0,50,0,D,3
52,31,50,-0,50,0,D,3
52,32,100,-0,100,0,A,3
52,33,100,-200,-100,1,A,3
52,34,100,-0,100,0,A,3
52,35,100,-250,-150,1,A,3
52,36,50,-0,50,0,D,3
52,37,50,-0,50,0,D,3
52,38,50,-0,50,0,D,3
52,39,50,-0,50,0,D,3
52,40,50,-0,50,0,D,3
52,41,50,-250,-200,1,D,3
52,42,50,-0,50,0,D,3
52,43,100,-350,-250,1,A,3
52,44,50,-0,50,0,D,3
52,45,50,-0,50,0,D,3
52,46,50,-0,50,0,D,3
52,47,50,-0,50,0,D,3
52,48,50,-0,50,0,C,3
52,49,50,-50,0,1,C,3
52,50,50,-0,50,0,C,3
52,51,50,-50,0,1,C,3
52,52,50,-0,50,0,C,3
52,53,50,-50,0,1,C,3
52,54,50,-50,0,1,C,3
52,55,50,-0,50,0,C,3
52,56,50,-25,25,1,C,3
52,57,50,-75,-25,1,C,3
52,58,50,-0,50,0,C,3
52,59,50,-0,50,0,C,3
52,60,50,-0,50,0,C,3
52,61,50,-25,25,1,C,3
52,62,50,-75,-25,1,C,3
52,63,50,-0,50,0,C,3
52,64,50,-50,0,1,C,3
52,65,50,-0,50,0,C,3
52,66,50,-0,50,0,C,3
52,67,50,-0,50,0,C,3
52,68,50,-50,0,1,C,3
52,69,50,-25,25,1,C,3
52,70,50,-50,0,1,C,3
52,71,50,-0,50,0,C,3
52,72,50,-0,50,0,C,3
52,73,50,-75,-25,1,C,3
52,74,50,-50,0,1,C,3
52,75,50,-0,50,0,C,3
52,76,50,-0,50,0,C,3
52,77,50,-0,50,0,C,3
52,78,50,-25,25,1,C,3
52,79,50,-25,25,1,C,3
52,80,50,-0,50,0,C,3
52,81,50,-75,-25,1,C,3
52,82,50,-0,50,0,C,3
52,83,50,-50,0,1,C,3
52,84,50,-75,-25,1,C,3
52,85,50,-0,50,0,C,3
52,86,100,-0,100,0,A,3
52,87,100,-350,-250,1,A,3
52,88,100,-0,100,0,A,3
52,89,100,-250,-150,1,A,3
52,90,50,-0,50,0,C,3
52,91,50,-50,0,1,C,3
52,92,50,-0,50,0,C,3
52,93,50,-50,0,1,C,3
52,94,50,-0,50,0,C,3
52,95,50,-50,0,1,C,3
52,96,50,-0,50,0,C,3
52,97,50,-50,0,1,C,3
52,98,50,-50,0,1,C,3
52,99,50,-0,50,0,C,3
52,100,50,-25,25,1,C,3
53,1,100,-0,100,0,A,2
53,2,50,-0,50,0,C,2
53,3,100,-0,100,0,A,2
53,4,50,-0,50,0,D,2
53,5,100,-0,100,0,B,2
53,6,100,-150,-50,1,A,2
53,7,100,-0,100,0,A,2
53,8,50,-0,50,0,C,2
53,9,50,-0,50,0,D,2
53,10,100,-300,-200,1,A,2
53,11,100,-0,100,0,A,2
53,12,50,-50,0,1,C,2
53,13,50,-0,50,0,D,2
53,14,100,-0,100,0,B,2
53,15,100,-0,100,0,B,2
53,16,50,-0,50,0,D,2
53,17,50,-0,50,0,C,2
53,18,100,-200,-100,1,A,2
53,19,100,-0,100,0,B,2
53,20,100,-0,100,0,B,2
53,21,100,-0,100,0,A,2
53,22,100,-0,100,0,B,2
53,23,50,-0,50,0,D,2
53,24,50,-50,0,1,C,2
53,25,50,-0,50,0,C,2
53,26,100,-0,100,0,B,2
53,27,100,-0,100,0,B,2
53,28,100,-1250,-1150,1,B,2
53,29,100,-0,100,0,B,2
53,30,100,-250,-150,1,A,2
53,31,100,-350,-250,1,A,2
53,32,100,-0,100,0,B,2
53,33,50,-0,50,0,D,2
53,34,50,-50,0,1,C,2
53,35,100,-0,100,0,B,2
53,36,100,-0,100,0,A,2
53,37,50,-0,50,0,D,2
53,38,50,-0,50,0,D,2
53,39,100,-350,-250,1,A,2
53,40,100,-0,100,0,B,2
53,41,100,-1250,-1150,1,B,2
53,42,100,-0,100,0,B,2
53,43,100,-0,100,0,A,2
53,44,50,-0,50,0,D,2
53,45,50,-250,-200,1,D,2
53,46,100,-0,100,0,B,2
53,47,100,-250,-150,1,A,2
53,48,50,-0,50,0,C,2
53,49,100,-0,100,0,B,2
53,50,50,-0,50,0,D,2
53,51,100,-0,100,0,B,2
53,52,100,-200,-100,1,A,2
53,53,100,-0,100,0,A,2
53,54,50,-0,50,0,D,2
53,55,50,-50,0,1,C,2
53,56,100,-0,100,0,B,2
53,57,50,-0,50,0,D,2
53,58,50,-50,0,1,C,2
53,59,100,-300,-200,1,A,2
53,60,100,-0,100,0,B,2
53,61,100,-1250,-1150,1,B,2
53,62,100,-0,100,0,B,2
53,63,100,-0,100,0,B,2
53,64,50,-0,50,0,C,2
53,65,50,-25,25,1,C,2
53,66,50,-75,-25,1,C,2
53,67,100,-150,-50,1,A,2
53,68,50,-0,50,0,D,2
53,69,50,-0,50,0,C,2
53,70,50,-0,50,0,C,2
53,71,50,-0,50,0,C,2
53,72,100,-0,100,0,B,2
53,73,50,-0,50,0,D,2
53,74,50,-25,25,1,C,2
53,75,100,-0,100,0,A,2
53,76,50,-0,50,0,D,2
53,77,50,-75,-25,1,C,2
53,78,100,-0,100,0,B,2
53,79,50,-0,50,0,D,2
53,80,50,-0,50,0,C,2
53,81,50,-50,0,1,C,2
53,82,100,-0,100,0,A,2
53,83,50,-0,50,0,D,2
53,84,100,-0,100,0,B,2
53,85,50,-0,50,0,D,2
53,86,100,-0,100,0,A,2
53,87,50,-0,50,0,C,2
53,88,50,-250,-200,1,D,2
53,89,100,-0,100,0,B,2
53,90,50,-0,50,0,C,2
53,91,50,-0,50,0,C,2
53,92,100,-300,-200,1,A,2
53,93,100,-0,100,0,A,2
53,94,50,-50,0,1,C,2
53,95,50,-0,50,0,D,2
53,96,50,-0,50,0,D,2
53,97,50,-25,25,1,C,2
53,98,100,-350,-250,1,A,2
53,99,100,-0,100,0,B,2
53,100,50,-0,50,0,D,2
54,1,100,-0,100,0,A,3
54,2,100,-0,100,0,A,3
54,3,50,-0,50,0,C,3
54,4,100,-150,-50,1,A,3
54,5,50,-0,50,0,C,3
54,6,50,-0,50,0,D,3
54,7,100,-0,100,0,B,3
54,8,100,-0,100,0,B,3
54,9,100,-0,100,0,B,3
54,10,100,-0,100,0,B,3
54,11,100,-0,100,0,B,3
54,12,50,-50,0,1,C,3
54,13,100,-0,100,0,B,3
54,14,50,-0,50,0,D,3
54,15,100,-0,100,0,B,3
54,16,50,-0,50,0,D,3
54,17,100,-0,100,0,B,3
54,18,100,-1250,-1150,1,B,3
54,19,50,-0,50,0,D,3
54,20,50,-0,50,0,C,3
54,21,50,-0,50,0,D,3
54,22,50,-50,0,1,C,3
54,23,50,-0,50,0,D,3
54,24,50,-0,50,0,D,3
54,25,50,-0,50,0,C,3
54,26,50,-0,50,0,D,3
54,27,50,-0,50,0,D,3
54,28,50,-250,-200,1,D,3
54,29,50,-50,0,1,C,3
54,30,50,-0,50,0,D,3
54,31,100,-0,100,0,B,3
54,32,100,-0,100,0,B,3
54,33,50,-0,50,0,C,3
54,34,50,-0,50,0,D,3
54,35,100,-0,100,0,B,3
54,36,50,-50,0,1,C,3
54,37,50,-0,50,0,D,3
54,38,50,-0,50,0,D,3
54,39,100,-0,100,0,B,3
54,40,50,-0,50,0,D,3
54,41,50,-0,50,0,D,3
54,42,100,-1250,-1150,1,B,3
54,43,50,-0,50,0,D,3
54,44,50,-50,0,1,C,3
54,45,50,-0,50,0,D,3
54,46,50,-0,50,0,D,3
54,47,50,-250,-200,1,D,3
54,48,50,-0,50,0,C,3
54,49,100,-0,100,0,A,3
54,50,100,-300,-200,1,A,3
54,51,50,-0,50,0,D,3
54,52,50,-25,25,1,C,3
54,53,50,-0,50,0,D,3
54,54,50,-0,50,0,D,3
54,55,50,-0,50,0,D,3
54,56,50,-75,-25,1,C,3
54,57,50,-0,50,0,D,3
54,58,50,-0,50,0,D,3
54,59,50,-0,50,0,D,3
54,60,50,-0,50,0,D,3
54,61,50,-250,-200,1,D,3
54,62,50,-0,50,0,C,3
54,63,50,-0,50,0,C,3
54,64,50,-0,50,0,C,3
54,65,50,-25,25,1,C,3
54,66,100,-0,100,0,A,3
54,67,50,-75,-25,1,C,3
54,68,100,-200,-100,1,A,3
54,69,50,-0,50,0,D,3
54,70,50,-0,50,0,D,3
54,71,50,-0,50,0,D,3
54,72,50,-0,50,0,D,3
54,73,100,-0,100,0,A,3
54,74,50,-0,50,0,D,3
54,75,50,-250,-200,1,D,3
54,76,50,-0,50,0,C,3
54,77,50,-50,0,1,C,3
54,78,100,-250,-150,1,A,3
54,79,50,-0,50,0,C,3
54,80,50,-0,50,0,C,3
54,81,50,-0,50,0,C,3
54,82,50,-50,0,1,C,3
54,83,50,-0,50,0,D,3
54,84,50,-0,50,0,D,3
54,85,50,-0,50,0,D,3
54,86,50,-0,50,0,D,3
54,87,50,-0,50,0,D,3
54,88,50,-0,50,0,D,3
54,89,100,-350,-250,1,A,3
54,90,50,-0,50,0,D,3
54,91,50,-25,25,1,C,3
54,92,50,-0,50,0,D,3
54,93,50,-0,50,0,D,3
54,94,50,-0,50,0,D,3
54,95,50,-0,50,0,D,3
54,96,50,-0,50,0,D,3
54,97,50,-0,50,0,D,3
54,98,50,-0,50,0,D,3
54,99,50,-250,-200,1,D,3
54,100,50,-50,0,1,C,3
55,1,100,-0,100,0,B,3
55,2,100,-0,100,0,A,3
55,3,100,-0,100,0,B,3
55,4,50,-0,50,0,D,3
55,5,50,-0,50,0,C,3
55,6,100,-0,100,0,A,3
55,7,100,-0,100,0,B,3
55,8,100,-150,-50,1,A,3
55,9,100,-0,100,0,B,3
55,10,50,-0,50,0,C,3
55,11,100,-0,100,0,B,3
55,12,50,-50,0,1,C,3
55,13,50,-0,50,0,D,3
55,14,100,-0,100,0,A,3
55,15,100,-300,-200,1,A,3
55,16,50,-0,50,0,C,3
55,17,50,-0,50,0,D,3
55,18,50,-50,0,1,C,3
55,19,100,-0,100,0,B,3
55,20,100,-0,100,0,B,3
55,21,50,-0,50,0,D,3
55,22,100,-0,100,0,B,3
55,23,100,-0,100,0,A,3
55,24,50,-0,50,0,C,3
55,25,100,-1250,-1150,1,B,3
55,26,50,-0,50,0,D,3
55,27,50,-50,0,1,C,3
55,28,50,-0,50,0,D,3
55,29,100,-200,-100,1,A,3
55,30,50,-0,50,0,D,3
55,31,50,-0,50,0,D,3
55,32,50,-0,50,0,C,3
55,33,50,-0,50,0,D,3
55,34,50,-50,0,1,C,3
55,35,50,-250,-200,1,D,3
55,36,100,-0,100,0,A,3
55,37,100,-0,100,0,B,3
55,38,100,-250,-150,1,A,3
55,39,100,-0,100,0,B,3
55,40,100,-0,100,0,B,3
55,41,100,-350,-250,1,A,3
55,42,100,-0,100,0,B,3
55,43,100,-1250,-1150,1,B,3
55,44,50,-0,50,0,D,3
55,45,50,-50,0,1,C,3
55,46,50,-0,50,0,D,3
55,47,50,-0,50,0,D,3
55,48,50,-0,50,0,D,3
55,49,50,-0,50,0,D,3
55,50,50,-0,50,0,D,3
55,51,50,-0,50,0,D,3
55,52,100,-0,100,0,A,3
55,53,50,-0,50,0,D,3
55,54,100,-350,-250,1,A,3
55,55,50,-0,50,0,D,3
55,56,50,-250,-200,1,D,3
55,57,50,-0,50,0,C,3
55,58,50,-25,25,1,C,3
55,59,100,-0,100,0,B,3
55,60,50,-75,-25,1,C,3
55,61,50,-0,50,0,C,3
55,62,100,-0,100,0,A,3
55,63,50,-0,50,0,D,3
55,64,50,-0,50,0,C,3
55,65,100,-250,-150,1,A,3
55,66,50,-0,50,0,C,3
55,67,50,-0,50,0,D,3
55,68,50,-25,25,1,C,3
55,69,100,-0,100,0,B,3
55,70,100,-0,100,0,B,3
55,71,100,-0,100,0,B,3
55,72,50,-75,-25,1,C,3
55,73,100,-0,100,0,B,3
55,74,50,-0,50,0,D,3
55,75,100,-0,100,0,B,3
55,76,100,-1250,-1150,1,B,3
55,77,50,-0,50,0,C,3
55,78,50,-0,50,0,D,3
55,79,50,-50,0,1,C,3
55,80,50,-0,50,0,D,3
55,81,50,-0,50,0,D,3
55,82,100,-0,100,0,B,3
55,83,100,-0,100,0,B,3
55,84,50,-0,50,0,D,3
55,85,50,-0,50,0,C,3
55,86,50,-0,50,0,D,3
55,87,100,-200,-100,1,A,3
55,88,50,-0,50,0,C,3
55,89,50,-250,-200,1,D,3
55,90,50,-0,50,0,C,3
55,91,100,-0,100,0,B,3
55,92,100,-0,100,0,B,3
55,93,50,-50,0,1,C,3
55,94,50,-0,50,0,D,3
55,95,50,-0,50,0,D,3
55,96,50,-0,50,0,D,3
55,97,50,-0,50,0,D,3
55,98,50,-0,50,0,D,3
55,99,50,-250,-200,1,D,3
55,100,50,-25,25,1,C,3
56,1,50,-0,50,0,C,1
56,2,100,-0,100,0,B,1
56,3,50,-0,50,0,D,1
56,4,100,-0,100,0,A,1
56,5,100,-0,100,0,B,1
56,6,50,-0,50,0,D,1
56,7,100,-0,100,0,A,1
56,8,100,-0,100,0,B,1
56,9,50,-0,50,0,C,1
56,10,50,-0,50,0,D,1
56,11,100,-150,-50,1,A,1
56,12,100,-0,100,0,B,1
56,13,50,-0,50,0,D,1
56,14,100,-0,100,0,B,1
56,15,50,-50,0,1,C,1
56,16,100,-0,100,0,A,1
56,17,50,-0,50,0,D,1
56,18,100,-0,100,0,B,1
56,19,100,-0,100,0,B,1
56,20,100,-300,-200,1,A,1
56,21,100,-0,100,0,B,1
56,22,50,-0,50,0,D,1
56,23,100,-0,100,0,A,1
56,24,100,-200,-100,1,A,1
56,25,100,-1250,-1150,1,B,1
56,26,50,-0,50,0,D,1
56,27,50,-0,50,0,D,1
56,28,50,-0,50,0,C,1
56,29,100,-0,100,0,A,1
56,30,100,-250,-150,1,A,1
56,31,50,-0,50,0,D,1
56,32,100,-0,100,0,B,1
56,33,100,-350,-250,1,A,1
56,34,100,-0,100,0,B,1
56,35,50,-50,0,1,C,1
56,36,50,-250,-200,1,D,1
56,37,100,-0,100,0,A,1
56,38,100,-0,100,0,B,1
56,39,50,-0,50,0,C,1
56,40,50,-50,0,1,C,1
56,41,50,-0,50,0,D,1
56,42,100,-0,100,0,B,1
56,43,50,-0,50,0,C,1
56,44,100,-1250,-1150,1,B,1
56,45,100,-350,-250,1,A,1
56,46,50,-0,50,0,D,1
56,47,50,-50,0,1,C,1
56,48,50,-0,50,0,D,1
56,49,100,-0,100,0,A,1
56,50,50,-50,0,1,C,1
56,51,100,-250,-150,1,A,1
56,52,100,-0,100,0,B,1
56,53,50,-0,50,0,D,1
56,54,50,-0,50,0,C,1
56,55,100,-200,-100,1,A,1
56,56,100,-0,100,0,B,1
56,57,100,-0,100,0,B,1
56,58,100,-0,100,0,B,1
56,59,100,-0,100,0,B,1
56,60,100,-0,100,0,B,1
56,61,100,-0,100,0,A,1
56,62,100,-300,-200,1,A,1
56,63,50,-25,25,1,C,1
56,64,100,-150,-50,1,A,1
56,65,50,-0,50,0,D,1
56,66,100,-1250,-1150,1,B,1
56,67,50,-75,-25,1,C,1
56,68,100,-0,100,0,A,1
56,69,100,-0,100,0,A,1
56,70,100,-0,100,0,B,1
56,71,100,-0,100,0,B,1
56,72,50,-0,50,0,C,1
56,73,100,-0,100,0,A,1
56,74,100,-300,-200,1,A,1
56,75,50,-0,50,0,C,1
56,76,100,-0,100,0,B,1
56,77,50,-0,50,0,D,1
56,78,50,-0,50,0,C,1
56,79,100,-0,100,0,A,1
56,80,100,-0,100,0,B,1
56,81,50,-0,50,0,D,1
56,82,100,-350,-250,1,A,1
56,83,50,-25,25,1,C,1
56,84,50,-75,-25,1,C,1
56,85,50,-0,50,0,C,1
56,86,100,-0,100,0,B,1
56,87,100,-0,100,0,B,1
56,88,100,-0,100,0,B,1
56,89,100,-0,100,0,B,1
56,90,100,-0,100,0,A,1
56,91,100,-200,-100,1,A,1
56,92,50,-50,0,1,C,1
56,93,100,-0,100,0,B,1
56,94,50,-0,50,0,D,1
56,95,100,-0,100,0,B,1
56,96,100,-1250,-1150,1,B,1
56,97,100,-0,100,0,B,1
56,98,50,-0,50,0,C,1
56,99,50,-0,50,0,D,1
56,100,100,-250,-150,1,A,1
57,1,100,-0,100,0,B,3
57,2,50,-0,50,0,D,3
57,3,50,-0,50,0,C,3
57,4,100,-0,100,0,A,3
57,5,100,-0,100,0,B,3
57,6,50,-0,50,0,D,3
57,7,50,-0,50,0,C,3
57,8,100,-0,100,0,A,3
57,9,100,-0,100,0,B,3
57,10,50,-0,50,0,D,3
57,11,100,-0,100,0,B,3
57,12,50,-0,50,0,D,3
57,13,50,-50,0,1,C,3
57,14,100,-150,-50,1,A,3
57,15,100,-0,100,0,B,3
57,16,50,-0,50,0,D,3
57,17,100,-0,100,0,B,3
57,18,50,-0,50,0,C,3
57,19,100,-0,100,0,B,3
57,20,100,-0,100,0,A,3
57,21,100,-0,100,0,B,3
57,22,100,-300,-200,1,A,3
57,23,50,-50,0,1,C,3
57,24,50,-0,50,0,D,3
57,25,100,-1250,-1150,1,B,3
57,26,50,-0,50,0,D,3
57,27,50,-0,50,0,D,3
57,28,100,-0,100,0,B,3
57,29,100,-0,100,0,B,3
57,30,50,-0,50,0,D,3
57,31,100,-0,100,0,B,3
57,32,100,-0,100,0,A,3
57,33,50,-250,-200,1,D,3
57,34,100,-0,100,0,B,3
57,35,100,-1250,-1150,1,B,3
57,36,50,-0,50,0,D,3
57,37,50,-0,50,0,D,3
57,38,50,-0,50,0,D,3
57,39,50,-0,50,0,D,3
57,40,50,-0,50,0,D,3
57,41,50,-0,50,0,D,3
57,42,50,-0,50,0,D,3
57,43,50,-0,50,0,D,3
57,44,100,-0,100,0,B,3
57,45,100,-200,-100,1,A,3
57,46,100,-0,100,0,B,3
57,47,50,-0,50,0,D,3
57,48,50,-250,-200,1,D,3
57,49,50,-0,50,0,C,3
57,50,50,-50,0,1,C,3
57,51,50,-0,50,0,C,3
57,52,50,-50,0,1,C,3
57,53,50,-50,0,1,C,3
57,54,50,-0,50,0,D,3
57,55,50,-0,50,0,D,3
57,56,50,-0,50,0,C,3
57,57,100,-0,100,0,A,3
57,58,50,-0,50,0,D,3
57,59,50,-25,25,1,C,3
57,60,50,-75,-25,1,C,3
57,61,100,-0,100,0,B,3
57,62,50,-0,50,0,D,3
57,63,50,-0,50,0,C,3
57,64,100,-250,-150,1,A,3
57,65,50,-0,50,0,C,3
57,66,50,-0,50,0,D,3
57,67,100,-0,100,0,B,3
57,68,50,-0,50,0,D,3
57,69,50,-0,50,0,C,3
57,70,100,-350,-250,1,A,3
57,71,100,-0,100,0,B,3
57,72,50,-0,50,0,D,3
57,73,50,-25,25,1,C,3
57,74,100,-0,100,0,A,3
57,75,100,-0,100,0,B,3
57,76,50,-0,50,0,D,3
57,77,50,-75,-25,1,C,3
57,78,100,-350,-250,1,A,3
57,79,50,-0,50,0,C,3
57,80,50,-250,-200,1,D,3
57,81,100,-1250,-1150,1,B,3
57,82,50,-0,50,0,D,3
57,83,50,-50,0,1,C,3
57,84,100,-0,100,0,A,3
57,85,50,-0,50,0,D,3
57,86,50,-0,50,0,C,3
57,87,50,-0,50,0,D,3
57,88,50,-0,50,0,C,3
57,89,50,-0,50,0,D,3
57,90,50,-0,50,0,C,3
57,91,100,-0,100,0,B,3
57,92,50,-0,50,0,D,3
57,93,50,-50,0,1,C,3
57,94,100,-250,-150,1,A,3
57,95,50,-250,-200,1,D,3
57,96,50,-25,25,1,C,3
57,97,50,-50,0,1,C,3
57,98,100,-0,100,0,B,3
57,99,100,-200,-100,1,A,3
57,100,100,-0,100,0,B,3
58,1,100,-0,100,0,B,1
58,2,100,-0,100,0,A,1
58,3,50,-0,50,0,C,1
58,4,50,-0,50,0,C,1
58,5,100,-0,100,0,B,1
58,6,100,-0,100,0,B,1
58,7,100,-0,100,0,A,1
58,8,50,-50,0,1,C,1
58,9,50,-0,50,0,C,1
58,10,100,-0,100,0,B,1
58,11,100,-0,100,0,B,1
58,12,50,-0,50,0,D,1
58,13,100,-0,100,0,B,1
58,14,100,-0,100,0,B,1
58,15,100,-0,100,0,B,1
58,16,100,-1250,-1150,1,B,1
58,17,100,-0,100,0,B,1
58,18,100,-0,100,0,B,1
58,19,100,-0,100,0,B,1
58,20,100,-0,100,0,B,1
58,21,50,-50,0,1,C,1
58,22,50,-0,50,0,D,1
58,23,50,-0,50,0,D,1
58,24,100,-150,-50,1,A,1
58,25,100,-0,100,0,A,1
58,26,50,-0,50,0,C,1
58,27,100,-1250,-1150,1,B,1
58,28,100,-0,100,0,B,1
58,29,100,-0,100,0,B,1
58,30,100,-0,100,0,B,1
58,31,100,-0,100,0,B,1
58,32,100,-300,-200,1,A,1
58,33,100,-0,100,0,A,1
58,34,100,-200,-100,1,A,1
58,35,100,-0,100,0,A,1
58,36,100,-250,-150,1,A,1
58,37,50,-50,0,1,C,1
58,38,50,-0,50,0,C,1
58,39,50,-50,0,1,C,1
58,40,50,-50,0,1,C,1
58,41,50,-0,50,0,C,1
58,42,50,-0,50,0,D,1
58,43,50,-0,50,0,D,1
58,44,50,-0,50,0,D,1
58,45,50,-0,50,0,D,1
58,46,50,-0,50,0,D,1
58,47,50,-0,50,0,D,1
58,48,50,-25,25,1,C,1
58,49,50,-75,-25,1,C,1
58,50,50,-0,50,0,C,1
58,51,100,-350,-250,1,A,1
58,52,100,-0,100,0,A,1
58,53,100,-350,-250,1,A,1
58,54,100,-0,100,0,A,1
58,55,100,-250,-150,1,A,1
58,56,50,-0,50,0,C,1
58,57,50,-0,50,0,C,1
58,58,50,-25,25,1,C,1
58,59,50,-250,-200,1,D,1
58,60,50,-0,50,0,D,1
58,61,100,-0,100,0,B,1
58,62,100,-0,100,0,B,1
58,63,100,-1250,-1150,1,B,1
58,64,100,-0,100,0,B,1
58,65,100,-0,100,0,B,1
58,66,100,-0,100,0,B,1
58,67,100,-0,100,0,B,1
58,68,50,-0,50,0,D,1
58,69,50,-75,-25,1,C,1
58,70,100,-200,-100,1,A,1
58,71,50,-0,50,0,D,1
58,72,50,-0,50,0,C,1
58,73,100,-0,100,0,A,1
58,74,100,-300,-200,1,A,1
58,75,100,-150,-50,1,A,1
58,76,100,-0,100,0,A,1
58,77,100,-0,100,0,B,1
58,78,50,-0,50,0,D,1
58,79,50,-50,0,1,C,1
58,80,50,-0,50,0,C,1
58,81,100,-0,100,0,B,1
58,82,50,-0,50,0,C,1
58,83,50,-0,50,0,D,1
58,84,100,-0,100,0,A,1
58,85,100,-0,100,0,B,1
58,86,50,-0,50,0,C,1
58,87,100,-0,100,0,B,1
58,88,100,-0,100,0,A,1
58,89,50,-0,50,0,D,1
58,90,50,-0,50,0,D,1
58,91,100,-0,100,0,B,1
58,92,100,-300,-200,1,A,1
58,93,50,-50,0,1,C,1
58,94,100,-0,100,0,B,1
58,95,100,-1250,-1150,1,B,1
58,96,100,-0,100,0,B,1
58,97,100,-0,100,0,B,1
58,98,100,-0,100,0,B,1
58,99,100,-0,100,0,B,1
58,100,100,-0,100,0,B,1
59,1,50,-0,50,0,C,3
59,2,50,-0,50,0,D,3
59,3,100,-0,100,0,B,3
59,4,100,-0,100,0,A,3
59,5,50,-0,50,0,C,3
59,6,50,-0,50,0,D,3
59,7,100,-0,100,0,B,3
59,8,100,-0,100,0,A,3
59,9,100,-0,100,0,B,3
59,10,50,-50,0,1,C,3
59,11,100,-0,100,0,B,3
59,12,100,-150,-50,1,A,3
59,13,100,-0,100,0,B,3
59,14,50,-0,50,0,C,3
59,15,50,-0,50,0,D,3
59,16,100,-0,100,0,B,3
59,17,100,-0,100,0,B,3
59,18,100,-0,100,0,B,3
59,19,100,-1250,-1150,1,B,3
59,20,50,-50,0,1,C,3
59,21,100,-0,100,0,B,3
59,22,100,-0,100,0,A,3
59,23,100,-300,-200,1,A,3
59,24,50,-0,50,0,C,3
59,25,50,-0,50,0,D,3
59,26,100,-0,100,0,B,3
59,27,50,-50,0,1,C,3
59,28,100,-0,100,0,A,3
59,29,100,-0,100,0,B,3
59,30,50,-0,50,0,D,3
59,31,100,-0,100,0,B,3
59,32,50,-0,50,0,C,3
59,33,100,-1250,-1150,1,B,3
59,34,100,-200,-100,1,A,3
59,35,50,-0,50,0,D,3
59,36,100,-0,100,0,B,3
59,37,50,-50,0,1,C,3
59,38,50,-0,50,0,D,3
59,39,100,-0,100,0,A,3
59,40,50,-50,0,1,C,3
59,41,100,-0,100,0,B,3
59,42,50,-0,50,0,D,3
59,43,50,-0,50,0,C,3
59,44,100,-250,-150,1,A,3
59,45,50,-0,50,0,D,3
59,46,50,-25,25,1,C,3
59,47,50,-250,-200,1,D,3
59,48,100,-350,-250,1,A,3
59,49,50,-75,-25,1,C,3
59,50,50,-0,50,0,D,3
59,51,100,-0,100,0,B,3
59,52,50,-0,50,0,C,3
59,53,50,-0,50,0,D,3
59,54,50,-0,50,0,C,3
59,55,50,-0,50,0,C,3
59,56,50,-0,50,0,D,3
59,57,50,-0,50,0,D,3
59,58,50,-25,25,1,C,3
59,59,50,-0,50,0,D,3
59,60,50,-0,50,0,D,3
59,61,50,-75,-25,1,C,3
59,62,100,-0,100,0,B,3
59,63,50,-0,50,0,D,3
59,64,100,-0,100,0,A,3
59,65,50,-0,50,0,D,3
59,66,50,-0,50,0,C,3
59,67,50,-0,50,0,D,3
59,68,50,-50,0,1,C,3
59,69,50,-250,-200,1,D,3
59,70,100,-350,-250,1,A,3
59,71,100,-0,100,0,B,3
59,72,50,-0,50,0,C,3
59,73,100,-0,100,0,A,3
59,74,50,-0,50,0,D,3
59,75,100,-250,-150,1,A,3
59,76,50,-0,50,0,C,3
59,77,100,-0,100,0,B,3
59,78,50,-0,50,0,D,3
59,79,50,-0,50,0,D,3
59,80,50,-0,50,0,D,3
59,81,100,-1250,-1150,1,B,3
59,82,50,-0,50,0,C,3
59,83,50,-0,50,0,D,3
59,84,50,-0,50,0,D,3
59,85,100,-200,-100,1,A,3
59,86,100,-0,100,0,A,3
59,87,100,-300,-200,1,A,3
59,88,50,-0,50,0,D,3
59,89,50,-0,50,0,D,3
59,90,50,-250,-200,1,D,3
59,91,50,-0,50,0,D,3
59,92,50,-50,0,1,C,3
59,93,50,-0,50,0,D,3
59,94,100,-150,-50,1,A,3
59,95,50,-0,50,0,D,3
59,96,50,-25,25,1,C,3
59,97,50,-0,50,0,D,3
59,98,50,-0,50,0,D,3
59,99,50,-50,0,1,C,3
59,100,50,-250,-200,1,D,3
60,1,50,-0,50,0,C,2
60,2,100,-0,100,0,A,2
60,3,50,-0,50,0,D,2
60,4,100,-0,100,0,A,2
60,5,100,-150,-50,1,A,2
60,6,50,-0,50,0,D,2
60,7,50,-0,50,0,C,2
60,8,100,-0,100,0,B,2
60,9,50,-0,50,0,D,2
60,10,50,-50,0,1,C,2
60,11,50,-0,50,0,D,2
60,12,50,-0,50,0,C,2
60,13,100,-0,100,0,B,2
60,14,50,-0,50,0,D,2
60,15,50,-50,0,1,C,2
60,16,50,-0,50,0,D,2
60,17,100,-0,100,0,B,2
60,18,100,-0,100,0,B,2
60,19,50,-0,50,0,D,2
60,20,50,-0,50,0,D,2
60,21,50,-0,50,0,D,2
60,22,50,-250,-200,1,D,2
60,23,100,-0,100,0,B,2
60,24,100,-0,100,0,B,2
60,25,100,-0,100,0,A,2
60,26,50,-0,50,0,C,2
60,27,100,-300,-200,1,A,2
60,28,100,-0,100,0,B,2
60,29,100,-0,100,0,B,2
60,30,100,-1250,-1150,1,B,2
60,31,50,-0,50,0,D,2
60,32,50,-50,0,1,C,2
60,33,100,-0,100,0,A,2
60,34,50,-0,50,0,D,2
60,35,50,-0,50,0,D,2
60,36,100,-200,-100,1,A,2
60,37,50,-0,50,0,D,2
60,38,50,-0,50,0,D,2
60,39,100,-0,100,0,B,2
60,40,100,-0,100,0,B,2
60,41,50,-0,50,0,C,2
60,42,50,-0,50,0,D,2
60,43,100,-0,100,0,A,2
60,44,100,-0,100,0,B,2
60,45,100,-250,-150,1,A,2
60,46,100,-0,100,0,B,2
60,47,50,-0,50,0,D,2
60,48,100,-1250,-1150,1,B,2
60,49,50,-0,50,0,D,2
60,50,50,-50,0,1,C,2
60,51,50,-0,50,0,D,2
60,52,50,-50,0,1,C,2
60,53,50,-250,-200,1,D,2
60,54,100,-350,-250,1,A,2
60,55,100,-0,100,0,B,2
60,56,100,-0,100,0,B,2
60,57,100,-0,100,0,B,2
60,58,50,-0,50,0,C,2
60,59,50,-25,25,1,C,2
60,60,100,-0,100,0,B,2
60,61,50,-75,-25,1,C,2
60,62,50,-0,50,0,D,2
60,63,100,-0,100,0,A,2
60,64,100,-0,100,0,B,2
60,65,50,-0,50,0,D,2
60,66,50,-0,50,0,D,2
60,67,100,-350,-250,1,A,2
60,68,50,-0,50,0,D,2
60,69,100,-0,100,0,B,2
60,70,50,-0,50,0,D,2
60,71,100,-1250,-1150,1,B,2
60,72,100,-0,100,0,A,2
60,73,50,-0,50,0,D,2
60,74,50,-0,50,0,D,2
60,75,50,-0,50,0,C,2
60,76,50,-0,50,0,C,2
60,77,100,-250,-150,1,A,2
60,78,50,-0,50,0,C,2
60,79,50,-0,50,0,D,2
60,80,50,-250,-200,1,D,2
60,81,100,-200,-100,1,A,2
60,82,50,-25,25,1,C,2
60,83,50,-0,50,0,D,2
60,84,50,-0,50,0,D,2
60,85,50,-0,50,0,D,2
60,86,100,-0,100,0,A,2
60,87,50,-75,-25,1,C,2
60,88,100,-300,-200,1,A,2
60,89,50,-0,50,0,D,2
60,90,50,-0,50,0,D,2
60,91,50,-0,50,0,C,2
60,92,100,-150,-50,1,A,2
60,93,50,-250,-200,1,D,2
60,94,50,-50,0,1,C,2
60,95,100,-0,100,0,B,2
60,96,50,-0,50,0,C,2
60,97,50,-0,50,0,C,2
60,98,100,-0,100,0,A,2
60,99,100,-0,100,0,A,2
60,100,100,-0,100,0,B,2
61,1,100,-0,100,0,A,1
61,2,100,-0,100,0,B,1
61,3,50,-0,50,0,C,1
61,4,50,-0,50,0,D,1
61,5,100,-0,100,0,B,1
61,6,100,-0,100,0,A,1
61,7,50,-0,50,0,D,1
61,8,50,-0,50,0,C,1
61,9,50,-50,0,1,C,1
61,10,100,-0,100,0,B,1
61,11,50,-0,50,0,C,1
61,12,100,-0,100,0,B,1
61,13,100,-150,-50,1,A,1
61,14,50,-0,50,0,D,1
61,15,100,-0,100,0,B,1
61,16,50,-50,0,1,C,1
61,17,100,-0,100,0,A,1
61,18,50,-0,50,0,D,1
61,19,100,-300,-200,1,A,1
61,20,100,-0,100,0,B,1
61,21,50,-0,50,0,C,1
61,22,50,-0,50,0,D,1
61,23,100,-0,100,0,A,1
61,24,100,-0,100,0,B,1
61,25,50,-0,50,0,D,1
61,26,50,-50,0,1,C,1
61,27,100,-200,-100,1,A,1
61,28,100,-0,100,0,B,1
61,29,100,-0,100,0,A,1
61,30,100,-250,-150,1,A,1
61,31,100,-350,-250,1,A,1
61,32,100,-1250,-1150,1,B,1
61,33,50,-0,50,0,D,1
61,34,50,-0,50,0,C,1
61,35,100,-0,100,0,B,1
61,36,50,-0,50,0,D,1
61,37,100,-0,100,0,A,1
61,38,100,-0,100,0,B,1
61,39,50,-50,0,1,C,1
61,40,100,-0,100,0,B,1
61,41,50,-0,50,0,D,1
61,42,100,-0,100,0,B,1
61,43,100,-350,-250,1,A,1
61,44,50,-50,0,1,C,1
61,45,100,-0,100,0,A,1
61,46,100,-1250,-1150,1,B,1
61,47,100,-250,-150,1,A,1
61,48,50,-0,50,0,C,1
61,49,50,-250,-200,1,D,1
61,50,100,-0,100,0,B,1
61,51,50,-0,50,0,D,1
61,52,100,-0,100,0,B,1
61,53,100,-200,-100,1,A,1
61,54,100,-0,100,0,B,1
61,55,100,-0,100,0,B,1
61,56,100,-0,100,0,B,1
61,57,100,-0,100,0,B,1
61,58,100,-1250,-1150,1,B,1
61,59,100,-0,100,0,B,1
61,60,100,-0,100,0,B,1
61,61,100,-0,100,0,B,1
61,62,100,-0,100,0,A,1
61,63,50,-0,50,0,D,1
61,64,100,-0,100,0,B,1
61,65,100,-300,-200,1,A,1
61,66,50,-25,25,1,C,1
61,67,100,-0,100,0,B,1
61,68,50,-0,50,0,D,1
61,69,100,-150,-50,1,A,1
61,70,50,-75,-25,1,C,1
61,71,100,-0,100,0,A,1
61,72,50,-0,50,0,D,1
61,73,100,-0,100,0,B,1
61,74,50,-0,50,0,D,1
61,75,50,-0,50,0,C,1
61,76,100,-0,100,0,B,1
61,77,100,-0,100,0,B,1
61,78,100,-0,100,0,B,1
61,79,100,-0,100,0,A,1
61,80,100,-0,100,0,B,1
61,81,100,-0,100,0,A,1
61,82,100,-1250,-1150,1,B,1
61,83,50,-0,50,0,C,1
61,84,50,-0,50,0,D,1
61,85,100,-0,100,0,B,1
61,86,100,-300,-200,1,A,1
61,87,50,-0,50,0,D,1
61,88,50,-0,50,0,C,1
61,89,50,-25,25,1,C,1
61,90,100,-0,100,0,B,1
61,91,100,-0,100,0,B,1
61,92,100,-0,100,0,A,1
61,93,50,-0,50,0,D,1
61,94,50,-75,-25,1,C,1
61,95,100,-0,100,0,B,1
61,96,100,-350,-250,1,A,1
61,97,50,-0,50,0,D,1
61,98,50,-0,50,0,C,1
61,99,100,-0,100,0,B,1
61,100,100,-0,100,0,A,1
62,1,100,-0,100,0,A,3
62,2,50,-0,50,0,D,3
62,3,100,-0,100,0,A,3
62,4,50,-0,50,0,C,3
62,5,100,-0,100,0,B,3
62,6,100,-0,100,0,B,3
62,7,100,-150,-50,1,A,3
62,8,100,-0,100,0,B,3
62,9,100,-0,100,0,B,3
62,10,100,-0,100,0,B,3
62,11,100,-0,100,0,B,3
62,12,50,-0,50,0,C,3
62,13,100,-0,100,0,B,3
62,14,100,-0,100,0,B,3
62,15,50,-0,50,0,D,3
62,16,100,-1250,-1150,1,B,3
62,17,50,-50,0,1,C,3
62,18,50,-0,50,0,D,3
62,19,50,-0,50,0,D,3
62,20,100,-0,100,0,A,3
62,21,100,-300,-200,1,A,3
62,22,50,-0,50,0,D,3
62,23,50,-0,50,0,D,3
62,24,50,-0,50,0,C,3
62,25,50,-0,50,0,D,3
62,26,50,-0,50,0,D,3
62,27,50,-0,50,0,D,3
62,28,50,-50,0,1,C,3
62,29,50,-250,-200,1,D,3
62,30,100,-0,100,0,B,3
62,31,50,-0,50,0,C,3
62,32,50,-0,50,0,D,3
62,33,50,-50,0,1,C,3
62,34,100,-0,100,0,A,3
62,35,50,-0,50,0,C,3
62,36,50,-0,50,0,D,3
62,37,100,-0,100,0,B,3
62,38,50,-50,0,1,C,3
62,39,50,-0,50,0,D,3
62,40,50,-0,50,0,D,3
62,41,100,-200,-100,1,A,3
62,42,50,-0,50,0,D,3
62,43,100,-0,100,0,B,3
62,44,50,-50,0,1,C,3
62,45,50,-0,50,0,D,3
62,46,50,-0,50,0,D,3
62,47,100,-0,100,0,A,3
62,48,50,-0,50,0,D,3
62,49,50,-0,50,0,D,3
62,50,100,-250,-150,1,A,3
62,51,100,-350,-250,1,A,3
62,52,100,-0,100,0,B,3
62,53,50,-250,-200,1,D,3
62,54,100,-1250,-1150,1,B,3
62,55,50,-0,50,0,D,3
62,56,50,-0,50,0,D,3
62,57,100,-0,100,0,A,3
62,58,50,-0,50,0,D,3
62,59,50,-0,50,0,D,3
62,60,50,-0,50,0,C,3
62,61,50,-0,50,0,D,3
62,62,50,-25,25,1,C,3
62,63,50,-0,50,0,D,3
62,64,50,-75,-25,1,C,3
62,65,50,-0,50,0,C,3
62,66,50,-0,50,0,C,3
62,67,50,-0,50,0,C,3
62,68,50,-0,50,0,D,3
62,69,50,-0,50,0,D,3
62,70,100,-0,100,0,B,3
62,71,50,-250,-200,1,D,3
62,72,50,-25,25,1,C,3
62,73,50,-75,-25,1,C,3
62,74,100,-0,100,0,B,3
62,75,50,-0,50,0,C,3
62,76,50,-50,0,1,C,3
62,77,50,-0,50,0,D,3
62,78,50,-0,50,0,D,3
62,79,100,-350,-250,1,A,3
62,80,50,-0,50,0,D,3
62,81,100,-0,100,0,B,3
62,82,50,-0,50,0,C,3
62,83,50,-0,50,0,C,3
62,84,100,-0,100,0,B,3
62,85,50,-0,50,0,C,3
62,86,50,-0,50,0,D,3
62,87,50,-50,0,1,C,3
62,88,50,-25,25,1,C,3
62,89,50,-50,0,1,C,3
62,90,100,-0,100,0,B,3
62,91,50,-0,50,0,C,3
62,92,50,-0,50,0,D,3
62,93,50,-0,50,0,C,3
62,94,50,-75,-25,1,C,3
62,95,50,-50,0,1,C,3
62,96,100,-0,100,0,B,3
62,97,50,-0,50,0,C,3
62,98,50,-0,50,0,C,3
62,99,50,-250,-200,1,D,3
62,100,50,-0,50,0,C,3
63,1,50,-0,50,0,C,3
63,2,50,-0,50,0,D,3
63,3,50,-0,50,0,D,3
63,4,50,-0,50,0,D,3
63,5,50,-0,50,0,C,3
63,6,50,-0,50,0,D,3
63,7,50,-0,50,0,D,3
63,8,50,-0,50,0,D,3
63,9,100,-0,100,0,B,3
63,10,100,-0,100,0,A,3
63,11,100,-0,100,0,B,3
63,12,100,-0,100,0,A,3
63,13,100,-0,100,0,B,3
63,14,50,-0,50,0,D,3
63,15,100,-0,100,0,B,3
63,16,100,-0,100,0,B,3
63,17,100,-0,100,0,B,3
63,18,100,-0,100,0,B,3
63,19,100,-150,-50,1,A,3
63,20,100,-0,100,0,B,3
63,21,100,-1250,-1150,1,B,3
63,22,50,-50,0,1,C,3
63,23,50,-0,50,0,D,3
63,24,50,-0,50,0,D,3
63,25,50,-250,-200,1,D,3
63,26,100,-0,100,0,A,3
63,27,100,-300,-200,1,A,3
63,28,50,-0,50,0,D,3
63,29,50,-0,50,0,D,3
63,30,100,-0,100,0,B,3
63,31,100,-0,100,0,B,3
63,32,100,-0,100,0,B,3
63,33,100,-0,100,0,B,3
63,34,100,-1250,-1150,1,B,3
63,35,50,-0,50,0,D,3
63,36,50,-0,50,0,D,3
63,37,50,-0,50,0,D,3
63,38,50,-0,50,0,D,3
63,39,50,-0,50,0,D,3
63,40,50,-0,50,0,D,3
63,41,50,-0,50,0,D,3
63,42,50,-250,-200,1,D,3
63,43,50,-0,50,0,D,3
63,44,100,-0,100,0,A,3
63,45,100,-200,-100,1,A,3
63,46,100,-0,100,0,A,3
63,47,100,-250,-150,1,A,3
63,48,50,-0,50,0,C,3
63,49,50,-50,0,1,C,3
63,50,50,-0,50,0,C,3
63,51,50,-50,0,1,C,3
63,52,100,-0,100,0,B,3
63,53,100,-0,100,0,B,3
63,54,100,-0,100,0,B,3
63,55,100,-0,100,0,B,3
63,56,50,-0,50,0,C,3
63,57,50,-50,0,1,C,3
63,58,100,-0,100,0,B,3
63,59,50,-50,0,1,C,3
63,60,50,-0,50,0,C,3
63,61,50,-25,25,1,C,3
63,62,50,-75,-25,1,C,3
63,63,50,-0,50,0,C,3
63,64,50,-0,50,0,C,3
63,65,50,-0,50,0,C,3
63,66,50,-25,25,1,C,3
63,67,50,-75,-25,1,C,3
63,68,50,-0,50,0,C,3
63,69,50,-50,0,1,C,3
63,70,50,-0,50,0,C,3
63,71,50,-0,50,0,C,3
63,72,50,-0,50,0,C,3
63,73,50,-50,0,1,C,3
63,74,50,-25,25,1,C,3
63,75,50,-50,0,1,C,3
63,76,50,-0,50,0,C,3
63,77,50,-0,50,0,C,3
63,78,50,-75,-25,1,C,3
63,79,50,-50,0,1,C,3
63,80,50,-0,50,0,C,3
63,81,50,-0,50,0,C,3
63,82,50,-0,50,0,C,3
63,83,50,-25,25,1,C,3
63,84,50,-25,25,1,C,3
63,85,50,-0,50,0,C,3
63,86,50,-75,-25,1,C,3
63,87,50,-0,50,0,C,3
63,88,50,-50,0,1,C,3
63,89,50,-75,-25,1,C,3
63,90,50,-0,50,0,C,3
63,91,50,-0,50,0,C,3
63,92,50,-50,0,1,C,3
63,93,50,-0,50,0,C,3
63,94,50,-50,0,1,C,3
63,95,50,-0,50,0,C,3
63,96,50,-50,0,1,C,3
63,97,50,-0,50,0,C,3
63,98,50,-50,0,1,C,3
63,99,50,-50,0,1,C,3
63,100,50,-0,50,0,C,3
64,1,100,-0,100,0,A,1
64,2,50,-0,50,0,D,1
64,3,100,-0,100,0,B,1
64,4,50,-0,50,0,C,1
64,5,50,-0,50,0,D,1
64,6,100,-0,100,0,B,1
64,7,100,-0,100,0,B,1
64,8,100,-0,100,0,A,1
64,9,50,-0,50,0,C,1
64,10,50,-0,50,0,D,1
64,11,100,-150,-50,1,A,1
64,12,50,-0,50,0,D,1
64,13,100,-0,100,0,B,1
64,14,50,-50,0,1,C,1
64,15,50,-0,50,0,D,1
64,16,100,-0,100,0,B,1
64,17,50,-0,50,0,D,1
64,18,100,-0,100,0,B,1
64,19,100,-0,100,0,B,1
64,20,50,-0,50,0,D,1
64,21,100,-0,100,0,A,1
64,22,50,-0,50,0,C,1
64,23,100,-300,-200,1,A,1
64,24,100,-0,100,0,B,1
64,25,50,-0,50,0,D,1
64,26,100,-0,100,0,A,1
64,27,50,-50,0,1,C,1
64,28,100,-200,-100,1,A,1
64,29,50,-0,50,0,D,1
64,30,100,-0,100,0,A,1
64,31,100,-1250,-1150,1,B,1
64,32,50,-250,-200,1,D,1
64,33,100,-250,-150,1,A,1
64,34,100,-0,100,0,B,1
64,35,50,-0,50,0,D,1
64,36,100,-350,-250,1,A,1
64,37,100,-0,100,0,B,1
64,38,100,-0,100,0,B,1
64,39,100,-0,100,0,B,1
64,40,100,-1250,-1150,1,B,1
64,41,50,-0,50,0,D,1
64,42,100,-0,100,0,A,1
64,43,100,-0,100,0,B,1
64,44,50,-0,50,0,C,1
64,45,100,-350,-250,1,A,1
64,46,100,-0,100,0,A,1
64,47,100,-250,-150,1,A,1
64,48,100,-200,-100,1,A,1
64,49,50,-0,50,0,D,1
64,50,100,-0,100,0,B,1
64,51,50,-0,50,0,D,1
64,52,100,-0,100,0,B,1
64,53,50,-50,0,1,C,1
64,54,100,-0,100,0,B,1
64,55,100,-0,100,0,B,1
64,56,50,-0,50,0,D,1
64,57,100,-0,100,0,B,1
64,58,100,-1250,-1150,1,B,1
64,59,50,-0,50,0,D,1
64,60,50,-0,50,0,D,1
64,61,100,-0,100,0,A,1
64,62,100,-300,-200,1,A,1
64,63,50,-0,50,0,D,1
64,64,100,-0,100,0,B,1
64,65,50,-0,50,0,C,1
64,66,50,-0,50,0,D,1
64,67,100,-0,100,0,B,1
64,68,100,-0,100,0,B,1
64,69,50,-50,0,1,C,1
64,70,100,-0,100,0,B,1
64,71,100,-150,-50,1,A,1
64,72,50,-250,-200,1,D,1
64,73,50,-0,50,0,D,1
64,74,100,-0,100,0,B,1
64,75,50,-50,0,1,C,1
64,76,100,-0,100,0,B,1
64,77,100,-0,100,0,B,1
64,78,50,-0,50,0,D,1
64,79,100,-0,100,0,B,1
64,80,100,-0,100,0,B,1
64,81,50,-0,50,0,D,1
64,82,100,-0,100,0,B,1
64,83,100,-1250,-1150,1,B,1
64,84,100,-0,100,0,B,1
64,85,50,-0,50,0,D,1
64,86,100,-0,100,0,B,1
64,87,50,-0,50,0,D,1
64,88,100,-0,100,0,B,1
64,89,50,-0,50,0,D,1
64,90,100,-0,100,0,B,1
64,91,100,-0,100,0,A,1
64,92,50,-0,50,0,C,1
64,93,100,-0,100,0,A,1
64,94,50,-25,25,1,C,1
64,95,100,-0,100,0,A,1
64,96,100,-0,100,0,B,1
64,97,50,-0,50,0,D,1
64,98,100,-0,100,0,B,1
64,99,100,-300,-200,1,A,1
64,100,100,-0,100,0,B,1
