"Subject","Trial","Choice","RT","Loss","Win","id","choice","totCD","group","Val.A","Val.B","Val.C","Val.D","Aro.A","Aro.B","Aro.C","Aro.D","Aro.Global","rate"
1,1,"B",2511,0,100,1,2,48,2,0,0,0,0,0,0,0,0,0,0
1,2,"A",1459,0,100,1,1,48,2,0,0,0,0,0,0,0,0,0,0
1,3,"D",1414,0,50,1,4,48,2,0,0,0,0,0,0,0,0,0,0
1,4,"C",1002,0,50,1,3,48,2,0,0,0,0,0,0,0,0,0,0
1,5,"B",1330,0,100,1,2,48,2,0,0,0,0,0,0,0,0,0,0
1,6,"A",1326,0,100,1,1,48,2,0,0,0,0,0,0,0,0,0,0
1,7,"B",1246,0,100,1,2,48,2,0,0,0,0,0,0,0,0,0,0
1,8,"A",1038,150,100,1,1,48,2,0,0,0,0,0,0,0,0,0,0
1,9,"B",1367,0,100,1,2,48,2,0,0,0,0,0,0,0,0,0,0
1,10,"C",1251,0,50,1,3,48,2,2,3,1,1,1,2,1,1,-3,1
1,11,"D",4405,0,50,1,4,48,2,0,0,0,0,0,0,0,0,0,0
1,12,"A",896,0,100,1,1,48,2,0,0,0,0,0,0,0,0,0,0
1,13,"B",1331,0,100,1,2,48,2,0,0,0,0,0,0,0,0,0,0
1,14,"C",705,50,50,1,3,48,2,0,0,0,0,0,0,0,0,0,0
1,15,"D",1022,0,50,1,4,48,2,0,0,0,0,0,0,0,0,0,0
1,16,"A",868,300,100,1,1,48,2,0,0,0,0,0,0,0,0,0,0
1,17,"B",755,0,100,1,2,48,2,0,0,0,0,0,0,0,0,0,0
1,18,"D",473,0,50,1,4,48,2,0,0,0,0,0,0,0,0,0,0
1,19,"B",448,0,100,1,2,48,2,0,0,0,0,0,0,0,0,0,0
1,20,"B",1297,0,100,1,2,48,2,-1,3,0,2,1,0,0,-1,-3,1
1,21,"D",2160,0,50,1,4,48,2,0,0,0,0,0,0,0,0,0,0
1,22,"B",881,1250,100,1,2,48,2,0,0,0,0,0,0,0,0,0,0
1,23,"A",1434,0,100,1,1,48,2,0,0,0,0,0,0,0,0,0,0
1,24,"C",1135,0,50,1,3,48,2,0,0,0,0,0,0,0,0,0,0
1,25,"D",949,0,50,1,4,48,2,0,0,0,0,0,0,0,0,0,0
1,26,"A",929,200,100,1,1,48,2,0,0,0,0,0,0,0,0,0,0
1,27,"C",798,50,50,1,3,48,2,0,0,0,0,0,0,0,0,0,0
1,28,"D",999,0,50,1,4,48,2,0,0,0,0,0,0,0,0,0,0
1,29,"D",1207,0,50,1,4,48,2,0,0,0,0,0,0,0,0,0,0
1,30,"C",1627,0,50,1,3,48,2,-1,-1,2,3,0,2,0,0,-2,1
1,31,"A",2319,0,100,1,1,48,2,0,0,0,0,0,0,0,0,0,0
1,32,"D",1217,0,50,1,4,48,2,0,0,0,0,0,0,0,0,0,0
1,33,"C",1028,50,50,1,3,48,2,0,0,0,0,0,0,0,0,0,0
1,34,"D",802,250,50,1,4,48,2,0,0,0,0,0,0,0,0,0,0
1,35,"A",1154,250,100,1,1,48,2,0,0,0,0,0,0,0,0,0,0
1,36,"B",990,0,100,1,2,48,2,0,0,0,0,0,0,0,0,0,0
1,37,"B",1169,0,100,1,2,48,2,0,0,0,0,0,0,0,0,0,0
1,38,"B",901,0,100,1,2,48,2,0,0,0,0,0,0,0,0,0,0
1,39,"C",1959,0,50,1,3,48,2,0,0,0,0,0,0,0,0,0,0
1,40,"B",1056,0,100,1,2,48,2,-1,0,1,-1,0,2,0,0,-2,1
1,41,"A",1526,350,100,1,1,48,2,0,0,0,0,0,0,0,0,0,0
1,42,"D",869,0,50,1,4,48,2,0,0,0,0,0,0,0,0,0,0
1,43,"B",1221,1250,100,1,2,48,2,0,0,0,0,0,0,0,0,0,0
1,44,"C",963,50,50,1,3,48,2,0,0,0,0,0,0,0,0,0,0
1,45,"D",979,0,50,1,4,48,2,0,0,0,0,0,0,0,0,0,0
1,46,"D",1551,0,50,1,4,48,2,0,0,0,0,0,0,0,0,0,0
1,47,"D",788,0,50,1,4,48,2,0,0,0,0,0,0,0,0,0,0
1,48,"D",1344,0,50,1,4,48,2,0,0,0,0,0,0,0,0,0,0
1,49,"B",1822,0,100,1,2,48,2,0,0,0,0,0,0,0,0,0,0
1,50,"D",1500,0,50,1,4,48,2,-1,0,1,2,1,2,0,0,-2,1
1,51,"D",2015,0,50,1,4,48,2,0,0,0,0,0,0,0,0,0,0
1,52,"A",967,0,100,1,1,48,2,0,0,0,0,0,0,0,0,0,0
1,53,"B",1456,0,100,1,2,48,2,0,0,0,0,0,0,0,0,0,0
1,54,"C",974,50,50,1,3,48,2,0,0,0,0,0,0,0,0,0,0
1,55,"D",1434,0,50,1,4,48,2,0,0,0,0,0,0,0,0,0,0
1,56,"A",951,350,100,1,1,48,2,0,0,0,0,0,0,0,0,0,0
1,57,"B",1077,0,100,1,2,48,2,0,0,0,0,0,0,0,0,0,0
1,58,"B",622,0,100,1,2,48,2,0,0,0,0,0,0,0,0,0,0
1,59,"C",835,0,50,1,3,48,2,0,0,0,0,0,0,0,0,0,0
1,60,"D",764,0,50,1,4,48,2,-2,0,2,2,1,2,-1,0,-2,1
1,61,"D",1710,250,50,1,4,48,2,0,0,0,0,0,0,0,0,0,0
1,62,"A",617,0,100,1,1,48,2,0,0,0,0,0,0,0,0,0,0
1,63,"B",925,0,100,1,2,48,2,0,0,0,0,0,0,0,0,0,0
1,64,"C",813,25,50,1,3,48,2,0,0,0,0,0,0,0,0,0,0
1,65,"B",883,0,100,1,2,48,2,0,0,0,0,0,0,0,0,0,0
1,66,"A",1281,250,100,1,1,48,2,0,0,0,0,0,0,0,0,0,0
1,67,"B",1169,1250,100,1,2,48,2,0,0,0,0,0,0,0,0,0,0
1,68,"D",548,0,50,1,4,48,2,0,0,0,0,0,0,0,0,0,0
1,69,"B",1178,0,100,1,2,48,2,0,0,0,0,0,0,0,0,0,0
1,70,"C",808,75,50,1,3,48,2,-1,0,1,0,2,3,1,1,-1,1
1,71,"D",2010,0,50,1,4,48,2,0,0,0,0,0,0,0,0,0,0
1,72,"A",1263,200,100,1,1,48,2,0,0,0,0,0,0,0,0,0,0
1,73,"B",813,0,100,1,2,48,2,0,0,0,0,0,0,0,0,0,0
1,74,"C",777,0,50,1,3,48,2,0,0,0,0,0,0,0,0,0,0
1,75,"B",996,0,100,1,2,48,2,0,0,0,0,0,0,0,0,0,0
1,76,"B",863,0,100,1,2,48,2,0,0,0,0,0,0,0,0,0,0
1,77,"A",797,0,100,1,1,48,2,0,0,0,0,0,0,0,0,0,0
1,78,"A",997,300,100,1,1,48,2,0,0,0,0,0,0,0,0,0,0
1,79,"D",1190,0,50,1,4,48,2,0,0,0,0,0,0,0,0,0,0
1,80,"D",1900,0,50,1,4,48,2,-1,-1,1,2,1,3,1,1,-1,1
1,81,"B",2675,0,100,1,2,48,2,0,0,0,0,0,0,0,0,0,0
1,82,"D",770,0,50,1,4,48,2,0,0,0,0,0,0,0,0,0,0
1,83,"A",1006,150,100,1,1,48,2,0,0,0,0,0,0,0,0,0,0
1,84,"C",733,0,50,1,3,48,2,0,0,0,0,0,0,0,0,0,0
1,85,"D",1105,0,50,1,4,48,2,0,0,0,0,0,0,0,0,0,0
1,86,"A",1071,0,100,1,1,48,2,0,0,0,0,0,0,0,0,0,0
1,87,"D",1608,0,50,1,4,48,2,0,0,0,0,0,0,0,0,0,0
1,88,"A",1395,0,100,1,1,48,2,0,0,0,0,0,0,0,0,0,0
1,89,"C",756,0,50,1,3,48,2,0,0,0,0,0,0,0,0,0,0
1,90,"B",876,0,100,1,2,48,2,-1,0,2,2,1,3,1,1,-1,1
1,91,"D",1043,0,50,1,4,48,2,0,0,0,0,0,0,0,0,0,0
1,92,"D",683,250,50,1,4,48,2,0,0,0,0,0,0,0,0,0,0
1,93,"A",676,0,100,1,1,48,2,0,0,0,0,0,0,0,0,0,0
1,94,"B",1044,0,100,1,2,48,2,0,0,0,0,0,0,0,0,0,0
1,95,"C",1301,25,50,1,3,48,2,0,0,0,0,0,0,0,0,0,0
1,96,"B",1152,0,100,1,2,48,2,0,0,0,0,0,0,0,0,0,0
1,97,"B",921,0,100,1,2,48,2,0,0,0,0,0,0,0,0,0,0
1,98,"D",977,0,50,1,4,48,2,0,0,0,0,0,0,0,0,0,0
1,99,"A",940,300,100,1,1,48,2,0,0,0,0,0,0,0,0,0,0
1,100,"C",879,75,50,1,3,48,2,-1,2,2,0,2,2,1,0,-2,1
3,1,"A",3272,0,100,2,1,50,2,0,0,0,0,0,0,0,0,0,0
3,2,"A",964,0,100,2,1,50,2,0,0,0,0,0,0,0,0,0,0
3,3,"A",896,150,100,2,1,50,2,0,0,0,0,0,0,0,0,0,0
3,4,"D",851,0,50,2,4,50,2,0,0,0,0,0,0,0,0,0,0
3,5,"B",830,0,100,2,2,50,2,0,0,0,0,0,0,0,0,0,0
3,6,"C",1132,0,50,2,3,50,2,0,0,0,0,0,0,0,0,0,0
3,7,"D",815,0,50,2,4,50,2,0,0,0,0,0,0,0,0,0,0
3,8,"A",821,0,100,2,1,50,2,0,0,0,0,0,0,0,0,0,0
3,9,"C",464,0,50,2,3,50,2,0,0,0,0,0,0,0,0,0,0
3,10,"B",792,0,100,2,2,50,2,1,0,1,0,1,0,1,0,-2,1
3,11,"D",2018,0,50,2,4,50,2,0,0,0,0,0,0,0,0,0,0
3,12,"A",1059,300,100,2,1,50,2,0,0,0,0,0,0,0,0,0,0
3,13,"B",558,0,100,2,2,50,2,0,0,0,0,0,0,0,0,0,0
3,14,"D",671,0,50,2,4,50,2,0,0,0,0,0,0,0,0,0,0
3,15,"C",604,50,50,2,3,50,2,0,0,0,0,0,0,0,0,0,0
3,16,"B",468,0,100,2,2,50,2,0,0,0,0,0,0,0,0,0,0
3,17,"A",597,0,100,2,1,50,2,0,0,0,0,0,0,0,0,0,0
3,18,"C",486,0,50,2,3,50,2,0,0,0,0,0,0,0,0,0,0
3,19,"B",510,0,100,2,2,50,2,0,0,0,0,0,0,0,0,0,0
3,20,"D",683,0,50,2,4,50,2,0,0,0,0,0,0,0,0,-2,1
3,21,"A",834,200,100,2,1,50,2,0,0,0,0,0,0,0,0,0,0
3,22,"B",859,0,100,2,2,50,2,0,0,0,0,0,0,0,0,0,0
3,23,"C",542,50,50,2,3,50,2,0,0,0,0,0,0,0,0,0,0
3,24,"D",684,0,50,2,4,50,2,0,0,0,0,0,0,0,0,0,0
3,25,"B",644,0,100,2,2,50,2,0,0,0,0,0,0,0,0,0,0
3,26,"A",589,0,100,2,1,50,2,0,0,0,0,0,0,0,0,0,0
3,27,"B",523,0,100,2,2,50,2,0,0,0,0,0,0,0,0,0,0
3,28,"D",571,0,50,2,4,50,2,0,0,0,0,0,0,0,0,0,0
3,29,"C",709,0,50,2,3,50,2,0,0,0,0,0,0,0,0,0,0
3,30,"A",737,250,100,2,1,50,2,-1,2,0,0,1,1,0,0,-2,1
3,31,"D",2225,0,50,2,4,50,2,0,0,0,0,0,0,0,0,0,0
3,32,"A",778,350,100,2,1,50,2,0,0,0,0,0,0,0,0,0,0
3,33,"C",621,50,50,2,3,50,2,0,0,0,0,0,0,0,0,0,0
3,34,"B",752,1250,100,2,2,50,2,0,0,0,0,0,0,0,0,0,0
3,35,"C",598,0,50,2,3,50,2,0,0,0,0,0,0,0,0,0,0
3,36,"D",561,0,50,2,4,50,2,0,0,0,0,0,0,0,0,0,0
3,37,"C",537,50,50,2,3,50,2,0,0,0,0,0,0,0,0,0,0
3,38,"B",484,0,100,2,2,50,2,0,0,0,0,0,0,0,0,0,0
3,39,"D",637,250,50,2,4,50,2,0,0,0,0,0,0,0,0,0,0
3,40,"A",485,0,100,2,1,50,2,-1,0,0,-1,1,0,0,0,-2,1
3,41,"D",181,0,50,2,4,50,2,0,0,0,0,0,0,0,0,0,0
3,42,"A",1216,350,100,2,1,50,2,0,0,0,0,0,0,0,0,0,0
3,43,"B",622,0,100,2,2,50,2,0,0,0,0,0,0,0,0,0,0
3,44,"B",628,0,100,2,2,50,2,0,0,0,0,0,0,0,0,0,0
3,45,"C",466,50,50,2,3,50,2,0,0,0,0,0,0,0,0,0,0
3,46,"B",679,0,100,2,2,50,2,0,0,0,0,0,0,0,0,0,0
3,47,"D",607,0,50,2,4,50,2,0,0,0,0,0,0,0,0,0,0
3,48,"A",627,0,100,2,1,50,2,0,0,0,0,0,0,0,0,0,0
3,49,"C",865,0,50,2,3,50,2,0,0,0,0,0,0,0,0,0,0
3,50,"B",718,1250,100,2,2,50,2,0,-3,1,0,1,2,1,0,-1,1
3,51,"A",867,250,100,2,1,50,2,0,0,0,0,0,0,0,0,0,0
3,52,"B",895,0,100,2,2,50,2,0,0,0,0,0,0,0,0,0,0
3,53,"C",770,25,50,2,3,50,2,0,0,0,0,0,0,0,0,0,0
3,54,"D",605,0,50,2,4,50,2,0,0,0,0,0,0,0,0,0,0
3,55,"B",544,0,100,2,2,50,2,0,0,0,0,0,0,0,0,0,0
3,56,"C",467,75,50,2,3,50,2,0,0,0,0,0,0,0,0,0,0
3,57,"D",833,0,50,2,4,50,2,0,0,0,0,0,0,0,0,0,0
3,58,"A",615,200,100,2,1,50,2,0,0,0,0,0,0,0,0,0,0
3,59,"B",465,0,100,2,2,50,2,0,0,0,0,0,0,0,0,0,0
3,60,"C",722,0,50,2,3,50,2,-2,0,0,0,1,0,0,0,-1,1
3,61,"D",617,0,50,2,4,50,2,0,0,0,0,0,0,0,0,0,0
3,62,"B",665,0,100,2,2,50,2,0,0,0,0,0,0,0,0,0,0
3,63,"C",594,0,50,2,3,50,2,0,0,0,0,0,0,0,0,0,0
3,64,"A",632,0,100,2,1,50,2,0,0,0,0,0,0,0,0,0,0
3,65,"B",534,0,100,2,2,50,2,0,0,0,0,0,0,0,0,0,0
3,66,"D",784,0,50,2,4,50,2,0,0,0,0,0,0,0,0,0,0
3,67,"C",542,0,50,2,3,50,2,0,0,0,0,0,0,0,0,0,0
3,68,"B",540,0,100,2,2,50,2,0,0,0,0,0,0,0,0,0,0
3,69,"A",561,300,100,2,1,50,2,0,0,0,0,0,0,0,0,0,0
3,70,"C",762,25,50,2,3,50,2,-3,0,0,0,1,0,1,1,-1,1
3,71,"C",700,75,50,2,3,50,2,0,0,0,0,0,0,0,0,0,0
3,72,"B",853,1250,100,2,2,50,2,0,0,0,0,0,0,0,0,0,0
3,73,"D",432,0,50,2,4,50,2,0,0,0,0,0,0,0,0,0,0
3,74,"C",997,0,50,2,3,50,2,0,0,0,0,0,0,0,0,0,0
3,75,"A",1238,150,100,2,1,50,2,0,0,0,0,0,0,0,0,0,0
3,76,"C",911,50,50,2,3,50,2,0,0,0,0,0,0,0,0,0,0
3,77,"D",597,0,50,2,4,50,2,0,0,0,0,0,0,0,0,0,0
3,78,"D",701,0,50,2,4,50,2,0,0,0,0,0,0,0,0,0,0
3,79,"D",691,250,50,2,4,50,2,0,0,0,0,0,0,0,0,0,0
3,80,"B",782,0,100,2,2,50,2,-2,0,0,0,1,0,0,1,-1,1
3,81,"C",1788,0,50,2,3,50,2,0,0,0,0,0,0,0,0,0,0
3,82,"B",1056,0,100,2,2,50,2,0,0,0,0,0,0,0,0,0,0
3,83,"C",645,0,50,2,3,50,2,0,0,0,0,0,0,0,0,0,0
3,84,"B",637,0,100,2,2,50,2,0,0,0,0,0,0,0,0,0,0
3,85,"C",686,0,50,2,3,50,2,0,0,0,0,0,0,0,0,0,0
3,86,"B",783,0,100,2,2,50,2,0,0,0,0,0,0,0,0,0,0
3,87,"C",437,50,50,2,3,50,2,0,0,0,0,0,0,0,0,0,0
3,88,"B",516,0,100,2,2,50,2,0,0,0,0,0,0,0,0,0,0
3,89,"D",517,0,50,2,4,50,2,0,0,0,0,0,0,0,0,0,0
3,90,"C",621,25,50,2,3,50,2,-1,1,1,0,0,1,1,1,-1,1
3,91,"A",853,0,100,2,1,50,2,0,0,0,0,0,0,0,0,0,0
3,92,"B",673,0,100,2,2,50,2,0,0,0,0,0,0,0,0,0,0
3,93,"D",539,0,50,2,4,50,2,0,0,0,0,0,0,0,0,0,0
3,94,"C",638,50,50,2,3,50,2,0,0,0,0,0,0,0,0,0,0
3,95,"A",575,0,100,2,1,50,2,0,0,0,0,0,0,0,0,0,0
3,96,"B",2856,0,100,2,2,50,2,0,0,0,0,0,0,0,0,0,0
3,97,"D",427,0,50,2,4,50,2,0,0,0,0,0,0,0,0,0,0
3,98,"A",1040,0,100,2,1,50,2,0,0,0,0,0,0,0,0,0,0
3,99,"C",833,0,50,2,3,50,2,0,0,0,0,0,0,0,0,0,0
3,100,"B",594,0,100,2,2,50,2,0,0,0,0,0,0,0,0,-1,1
4,1,"D",3130,0,50,3,4,66,3,0,0,0,0,0,0,0,0,0,0
4,2,"D",3737,0,50,3,4,66,3,0,0,0,0,0,0,0,0,0,0
4,3,"C",2197,0,50,3,3,66,3,0,0,0,0,0,0,0,0,0,0
4,4,"D",670,0,50,3,4,66,3,0,0,0,0,0,0,0,0,0,0
4,5,"C",1492,0,50,3,3,66,3,0,0,0,0,0,0,0,0,0,0
4,6,"C",1567,50,50,3,3,66,3,0,0,0,0,0,0,0,0,0,0
4,7,"D",855,0,50,3,4,66,3,0,0,0,0,0,0,0,0,0,0
4,8,"A",717,0,100,3,1,66,3,0,0,0,0,0,0,0,0,0,0
4,9,"A",1934,0,100,3,1,66,3,0,0,0,0,0,0,0,0,0,0
4,10,"B",738,0,100,3,2,66,3,2,2,-1,3,3,3,1,0,-1,1
4,11,"D",3682,0,50,3,4,66,3,0,0,0,0,0,0,0,0,0,0
4,12,"C",747,0,50,3,3,66,3,0,0,0,0,0,0,0,0,0,0
4,13,"A",769,150,100,3,1,66,3,0,0,0,0,0,0,0,0,0,0
4,14,"B",668,0,100,3,2,66,3,0,0,0,0,0,0,0,0,0,0
4,15,"B",1098,0,100,3,2,66,3,0,0,0,0,0,0,0,0,0,0
4,16,"D",792,0,50,3,4,66,3,0,0,0,0,0,0,0,0,0,0
4,17,"B",1214,0,100,3,2,66,3,0,0,0,0,0,0,0,0,0,0
4,18,"C",2473,50,50,3,3,66,3,0,0,0,0,0,0,0,0,0,0
4,19,"D",835,0,50,3,4,66,3,0,0,0,0,0,0,0,0,0,0
4,20,"B",752,0,100,3,2,66,3,-1,3,0,3,2,3,0,1,-1,1
4,21,"D",1514,0,50,3,4,66,3,0,0,0,0,0,0,0,0,0,0
4,22,"B",694,0,100,3,2,66,3,0,0,0,0,0,0,0,0,0,0
4,23,"B",1641,0,100,3,2,66,3,0,0,0,0,0,0,0,0,0,0
4,24,"D",690,0,50,3,4,66,3,0,0,0,0,0,0,0,0,0,0
4,25,"B",1213,0,100,3,2,66,3,0,0,0,0,0,0,0,0,0,0
4,26,"B",1176,1250,100,3,2,66,3,0,0,0,0,0,0,0,0,0,0
4,27,"D",108,250,50,3,4,66,3,0,0,0,0,0,0,0,0,0,0
4,28,"A",450,0,100,3,1,66,3,0,0,0,0,0,0,0,0,0,0
4,29,"A",604,300,100,3,1,66,3,0,0,0,0,0,0,0,0,0,0
4,30,"C",735,0,50,3,3,66,3,-1,-3,1,-3,1,3,1,2,1,1
4,31,"A",1591,0,100,3,1,66,3,0,0,0,0,0,0,0,0,0,0
4,32,"A",1825,200,100,3,1,66,3,0,0,0,0,0,0,0,0,0,0
4,33,"C",552,50,50,3,3,66,3,0,0,0,0,0,0,0,0,0,0
4,34,"D",707,0,50,3,4,66,3,0,0,0,0,0,0,0,0,0,0
4,35,"B",563,0,100,3,2,66,3,0,0,0,0,0,0,0,0,0,0
4,36,"B",827,0,100,3,2,66,3,0,0,0,0,0,0,0,0,0,0
4,37,"B",866,0,100,3,2,66,3,0,0,0,0,0,0,0,0,0,0
4,38,"B",1088,0,100,3,2,66,3,0,0,0,0,0,0,0,0,0,0
4,39,"B",807,1250,100,3,2,66,3,0,0,0,0,0,0,0,0,0,0
4,40,"D",835,0,50,3,4,66,3,0,-3,0,3,1,3,0,-1,2,1
4,41,"D",869,0,50,3,4,66,3,0,0,0,0,0,0,0,0,0,0
4,42,"D",1181,0,50,3,4,66,3,0,0,0,0,0,0,0,0,0,0
4,43,"A",609,0,100,3,1,66,3,0,0,0,0,0,0,0,0,0,0
4,44,"A",1236,250,100,3,1,66,3,0,0,0,0,0,0,0,0,0,0
4,45,"C",1037,0,50,3,3,66,3,0,0,0,0,0,0,0,0,0,0
4,46,"C",861,50,50,3,3,66,3,0,0,0,0,0,0,0,0,0,0
4,47,"C",819,50,50,3,3,66,3,0,0,0,0,0,0,0,0,0,0
4,48,"B",3012,0,100,3,2,66,3,0,0,0,0,0,0,0,0,0,0
4,49,"B",1111,0,100,3,2,66,3,0,0,0,0,0,0,0,0,0,0
4,50,"D",853,0,50,3,4,66,3,-1,-2,1,3,1,0,1,1,1,1
4,51,"D",933,0,50,3,4,66,3,0,0,0,0,0,0,0,0,0,0
4,52,"B",673,0,100,3,2,66,3,0,0,0,0,0,0,0,0,0,0
4,53,"C",798,0,50,3,3,66,3,0,0,0,0,0,0,0,0,0,0
4,54,"C",769,25,50,3,3,66,3,0,0,0,0,0,0,0,0,0,0
4,55,"B",1284,0,100,3,2,66,3,0,0,0,0,0,0,0,0,0,0
4,56,"C",565,75,50,3,3,66,3,0,0,0,0,0,0,0,0,0,0
4,57,"D",701,0,50,3,4,66,3,0,0,0,0,0,0,0,0,0,0
4,58,"C",824,0,50,3,3,66,3,0,0,0,0,0,0,0,0,0,0
4,59,"D",2193,0,50,3,4,66,3,0,0,0,0,0,0,0,0,0,0
4,60,"C",1184,0,50,3,3,66,3,-1,-3,0,3,1,1,0,1,1,1
4,61,"C",1904,0,50,3,3,66,3,0,0,0,0,0,0,0,0,0,0
4,62,"D",662,0,50,3,4,66,3,0,0,0,0,0,0,0,0,0,0
4,63,"B",943,0,100,3,2,66,3,0,0,0,0,0,0,0,0,0,0
4,64,"C",1343,25,50,3,3,66,3,0,0,0,0,0,0,0,0,0,0
4,65,"A",1085,350,100,3,1,66,3,0,0,0,0,0,0,0,0,0,0
4,66,"D",573,250,50,3,4,66,3,0,0,0,0,0,0,0,0,0,0
4,67,"C",1168,75,50,3,3,66,3,0,0,0,0,0,0,0,0,0,0
4,68,"B",742,0,100,3,2,66,3,0,0,0,0,0,0,0,0,0,0
4,69,"C",708,0,50,3,3,66,3,0,0,0,0,0,0,0,0,0,0
4,70,"C",922,50,50,3,3,66,3,-1,0,-1,-1,2,1,-1,1,2,1
4,71,"C",1956,0,50,3,3,66,3,0,0,0,0,0,0,0,0,0,0
4,72,"C",910,0,50,3,3,66,3,0,0,0,0,0,0,0,0,0,0
4,73,"D",724,0,50,3,4,66,3,0,0,0,0,0,0,0,0,0,0
4,74,"C",1108,0,50,3,3,66,3,0,0,0,0,0,0,0,0,0,0
4,75,"D",863,0,50,3,4,66,3,0,0,0,0,0,0,0,0,0,0
4,76,"B",776,1250,100,3,2,66,3,0,0,0,0,0,0,0,0,0,0
4,77,"C",752,50,50,3,3,66,3,0,0,0,0,0,0,0,0,0,0
4,78,"D",852,0,50,3,4,66,3,0,0,0,0,0,0,0,0,0,0
4,79,"C",657,25,50,3,3,66,3,0,0,0,0,0,0,0,0,0,0
4,80,"C",1684,50,50,3,3,66,3,-1,-4,0,1,1,4,1,-1,2,1
4,81,"C",1731,0,50,3,3,66,3,0,0,0,0,0,0,0,0,0,0
4,82,"C",1177,0,50,3,3,66,3,0,0,0,0,0,0,0,0,0,0
4,83,"B",1004,0,100,3,2,66,3,0,0,0,0,0,0,0,0,0,0
4,84,"C",1437,75,50,3,3,66,3,0,0,0,0,0,0,0,0,0,0
4,85,"D",1017,0,50,3,4,66,3,0,0,0,0,0,0,0,0,0,0
4,86,"D",860,0,50,3,4,66,3,0,0,0,0,0,0,0,0,0,0
4,87,"B",998,0,100,3,2,66,3,0,0,0,0,0,0,0,0,0,0
4,88,"C",1143,50,50,3,3,66,3,0,0,0,0,0,0,0,0,0,0
4,89,"C",1301,0,50,3,3,66,3,0,0,0,0,0,0,0,0,0,0
4,90,"C",1324,0,50,3,3,66,3,-2,-1,2,2,1,1,-1,-1,1,1
4,91,"C",2671,0,50,3,3,66,3,0,0,0,0,0,0,0,0,0,0
4,92,"C",1269,25,50,3,3,66,3,0,0,0,0,0,0,0,0,0,0
4,93,"D",1540,0,50,3,4,66,3,0,0,0,0,0,0,0,0,0,0
4,94,"B",1478,0,100,3,2,66,3,0,0,0,0,0,0,0,0,0,0
4,95,"C",807,25,50,3,3,66,3,0,0,0,0,0,0,0,0,0,0
4,96,"D",1013,0,50,3,4,66,3,0,0,0,0,0,0,0,0,0,0
4,97,"C",942,0,50,3,3,66,3,0,0,0,0,0,0,0,0,0,0
4,98,"C",1395,75,50,3,3,66,3,0,0,0,0,0,0,0,0,0,0
4,99,"C",996,0,50,3,3,66,3,0,0,0,0,0,0,0,0,0,0
4,100,"C",1157,50,50,3,3,66,3,-1,-1,1,1,1,2,-1,-1,1,1
5,1,"A",2283,0,100,4,1,70,3,0,0,0,0,0,0,0,0,0,0
5,2,"A",2700,0,100,4,1,70,3,0,0,0,0,0,0,0,0,0,0
5,3,"A",523,150,100,4,1,70,3,0,0,0,0,0,0,0,0,0,0
5,4,"C",891,0,50,4,3,70,3,0,0,0,0,0,0,0,0,0,0
5,5,"C",854,0,50,4,3,70,3,0,0,0,0,0,0,0,0,0,0
5,6,"C",977,50,50,4,3,70,3,0,0,0,0,0,0,0,0,0,0
5,7,"B",1230,0,100,4,2,70,3,0,0,0,0,0,0,0,0,0,0
5,8,"B",1365,0,100,4,2,70,3,0,0,0,0,0,0,0,0,0,0
5,9,"B",1518,0,100,4,2,70,3,0,0,0,0,0,0,0,0,0,0
5,10,"B",1887,0,100,4,2,70,3,-2,3,1,0,1,2,-2,-4,2,1
5,11,"B",3216,0,100,4,2,70,3,0,0,0,0,0,0,0,0,0,0
5,12,"B",1978,0,100,4,2,70,3,0,0,0,0,0,0,0,0,0,0
5,13,"B",1316,0,100,4,2,70,3,0,0,0,0,0,0,0,0,0,0
5,14,"B",861,0,100,4,2,70,3,0,0,0,0,0,0,0,0,0,0
5,15,"B",1041,1250,100,4,2,70,3,0,0,0,0,0,0,0,0,0,0
5,16,"D",1345,0,50,4,4,70,3,0,0,0,0,0,0,0,0,0,0
5,17,"D",959,0,50,4,4,70,3,0,0,0,0,0,0,0,0,0,0
5,18,"D",208,0,50,4,4,70,3,0,0,0,0,0,0,0,0,0,0
5,19,"D",1680,0,50,4,4,70,3,0,0,0,0,0,0,0,0,0,0
5,20,"D",1564,0,50,4,4,70,3,1,-1,-1,2,0,4,-2,1,-1,1
5,21,"D",2450,0,50,4,4,70,3,0,0,0,0,0,0,0,0,0,0
5,22,"B",1256,0,100,4,2,70,3,0,0,0,0,0,0,0,0,0,0
5,23,"B",1000,0,100,4,2,70,3,0,0,0,0,0,0,0,0,0,0
5,24,"B",1054,0,100,4,2,70,3,0,0,0,0,0,0,0,0,0,0
5,25,"B",1018,0,100,4,2,70,3,0,0,0,0,0,0,0,0,0,0
5,26,"A",949,0,100,4,1,70,3,0,0,0,0,0,0,0,0,0,0
5,27,"A",826,300,100,4,1,70,3,0,0,0,0,0,0,0,0,0,0
5,28,"D",856,0,50,4,4,70,3,0,0,0,0,0,0,0,0,0,0
5,29,"D",1356,0,50,4,4,70,3,0,0,0,0,0,0,0,0,0,0
5,30,"D",853,0,50,4,4,70,3,-2,3,2,1,2,1,0,1,2,1
5,31,"B",654,1250,100,4,2,70,3,0,0,0,0,0,0,0,0,0,0
5,32,"B",852,0,100,4,2,70,3,0,0,0,0,0,0,0,0,0,0
5,33,"B",735,0,100,4,2,70,3,0,0,0,0,0,0,0,0,0,0
5,34,"B",658,0,100,4,2,70,3,0,0,0,0,0,0,0,0,0,0
5,35,"B",853,0,100,4,2,70,3,0,0,0,0,0,0,0,0,0,0
5,36,"A",624,0,100,4,1,70,3,0,0,0,0,0,0,0,0,0,0
5,37,"A",918,200,100,4,1,70,3,0,0,0,0,0,0,0,0,0,0
5,38,"D",830,250,50,4,4,70,3,0,0,0,0,0,0,0,0,0,0
5,39,"D",804,0,50,4,4,70,3,0,0,0,0,0,0,0,0,0,0
5,40,"D",1197,0,50,4,4,70,3,-2,2,3,0,1,4,-1,1,1,1
5,41,"D",833,0,50,4,4,70,3,0,0,0,0,0,0,0,0,0,0
5,42,"D",1242,0,50,4,4,70,3,0,0,0,0,0,0,0,0,0,0
5,43,"D",1507,0,50,4,4,70,3,0,0,0,0,0,0,0,0,0,0
5,44,"C",1120,0,50,4,3,70,3,0,0,0,0,0,0,0,0,0,0
5,45,"C",1177,50,50,4,3,70,3,0,0,0,0,0,0,0,0,0,0
5,46,"C",853,0,50,4,3,70,3,0,0,0,0,0,0,0,0,0,0
5,47,"C",896,50,50,4,3,70,3,0,0,0,0,0,0,0,0,0,0
5,48,"C",677,0,50,4,3,70,3,0,0,0,0,0,0,0,0,0,0
5,49,"C",5710,50,50,4,3,70,3,0,0,0,0,0,0,0,0,0,0
5,50,"C",1310,50,50,4,3,70,3,2,-2,2,-2,2,2,-2,-1,-1,1
5,51,"C",954,0,50,4,3,70,3,0,0,0,0,0,0,0,0,0,0
5,52,"C",931,25,50,4,3,70,3,0,0,0,0,0,0,0,0,0,0
5,53,"C",1247,75,50,4,3,70,3,0,0,0,0,0,0,0,0,0,0
5,54,"C",1182,0,50,4,3,70,3,0,0,0,0,0,0,0,0,0,0
5,55,"C",1077,0,50,4,3,70,3,0,0,0,0,0,0,0,0,0,0
5,56,"C",1085,0,50,4,3,70,3,0,0,0,0,0,0,0,0,0,0
5,57,"A",678,0,100,4,1,70,3,0,0,0,0,0,0,0,0,0,0
5,58,"A",1318,250,100,4,1,70,3,0,0,0,0,0,0,0,0,0,0
5,59,"C",1663,25,50,4,3,70,3,0,0,0,0,0,0,0,0,0,0
5,60,"C",1397,75,50,4,3,70,3,1,-3,3,-2,4,2,-1,-2,-2,1
5,61,"C",2154,0,50,4,3,70,3,0,0,0,0,0,0,0,0,0,0
5,62,"A",1676,350,100,4,1,70,3,0,0,0,0,0,0,0,0,0,0
5,63,"C",964,50,50,4,3,70,3,0,0,0,0,0,0,0,0,0,0
5,64,"C",860,0,50,4,3,70,3,0,0,0,0,0,0,0,0,0,0
5,65,"C",984,0,50,4,3,70,3,0,0,0,0,0,0,0,0,0,0
5,66,"C",1033,0,50,4,3,70,3,0,0,0,0,0,0,0,0,0,0
5,67,"C",1478,50,50,4,3,70,3,0,0,0,0,0,0,0,0,0,0
5,68,"C",1967,25,50,4,3,70,3,0,0,0,0,0,0,0,0,0,0
5,69,"C",1576,50,50,4,3,70,3,0,0,0,0,0,0,0,0,0,0
5,70,"C",1523,0,50,4,3,70,3,2,-3,4,-1,2,2,-1,-1,0,1
5,71,"C",694,0,50,4,3,70,3,0,0,0,0,0,0,0,0,0,0
5,72,"A",772,0,100,4,1,70,3,0,0,0,0,0,0,0,0,0,0
5,73,"A",1578,350,100,4,1,70,3,0,0,0,0,0,0,0,0,0,0
5,74,"C",2072,75,50,4,3,70,3,0,0,0,0,0,0,0,0,0,0
5,75,"C",697,50,50,4,3,70,3,0,0,0,0,0,0,0,0,0,0
5,76,"C",732,0,50,4,3,70,3,0,0,0,0,0,0,0,0,0,0
5,77,"C",903,0,50,4,3,70,3,0,0,0,0,0,0,0,0,0,0
5,78,"C",1021,0,50,4,3,70,3,0,0,0,0,0,0,0,0,0,0
5,79,"D",1075,0,50,4,4,70,3,0,0,0,0,0,0,0,0,0,0
5,80,"D",835,0,50,4,4,70,3,-1,-2,4,0,1,3,0,3,1,1
5,81,"D",1414,0,50,4,4,70,3,0,0,0,0,0,0,0,0,0,0
5,82,"D",985,0,50,4,4,70,3,0,0,0,0,0,0,0,0,0,0
5,83,"D",586,250,50,4,4,70,3,0,0,0,0,0,0,0,0,0,0
5,84,"D",2911,0,50,4,4,70,3,0,0,0,0,0,0,0,0,0,0
5,85,"D",1209,0,50,4,4,70,3,0,0,0,0,0,0,0,0,0,0
5,86,"D",1124,0,50,4,4,70,3,0,0,0,0,0,0,0,0,0,0
5,87,"D",845,0,50,4,4,70,3,0,0,0,0,0,0,0,0,0,0
5,88,"D",877,0,50,4,4,70,3,0,0,0,0,0,0,0,0,0,0
5,89,"D",806,0,50,4,4,70,3,0,0,0,0,0,0,0,0,0,0
5,90,"D",1105,0,50,4,4,70,3,-2,-3,4,2,3,3,1,4,3,1
5,91,"D",923,0,50,4,4,70,3,0,0,0,0,0,0,0,0,0,0
5,92,"D",506,250,50,4,4,70,3,0,0,0,0,0,0,0,0,0,0
5,93,"D",534,0,50,4,4,70,3,0,0,0,0,0,0,0,0,0,0
5,94,"D",730,0,50,4,4,70,3,0,0,0,0,0,0,0,0,0,0
5,95,"D",1205,0,50,4,4,70,3,0,0,0,0,0,0,0,0,0,0
5,96,"D",957,0,50,4,4,70,3,0,0,0,0,0,0,0,0,0,0
5,97,"D",992,0,50,4,4,70,3,0,0,0,0,0,0,0,0,0,0
5,98,"D",1414,250,50,4,4,70,3,0,0,0,0,0,0,0,0,0,0
5,99,"D",1122,0,50,4,4,70,3,0,0,0,0,0,0,0,0,0,0
5,100,"D",1010,0,50,4,4,70,3,-2,-3,3,1,1,2,-1,4,-1,1
6,1,"B",3554,0,100,5,2,42,1,0,0,0,0,0,0,0,0,0,0
6,2,"A",1893,0,100,5,1,42,1,0,0,0,0,0,0,0,0,0,0
6,3,"C",604,0,50,5,3,42,1,0,0,0,0,0,0,0,0,0,0
6,4,"D",500,0,50,5,4,42,1,0,0,0,0,0,0,0,0,0,0
6,5,"A",680,0,100,5,1,42,1,0,0,0,0,0,0,0,0,0,0
6,6,"B",527,0,100,5,2,42,1,0,0,0,0,0,0,0,0,0,0
6,7,"D",792,0,50,5,4,42,1,0,0,0,0,0,0,0,0,0,0
6,8,"A",705,150,100,5,1,42,1,0,0,0,0,0,0,0,0,0,0
6,9,"C",519,0,50,5,3,42,1,0,0,0,0,0,0,0,0,0,0
6,10,"D",574,0,50,5,4,42,1,-3,2,2,2,2,2,2,2,1,1
6,11,"B",1411,0,100,5,2,42,1,0,0,0,0,0,0,0,0,0,0
6,12,"D",617,0,50,5,4,42,1,0,0,0,0,0,0,0,0,0,0
6,13,"C",628,50,50,5,3,42,1,0,0,0,0,0,0,0,0,0,0
6,14,"B",972,0,100,5,2,42,1,0,0,0,0,0,0,0,0,0,0
6,15,"A",640,0,100,5,1,42,1,0,0,0,0,0,0,0,0,0,0
6,16,"B",1360,0,100,5,2,42,1,0,0,0,0,0,0,0,0,0,0
6,17,"A",617,300,100,5,1,42,1,0,0,0,0,0,0,0,0,0,0
6,18,"B",659,0,100,5,2,42,1,0,0,0,0,0,0,0,0,0,0
6,19,"B",1513,0,100,5,2,42,1,0,0,0,0,0,0,0,0,0,0
6,20,"D",1056,0,50,5,4,42,1,-3,2,2,2,3,3,3,2,1,1
6,21,"A",4851,0,100,5,1,42,1,0,0,0,0,0,0,0,0,0,0
6,22,"B",616,0,100,5,2,42,1,0,0,0,0,0,0,0,0,0,0
6,23,"D",667,0,50,5,4,42,1,0,0,0,0,0,0,0,0,0,0
6,24,"C",577,0,50,5,3,42,1,0,0,0,0,0,0,0,0,0,0
6,25,"A",860,200,100,5,1,42,1,0,0,0,0,0,0,0,0,0,0
6,26,"B",562,1250,100,5,2,42,1,0,0,0,0,0,0,0,0,0,0
6,27,"D",818,0,50,5,4,42,1,0,0,0,0,0,0,0,0,0,0
6,28,"C",597,50,50,5,3,42,1,0,0,0,0,0,0,0,0,0,0
6,29,"D",622,0,50,5,4,42,1,0,0,0,0,0,0,0,0,0,0
6,30,"B",1963,0,100,5,2,42,1,-3,-4,1,-1,1,4,2,1,2,1
6,31,"A",5569,0,100,5,1,42,1,0,0,0,0,0,0,0,0,0,0
6,32,"B",862,0,100,5,2,42,1,0,0,0,0,0,0,0,0,0,0
6,33,"D",523,0,50,5,4,42,1,0,0,0,0,0,0,0,0,0,0
6,34,"C",588,0,50,5,3,42,1,0,0,0,0,0,0,0,0,0,0
6,35,"A",514,250,100,5,1,42,1,0,0,0,0,0,0,0,0,0,0
6,36,"B",626,0,100,5,2,42,1,0,0,0,0,0,0,0,0,0,0
6,37,"D",688,250,50,5,4,42,1,0,0,0,0,0,0,0,0,0,0
6,38,"B",763,0,100,5,2,42,1,0,0,0,0,0,0,0,0,0,0
6,39,"C",636,50,50,5,3,42,1,0,0,0,0,0,0,0,0,0,0
6,40,"B",852,1250,100,5,2,42,1,-4,-4,2,-1,1,4,1,1,2,1
6,41,"B",1570,0,100,5,2,42,1,0,0,0,0,0,0,0,0,0,0
6,42,"D",456,0,50,5,4,42,1,0,0,0,0,0,0,0,0,0,0
6,43,"A",565,350,100,5,1,42,1,0,0,0,0,0,0,0,0,0,0
6,44,"B",470,0,100,5,2,42,1,0,0,0,0,0,0,0,0,0,0
6,45,"D",540,0,50,5,4,42,1,0,0,0,0,0,0,0,0,0,0
6,46,"C",766,0,50,5,3,42,1,0,0,0,0,0,0,0,0,0,0
6,47,"D",767,0,50,5,4,42,1,0,0,0,0,0,0,0,0,0,0
6,48,"B",714,0,100,5,2,42,1,0,0,0,0,0,0,0,0,0,0
6,49,"B",2195,0,100,5,2,42,1,0,0,0,0,0,0,0,0,0,0
6,50,"D",769,0,50,5,4,42,1,-3,1,2,1,1,1,2,1,1,1
6,51,"A",1070,0,100,5,1,42,1,0,0,0,0,0,0,0,0,0,0
6,52,"B",681,0,100,5,2,42,1,0,0,0,0,0,0,0,0,0,0
6,53,"D",561,0,50,5,4,42,1,0,0,0,0,0,0,0,0,0,0
6,54,"C",746,50,50,5,3,42,1,0,0,0,0,0,0,0,0,0,0
6,55,"A",979,350,100,5,1,42,1,0,0,0,0,0,0,0,0,0,0
6,56,"B",704,0,100,5,2,42,1,0,0,0,0,0,0,0,0,0,0
6,57,"D",686,0,50,5,4,42,1,0,0,0,0,0,0,0,0,0,0
6,58,"C",758,50,50,5,3,42,1,0,0,0,0,0,0,0,0,0,0
6,59,"A",1935,0,100,5,1,42,1,0,0,0,0,0,0,0,0,0,0
6,60,"B",877,1250,100,5,2,42,1,-1,-3,2,2,1,3,1,1,2,1
6,61,"A",1610,250,100,5,1,42,1,0,0,0,0,0,0,0,0,0,0
6,62,"B",694,0,100,5,2,42,1,0,0,0,0,0,0,0,0,0,0
6,63,"D",580,0,50,5,4,42,1,0,0,0,0,0,0,0,0,0,0
6,64,"C",557,0,50,5,3,42,1,0,0,0,0,0,0,0,0,0,0
6,65,"B",660,0,100,5,2,42,1,0,0,0,0,0,0,0,0,0,0
6,66,"A",1072,200,100,5,1,42,1,0,0,0,0,0,0,0,0,0,0
6,67,"B",664,0,100,5,2,42,1,0,0,0,0,0,0,0,0,0,0
6,68,"D",542,0,50,5,4,42,1,0,0,0,0,0,0,0,0,0,0
6,69,"D",521,0,50,5,4,42,1,0,0,0,0,0,0,0,0,0,0
6,70,"D",505,250,50,5,4,42,1,1,1,1,-2,1,1,1,2,2,1
6,71,"B",2051,0,100,5,2,42,1,0,0,0,0,0,0,0,0,0,0
6,72,"B",1266,0,100,5,2,42,1,0,0,0,0,0,0,0,0,0,0
6,73,"D",864,0,50,5,4,42,1,0,0,0,0,0,0,0,0,0,0
6,74,"B",837,0,100,5,2,42,1,0,0,0,0,0,0,0,0,0,0
6,75,"A",1297,0,100,5,1,42,1,0,0,0,0,0,0,0,0,0,0
6,76,"D",580,0,50,5,4,42,1,0,0,0,0,0,0,0,0,0,0
6,77,"C",591,25,50,5,3,42,1,0,0,0,0,0,0,0,0,0,0
6,78,"A",644,300,100,5,1,42,1,0,0,0,0,0,0,0,0,0,0
6,79,"B",773,0,100,5,2,42,1,0,0,0,0,0,0,0,0,0,0
6,80,"B",1678,0,100,5,2,42,1,-3,2,-1,2,2,2,-2,2,1,1
6,81,"A",4765,150,100,5,1,42,1,0,0,0,0,0,0,0,0,0,0
6,82,"B",722,0,100,5,2,42,1,0,0,0,0,0,0,0,0,0,0
6,83,"D",778,0,50,5,4,42,1,0,0,0,0,0,0,0,0,0,0
6,84,"B",861,0,100,5,2,42,1,0,0,0,0,0,0,0,0,0,0
6,85,"B",561,1250,100,5,2,42,1,0,0,0,0,0,0,0,0,0,0
6,86,"C",492,75,50,5,3,42,1,0,0,0,0,0,0,0,0,0,0
6,87,"A",742,0,100,5,1,42,1,0,0,0,0,0,0,0,0,0,0
6,88,"D",540,0,50,5,4,42,1,0,0,0,0,0,0,0,0,0,0
6,89,"A",551,0,100,5,1,42,1,0,0,0,0,0,0,0,0,0,0
6,90,"D",1044,0,50,5,4,42,1,2,-3,-3,2,1,3,3,2,2,1
6,91,"A",740,0,100,5,1,42,1,0,0,0,0,0,0,0,0,0,0
6,92,"B",1257,0,100,5,2,42,1,0,0,0,0,0,0,0,0,0,0
6,93,"D",735,0,50,5,4,42,1,0,0,0,0,0,0,0,0,0,0
6,94,"B",824,0,100,5,2,42,1,0,0,0,0,0,0,0,0,0,0
6,95,"B",648,0,100,5,2,42,1,0,0,0,0,0,0,0,0,0,0
6,96,"C",619,0,50,5,3,42,1,0,0,0,0,0,0,0,0,0,0
6,97,"D",526,0,50,5,4,42,1,0,0,0,0,0,0,0,0,0,0
6,98,"A",513,300,100,5,1,42,1,0,0,0,0,0,0,0,0,0,0
6,99,"B",663,0,100,5,2,42,1,0,0,0,0,0,0,0,0,0,0
6,100,"D",668,0,50,5,4,42,1,-2,2,2,2,2,2,-1,-1,2,1
7,1,"D",2761,0,50,6,4,68,3,0,0,0,0,0,0,0,0,0,0
7,2,"B",1234,0,100,6,2,68,3,0,0,0,0,0,0,0,0,0,0
7,3,"D",600,0,50,6,4,68,3,0,0,0,0,0,0,0,0,0,0
7,4,"B",960,0,100,6,2,68,3,0,0,0,0,0,0,0,0,0,0
7,5,"A",1073,0,100,6,1,68,3,0,0,0,0,0,0,0,0,0,0
7,6,"C",562,0,50,6,3,68,3,0,0,0,0,0,0,0,0,0,0
7,7,"B",1250,0,100,6,2,68,3,0,0,0,0,0,0,0,0,0,0
7,8,"A",1077,0,100,6,1,68,3,0,0,0,0,0,0,0,0,0,0
7,9,"B",1030,0,100,6,2,68,3,0,0,0,0,0,0,0,0,0,0
7,10,"A",1548,150,100,6,1,68,3,-1,2,1,1,2,3,3,2,2,1
7,11,"B",1638,0,100,6,2,68,3,0,0,0,0,0,0,0,0,0,0
7,12,"D",656,0,50,6,4,68,3,0,0,0,0,0,0,0,0,0,0
7,13,"B",601,0,100,6,2,68,3,0,0,0,0,0,0,0,0,0,0
7,14,"B",599,0,100,6,2,68,3,0,0,0,0,0,0,0,0,0,0
7,15,"B",1104,0,100,6,2,68,3,0,0,0,0,0,0,0,0,0,0
7,16,"B",1405,1250,100,6,2,68,3,0,0,0,0,0,0,0,0,0,0
7,17,"D",734,0,50,6,4,68,3,0,0,0,0,0,0,0,0,0,0
7,18,"C",905,0,50,6,3,68,3,0,0,0,0,0,0,0,0,0,0
7,19,"D",799,0,50,6,4,68,3,0,0,0,0,0,0,0,0,0,0
7,20,"C",863,50,50,6,3,68,3,-1,-3,0,2,2,3,2,2,2,1
7,21,"D",2199,0,50,6,4,68,3,0,0,0,0,0,0,0,0,0,0
7,22,"A",630,0,100,6,1,68,3,0,0,0,0,0,0,0,0,0,0
7,23,"D",764,0,50,6,4,68,3,0,0,0,0,0,0,0,0,0,0
7,24,"C",677,0,50,6,3,68,3,0,0,0,0,0,0,0,0,0,0
7,25,"B",804,0,100,6,2,68,3,0,0,0,0,0,0,0,0,0,0
7,26,"D",581,0,50,6,4,68,3,0,0,0,0,0,0,0,0,0,0
7,27,"A",689,300,100,6,1,68,3,0,0,0,0,0,0,0,0,0,0
7,28,"B",876,0,100,6,2,68,3,0,0,0,0,0,0,0,0,0,0
7,29,"D",636,0,50,6,4,68,3,0,0,0,0,0,0,0,0,0,0
7,30,"C",876,50,50,6,3,68,3,1,-2,1,2,2,3,3,3,2,1
7,31,"D",3416,250,50,6,4,68,3,0,0,0,0,0,0,0,0,0,0
7,32,"A",642,0,100,6,1,68,3,0,0,0,0,0,0,0,0,0,0
7,33,"C",688,0,50,6,3,68,3,0,0,0,0,0,0,0,0,0,0
7,34,"C",783,50,50,6,3,68,3,0,0,0,0,0,0,0,0,0,0
7,35,"D",621,0,50,6,4,68,3,0,0,0,0,0,0,0,0,0,0
7,36,"C",819,0,50,6,3,68,3,0,0,0,0,0,0,0,0,0,0
7,37,"A",714,200,100,6,1,68,3,0,0,0,0,0,0,0,0,0,0
7,38,"D",671,0,50,6,4,68,3,0,0,0,0,0,0,0,0,0,0
7,39,"C",981,50,50,6,3,68,3,0,0,0,0,0,0,0,0,0,0
7,40,"C",1147,50,50,6,3,68,3,-2,0,2,1,2,2,2,2,2,1
7,41,"D",1256,0,50,6,4,68,3,0,0,0,0,0,0,0,0,0,0
7,42,"C",764,0,50,6,3,68,3,0,0,0,0,0,0,0,0,0,0
7,43,"B",667,0,100,6,2,68,3,0,0,0,0,0,0,0,0,0,0
7,44,"C",748,25,50,6,3,68,3,0,0,0,0,0,0,0,0,0,0
7,45,"D",762,0,50,6,4,68,3,0,0,0,0,0,0,0,0,0,0
7,46,"A",611,0,100,6,1,68,3,0,0,0,0,0,0,0,0,0,0
7,47,"C",965,75,50,6,3,68,3,0,0,0,0,0,0,0,0,0,0
7,48,"D",1022,0,50,6,4,68,3,0,0,0,0,0,0,0,0,0,0
7,49,"A",1316,250,100,6,1,68,3,0,0,0,0,0,0,0,0,0,0
7,50,"C",805,0,50,6,3,68,3,-2,-3,2,2,2,2,3,2,2,1
7,51,"D",3118,0,50,6,4,68,3,0,0,0,0,0,0,0,0,0,0
7,52,"C",1399,0,50,6,3,68,3,0,0,0,0,0,0,0,0,0,0
7,53,"B",704,0,100,6,2,68,3,0,0,0,0,0,0,0,0,0,0
7,54,"C",886,0,50,6,3,68,3,0,0,0,0,0,0,0,0,0,0
7,55,"D",799,0,50,6,4,68,3,0,0,0,0,0,0,0,0,0,0
7,56,"A",1089,350,100,6,1,68,3,0,0,0,0,0,0,0,0,0,0
7,57,"D",724,0,50,6,4,68,3,0,0,0,0,0,0,0,0,0,0
7,58,"C",1117,25,50,6,3,68,3,0,0,0,0,0,0,0,0,0,0
7,59,"C",998,75,50,6,3,68,3,0,0,0,0,0,0,0,0,0,0
7,60,"D",590,0,50,6,4,68,3,-3,-2,2,2,2,2,1,2,2,1
7,61,"D",2724,250,50,6,4,68,3,0,0,0,0,0,0,0,0,0,0
7,62,"C",956,0,50,6,3,68,3,0,0,0,0,0,0,0,0,0,0
7,63,"B",664,1250,100,6,2,68,3,0,0,0,0,0,0,0,0,0,0
7,64,"D",736,0,50,6,4,68,3,0,0,0,0,0,0,0,0,0,0
7,65,"A",883,0,100,6,1,68,3,0,0,0,0,0,0,0,0,0,0
7,66,"C",755,50,50,6,3,68,3,0,0,0,0,0,0,0,0,0,0
7,67,"B",668,0,100,6,2,68,3,0,0,0,0,0,0,0,0,0,0
7,68,"D",957,0,50,6,4,68,3,0,0,0,0,0,0,0,0,0,0
7,69,"C",605,0,50,6,3,68,3,0,0,0,0,0,0,0,0,0,0
7,70,"A",685,350,100,6,1,68,3,-2,-3,2,2,2,4,2,2,2,1
7,71,"D",1132,0,50,6,4,68,3,0,0,0,0,0,0,0,0,0,0
7,72,"C",925,0,50,6,3,68,3,0,0,0,0,0,0,0,0,0,0
7,73,"D",621,0,50,6,4,68,3,0,0,0,0,0,0,0,0,0,0
7,74,"C",803,0,50,6,3,68,3,0,0,0,0,0,0,0,0,0,0
7,75,"A",915,0,100,6,1,68,3,0,0,0,0,0,0,0,0,0,0
7,76,"D",671,0,50,6,4,68,3,0,0,0,0,0,0,0,0,0,0
7,77,"C",613,50,50,6,3,68,3,0,0,0,0,0,0,0,0,0,0
7,78,"C",1208,25,50,6,3,68,3,0,0,0,0,0,0,0,0,0,0
7,79,"D",618,0,50,6,4,68,3,0,0,0,0,0,0,0,0,0,0
7,80,"C",766,50,50,6,3,68,3,-2,-2,2,2,2,3,2,2,2,1
7,81,"B",1330,0,100,6,2,68,3,0,0,0,0,0,0,0,0,0,0
7,82,"C",728,0,50,6,3,68,3,0,0,0,0,0,0,0,0,0,0
7,83,"D",913,0,50,6,4,68,3,0,0,0,0,0,0,0,0,0,0
7,84,"C",1340,0,50,6,3,68,3,0,0,0,0,0,0,0,0,0,0
7,85,"D",783,0,50,6,4,68,3,0,0,0,0,0,0,0,0,0,0
7,86,"C",1125,75,50,6,3,68,3,0,0,0,0,0,0,0,0,0,0
7,87,"A",734,250,100,6,1,68,3,0,0,0,0,0,0,0,0,0,0
7,88,"D",761,250,50,6,4,68,3,0,0,0,0,0,0,0,0,0,0
7,89,"C",641,50,50,6,3,68,3,0,0,0,0,0,0,0,0,0,0
7,90,"A",1001,200,100,6,1,68,3,-3,-3,2,1,3,3,2,2,2,1
7,91,"D",1458,0,50,6,4,68,3,0,0,0,0,0,0,0,0,0,0
7,92,"C",691,0,50,6,3,68,3,0,0,0,0,0,0,0,0,0,0
7,93,"A",657,0,100,6,1,68,3,0,0,0,0,0,0,0,0,0,0
7,94,"D",580,0,50,6,4,68,3,0,0,0,0,0,0,0,0,0,0
7,95,"C",1262,0,50,6,3,68,3,0,0,0,0,0,0,0,0,0,0
7,96,"D",1341,0,50,6,4,68,3,0,0,0,0,0,0,0,0,0,0
7,97,"C",822,0,50,6,3,68,3,0,0,0,0,0,0,0,0,0,0
7,98,"D",2677,0,50,6,4,68,3,0,0,0,0,0,0,0,0,0,0
7,99,"C",655,25,50,6,3,68,3,0,0,0,0,0,0,0,0,0,0
7,100,"C",538,25,50,6,3,68,3,-3,-2,2,1,2,2,2,2,2,1
8,1,"D",2479,0,50,7,4,41,1,0,0,0,0,0,0,0,0,0,0
8,2,"C",2968,0,50,7,3,41,1,0,0,0,0,0,0,0,0,0,0
8,3,"D",1508,0,50,7,4,41,1,0,0,0,0,0,0,0,0,0,0
8,4,"C",1501,0,50,7,3,41,1,0,0,0,0,0,0,0,0,0,0
8,5,"D",947,0,50,7,4,41,1,0,0,0,0,0,0,0,0,0,0
8,6,"C",1048,50,50,7,3,41,1,0,0,0,0,0,0,0,0,0,0
8,7,"D",1172,0,50,7,4,41,1,0,0,0,0,0,0,0,0,0,0
8,8,"A",1359,0,100,7,1,41,1,0,0,0,0,0,0,0,0,0,0
8,9,"A",1067,0,100,7,1,41,1,0,0,0,0,0,0,0,0,0,0
8,10,"B",1032,0,100,7,2,41,1,2,1,-2,2,2,2,1,1,1,1
8,11,"A",1389,150,100,7,1,41,1,0,0,0,0,0,0,0,0,0,0
8,12,"B",992,0,100,7,2,41,1,0,0,0,0,0,0,0,0,0,0
8,13,"D",959,0,50,7,4,41,1,0,0,0,0,0,0,0,0,0,0
8,14,"B",974,0,100,7,2,41,1,0,0,0,0,0,0,0,0,0,0
8,15,"C",1101,0,50,7,3,41,1,0,0,0,0,0,0,0,0,0,0
8,16,"B",987,0,100,7,2,41,1,0,0,0,0,0,0,0,0,0,0
8,17,"B",1105,0,100,7,2,41,1,0,0,0,0,0,0,0,0,0,0
8,18,"B",1046,0,100,7,2,41,1,0,0,0,0,0,0,0,0,0,0
8,19,"B",911,0,100,7,2,41,1,0,0,0,0,0,0,0,0,0,0
8,20,"B",997,0,100,7,2,41,1,-2,2,1,1,2,3,1,2,2,1
8,21,"D",1405,0,50,7,4,41,1,0,0,0,0,0,0,0,0,0,0
8,22,"B",902,1250,100,7,2,41,1,0,0,0,0,0,0,0,0,0,0
8,23,"A",923,0,100,7,1,41,1,0,0,0,0,0,0,0,0,0,0
8,24,"C",1068,50,50,7,3,41,1,0,0,0,0,0,0,0,0,0,0
8,25,"D",898,0,50,7,4,41,1,0,0,0,0,0,0,0,0,0,0
8,26,"A",1253,300,100,7,1,41,1,0,0,0,0,0,0,0,0,0,0
8,27,"D",779,0,50,7,4,41,1,0,0,0,0,0,0,0,0,0,0
8,28,"D",830,0,50,7,4,41,1,0,0,0,0,0,0,0,0,0,0
8,29,"D",1412,250,50,7,4,41,1,0,0,0,0,0,0,0,0,0,0
8,30,"C",1552,0,50,7,3,41,1,-3,-2,0,-2,2,2,1,2,1,1
8,31,"B",1307,0,100,7,2,41,1,0,0,0,0,0,0,0,0,0,0
8,32,"D",872,0,50,7,4,41,1,0,0,0,0,0,0,0,0,0,0
8,33,"B",1046,0,100,7,2,41,1,0,0,0,0,0,0,0,0,0,0
8,34,"B",1057,0,100,7,2,41,1,0,0,0,0,0,0,0,0,0,0
8,35,"A",1005,0,100,7,1,41,1,0,0,0,0,0,0,0,0,0,0
8,36,"A",1053,200,100,7,1,41,1,0,0,0,0,0,0,0,0,0,0
8,37,"B",904,0,100,7,2,41,1,0,0,0,0,0,0,0,0,0,0
8,38,"C",1054,50,50,7,3,41,1,0,0,0,0,0,0,0,0,0,0
8,39,"B",1060,1250,100,7,2,41,1,0,0,0,0,0,0,0,0,0,0
8,40,"D",871,0,50,7,4,41,1,-2,-3,1,1,1,2,1,1,1,1
8,41,"D",2450,0,50,7,4,41,1,0,0,0,0,0,0,0,0,0,0
8,42,"C",1078,0,50,7,3,41,1,0,0,0,0,0,0,0,0,0,0
8,43,"B",903,0,100,7,2,41,1,0,0,0,0,0,0,0,0,0,0
8,44,"A",1101,0,100,7,1,41,1,0,0,0,0,0,0,0,0,0,0
8,45,"B",946,0,100,7,2,41,1,0,0,0,0,0,0,0,0,0,0
8,46,"A",1419,250,100,7,1,41,1,0,0,0,0,0,0,0,0,0,0
8,47,"B",822,0,100,7,2,41,1,0,0,0,0,0,0,0,0,0,0
8,48,"B",1204,0,100,7,2,41,1,0,0,0,0,0,0,0,0,0,0
8,49,"B",1036,0,100,7,2,41,1,0,0,0,0,0,0,0,0,0,0
8,50,"B",1101,0,100,7,2,41,1,-2,2,0,1,2,2,1,1,2,1
8,51,"A",1689,350,100,7,1,41,1,0,0,0,0,0,0,0,0,0,0
8,52,"D",860,0,50,7,4,41,1,0,0,0,0,0,0,0,0,0,0
8,53,"B",960,1250,100,7,2,41,1,0,0,0,0,0,0,0,0,0,0
8,54,"C",1045,50,50,7,3,41,1,0,0,0,0,0,0,0,0,0,0
8,55,"D",819,0,50,7,4,41,1,0,0,0,0,0,0,0,0,0,0
8,56,"D",1398,0,50,7,4,41,1,0,0,0,0,0,0,0,0,0,0
8,57,"D",1471,0,50,7,4,41,1,0,0,0,0,0,0,0,0,0,0
8,58,"D",903,0,50,7,4,41,1,0,0,0,0,0,0,0,0,0,0
8,59,"B",1190,0,100,7,2,41,1,0,0,0,0,0,0,0,0,0,0
8,60,"B",1156,0,100,7,2,41,1,-2,-1,-1,1,2,3,1,1,2,1
8,61,"B",771,0,100,7,2,41,1,0,0,0,0,0,0,0,0,0,0
8,62,"B",926,0,100,7,2,41,1,0,0,0,0,0,0,0,0,0,0
8,63,"B",1534,0,100,7,2,41,1,0,0,0,0,0,0,0,0,0,0
8,64,"D",794,0,50,7,4,41,1,0,0,0,0,0,0,0,0,0,0
8,65,"B",842,0,100,7,2,41,1,0,0,0,0,0,0,0,0,0,0
8,66,"B",1243,0,100,7,2,41,1,0,0,0,0,0,0,0,0,0,0
8,67,"C",939,50,50,7,3,41,1,0,0,0,0,0,0,0,0,0,0
8,68,"D",1286,250,50,7,4,41,1,0,0,0,0,0,0,0,0,0,0
8,69,"B",927,0,100,7,2,41,1,0,0,0,0,0,0,0,0,0,0
8,70,"B",1149,0,100,7,2,41,1,-1,1,0,-2,1,3,1,3,1,1
8,71,"D",1899,0,50,7,4,41,1,0,0,0,0,0,0,0,0,0,0
8,72,"B",920,0,100,7,2,41,1,0,0,0,0,0,0,0,0,0,0
8,73,"A",895,0,100,7,1,41,1,0,0,0,0,0,0,0,0,0,0
8,74,"B",751,1250,100,7,2,41,1,0,0,0,0,0,0,0,0,0,0
8,75,"D",1340,0,50,7,4,41,1,0,0,0,0,0,0,0,0,0,0
8,76,"A",1394,350,100,7,1,41,1,0,0,0,0,0,0,0,0,0,0
8,77,"D",838,0,50,7,4,41,1,0,0,0,0,0,0,0,0,0,0
8,78,"C",847,0,50,7,3,41,1,0,0,0,0,0,0,0,0,0,0
8,79,"D",943,0,50,7,4,41,1,0,0,0,0,0,0,0,0,0,0
8,80,"D",1245,0,50,7,4,41,1,-2,-1,0,1,2,2,1,2,1,1
8,81,"D",1996,0,50,7,4,41,1,0,0,0,0,0,0,0,0,0,0
8,82,"D",1533,0,50,7,4,41,1,0,0,0,0,0,0,0,0,0,0
8,83,"B",857,0,100,7,2,41,1,0,0,0,0,0,0,0,0,0,0
8,84,"B",1278,0,100,7,2,41,1,0,0,0,0,0,0,0,0,0,0
8,85,"B",1028,0,100,7,2,41,1,0,0,0,0,0,0,0,0,0,0
8,86,"A",1576,0,100,7,1,41,1,0,0,0,0,0,0,0,0,0,0
8,87,"D",852,0,50,7,4,41,1,0,0,0,0,0,0,0,0,0,0
8,88,"B",1438,0,100,7,2,41,1,0,0,0,0,0,0,0,0,0,0
8,89,"B",1634,0,100,7,2,41,1,0,0,0,0,0,0,0,0,0,0
8,90,"A",2008,250,100,7,1,41,1,-2,0,0,1,1,3,0,1,1,1
8,91,"D",857,250,50,7,4,41,1,0,0,0,0,0,0,0,0,0,0
8,92,"B",736,0,100,7,2,41,1,0,0,0,0,0,0,0,0,0,0
8,93,"B",1194,0,100,7,2,41,1,0,0,0,0,0,0,0,0,0,0
8,94,"B",2024,0,100,7,2,41,1,0,0,0,0,0,0,0,0,0,0
8,95,"A",2407,200,100,7,1,41,1,0,0,0,0,0,0,0,0,0,0
8,96,"C",1083,25,50,7,3,41,1,0,0,0,0,0,0,0,0,0,0
8,97,"B",571,0,100,7,2,41,1,0,0,0,0,0,0,0,0,0,0
8,98,"B",1054,0,100,7,2,41,1,0,0,0,0,0,0,0,0,0,0
8,99,"B",1001,0,100,7,2,41,1,0,0,0,0,0,0,0,0,0,0
8,100,"B",1052,0,100,7,2,41,1,-2,1,0,-1,2,1,0,2,2,1
9,1,"C",1261,0,50,8,3,65,3,0,0,0,0,0,0,0,0,0,0
9,2,"D",2941,0,50,8,4,65,3,0,0,0,0,0,0,0,0,0,0
9,3,"C",3150,0,50,8,3,65,3,0,0,0,0,0,0,0,0,0,0
9,4,"A",1677,0,100,8,1,65,3,0,0,0,0,0,0,0,0,0,0
9,5,"B",1014,0,100,8,2,65,3,0,0,0,0,0,0,0,0,0,0
9,6,"A",2513,0,100,8,1,65,3,0,0,0,0,0,0,0,0,0,0
9,7,"B",1618,0,100,8,2,65,3,0,0,0,0,0,0,0,0,0,0
9,8,"C",768,50,50,8,3,65,3,0,0,0,0,0,0,0,0,0,0
9,9,"A",1451,150,100,8,1,65,3,0,0,0,0,0,0,0,0,0,0
9,10,"D",1967,0,50,8,4,65,3,0,0,0,3,2,-2,2,-2,0,1
9,11,"D",3332,0,50,8,4,65,3,0,0,0,0,0,0,0,0,0,0
9,12,"B",630,0,100,8,2,65,3,0,0,0,0,0,0,0,0,0,0
9,13,"B",540,0,100,8,2,65,3,0,0,0,0,0,0,0,0,0,0
9,14,"A",1046,0,100,8,1,65,3,0,0,0,0,0,0,0,0,0,0
9,15,"D",2775,0,50,8,4,65,3,0,0,0,0,0,0,0,0,0,0
9,16,"A",3497,300,100,8,1,65,3,0,0,0,0,0,0,0,0,0,0
9,17,"B",2172,0,100,8,2,65,3,0,0,0,0,0,0,0,0,0,0
9,18,"B",1744,0,100,8,2,65,3,0,0,0,0,0,0,0,0,0,0
9,19,"D",1015,0,50,8,4,65,3,0,0,0,0,0,0,0,0,0,0
9,20,"B",1130,0,100,8,2,65,3,-3,4,0,3,2,-1,0,-1,1,1
9,21,"C",1658,0,50,8,3,65,3,0,0,0,0,0,0,0,0,0,0
9,22,"A",1014,0,100,8,1,65,3,0,0,0,0,0,0,0,0,0,0
9,23,"C",761,50,50,8,3,65,3,0,0,0,0,0,0,0,0,0,0
9,24,"B",1042,0,100,8,2,65,3,0,0,0,0,0,0,0,0,0,0
9,25,"B",458,1250,100,8,2,65,3,0,0,0,0,0,0,0,0,0,0
9,26,"B",1048,0,100,8,2,65,3,0,0,0,0,0,0,0,0,0,0
9,27,"D",603,0,50,8,4,65,3,0,0,0,0,0,0,0,0,0,0
9,28,"A",1140,200,100,8,1,65,3,0,0,0,0,0,0,0,0,0,0
9,29,"C",886,0,50,8,3,65,3,0,0,0,0,0,0,0,0,0,0
9,30,"C",1090,50,50,8,3,65,3,-2,-4,2,0,1,3,-1,0,1,1
9,31,"C",1785,0,50,8,3,65,3,0,0,0,0,0,0,0,0,0,0
9,32,"D",463,0,50,8,4,65,3,0,0,0,0,0,0,0,0,0,0
9,33,"A",476,0,100,8,1,65,3,0,0,0,0,0,0,0,0,0,0
9,34,"B",469,0,100,8,2,65,3,0,0,0,0,0,0,0,0,0,0
9,35,"C",483,50,50,8,3,65,3,0,0,0,0,0,0,0,0,0,0
9,36,"C",468,50,50,8,3,65,3,0,0,0,0,0,0,0,0,0,0
9,37,"C",512,0,50,8,3,65,3,0,0,0,0,0,0,0,0,0,0
9,38,"D",1022,0,50,8,4,65,3,0,0,0,0,0,0,0,0,0,0
9,39,"B",581,0,100,8,2,65,3,0,0,0,0,0,0,0,0,0,0
9,40,"B",440,0,100,8,2,65,3,-2,-1,3,3,0,3,0,-2,0,1
9,41,"C",3188,25,50,8,3,65,3,0,0,0,0,0,0,0,0,0,0
9,42,"D",915,0,50,8,4,65,3,0,0,0,0,0,0,0,0,0,0
9,43,"A",2964,250,100,8,1,65,3,0,0,0,0,0,0,0,0,0,0
9,44,"A",541,350,100,8,1,65,3,0,0,0,0,0,0,0,0,0,0
9,45,"B",507,1250,100,8,2,65,3,0,0,0,0,0,0,0,0,0,0
9,46,"B",1169,0,100,8,2,65,3,0,0,0,0,0,0,0,0,0,0
9,47,"B",487,0,100,8,2,65,3,0,0,0,0,0,0,0,0,0,0
9,48,"B",438,0,100,8,2,65,3,0,0,0,0,0,0,0,0,0,0
9,49,"B",479,0,100,8,2,65,3,0,0,0,0,0,0,0,0,0,0
9,50,"D",415,250,50,8,4,65,3,-3,-3,3,-1,1,2,0,-2,1,1
9,51,"C",1655,75,50,8,3,65,3,0,0,0,0,0,0,0,0,0,0
9,52,"C",432,0,50,8,3,65,3,0,0,0,0,0,0,0,0,0,0
9,53,"D",1021,0,50,8,4,65,3,0,0,0,0,0,0,0,0,0,0
9,54,"D",502,0,50,8,4,65,3,0,0,0,0,0,0,0,0,0,0
9,55,"C",438,0,50,8,3,65,3,0,0,0,0,0,0,0,0,0,0
9,56,"A",487,0,100,8,1,65,3,0,0,0,0,0,0,0,0,0,0
9,57,"D",574,0,50,8,4,65,3,0,0,0,0,0,0,0,0,0,0
9,58,"C",569,0,50,8,3,65,3,0,0,0,0,0,0,0,0,0,0
9,59,"A",520,350,100,8,1,65,3,0,0,0,0,0,0,0,0,0,0
9,60,"A",456,0,100,8,1,65,3,-2,-4,2,4,1,2,2,-1,1,1
9,61,"C",1703,25,50,8,3,65,3,0,0,0,0,0,0,0,0,0,0
9,62,"D",550,0,50,8,4,65,3,0,0,0,0,0,0,0,0,0,0
9,63,"D",428,0,50,8,4,65,3,0,0,0,0,0,0,0,0,0,0
9,64,"D",441,0,50,8,4,65,3,0,0,0,0,0,0,0,0,0,0
9,65,"D",524,0,50,8,4,65,3,0,0,0,0,0,0,0,0,0,0
9,66,"D",620,0,50,8,4,65,3,0,0,0,0,0,0,0,0,0,0
9,67,"D",504,0,50,8,4,65,3,0,0,0,0,0,0,0,0,0,0
9,68,"D",478,250,50,8,4,65,3,0,0,0,0,0,0,0,0,0,0
9,69,"D",509,0,50,8,4,65,3,0,0,0,0,0,0,0,0,0,0
9,70,"D",446,0,50,8,4,65,3,0,0,0,0,0,0,0,3,1,1
9,71,"D",1606,0,50,8,4,65,3,0,0,0,0,0,0,0,0,0,0
9,72,"C",556,75,50,8,3,65,3,0,0,0,0,0,0,0,0,0,0
9,73,"C",606,0,50,8,3,65,3,0,0,0,0,0,0,0,0,0,0
9,74,"C",559,50,50,8,3,65,3,0,0,0,0,0,0,0,0,0,0
9,75,"A",560,250,100,8,1,65,3,0,0,0,0,0,0,0,0,0,0
9,76,"A",440,200,100,8,1,65,3,0,0,0,0,0,0,0,0,0,0
9,77,"A",504,0,100,8,1,65,3,0,0,0,0,0,0,0,0,0,0
9,78,"D",1158,0,50,8,4,65,3,0,0,0,0,0,0,0,0,0,0
9,79,"C",599,0,50,8,3,65,3,0,0,0,0,0,0,0,0,0,0
9,80,"C",687,0,50,8,3,65,3,-2,-2,2,1,-2,3,-2,3,1,1
9,81,"C",652,0,50,8,3,65,3,0,0,0,0,0,0,0,0,0,0
9,82,"C",655,50,50,8,3,65,3,0,0,0,0,0,0,0,0,0,0
9,83,"C",488,25,50,8,3,65,3,0,0,0,0,0,0,0,0,0,0
9,84,"D",538,0,50,8,4,65,3,0,0,0,0,0,0,0,0,0,0
9,85,"C",837,50,50,8,3,65,3,0,0,0,0,0,0,0,0,0,0
9,86,"C",606,0,50,8,3,65,3,0,0,0,0,0,0,0,0,0,0
9,87,"A",788,300,100,8,1,65,3,0,0,0,0,0,0,0,0,0,0
9,88,"D",2230,0,50,8,4,65,3,0,0,0,0,0,0,0,0,0,0
9,89,"C",597,0,50,8,3,65,3,0,0,0,0,0,0,0,0,0,0
9,90,"C",534,75,50,8,3,65,3,-2,-1,3,1,1,3,-1,3,2,1
9,91,"C",742,50,50,8,3,65,3,0,0,0,0,0,0,0,0,0,0
9,92,"C",475,0,50,8,3,65,3,0,0,0,0,0,0,0,0,0,0
9,93,"C",451,0,50,8,3,65,3,0,0,0,0,0,0,0,0,0,0
9,94,"C",471,0,50,8,3,65,3,0,0,0,0,0,0,0,0,0,0
9,95,"C",541,25,50,8,3,65,3,0,0,0,0,0,0,0,0,0,0
9,96,"C",567,25,50,8,3,65,3,0,0,0,0,0,0,0,0,0,0
9,97,"C",472,0,50,8,3,65,3,0,0,0,0,0,0,0,0,0,0
9,98,"C",1224,75,50,8,3,65,3,0,0,0,0,0,0,0,0,0,0
9,99,"C",569,0,50,8,3,65,3,0,0,0,0,0,0,0,0,0,0
9,100,"C",580,50,50,8,3,65,3,-2,-3,4,2,-2,0,1,-2,0,1
10,1,"A",4629,0,100,9,1,53,2,0,0,0,0,0,0,0,0,0,0
10,2,"C",3797,0,50,9,3,53,2,0,0,0,0,0,0,0,0,0,0
10,3,"C",2215,0,50,9,3,53,2,0,0,0,0,0,0,0,0,0,0
10,4,"A",3298,0,100,9,1,53,2,0,0,0,0,0,0,0,0,0,0
10,5,"B",1575,0,100,9,2,53,2,0,0,0,0,0,0,0,0,0,0
10,6,"C",1866,50,50,9,3,53,2,0,0,0,0,0,0,0,0,0,0
10,7,"D",1552,0,50,9,4,53,2,0,0,0,0,0,0,0,0,0,0
10,8,"A",3062,150,100,9,1,53,2,0,0,0,0,0,0,0,0,0,0
10,9,"B",2013,0,100,9,2,53,2,0,0,0,0,0,0,0,0,0,0
10,10,"C",1929,0,50,9,3,53,2,3,2,2,1,1,2,1,0,-2,1
10,11,"A",1501,0,100,9,1,53,2,0,0,0,0,0,0,0,0,0,0
10,12,"A",2942,300,100,9,1,53,2,0,0,0,0,0,0,0,0,0,0
10,13,"B",924,0,100,9,2,53,2,0,0,0,0,0,0,0,0,0,0
10,14,"C",876,50,50,9,3,53,2,0,0,0,0,0,0,0,0,0,0
10,15,"B",896,0,100,9,2,53,2,0,0,0,0,0,0,0,0,0,0
10,16,"C",1218,0,50,9,3,53,2,0,0,0,0,0,0,0,0,0,0
10,17,"A",1150,0,100,9,1,53,2,0,0,0,0,0,0,0,0,0,0
10,18,"D",1260,0,50,9,4,53,2,0,0,0,0,0,0,0,0,0,0
10,19,"B",952,0,100,9,2,53,2,0,0,0,0,0,0,0,0,0,0
10,20,"A",1354,200,100,9,1,53,2,-2,2,2,2,1,1,1,1,-1,1
10,21,"C",3703,50,50,9,3,53,2,0,0,0,0,0,0,0,0,0,0
10,22,"B",838,0,100,9,2,53,2,0,0,0,0,0,0,0,0,0,0
10,23,"D",959,0,50,9,4,53,2,0,0,0,0,0,0,0,0,0,0
10,24,"C",3007,0,50,9,3,53,2,0,0,0,0,0,0,0,0,0,0
10,25,"B",1518,0,100,9,2,53,2,0,0,0,0,0,0,0,0,0,0
10,26,"A",935,0,100,9,1,53,2,0,0,0,0,0,0,0,0,0,0
10,27,"C",2801,50,50,9,3,53,2,0,0,0,0,0,0,0,0,0,0
10,28,"B",2019,0,100,9,2,53,2,0,0,0,0,0,0,0,0,0,0
10,29,"D",2135,0,50,9,4,53,2,0,0,0,0,0,0,0,0,0,0
10,30,"B",915,1250,100,9,2,53,2,-1,-2,0,2,1,1,0,1,-1,1
10,31,"A",2467,250,100,9,1,53,2,0,0,0,0,0,0,0,0,0,0
10,32,"C",1367,50,50,9,3,53,2,0,0,0,0,0,0,0,0,0,0
10,33,"D",656,0,50,9,4,53,2,0,0,0,0,0,0,0,0,0,0
10,34,"B",1452,0,100,9,2,53,2,0,0,0,0,0,0,0,0,0,0
10,35,"D",1161,0,50,9,4,53,2,0,0,0,0,0,0,0,0,0,0
10,36,"A",690,350,100,9,1,53,2,0,0,0,0,0,0,0,0,0,0
10,37,"B",1085,0,100,9,2,53,2,0,0,0,0,0,0,0,0,0,0
10,38,"D",1013,0,50,9,4,53,2,0,0,0,0,0,0,0,0,0,0
10,39,"D",760,0,50,9,4,53,2,0,0,0,0,0,0,0,0,0,0
10,40,"B",972,0,100,9,2,53,2,-2,2,0,2,1,1,-1,1,-1,1
10,41,"D",2265,0,50,9,4,53,2,0,0,0,0,0,0,0,0,0,0
10,42,"C",423,0,50,9,3,53,2,0,0,0,0,0,0,0,0,0,0
10,43,"B",1228,0,100,9,2,53,2,0,0,0,0,0,0,0,0,0,0
10,44,"C",1106,25,50,9,3,53,2,0,0,0,0,0,0,0,0,0,0
10,45,"D",929,250,50,9,4,53,2,0,0,0,0,0,0,0,0,0,0
10,46,"A",1379,0,100,9,1,53,2,0,0,0,0,0,0,0,0,0,0
10,47,"C",1889,75,50,9,3,53,2,0,0,0,0,0,0,0,0,0,0
10,48,"B",813,1250,100,9,2,53,2,0,0,0,0,0,0,0,0,0,0
10,49,"A",681,350,100,9,1,53,2,0,0,0,0,0,0,0,0,0,0
10,50,"C",1072,0,50,9,3,53,2,-1,-2,2,1,0,1,1,0,0,1
10,51,"C",2398,0,50,9,3,53,2,0,0,0,0,0,0,0,0,0,0
10,52,"A",882,0,100,9,1,53,2,0,0,0,0,0,0,0,0,0,0
10,53,"A",2984,250,100,9,1,53,2,0,0,0,0,0,0,0,0,0,0
10,54,"D",1590,0,50,9,4,53,2,0,0,0,0,0,0,0,0,0,0
10,55,"C",756,0,50,9,3,53,2,0,0,0,0,0,0,0,0,0,0
10,56,"A",1813,200,100,9,1,53,2,0,0,0,0,0,0,0,0,0,0
10,57,"C",548,25,50,9,3,53,2,0,0,0,0,0,0,0,0,0,0
10,58,"B",841,0,100,9,2,53,2,0,0,0,0,0,0,0,0,0,0
10,59,"C",673,75,50,9,3,53,2,0,0,0,0,0,0,0,0,0,0
10,60,"D",2447,0,50,9,4,53,2,-2,1,0,2,1,1,0,1,-1,1
10,61,"C",2723,0,50,9,3,53,2,0,0,0,0,0,0,0,0,0,0
10,62,"D",844,0,50,9,4,53,2,0,0,0,0,0,0,0,0,0,0
10,63,"C",1194,50,50,9,3,53,2,0,0,0,0,0,0,0,0,0,0
10,64,"B",976,0,100,9,2,53,2,0,0,0,0,0,0,0,0,0,0
10,65,"D",844,0,50,9,4,53,2,0,0,0,0,0,0,0,0,0,0
10,66,"C",1787,0,50,9,3,53,2,0,0,0,0,0,0,0,0,0,0
10,67,"B",1146,0,100,9,2,53,2,0,0,0,0,0,0,0,0,0,0
10,68,"A",632,0,100,9,1,53,2,0,0,0,0,0,0,0,0,0,0
10,69,"D",758,0,50,9,4,53,2,0,0,0,0,0,0,0,0,0,0
10,70,"C",758,0,50,9,3,53,2,2,1,1,2,1,1,1,1,-1,1
10,71,"A",1398,300,100,9,1,53,2,0,0,0,0,0,0,0,0,0,0
10,72,"B",866,0,100,9,2,53,2,0,0,0,0,0,0,0,0,0,0
10,73,"A",1504,150,100,9,1,53,2,0,0,0,0,0,0,0,0,0,0
10,74,"C",1030,0,50,9,3,53,2,0,0,0,0,0,0,0,0,0,0
10,75,"B",385,0,100,9,2,53,2,0,0,0,0,0,0,0,0,0,0
10,76,"D",721,0,50,9,4,53,2,0,0,0,0,0,0,0,0,0,0
10,77,"C",850,50,50,9,3,53,2,0,0,0,0,0,0,0,0,0,0
10,78,"C",696,25,50,9,3,53,2,0,0,0,0,0,0,0,0,0,0
10,79,"B",848,0,100,9,2,53,2,0,0,0,0,0,0,0,0,0,0
10,80,"C",1030,50,50,9,3,53,2,-1,2,2,1,0,1,1,0,-2,1
10,81,"A",1885,0,100,9,1,53,2,0,0,0,0,0,0,0,0,0,0
10,82,"B",989,1250,100,9,2,53,2,0,0,0,0,0,0,0,0,0,0
10,83,"C",1700,0,50,9,3,53,2,0,0,0,0,0,0,0,0,0,0
10,84,"A",671,0,100,9,1,53,2,0,0,0,0,0,0,0,0,0,0
10,85,"D",744,0,50,9,4,53,2,0,0,0,0,0,0,0,0,0,0
10,86,"C",944,0,50,9,3,53,2,0,0,0,0,0,0,0,0,0,0
10,87,"C",1294,75,50,9,3,53,2,0,0,0,0,0,0,0,0,0,0
10,88,"D",2441,0,50,9,4,53,2,0,0,0,0,0,0,0,0,0,0
10,89,"A",627,0,100,9,1,53,2,0,0,0,0,0,0,0,0,0,0
10,90,"C",722,50,50,9,3,53,2,2,-2,1,1,1,1,1,1,-1,1
10,91,"A",1835,300,100,9,1,53,2,0,0,0,0,0,0,0,0,0,0
10,92,"B",954,0,100,9,2,53,2,0,0,0,0,0,0,0,0,0,0
10,93,"C",1472,0,50,9,3,53,2,0,0,0,0,0,0,0,0,0,0
10,94,"B",1270,0,100,9,2,53,2,0,0,0,0,0,0,0,0,0,0
10,95,"D",868,0,50,9,4,53,2,0,0,0,0,0,0,0,0,0,0
10,96,"C",1017,0,50,9,3,53,2,0,0,0,0,0,0,0,0,0,0
10,97,"B",909,0,100,9,2,53,2,0,0,0,0,0,0,0,0,0,0
10,98,"D",1467,250,50,9,4,53,2,0,0,0,0,0,0,0,0,0,0
10,99,"C",1105,0,50,9,3,53,2,0,0,0,0,0,0,0,0,0,0
10,100,"A",1991,0,100,9,1,53,2,2,1,2,-1,1,1,1,2,-1,1
11,1,"B",1665,0,100,10,2,45,1,0,0,0,0,0,0,0,0,0,0
11,2,"B",1636,0,100,10,2,45,1,0,0,0,0,0,0,0,0,0,0
11,3,"B",4468,0,100,10,2,45,1,0,0,0,0,0,0,0,0,0,0
11,4,"B",868,0,100,10,2,45,1,0,0,0,0,0,0,0,0,0,0
11,5,"B",1058,0,100,10,2,45,1,0,0,0,0,0,0,0,0,0,0
11,6,"A",493,0,100,10,1,45,1,0,0,0,0,0,0,0,0,0,0
11,7,"A",1544,0,100,10,1,45,1,0,0,0,0,0,0,0,0,0,0
11,8,"B",1030,0,100,10,2,45,1,0,0,0,0,0,0,0,0,0,0
11,9,"A",1004,150,100,10,1,45,1,0,0,0,0,0,0,0,0,0,0
11,10,"B",957,0,100,10,2,45,1,-1,3,0,0,0,2,-4,-4,-3,1
11,11,"C",1852,0,50,10,3,45,1,0,0,0,0,0,0,0,0,0,0
11,12,"B",1202,0,100,10,2,45,1,0,0,0,0,0,0,0,0,0,0
11,13,"A",1786,0,100,10,1,45,1,0,0,0,0,0,0,0,0,0,0
11,14,"D",1241,0,50,10,4,45,1,0,0,0,0,0,0,0,0,0,0
11,15,"B",1028,1250,100,10,2,45,1,0,0,0,0,0,0,0,0,0,0
11,16,"A",1186,300,100,10,1,45,1,0,0,0,0,0,0,0,0,0,0
11,17,"C",1464,0,50,10,3,45,1,0,0,0,0,0,0,0,0,0,0
11,18,"C",1214,50,50,10,3,45,1,0,0,0,0,0,0,0,0,0,0
11,19,"D",1761,0,50,10,4,45,1,0,0,0,0,0,0,0,0,0,0
11,20,"B",1173,0,100,10,2,45,1,-2,0,1,1,1,1,-1,-3,-3,1
11,21,"B",1762,0,100,10,2,45,1,0,0,0,0,0,0,0,0,0,0
11,22,"B",1480,0,100,10,2,45,1,0,0,0,0,0,0,0,0,0,0
11,23,"B",928,0,100,10,2,45,1,0,0,0,0,0,0,0,0,0,0
11,24,"B",945,1250,100,10,2,45,1,0,0,0,0,0,0,0,0,0,0
11,25,"A",1383,0,100,10,1,45,1,0,0,0,0,0,0,0,0,0,0
11,26,"A",1205,200,100,10,1,45,1,0,0,0,0,0,0,0,0,0,0
11,27,"C",1141,0,50,10,3,45,1,0,0,0,0,0,0,0,0,0,0
11,28,"C",1048,50,50,10,3,45,1,0,0,0,0,0,0,0,0,0,0
11,29,"C",932,0,50,10,3,45,1,0,0,0,0,0,0,0,0,0,0
11,30,"D",1522,0,50,10,4,45,1,-2,-2,1,1,-1,2,-2,-1,-3,1
11,31,"C",1951,50,50,10,3,45,1,0,0,0,0,0,0,0,0,0,0
11,32,"D",1269,0,50,10,4,45,1,0,0,0,0,0,0,0,0,0,0
11,33,"A",1074,0,100,10,1,45,1,0,0,0,0,0,0,0,0,0,0
11,34,"B",1320,0,100,10,2,45,1,0,0,0,0,0,0,0,0,0,0
11,35,"A",785,250,100,10,1,45,1,0,0,0,0,0,0,0,0,0,0
11,36,"D",775,0,50,10,4,45,1,0,0,0,0,0,0,0,0,0,0
11,37,"D",907,0,50,10,4,45,1,0,0,0,0,0,0,0,0,0,0
11,38,"D",1024,0,50,10,4,45,1,0,0,0,0,0,0,0,0,0,0
11,39,"B",958,0,100,10,2,45,1,0,0,0,0,0,0,0,0,0,0
11,40,"B",895,0,100,10,2,45,1,-4,2,0,2,0,0,-2,-1,-2,1
11,41,"A",1677,350,100,10,1,45,1,0,0,0,0,0,0,0,0,0,0
11,42,"D",1089,0,50,10,4,45,1,0,0,0,0,0,0,0,0,0,0
11,43,"B",788,0,100,10,2,45,1,0,0,0,0,0,0,0,0,0,0
11,44,"C",1129,0,50,10,3,45,1,0,0,0,0,0,0,0,0,0,0
11,45,"B",988,0,100,10,2,45,1,0,0,0,0,0,0,0,0,0,0
11,46,"D",1403,0,50,10,4,45,1,0,0,0,0,0,0,0,0,0,0
11,47,"B",998,0,100,10,2,45,1,0,0,0,0,0,0,0,0,0,0
11,48,"B",1127,1250,100,10,2,45,1,0,0,0,0,0,0,0,0,0,0
11,49,"D",903,250,50,10,4,45,1,0,0,0,0,0,0,0,0,0,0
11,50,"A",941,0,100,10,1,45,1,1,-2,0,-1,0,2,-1,1,-2,1
11,51,"C",785,50,50,10,3,45,1,0,0,0,0,0,0,0,0,0,0
11,52,"B",777,0,100,10,2,45,1,0,0,0,0,0,0,0,0,0,0
11,53,"B",1260,0,100,10,2,45,1,0,0,0,0,0,0,0,0,0,0
11,54,"B",856,0,100,10,2,45,1,0,0,0,0,0,0,0,0,0,0
11,55,"B",891,0,100,10,2,45,1,0,0,0,0,0,0,0,0,0,0
11,56,"B",950,0,100,10,2,45,1,0,0,0,0,0,0,0,0,0,0
11,57,"B",971,0,100,10,2,45,1,0,0,0,0,0,0,0,0,0,0
11,58,"B",911,0,100,10,2,45,1,0,0,0,0,0,0,0,0,0,0
11,59,"B",684,0,100,10,2,45,1,0,0,0,0,0,0,0,0,0,0
11,60,"B",925,0,100,10,2,45,1,0,3,1,0,0,2,0,0,-2,1
11,61,"B",727,0,100,10,2,45,1,0,0,0,0,0,0,0,0,0,0
11,62,"B",796,1250,100,10,2,45,1,0,0,0,0,0,0,0,0,0,0
11,63,"B",812,0,100,10,2,45,1,0,0,0,0,0,0,0,0,0,0
11,64,"B",848,0,100,10,2,45,1,0,0,0,0,0,0,0,0,0,0
11,65,"B",896,0,100,10,2,45,1,0,0,0,0,0,0,0,0,0,0
11,66,"B",884,0,100,10,2,45,1,0,0,0,0,0,0,0,0,0,0
11,67,"B",703,0,100,10,2,45,1,0,0,0,0,0,0,0,0,0,0
11,68,"B",804,0,100,10,2,45,1,0,0,0,0,0,0,0,0,0,0
11,69,"D",1005,0,50,10,4,45,1,0,0,0,0,0,0,0,0,0,0
11,70,"D",822,0,50,10,4,45,1,0,1,-1,1,0,1,0,-2,-2,1
11,71,"D",978,0,50,10,4,45,1,0,0,0,0,0,0,0,0,0,0
11,72,"A",783,350,100,10,1,45,1,0,0,0,0,0,0,0,0,0,0
11,73,"C",981,50,50,10,3,45,1,0,0,0,0,0,0,0,0,0,0
11,74,"D",1252,0,50,10,4,45,1,0,0,0,0,0,0,0,0,0,0
11,75,"B",799,0,100,10,2,45,1,0,0,0,0,0,0,0,0,0,0
11,76,"B",863,0,100,10,2,45,1,0,0,0,0,0,0,0,0,0,0
11,77,"D",1141,0,50,10,4,45,1,0,0,0,0,0,0,0,0,0,0
11,78,"D",1192,0,50,10,4,45,1,0,0,0,0,0,0,0,0,0,0
11,79,"D",1118,0,50,10,4,45,1,0,0,0,0,0,0,0,0,0,0
11,80,"D",871,0,50,10,4,45,1,-2,-1,0,2,2,1,-1,0,-2,1
11,81,"D",1340,0,50,10,4,45,1,0,0,0,0,0,0,0,0,0,0
11,82,"D",818,250,50,10,4,45,1,0,0,0,0,0,0,0,0,0,0
11,83,"D",693,0,50,10,4,45,1,0,0,0,0,0,0,0,0,0,0
11,84,"D",808,0,50,10,4,45,1,0,0,0,0,0,0,0,0,0,0
11,85,"D",769,0,50,10,4,45,1,0,0,0,0,0,0,0,0,0,0
11,86,"D",828,0,50,10,4,45,1,0,0,0,0,0,0,0,0,0,0
11,87,"D",789,0,50,10,4,45,1,0,0,0,0,0,0,0,0,0,0
11,88,"D",602,0,50,10,4,45,1,0,0,0,0,0,0,0,0,0,0
11,89,"D",946,0,50,10,4,45,1,0,0,0,0,0,0,0,0,0,0
11,90,"D",1000,0,50,10,4,45,1,-1,-1,0,2,-1,-2,0,0,-2,1
11,91,"D",923,250,50,10,4,45,1,0,0,0,0,0,0,0,0,0,0
11,92,"C",508,0,50,10,3,45,1,0,0,0,0,0,0,0,0,0,0
11,93,"C",930,25,50,10,3,45,1,0,0,0,0,0,0,0,0,0,0
11,94,"C",845,75,50,10,3,45,1,0,0,0,0,0,0,0,0,0,0
11,95,"B",917,0,100,10,2,45,1,0,0,0,0,0,0,0,0,0,0
11,96,"B",1246,0,100,10,2,45,1,0,0,0,0,0,0,0,0,0,0
11,97,"B",1543,0,100,10,2,45,1,0,0,0,0,0,0,0,0,0,0
11,98,"D",1269,0,50,10,4,45,1,0,0,0,0,0,0,0,0,0,0
11,99,"D",2146,0,50,10,4,45,1,0,0,0,0,0,0,0,0,0,0
11,100,"D",1073,0,50,10,4,45,1,0,2,-1,2,0,1,1,1,-2,1
12,1,"C",2154,0,50,11,3,50,2,0,0,0,0,0,0,0,0,0,0
12,2,"A",1489,0,100,11,1,50,2,0,0,0,0,0,0,0,0,0,0
12,3,"D",1204,0,50,11,4,50,2,0,0,0,0,0,0,0,0,0,0
12,4,"C",1413,0,50,11,3,50,2,0,0,0,0,0,0,0,0,0,0
12,5,"B",1392,0,100,11,2,50,2,0,0,0,0,0,0,0,0,0,0
12,6,"A",1606,0,100,11,1,50,2,0,0,0,0,0,0,0,0,0,0
12,7,"B",1095,0,100,11,2,50,2,0,0,0,0,0,0,0,0,0,0
12,8,"D",1211,0,50,11,4,50,2,0,0,0,0,0,0,0,0,0,0
12,9,"A",1336,150,100,11,1,50,2,0,0,0,0,0,0,0,0,0,0
12,10,"A",923,0,100,11,1,50,2,0,1,1,1,-1,0,0,-1,-1,1
12,11,"B",1701,0,100,11,2,50,2,0,0,0,0,0,0,0,0,0,0
12,12,"C",1046,50,50,11,3,50,2,0,0,0,0,0,0,0,0,0,0
12,13,"D",1129,0,50,11,4,50,2,0,0,0,0,0,0,0,0,0,0
12,14,"A",1364,300,100,11,1,50,2,0,0,0,0,0,0,0,0,0,0
12,15,"A",2420,0,100,11,1,50,2,0,0,0,0,0,0,0,0,0,0
12,16,"C",1643,0,50,11,3,50,2,0,0,0,0,0,0,0,0,0,0
12,17,"B",1196,0,100,11,2,50,2,0,0,0,0,0,0,0,0,0,0
12,18,"C",1245,50,50,11,3,50,2,0,0,0,0,0,0,0,0,0,0
12,19,"C",1413,0,50,11,3,50,2,0,0,0,0,0,0,0,0,0,0
12,20,"D",897,0,50,11,4,50,2,-1,2,2,1,0,-1,0,-1,-2,1
12,21,"D",941,0,50,11,4,50,2,0,0,0,0,0,0,0,0,0,0
12,22,"B",1060,0,100,11,2,50,2,0,0,0,0,0,0,0,0,0,0
12,23,"B",807,0,100,11,2,50,2,0,0,0,0,0,0,0,0,0,0
12,24,"C",1241,50,50,11,3,50,2,0,0,0,0,0,0,0,0,0,0
12,25,"D",1146,0,50,11,4,50,2,0,0,0,0,0,0,0,0,0,0
12,26,"A",1736,200,100,11,1,50,2,0,0,0,0,0,0,0,0,0,0
12,27,"A",1276,0,100,11,1,50,2,0,0,0,0,0,0,0,0,0,0
12,28,"B",1613,0,100,11,2,50,2,0,0,0,0,0,0,0,0,0,0
12,29,"D",1151,0,50,11,4,50,2,0,0,0,0,0,0,0,0,0,0
12,30,"B",942,0,100,11,2,50,2,2,1,1,0,1,-1,-1,0,-2,1
12,31,"A",1187,250,100,11,1,50,2,0,0,0,0,0,0,0,0,0,0
12,32,"A",1278,350,100,11,1,50,2,0,0,0,0,0,0,0,0,0,0
12,33,"A",2287,0,100,11,1,50,2,0,0,0,0,0,0,0,0,0,0
12,34,"D",1186,0,50,11,4,50,2,0,0,0,0,0,0,0,0,0,0
12,35,"C",1288,0,50,11,3,50,2,0,0,0,0,0,0,0,0,0,0
12,36,"B",1212,1250,100,11,2,50,2,0,0,0,0,0,0,0,0,0,0
12,37,"D",1591,0,50,11,4,50,2,0,0,0,0,0,0,0,0,0,0
12,38,"B",1173,0,100,11,2,50,2,0,0,0,0,0,0,0,0,0,0
12,39,"A",1584,350,100,11,1,50,2,0,0,0,0,0,0,0,0,0,0
12,40,"C",1726,50,50,11,3,50,2,-1,0,0,0,0,-1,0,0,-1,1
12,41,"D",1159,250,50,11,4,50,2,0,0,0,0,0,0,0,0,0,0
12,42,"C",1362,50,50,11,3,50,2,0,0,0,0,0,0,0,0,0,0
12,43,"A",1563,0,100,11,1,50,2,0,0,0,0,0,0,0,0,0,0
12,44,"D",1276,0,50,11,4,50,2,0,0,0,0,0,0,0,0,0,0
12,45,"C",1623,0,50,11,3,50,2,0,0,0,0,0,0,0,0,0,0
12,46,"B",2381,0,100,11,2,50,2,0,0,0,0,0,0,0,0,0,0
12,47,"C",1468,25,50,11,3,50,2,0,0,0,0,0,0,0,0,0,0
12,48,"D",2034,0,50,11,4,50,2,0,0,0,0,0,0,0,0,0,0
12,49,"A",1744,250,100,11,1,50,2,0,0,0,0,0,0,0,0,0,0
12,50,"B",1446,0,100,11,2,50,2,-2,0,1,0,0,-1,0,0,-2,1
12,51,"B",1453,0,100,11,2,50,2,0,0,0,0,0,0,0,0,0,0
12,52,"C",1712,75,50,11,3,50,2,0,0,0,0,0,0,0,0,0,0
12,53,"D",1727,0,50,11,4,50,2,0,0,0,0,0,0,0,0,0,0
12,54,"A",880,200,100,11,1,50,2,0,0,0,0,0,0,0,0,0,0
12,55,"D",1104,0,50,11,4,50,2,0,0,0,0,0,0,0,0,0,0
12,56,"C",920,0,50,11,3,50,2,0,0,0,0,0,0,0,0,0,0
12,57,"B",1193,1250,100,11,2,50,2,0,0,0,0,0,0,0,0,0,0
12,58,"D",1327,0,50,11,4,50,2,0,0,0,0,0,0,0,0,0,0
12,59,"C",1256,0,50,11,3,50,2,0,0,0,0,0,0,0,0,0,0
12,60,"B",1163,0,100,11,2,50,2,-2,0,0,1,1,-1,0,1,-1,1
12,61,"D",834,0,50,11,4,50,2,0,0,0,0,0,0,0,0,0,0
12,62,"B",1104,0,100,11,2,50,2,0,0,0,0,0,0,0,0,0,0
12,63,"C",1845,0,50,11,3,50,2,0,0,0,0,0,0,0,0,0,0
12,64,"D",1305,0,50,11,4,50,2,0,0,0,0,0,0,0,0,0,0
12,65,"B",2303,0,100,11,2,50,2,0,0,0,0,0,0,0,0,0,0
12,66,"D",1278,0,50,11,4,50,2,0,0,0,0,0,0,0,0,0,0
12,67,"C",1198,25,50,11,3,50,2,0,0,0,0,0,0,0,0,0,0
12,68,"D",858,0,50,11,4,50,2,0,0,0,0,0,0,0,0,0,0
12,69,"A",1381,0,100,11,1,50,2,0,0,0,0,0,0,0,0,0,0
12,70,"B",1120,0,100,11,2,50,2,-1,1,0,2,0,0,0,0,-2,1
12,71,"A",1405,300,100,11,1,50,2,0,0,0,0,0,0,0,0,0,0
12,72,"C",1395,75,50,11,3,50,2,0,0,0,0,0,0,0,0,0,0
12,73,"A",1164,150,100,11,1,50,2,0,0,0,0,0,0,0,0,0,0
12,74,"B",1060,0,100,11,2,50,2,0,0,0,0,0,0,0,0,0,0
12,75,"B",1266,0,100,11,2,50,2,0,0,0,0,0,0,0,0,0,0
12,76,"D",1169,250,50,11,4,50,2,0,0,0,0,0,0,0,0,0,0
12,77,"B",1316,1250,100,11,2,50,2,0,0,0,0,0,0,0,0,0,0
12,78,"D",1429,0,50,11,4,50,2,0,0,0,0,0,0,0,0,0,0
12,79,"A",1426,0,100,11,1,50,2,0,0,0,0,0,0,0,0,0,0
12,80,"C",1705,0,50,11,3,50,2,1,-1,0,0,1,1,0,0,-1,1
12,81,"D",1578,0,50,11,4,50,2,0,0,0,0,0,0,0,0,0,0
12,82,"B",947,0,100,11,2,50,2,0,0,0,0,0,0,0,0,0,0
12,83,"D",2105,0,50,11,4,50,2,0,0,0,0,0,0,0,0,0,0
12,84,"C",1183,50,50,11,3,50,2,0,0,0,0,0,0,0,0,0,0
12,85,"D",3165,0,50,11,4,50,2,0,0,0,0,0,0,0,0,0,0
12,86,"B",996,0,100,11,2,50,2,0,0,0,0,0,0,0,0,0,0
12,87,"D",1487,0,50,11,4,50,2,0,0,0,0,0,0,0,0,0,0
12,88,"B",2816,0,100,11,2,50,2,0,0,0,0,0,0,0,0,0,0
12,89,"B",1779,0,100,11,2,50,2,0,0,0,0,0,0,0,0,0,0
12,90,"D",2130,0,50,11,4,50,2,-1,2,0,3,0,0,0,1,-2,1
12,91,"A",1044,0,100,11,1,50,2,0,0,0,0,0,0,0,0,0,0
12,92,"B",2301,0,100,11,2,50,2,0,0,0,0,0,0,0,0,0,0
12,93,"D",1219,0,50,11,4,50,2,0,0,0,0,0,0,0,0,0,0
12,94,"A",1847,0,100,11,1,50,2,0,0,0,0,0,0,0,0,0,0
12,95,"B",2514,0,100,11,2,50,2,0,0,0,0,0,0,0,0,0,0
12,96,"D",1675,0,50,11,4,50,2,0,0,0,0,0,0,0,0,0,0
12,97,"A",1980,300,100,11,1,50,2,0,0,0,0,0,0,0,0,0,0
12,98,"B",2147,0,100,11,2,50,2,0,0,0,0,0,0,0,0,0,0
12,99,"D",1569,250,50,11,4,50,2,0,0,0,0,0,0,0,0,0,0
12,100,"C",2668,0,50,11,3,50,2,0,1,2,1,0,0,0,0,-1,1
13,1,"C",2506,0,50,12,3,61,3,0,0,0,0,0,0,0,0,0,0
13,2,"C",2089,0,50,12,3,61,3,0,0,0,0,0,0,0,0,0,0
13,3,"B",1699,0,100,12,2,61,3,0,0,0,0,0,0,0,0,0,0
13,4,"B",1079,0,100,12,2,61,3,0,0,0,0,0,0,0,0,0,0
13,5,"B",952,0,100,12,2,61,3,0,0,0,0,0,0,0,0,0,0
13,6,"B",918,0,100,12,2,61,3,0,0,0,0,0,0,0,0,0,0
13,7,"B",1359,0,100,12,2,61,3,0,0,0,0,0,0,0,0,0,0
13,8,"B",863,0,100,12,2,61,3,0,0,0,0,0,0,0,0,0,0
13,9,"B",1023,0,100,12,2,61,3,0,0,0,0,0,0,0,0,0,0
13,10,"B",997,0,100,12,2,61,3,3,3,-4,-3,4,4,1,1,-2,1
13,11,"D",2618,0,50,12,4,61,3,0,0,0,0,0,0,0,0,0,0
13,12,"A",779,0,100,12,1,61,3,0,0,0,0,0,0,0,0,0,0
13,13,"A",1006,0,100,12,1,61,3,0,0,0,0,0,0,0,0,0,0
13,14,"A",1710,150,100,12,1,61,3,0,0,0,0,0,0,0,0,0,0
13,15,"C",586,50,50,12,3,61,3,0,0,0,0,0,0,0,0,0,0
13,16,"D",826,0,50,12,4,61,3,0,0,0,0,0,0,0,0,0,0
13,17,"B",1456,1250,100,12,2,61,3,0,0,0,0,0,0,0,0,0,0
13,18,"D",883,0,50,12,4,61,3,0,0,0,0,0,0,0,0,0,0
13,19,"D",1092,0,50,12,4,61,3,0,0,0,0,0,0,0,0,0,0
13,20,"D",967,0,50,12,4,61,3,-3,-4,-3,3,1,1,1,3,0,1
13,21,"C",1274,0,50,12,3,61,3,0,0,0,0,0,0,0,0,0,0
13,22,"A",749,0,100,12,1,61,3,0,0,0,0,0,0,0,0,0,0
13,23,"C",1339,50,50,12,3,61,3,0,0,0,0,0,0,0,0,0,0
13,24,"A",1567,300,100,12,1,61,3,0,0,0,0,0,0,0,0,0,0
13,25,"D",1623,0,50,12,4,61,3,0,0,0,0,0,0,0,0,0,0
13,26,"D",1341,0,50,12,4,61,3,0,0,0,0,0,0,0,0,0,0
13,27,"D",1201,0,50,12,4,61,3,0,0,0,0,0,0,0,0,0,0
13,28,"D",1314,0,50,12,4,61,3,0,0,0,0,0,0,0,0,0,0
13,29,"D",1191,250,50,12,4,61,3,0,0,0,0,0,0,0,0,0,0
13,30,"C",2264,0,50,12,3,61,3,-3,0,-1,0,2,-1,1,-2,1,1
13,31,"B",2201,0,100,12,2,61,3,0,0,0,0,0,0,0,0,0,0
13,32,"B",1226,0,100,12,2,61,3,0,0,0,0,0,0,0,0,0,0
13,33,"B",1327,0,100,12,2,61,3,0,0,0,0,0,0,0,0,0,0
13,34,"C",1091,50,50,12,3,61,3,0,0,0,0,0,0,0,0,0,0
13,35,"B",1118,0,100,12,2,61,3,0,0,0,0,0,0,0,0,0,0
13,36,"B",1231,1250,100,12,2,61,3,0,0,0,0,0,0,0,0,0,0
13,37,"C",1189,0,50,12,3,61,3,0,0,0,0,0,0,0,0,0,0
13,38,"D",946,0,50,12,4,61,3,0,0,0,0,0,0,0,0,0,0
13,39,"C",584,50,50,12,3,61,3,0,0,0,0,0,0,0,0,0,0
13,40,"A",974,0,100,12,1,61,3,2,-4,2,2,1,4,1,1,2,1
13,41,"C",1413,50,50,12,3,61,3,0,0,0,0,0,0,0,0,0,0
13,42,"A",2089,200,100,12,1,61,3,0,0,0,0,0,0,0,0,0,0
13,43,"B",1085,0,100,12,2,61,3,0,0,0,0,0,0,0,0,0,0
13,44,"B",1228,0,100,12,2,61,3,0,0,0,0,0,0,0,0,0,0
13,45,"D",1077,0,50,12,4,61,3,0,0,0,0,0,0,0,0,0,0
13,46,"D",998,0,50,12,4,61,3,0,0,0,0,0,0,0,0,0,0
13,47,"C",1329,0,50,12,3,61,3,0,0,0,0,0,0,0,0,0,0
13,48,"C",1348,25,50,12,3,61,3,0,0,0,0,0,0,0,0,0,0
13,49,"D",962,0,50,12,4,61,3,0,0,0,0,0,0,0,0,0,0
13,50,"D",2123,0,50,12,4,61,3,0,-3,1,2,-1,1,1,2,4,1
13,51,"C",1812,75,50,12,3,61,3,0,0,0,0,0,0,0,0,0,0
13,52,"D",1187,0,50,12,4,61,3,0,0,0,0,0,0,0,0,0,0
13,53,"D",1569,0,50,12,4,61,3,0,0,0,0,0,0,0,0,0,0
13,54,"A",1332,0,100,12,1,61,3,0,0,0,0,0,0,0,0,0,0
13,55,"D",1879,0,50,12,4,61,3,0,0,0,0,0,0,0,0,0,0
13,56,"A",1230,250,100,12,1,61,3,0,0,0,0,0,0,0,0,0,0
13,57,"D",1852,0,50,12,4,61,3,0,0,0,0,0,0,0,0,0,0
13,58,"D",5167,250,50,12,4,61,3,0,0,0,0,0,0,0,0,0,0
13,59,"B",1142,0,100,12,2,61,3,0,0,0,0,0,0,0,0,0,0
13,60,"C",1557,0,50,12,3,61,3,0,0,1,-2,-2,-2,2,2,4,1
13,61,"C",2462,0,50,12,3,61,3,0,0,0,0,0,0,0,0,0,0
13,62,"B",2260,0,100,12,2,61,3,0,0,0,0,0,0,0,0,0,0
13,63,"D",1935,0,50,12,4,61,3,0,0,0,0,0,0,0,0,0,0
13,64,"A",1595,350,100,12,1,61,3,0,0,0,0,0,0,0,0,0,0
13,65,"C",1284,0,50,12,3,61,3,0,0,0,0,0,0,0,0,0,0
13,66,"D",1445,0,50,12,4,61,3,0,0,0,0,0,0,0,0,0,0
13,67,"C",2669,25,50,12,3,61,3,0,0,0,0,0,0,0,0,0,0
13,68,"B",1220,0,100,12,2,61,3,0,0,0,0,0,0,0,0,0,0
13,69,"C",3130,75,50,12,3,61,3,0,0,0,0,0,0,0,0,0,0
13,70,"D",1566,0,50,12,4,61,3,-3,1,0,0,3,1,-1,-1,2,1
13,71,"D",3653,0,50,12,4,61,3,0,0,0,0,0,0,0,0,0,0
13,72,"C",1282,0,50,12,3,61,3,0,0,0,0,0,0,0,0,0,0
13,73,"A",1018,0,100,12,1,61,3,0,0,0,0,0,0,0,0,0,0
13,74,"B",1013,0,100,12,2,61,3,0,0,0,0,0,0,0,0,0,0
13,75,"C",835,50,50,12,3,61,3,0,0,0,0,0,0,0,0,0,0
13,76,"D",996,0,50,12,4,61,3,0,0,0,0,0,0,0,0,0,0
13,77,"B",917,1250,100,12,2,61,3,0,0,0,0,0,0,0,0,0,0
13,78,"C",1028,0,50,12,3,61,3,0,0,0,0,0,0,0,0,0,0
13,79,"D",1130,0,50,12,4,61,3,0,0,0,0,0,0,0,0,0,0
13,80,"C",1105,0,50,12,3,61,3,2,-4,3,2,1,1,2,1,4,1
13,81,"B",8308,0,100,12,2,61,3,0,0,0,0,0,0,0,0,0,0
13,82,"A",1446,350,100,12,1,61,3,0,0,0,0,0,0,0,0,0,0
13,83,"B",3142,0,100,12,2,61,3,0,0,0,0,0,0,0,0,0,0
13,84,"D",2685,0,50,12,4,61,3,0,0,0,0,0,0,0,0,0,0
13,85,"D",3273,0,50,12,4,61,3,0,0,0,0,0,0,0,0,0,0
13,86,"C",3650,0,50,12,3,61,3,0,0,0,0,0,0,0,0,0,0
13,87,"D",2238,250,50,12,4,61,3,0,0,0,0,0,0,0,0,0,0
13,88,"C",1615,50,50,12,3,61,3,0,0,0,0,0,0,0,0,0,0
13,89,"B",2302,0,100,12,2,61,3,0,0,0,0,0,0,0,0,0,0
13,90,"A",3252,0,100,12,1,61,3,-4,-4,-4,-3,4,4,4,4,4,1
13,91,"D",1625,0,50,12,4,61,3,0,0,0,0,0,0,0,0,0,0
13,92,"C",1722,25,50,12,3,61,3,0,0,0,0,0,0,0,0,0,0
13,93,"A",2066,250,100,12,1,61,3,0,0,0,0,0,0,0,0,0,0
13,94,"B",1665,0,100,12,2,61,3,0,0,0,0,0,0,0,0,0,0
13,95,"C",1962,50,50,12,3,61,3,0,0,0,0,0,0,0,0,0,0
13,96,"D",1483,0,50,12,4,61,3,0,0,0,0,0,0,0,0,0,0
13,97,"C",1043,0,50,12,3,61,3,0,0,0,0,0,0,0,0,0,0
13,98,"D",1852,0,50,12,4,61,3,0,0,0,0,0,0,0,0,0,0
13,99,"D",1840,0,50,12,4,61,3,0,0,0,0,0,0,0,0,0,0
13,100,"C",1022,0,50,12,3,61,3,-2,0,0,0,2,-3,-4,-4,3,1
14,1,"A",2195,0,100,13,1,61,3,0,0,0,0,0,0,0,0,0,0
14,2,"C",6553,0,50,13,3,61,3,0,0,0,0,0,0,0,0,0,0
14,3,"A",772,0,100,13,1,61,3,0,0,0,0,0,0,0,0,0,0
14,4,"C",2831,0,50,13,3,61,3,0,0,0,0,0,0,0,0,0,0
14,5,"A",3505,150,100,13,1,61,3,0,0,0,0,0,0,0,0,0,0
14,6,"B",1759,0,100,13,2,61,3,0,0,0,0,0,0,0,0,0,0
14,7,"C",4528,50,50,13,3,61,3,0,0,0,0,0,0,0,0,0,0
14,8,"D",5096,0,50,13,4,61,3,0,0,0,0,0,0,0,0,0,0
14,9,"A",5420,0,100,13,1,61,3,0,0,0,0,0,0,0,0,0,0
14,10,"B",5228,0,100,13,2,61,3,2,2,2,2,2,3,3,3,-1,1
14,11,"B",5151,0,100,13,2,61,3,0,0,0,0,0,0,0,0,0,0
14,12,"C",3050,0,50,13,3,61,3,0,0,0,0,0,0,0,0,0,0
14,13,"D",8765,0,50,13,4,61,3,0,0,0,0,0,0,0,0,0,0
14,14,"B",4548,0,100,13,2,61,3,0,0,0,0,0,0,0,0,0,0
14,15,"C",9846,50,50,13,3,61,3,0,0,0,0,0,0,0,0,0,0
14,16,"B",3996,0,100,13,2,61,3,0,0,0,0,0,0,0,0,0,0
14,17,"A",10086,300,100,13,1,61,3,0,0,0,0,0,0,0,0,0,0
14,18,"B",4605,0,100,13,2,61,3,0,0,0,0,0,0,0,0,0,0
14,19,"D",3399,0,50,13,4,61,3,0,0,0,0,0,0,0,0,0,0
14,20,"A",4400,0,100,13,1,61,3,2,2,-3,2,2,2,4,3,-1,1
14,21,"C",6064,0,50,13,3,61,3,0,0,0,0,0,0,0,0,0,0
14,22,"B",9264,0,100,13,2,61,3,0,0,0,0,0,0,0,0,0,0
14,23,"D",10561,0,50,13,4,61,3,0,0,0,0,0,0,0,0,0,0
14,24,"B",6997,0,100,13,2,61,3,0,0,0,0,0,0,0,0,0,0
14,25,"A",4128,200,100,13,1,61,3,0,0,0,0,0,0,0,0,0,0
14,26,"D",2485,0,50,13,4,61,3,0,0,0,0,0,0,0,0,0,0
14,27,"B",4462,1250,100,13,2,61,3,0,0,0,0,0,0,0,0,0,0
14,28,"D",4008,0,50,13,4,61,3,0,0,0,0,0,0,0,0,0,0
14,29,"C",11588,50,50,13,3,61,3,0,0,0,0,0,0,0,0,0,0
14,30,"D",5646,0,50,13,4,61,3,1,-1,0,2,2,2,-4,1,0,1
14,31,"C",6227,0,50,13,3,61,3,0,0,0,0,0,0,0,0,0,0
14,32,"A",10960,0,100,13,1,61,3,0,0,0,0,0,0,0,0,0,0
14,33,"C",12973,50,50,13,3,61,3,0,0,0,0,0,0,0,0,0,0
14,34,"D",6426,0,50,13,4,61,3,0,0,0,0,0,0,0,0,0,0
14,35,"A",8266,250,100,13,1,61,3,0,0,0,0,0,0,0,0,0,0
14,36,"B",6883,0,100,13,2,61,3,0,0,0,0,0,0,0,0,0,0
14,37,"D",5224,0,50,13,4,61,3,0,0,0,0,0,0,0,0,0,0
14,38,"C",5880,50,50,13,3,61,3,0,0,0,0,0,0,0,0,0,0
14,39,"B",2419,0,100,13,2,61,3,0,0,0,0,0,0,0,0,0,0
14,40,"D",1777,250,50,13,4,61,3,-3,0,0,0,4,-3,-3,-3,0,1
14,41,"B",4620,0,100,13,2,61,3,0,0,0,0,0,0,0,0,0,0
14,42,"D",6428,0,50,13,4,61,3,0,0,0,0,0,0,0,0,0,0
14,43,"B",1564,0,100,13,2,61,3,0,0,0,0,0,0,0,0,0,0
14,44,"D",2032,0,50,13,4,61,3,0,0,0,0,0,0,0,0,0,0
14,45,"C",5024,0,50,13,3,61,3,0,0,0,0,0,0,0,0,0,0
14,46,"D",4496,0,50,13,4,61,3,0,0,0,0,0,0,0,0,0,0
14,47,"B",4061,1250,100,13,2,61,3,0,0,0,0,0,0,0,0,0,0
14,48,"D",3739,0,50,13,4,61,3,0,0,0,0,0,0,0,0,0,0
14,49,"B",4875,0,100,13,2,61,3,0,0,0,0,0,0,0,0,0,0
14,50,"D",5989,0,50,13,4,61,3,0,-3,0,2,-3,4,-4,-1,0,1
14,51,"D",13250,0,50,13,4,61,3,0,0,0,0,0,0,0,0,0,0
14,52,"A",2394,350,100,13,1,61,3,0,0,0,0,0,0,0,0,0,0
14,53,"C",3339,25,50,13,3,61,3,0,0,0,0,0,0,0,0,0,0
14,54,"D",1024,0,50,13,4,61,3,0,0,0,0,0,0,0,0,0,0
14,55,"C",7741,75,50,13,3,61,3,0,0,0,0,0,0,0,0,0,0
14,56,"B",5454,0,100,13,2,61,3,0,0,0,0,0,0,0,0,0,0
14,57,"D",4507,0,50,13,4,61,3,0,0,0,0,0,0,0,0,0,0
14,58,"C",1445,0,50,13,3,61,3,0,0,0,0,0,0,0,0,0,0
14,59,"D",2339,0,50,13,4,61,3,0,0,0,0,0,0,0,0,0,0
14,60,"B",1471,0,100,13,2,61,3,0,1,2,2,-3,1,1,1,0,1
14,61,"B",2166,0,100,13,2,61,3,0,0,0,0,0,0,0,0,0,0
14,62,"D",1200,250,50,13,4,61,3,0,0,0,0,0,0,0,0,0,0
14,63,"C",2144,0,50,13,3,61,3,0,0,0,0,0,0,0,0,0,0
14,64,"D",1199,0,50,13,4,61,3,0,0,0,0,0,0,0,0,0,0
14,65,"C",7017,0,50,13,3,61,3,0,0,0,0,0,0,0,0,0,0
14,66,"D",7578,0,50,13,4,61,3,0,0,0,0,0,0,0,0,0,0
14,67,"B",987,0,100,13,2,61,3,0,0,0,0,0,0,0,0,0,0
14,68,"C",8416,25,50,13,3,61,3,0,0,0,0,0,0,0,0,0,0
14,69,"D",1241,0,50,13,4,61,3,0,0,0,0,0,0,0,0,0,0
14,70,"C",2453,75,50,13,3,61,3,-2,1,-2,1,2,1,-2,1,1,1
14,71,"A",7700,0,100,13,1,61,3,0,0,0,0,0,0,0,0,0,0
14,72,"D",6420,0,50,13,4,61,3,0,0,0,0,0,0,0,0,0,0
14,73,"C",7956,0,50,13,3,61,3,0,0,0,0,0,0,0,0,0,0
14,74,"C",2656,50,50,13,3,61,3,0,0,0,0,0,0,0,0,0,0
14,75,"D",3803,0,50,13,4,61,3,0,0,0,0,0,0,0,0,0,0
14,76,"B",1928,0,100,13,2,61,3,0,0,0,0,0,0,0,0,0,0
14,77,"D",7516,0,50,13,4,61,3,0,0,0,0,0,0,0,0,0,0
14,78,"C",9014,0,50,13,3,61,3,0,0,0,0,0,0,0,0,0,0
14,79,"D",7968,0,50,13,4,61,3,0,0,0,0,0,0,0,0,0,0
14,80,"D",11630,0,50,13,4,61,3,-1,0,0,2,1,-3,-4,3,0,1
14,81,"A",10492,350,100,13,1,61,3,0,0,0,0,0,0,0,0,0,0
14,82,"D",2931,250,50,13,4,61,3,0,0,0,0,0,0,0,0,0,0
14,83,"B",4103,1250,100,13,2,61,3,0,0,0,0,0,0,0,0,0,0
14,84,"C",5758,0,50,13,3,61,3,0,0,0,0,0,0,0,0,0,0
14,85,"D",1537,0,50,13,4,61,3,0,0,0,0,0,0,0,0,0,0
14,86,"B",3740,0,100,13,2,61,3,0,0,0,0,0,0,0,0,0,0
14,87,"C",4308,0,50,13,3,61,3,0,0,0,0,0,0,0,0,0,0
14,88,"D",4485,0,50,13,4,61,3,0,0,0,0,0,0,0,0,0,0
14,89,"C",8330,50,50,13,3,61,3,0,0,0,0,0,0,0,0,0,0
14,90,"A",5008,0,100,13,1,61,3,1,-1,0,3,1,-3,-3,2,1,1
14,91,"C",4121,25,50,13,3,61,3,0,0,0,0,0,0,0,0,0,0
14,92,"D",960,0,50,13,4,61,3,0,0,0,0,0,0,0,0,0,0
14,93,"B",2384,0,100,13,2,61,3,0,0,0,0,0,0,0,0,0,0
14,94,"D",9143,0,50,13,4,61,3,0,0,0,0,0,0,0,0,0,0
14,95,"B",7623,0,100,13,2,61,3,0,0,0,0,0,0,0,0,0,0
14,96,"A",5736,250,100,13,1,61,3,0,0,0,0,0,0,0,0,0,0
14,97,"D",1446,0,50,13,4,61,3,0,0,0,0,0,0,0,0,0,0
14,98,"C",2303,50,50,13,3,61,3,0,0,0,0,0,0,0,0,0,0
14,99,"B",3407,0,100,13,2,61,3,0,0,0,0,0,0,0,0,0,0
14,100,"D",3619,250,50,13,4,61,3,-3,0,0,0,3,-3,-3,-3,0,1
15,1,"D",2457,0,50,14,4,54,2,0,0,0,0,0,0,0,0,0,0
15,2,"C",1389,0,50,14,3,54,2,0,0,0,0,0,0,0,0,0,0
15,3,"B",1194,0,100,14,2,54,2,0,0,0,0,0,0,0,0,0,0
15,4,"D",4008,0,50,14,4,54,2,0,0,0,0,0,0,0,0,0,0
15,5,"B",717,0,100,14,2,54,2,0,0,0,0,0,0,0,0,0,0
15,6,"B",757,0,100,14,2,54,2,0,0,0,0,0,0,0,0,0,0
15,7,"B",493,0,100,14,2,54,2,0,0,0,0,0,0,0,0,0,0
15,8,"B",7784,0,100,14,2,54,2,0,0,0,0,0,0,0,0,0,0
15,9,"B",671,0,100,14,2,54,2,0,0,0,0,0,0,0,0,0,0
15,10,"A",4497,0,100,14,1,54,2,3,3,3,3,2,2,1,1,-1,1
15,11,"B",4258,0,100,14,2,54,2,0,0,0,0,0,0,0,0,0,0
15,12,"A",442,0,100,14,1,54,2,0,0,0,0,0,0,0,0,0,0
15,13,"C",762,0,50,14,3,54,2,0,0,0,0,0,0,0,0,0,0
15,14,"D",3227,0,50,14,4,54,2,0,0,0,0,0,0,0,0,0,0
15,15,"B",441,0,100,14,2,54,2,0,0,0,0,0,0,0,0,0,0
15,16,"B",554,1250,100,14,2,54,2,0,0,0,0,0,0,0,0,0,0
15,17,"A",802,150,100,14,1,54,2,0,0,0,0,0,0,0,0,0,0
15,18,"A",590,0,100,14,1,54,2,0,0,0,0,0,0,0,0,0,0
15,19,"C",548,50,50,14,3,54,2,0,0,0,0,0,0,0,0,0,0
15,20,"D",584,0,50,14,4,54,2,-2,-3,-1,1,2,4,2,1,2,1
15,21,"A",4286,300,100,14,1,54,2,0,0,0,0,0,0,0,0,0,0
15,22,"D",722,0,50,14,4,54,2,0,0,0,0,0,0,0,0,0,0
15,23,"B",1326,0,100,14,2,54,2,0,0,0,0,0,0,0,0,0,0
15,24,"A",682,0,100,14,1,54,2,0,0,0,0,0,0,0,0,0,0
15,25,"D",1257,0,50,14,4,54,2,0,0,0,0,0,0,0,0,0,0
15,26,"C",701,0,50,14,3,54,2,0,0,0,0,0,0,0,0,0,0
15,27,"B",1915,0,100,14,2,54,2,0,0,0,0,0,0,0,0,0,0
15,28,"A",684,200,100,14,1,54,2,0,0,0,0,0,0,0,0,0,0
15,29,"D",2868,0,50,14,4,54,2,0,0,0,0,0,0,0,0,0,0
15,30,"C",794,50,50,14,3,54,2,-2,-1,-1,2,1,1,1,1,-1,1
15,31,"D",1735,0,50,14,4,54,2,0,0,0,0,0,0,0,0,0,0
15,32,"A",664,0,100,14,1,54,2,0,0,0,0,0,0,0,0,0,0
15,33,"B",2609,0,100,14,2,54,2,0,0,0,0,0,0,0,0,0,0
15,34,"A",1628,250,100,14,1,54,2,0,0,0,0,0,0,0,0,0,0
15,35,"D",1434,0,50,14,4,54,2,0,0,0,0,0,0,0,0,0,0
15,36,"B",776,0,100,14,2,54,2,0,0,0,0,0,0,0,0,0,0
15,37,"C",1966,0,50,14,3,54,2,0,0,0,0,0,0,0,0,0,0
15,38,"A",1978,350,100,14,1,54,2,0,0,0,0,0,0,0,0,0,0
15,39,"D",733,250,50,14,4,54,2,0,0,0,0,0,0,0,0,0,0
15,40,"C",656,50,50,14,3,54,2,-2,-2,-1,-3,1,1,1,2,2,1
15,41,"C",3636,0,50,14,3,54,2,0,0,0,0,0,0,0,0,0,0
15,42,"B",2032,1250,100,14,2,54,2,0,0,0,0,0,0,0,0,0,0
15,43,"D",1569,0,50,14,4,54,2,0,0,0,0,0,0,0,0,0,0
15,44,"A",2268,0,100,14,1,54,2,0,0,0,0,0,0,0,0,0,0
15,45,"C",651,50,50,14,3,54,2,0,0,0,0,0,0,0,0,0,0
15,46,"A",1233,350,100,14,1,54,2,0,0,0,0,0,0,0,0,0,0
15,47,"D",634,0,50,14,4,54,2,0,0,0,0,0,0,0,0,0,0
15,48,"D",863,0,50,14,4,54,2,0,0,0,0,0,0,0,0,0,0
15,49,"D",1029,0,50,14,4,54,2,0,0,0,0,0,0,0,0,0,0
15,50,"D",883,0,50,14,4,54,2,-3,-4,-1,2,3,4,1,1,3,1
15,51,"D",851,0,50,14,4,54,2,0,0,0,0,0,0,0,0,0,0
15,52,"C",679,50,50,14,3,54,2,0,0,0,0,0,0,0,0,0,0
15,53,"A",1159,0,100,14,1,54,2,0,0,0,0,0,0,0,0,0,0
15,54,"A",679,250,100,14,1,54,2,0,0,0,0,0,0,0,0,0,0
15,55,"B",552,0,100,14,2,54,2,0,0,0,0,0,0,0,0,0,0
15,56,"C",731,0,50,14,3,54,2,0,0,0,0,0,0,0,0,0,0
15,57,"D",705,0,50,14,4,54,2,0,0,0,0,0,0,0,0,0,0
15,58,"D",935,0,50,14,4,54,2,0,0,0,0,0,0,0,0,0,0
15,59,"D",601,0,50,14,4,54,2,0,0,0,0,0,0,0,0,0,0
15,60,"D",898,250,50,14,4,54,2,-1,-2,-1,-4,2,2,2,3,3,1
15,61,"D",2543,0,50,14,4,54,2,0,0,0,0,0,0,0,0,0,0
15,62,"C",7062,25,50,14,3,54,2,0,0,0,0,0,0,0,0,0,0
15,63,"A",4033,200,100,14,1,54,2,0,0,0,0,0,0,0,0,0,0
15,64,"D",466,0,50,14,4,54,2,0,0,0,0,0,0,0,0,0,0
15,65,"D",960,0,50,14,4,54,2,0,0,0,0,0,0,0,0,0,0
15,66,"B",481,0,100,14,2,54,2,0,0,0,0,0,0,0,0,0,0
15,67,"C",1001,75,50,14,3,54,2,0,0,0,0,0,0,0,0,0,0
15,68,"A",562,0,100,14,1,54,2,0,0,0,0,0,0,0,0,0,0
15,69,"D",2521,0,50,14,4,54,2,0,0,0,0,0,0,0,0,0,0
15,70,"B",5563,0,100,14,2,54,2,-2,2,-2,1,1,1,1,1,1,1
15,71,"A",1558,300,100,14,1,54,2,0,0,0,0,0,0,0,0,0,0
15,72,"D",508,0,50,14,4,54,2,0,0,0,0,0,0,0,0,0,0
15,73,"D",609,0,50,14,4,54,2,0,0,0,0,0,0,0,0,0,0
15,74,"B",2148,0,100,14,2,54,2,0,0,0,0,0,0,0,0,0,0
15,75,"C",851,0,50,14,3,54,2,0,0,0,0,0,0,0,0,0,0
15,76,"A",566,150,100,14,1,54,2,0,0,0,0,0,0,0,0,0,0
15,77,"D",380,0,50,14,4,54,2,0,0,0,0,0,0,0,0,0,0
15,78,"B",756,0,100,14,2,54,2,0,0,0,0,0,0,0,0,0,0
15,79,"B",772,0,100,14,2,54,2,0,0,0,0,0,0,0,0,0,0
15,80,"B",872,1250,100,14,2,54,2,-4,-4,2,3,2,3,1,1,1,1
15,81,"C",2331,0,50,14,3,54,2,0,0,0,0,0,0,0,0,0,0
15,82,"B",593,0,100,14,2,54,2,0,0,0,0,0,0,0,0,0,0
15,83,"B",554,0,100,14,2,54,2,0,0,0,0,0,0,0,0,0,0
15,84,"D",598,0,50,14,4,54,2,0,0,0,0,0,0,0,0,0,0
15,85,"D",623,250,50,14,4,54,2,0,0,0,0,0,0,0,0,0,0
15,86,"C",557,0,50,14,3,54,2,0,0,0,0,0,0,0,0,0,0
15,87,"C",1358,25,50,14,3,54,2,0,0,0,0,0,0,0,0,0,0
15,88,"D",521,0,50,14,4,54,2,0,0,0,0,0,0,0,0,0,0
15,89,"D",2729,0,50,14,4,54,2,0,0,0,0,0,0,0,0,0,0
15,90,"C",8933,75,50,14,3,54,2,0,-4,0,-1,4,3,2,2,2,1
15,91,"D",2292,0,50,14,4,54,2,0,0,0,0,0,0,0,0,0,0
15,92,"B",493,0,100,14,2,54,2,0,0,0,0,0,0,0,0,0,0
15,93,"B",845,0,100,14,2,54,2,0,0,0,0,0,0,0,0,0,0
15,94,"D",654,0,50,14,4,54,2,0,0,0,0,0,0,0,0,0,0
15,95,"C",633,0,50,14,3,54,2,0,0,0,0,0,0,0,0,0,0
15,96,"C",1031,50,50,14,3,54,2,0,0,0,0,0,0,0,0,0,0
15,97,"A",895,0,100,14,1,54,2,0,0,0,0,0,0,0,0,0,0
15,98,"A",2965,0,100,14,1,54,2,0,0,0,0,0,0,0,0,0,0
15,99,"D",2974,0,50,14,4,54,2,0,0,0,0,0,0,0,0,0,0
15,100,"A",1829,0,100,14,1,54,2,2,1,2,1,4,4,2,4,3,1
16,1,"D",814,0,50,15,4,51,2,0,0,0,0,0,0,0,0,0,0
16,2,"C",1719,0,50,15,3,51,2,0,0,0,0,0,0,0,0,0,0
16,3,"B",1602,0,100,15,2,51,2,0,0,0,0,0,0,0,0,0,0
16,4,"A",1155,0,100,15,1,51,2,0,0,0,0,0,0,0,0,0,0
16,5,"B",891,0,100,15,2,51,2,0,0,0,0,0,0,0,0,0,0
16,6,"D",1750,0,50,15,4,51,2,0,0,0,0,0,0,0,0,0,0
16,7,"C",1005,0,50,15,3,51,2,0,0,0,0,0,0,0,0,0,0
16,8,"B",960,0,100,15,2,51,2,0,0,0,0,0,0,0,0,0,0
16,9,"A",1166,0,100,15,1,51,2,0,0,0,0,0,0,0,0,0,0
16,10,"D",670,0,50,15,4,51,2,3,2,3,1,2,2,3,1,1,1
16,11,"B",1718,0,100,15,2,51,2,0,0,0,0,0,0,0,0,0,0
16,12,"D",954,0,50,15,4,51,2,0,0,0,0,0,0,0,0,0,0
16,13,"C",1210,50,50,15,3,51,2,0,0,0,0,0,0,0,0,0,0
16,14,"A",654,150,100,15,1,51,2,0,0,0,0,0,0,0,0,0,0
16,15,"B",601,0,100,15,2,51,2,0,0,0,0,0,0,0,0,0,0
16,16,"B",617,0,100,15,2,51,2,0,0,0,0,0,0,0,0,0,0
16,17,"D",788,0,50,15,4,51,2,0,0,0,0,0,0,0,0,0,0
16,18,"B",645,0,100,15,2,51,2,0,0,0,0,0,0,0,0,0,0
16,19,"D",797,0,50,15,4,51,2,0,0,0,0,0,0,0,0,0,0
16,20,"C",829,0,50,15,3,51,2,-2,3,0,1,1,3,-2,-1,0,1
16,21,"A",3674,0,100,15,1,51,2,0,0,0,0,0,0,0,0,0,0
16,22,"B",822,0,100,15,2,51,2,0,0,0,0,0,0,0,0,0,0
16,23,"C",940,50,50,15,3,51,2,0,0,0,0,0,0,0,0,0,0
16,24,"D",824,0,50,15,4,51,2,0,0,0,0,0,0,0,0,0,0
16,25,"B",525,1250,100,15,2,51,2,0,0,0,0,0,0,0,0,0,0
16,26,"A",541,300,100,15,1,51,2,0,0,0,0,0,0,0,0,0,0
16,27,"D",499,0,50,15,4,51,2,0,0,0,0,0,0,0,0,0,0
16,28,"C",510,0,50,15,3,51,2,0,0,0,0,0,0,0,0,0,0
16,29,"D",596,0,50,15,4,51,2,0,0,0,0,0,0,0,0,0,0
16,30,"C",708,50,50,15,3,51,2,0,-2,1,1,-1,0,1,2,0,1
16,31,"B",2282,0,100,15,2,51,2,0,0,0,0,0,0,0,0,0,0
16,32,"D",752,250,50,15,4,51,2,0,0,0,0,0,0,0,0,0,0
16,33,"C",753,0,50,15,3,51,2,0,0,0,0,0,0,0,0,0,0
16,34,"A",593,0,100,15,1,51,2,0,0,0,0,0,0,0,0,0,0
16,35,"B",630,0,100,15,2,51,2,0,0,0,0,0,0,0,0,0,0
16,36,"C",772,50,50,15,3,51,2,0,0,0,0,0,0,0,0,0,0
16,37,"A",744,200,100,15,1,51,2,0,0,0,0,0,0,0,0,0,0
16,38,"B",624,0,100,15,2,51,2,0,0,0,0,0,0,0,0,0,0
16,39,"C",1070,50,50,15,3,51,2,0,0,0,0,0,0,0,0,0,0
16,40,"D",878,0,50,15,4,51,2,0,1,1,-2,-2,-1,-2,1,-1,1
16,41,"A",2676,0,100,15,1,51,2,0,0,0,0,0,0,0,0,0,0
16,42,"C",712,0,50,15,3,51,2,0,0,0,0,0,0,0,0,0,0
16,43,"D",624,0,50,15,4,51,2,0,0,0,0,0,0,0,0,0,0
16,44,"B",697,0,100,15,2,51,2,0,0,0,0,0,0,0,0,0,0
16,45,"A",587,250,100,15,1,51,2,0,0,0,0,0,0,0,0,0,0
16,46,"C",865,25,50,15,3,51,2,0,0,0,0,0,0,0,0,0,0
16,47,"D",751,0,50,15,4,51,2,0,0,0,0,0,0,0,0,0,0
16,48,"B",592,1250,100,15,2,51,2,0,0,0,0,0,0,0,0,0,0
16,49,"A",526,350,100,15,1,51,2,0,0,0,0,0,0,0,0,0,0
16,50,"C",576,75,50,15,3,51,2,0,-1,-1,-2,-2,1,1,-1,1,1
16,51,"B",2793,0,100,15,2,51,2,0,0,0,0,0,0,0,0,0,0
16,52,"D",646,0,50,15,4,51,2,0,0,0,0,0,0,0,0,0,0
16,53,"C",551,0,50,15,3,51,2,0,0,0,0,0,0,0,0,0,0
16,54,"A",797,0,100,15,1,51,2,0,0,0,0,0,0,0,0,0,0
16,55,"B",590,0,100,15,2,51,2,0,0,0,0,0,0,0,0,0,0
16,56,"D",529,0,50,15,4,51,2,0,0,0,0,0,0,0,0,0,0
16,57,"C",646,0,50,15,3,51,2,0,0,0,0,0,0,0,0,0,0
16,58,"A",1646,350,100,15,1,51,2,0,0,0,0,0,0,0,0,0,0
16,59,"B",535,0,100,15,2,51,2,0,0,0,0,0,0,0,0,0,0
16,60,"D",547,0,50,15,4,51,2,3,3,3,3,1,-2,2,1,-2,1
16,61,"B",1869,0,100,15,2,51,2,0,0,0,0,0,0,0,0,0,0
16,62,"D",596,0,50,15,4,51,2,0,0,0,0,0,0,0,0,0,0
16,63,"C",604,0,50,15,3,51,2,0,0,0,0,0,0,0,0,0,0
16,64,"A",509,0,100,15,1,51,2,0,0,0,0,0,0,0,0,0,0
16,65,"B",650,0,100,15,2,51,2,0,0,0,0,0,0,0,0,0,0
16,66,"D",597,0,50,15,4,51,2,0,0,0,0,0,0,0,0,0,0
16,67,"C",670,25,50,15,3,51,2,0,0,0,0,0,0,0,0,0,0
16,68,"A",644,250,100,15,1,51,2,0,0,0,0,0,0,0,0,0,0
16,69,"B",683,0,100,15,2,51,2,0,0,0,0,0,0,0,0,0,0
16,70,"D",1116,0,50,15,4,51,2,0,1,2,1,-2,-2,-1,-1,-1,1
16,71,"B",4676,1250,100,15,2,51,2,0,0,0,0,0,0,0,0,0,0
16,72,"A",750,200,100,15,1,51,2,0,0,0,0,0,0,0,0,0,0
16,73,"C",540,75,50,15,3,51,2,0,0,0,0,0,0,0,0,0,0
16,74,"D",568,250,50,15,4,51,2,0,0,0,0,0,0,0,0,0,0
16,75,"A",806,0,100,15,1,51,2,0,0,0,0,0,0,0,0,0,0
16,76,"C",6115,0,50,15,3,51,2,0,0,0,0,0,0,0,0,0,0
16,77,"D",1830,0,50,15,4,51,2,0,0,0,0,0,0,0,0,0,0
16,78,"B",2772,0,100,15,2,51,2,0,0,0,0,0,0,0,0,0,0
16,79,"A",624,300,100,15,1,51,2,0,0,0,0,0,0,0,0,0,0
16,80,"C",797,50,50,15,3,51,2,1,-1,0,3,-1,1,-2,2,0,1
16,81,"B",1434,0,100,15,2,51,2,0,0,0,0,0,0,0,0,0,0
16,82,"D",782,0,50,15,4,51,2,0,0,0,0,0,0,0,0,0,0
16,83,"D",548,0,50,15,4,51,2,0,0,0,0,0,0,0,0,0,0
16,84,"B",506,0,100,15,2,51,2,0,0,0,0,0,0,0,0,0,0
16,85,"B",618,0,100,15,2,51,2,0,0,0,0,0,0,0,0,0,0
16,86,"B",645,0,100,15,2,51,2,0,0,0,0,0,0,0,0,0,0
16,87,"B",741,0,100,15,2,51,2,0,0,0,0,0,0,0,0,0,0
16,88,"B",1033,0,100,15,2,51,2,0,0,0,0,0,0,0,0,0,0
16,89,"B",695,0,100,15,2,51,2,0,0,0,0,0,0,0,0,0,0
16,90,"B",605,0,100,15,2,51,2,0,4,0,0,-2,3,-2,-2,-1,1
16,91,"A",4144,150,100,15,1,51,2,0,0,0,0,0,0,0,0,0,0
16,92,"C",817,0,50,15,3,51,2,0,0,0,0,0,0,0,0,0,0
16,93,"D",556,0,50,15,4,51,2,0,0,0,0,0,0,0,0,0,0
16,94,"C",709,0,50,15,3,51,2,0,0,0,0,0,0,0,0,0,0
16,95,"D",691,0,50,15,4,51,2,0,0,0,0,0,0,0,0,0,0
16,96,"C",550,0,50,15,3,51,2,0,0,0,0,0,0,0,0,0,0
16,97,"D",568,0,50,15,4,51,2,0,0,0,0,0,0,0,0,0,0
16,98,"C",606,50,50,15,3,51,2,0,0,0,0,0,0,0,0,0,0
16,99,"D",591,0,50,15,4,51,2,0,0,0,0,0,0,0,0,0,0
16,100,"B",4045,0,100,15,2,51,2,0,0,2,3,-2,-3,1,-1,0,1
18,1,"C",3620,0,50,16,3,59,2,0,0,0,0,0,0,0,0,0,0
18,2,"A",6011,0,100,16,1,59,2,0,0,0,0,0,0,0,0,0,0
18,3,"B",4682,0,100,16,2,59,2,0,0,0,0,0,0,0,0,0,0
18,4,"C",2052,0,50,16,3,59,2,0,0,0,0,0,0,0,0,0,0
18,5,"A",1832,0,100,16,1,59,2,0,0,0,0,0,0,0,0,0,0
18,6,"A",1486,150,100,16,1,59,2,0,0,0,0,0,0,0,0,0,0
18,7,"D",1495,0,50,16,4,59,2,0,0,0,0,0,0,0,0,0,0
18,8,"C",1362,50,50,16,3,59,2,0,0,0,0,0,0,0,0,0,0
18,9,"A",1307,0,100,16,1,59,2,0,0,0,0,0,0,0,0,0,0
18,10,"B",2609,0,100,16,2,59,2,-2,0,1,0,0,0,2,0,0,1
18,11,"C",791,0,50,16,3,59,2,0,0,0,0,0,0,0,0,0,0
18,12,"A",1536,300,100,16,1,59,2,0,0,0,0,0,0,0,0,0,0
18,13,"A",684,0,100,16,1,59,2,0,0,0,0,0,0,0,0,0,0
18,14,"B",980,0,100,16,2,59,2,0,0,0,0,0,0,0,0,0,0
18,15,"D",1410,0,50,16,4,59,2,0,0,0,0,0,0,0,0,0,0
18,16,"A",1173,200,100,16,1,59,2,0,0,0,0,0,0,0,0,0,0
18,17,"B",897,0,100,16,2,59,2,0,0,0,0,0,0,0,0,0,0
18,18,"D",1300,0,50,16,4,59,2,0,0,0,0,0,0,0,0,0,0
18,19,"C",911,50,50,16,3,59,2,0,0,0,0,0,0,0,0,0,0
18,20,"D",818,0,50,16,4,59,2,-4,3,0,3,4,3,0,3,2,1
18,21,"C",1350,0,50,16,3,59,2,0,0,0,0,0,0,0,0,0,0
18,22,"B",1097,0,100,16,2,59,2,0,0,0,0,0,0,0,0,0,0
18,23,"D",844,0,50,16,4,59,2,0,0,0,0,0,0,0,0,0,0
18,24,"A",1581,0,100,16,1,59,2,0,0,0,0,0,0,0,0,0,0
18,25,"C",840,50,50,16,3,59,2,0,0,0,0,0,0,0,0,0,0
18,26,"D",1393,0,50,16,4,59,2,0,0,0,0,0,0,0,0,0,0
18,27,"B",1409,0,100,16,2,59,2,0,0,0,0,0,0,0,0,0,0
18,28,"C",1317,0,50,16,3,59,2,0,0,0,0,0,0,0,0,0,0
18,29,"B",957,0,100,16,2,59,2,0,0,0,0,0,0,0,0,0,0
18,30,"B",806,0,100,16,2,59,2,-4,4,3,1,0,4,3,1,2,1
18,31,"C",1118,50,50,16,3,59,2,0,0,0,0,0,0,0,0,0,0
18,32,"B",831,1250,100,16,2,59,2,0,0,0,0,0,0,0,0,0,0
18,33,"D",861,0,50,16,4,59,2,0,0,0,0,0,0,0,0,0,0
18,34,"A",1042,250,100,16,1,59,2,0,0,0,0,0,0,0,0,0,0
18,35,"C",659,50,50,16,3,59,2,0,0,0,0,0,0,0,0,0,0
18,36,"D",886,0,50,16,4,59,2,0,0,0,0,0,0,0,0,0,0
18,37,"D",1095,0,50,16,4,59,2,0,0,0,0,0,0,0,0,0,0
18,38,"C",773,0,50,16,3,59,2,0,0,0,0,0,0,0,0,0,0
18,39,"D",1127,250,50,16,4,59,2,0,0,0,0,0,0,0,0,0,0
18,40,"B",923,0,100,16,2,59,2,-4,-2,0,3,4,2,1,4,3,1
18,41,"C",1613,25,50,16,3,59,2,0,0,0,0,0,0,0,0,0,0
18,42,"A",953,350,100,16,1,59,2,0,0,0,0,0,0,0,0,0,0
18,43,"B",1055,0,100,16,2,59,2,0,0,0,0,0,0,0,0,0,0
18,44,"C",1074,75,50,16,3,59,2,0,0,0,0,0,0,0,0,0,0
18,45,"D",808,0,50,16,4,59,2,0,0,0,0,0,0,0,0,0,0
18,46,"C",971,0,50,16,3,59,2,0,0,0,0,0,0,0,0,0,0
18,47,"B",1374,0,100,16,2,59,2,0,0,0,0,0,0,0,0,0,0
18,48,"D",834,0,50,16,4,59,2,0,0,0,0,0,0,0,0,0,0
18,49,"C",1424,0,50,16,3,59,2,0,0,0,0,0,0,0,0,0,0
18,50,"A",1200,0,100,16,1,59,2,2,-2,1,1,2,2,1,2,1,1
18,51,"B",1062,0,100,16,2,59,2,0,0,0,0,0,0,0,0,0,0
18,52,"B",500,1250,100,16,2,59,2,0,0,0,0,0,0,0,0,0,0
18,53,"D",1059,0,50,16,4,59,2,0,0,0,0,0,0,0,0,0,0
18,54,"B",1127,0,100,16,2,59,2,0,0,0,0,0,0,0,0,0,0
18,55,"C",656,0,50,16,3,59,2,0,0,0,0,0,0,0,0,0,0
18,56,"D",963,0,50,16,4,59,2,0,0,0,0,0,0,0,0,0,0
18,57,"C",1598,25,50,16,3,59,2,0,0,0,0,0,0,0,0,0,0
18,58,"A",694,350,100,16,1,59,2,0,0,0,0,0,0,0,0,0,0
18,59,"D",810,0,50,16,4,59,2,0,0,0,0,0,0,0,0,0,0
18,60,"C",1021,75,50,16,3,59,2,-4,-4,0,0,4,4,2,2,3,1
18,61,"C",1004,0,50,16,3,59,2,0,0,0,0,0,0,0,0,0,0
18,62,"C",693,50,50,16,3,59,2,0,0,0,0,0,0,0,0,0,0
18,63,"D",536,0,50,16,4,59,2,0,0,0,0,0,0,0,0,0,0
18,64,"A",971,0,100,16,1,59,2,0,0,0,0,0,0,0,0,0,0
18,65,"D",598,0,50,16,4,59,2,0,0,0,0,0,0,0,0,0,0
18,66,"C",1198,0,50,16,3,59,2,0,0,0,0,0,0,0,0,0,0
18,67,"C",2575,0,50,16,3,59,2,0,0,0,0,0,0,0,0,0,0
18,68,"A",923,250,100,16,1,59,2,0,0,0,0,0,0,0,0,0,0
18,69,"B",692,0,100,16,2,59,2,0,0,0,0,0,0,0,0,0,0
18,70,"C",1126,0,50,16,3,59,2,-3,0,2,2,4,-3,2,1,3,1
18,71,"D",2383,0,50,16,4,59,2,0,0,0,0,0,0,0,0,0,0
18,72,"C",557,50,50,16,3,59,2,0,0,0,0,0,0,0,0,0,0
18,73,"C",814,25,50,16,3,59,2,0,0,0,0,0,0,0,0,0,0
18,74,"D",1049,0,50,16,4,59,2,0,0,0,0,0,0,0,0,0,0
18,75,"A",1029,200,100,16,1,59,2,0,0,0,0,0,0,0,0,0,0
18,76,"B",1106,0,100,16,2,59,2,0,0,0,0,0,0,0,0,0,0
18,77,"D",2341,250,50,16,4,59,2,0,0,0,0,0,0,0,0,0,0
18,78,"C",3180,50,50,16,3,59,2,0,0,0,0,0,0,0,0,0,0
18,79,"A",2664,0,100,16,1,59,2,0,0,0,0,0,0,0,0,0,0
18,80,"C",1126,0,50,16,3,59,2,-4,0,0,1,4,-2,1,2,3,1
18,81,"C",1031,0,50,16,3,59,2,0,0,0,0,0,0,0,0,0,0
18,82,"D",1948,0,50,16,4,59,2,0,0,0,0,0,0,0,0,0,0
18,83,"C",5096,75,50,16,3,59,2,0,0,0,0,0,0,0,0,0,0
18,84,"D",885,0,50,16,4,59,2,0,0,0,0,0,0,0,0,0,0
18,85,"B",974,0,100,16,2,59,2,0,0,0,0,0,0,0,0,0,0
18,86,"D",697,0,50,16,4,59,2,0,0,0,0,0,0,0,0,0,0
18,87,"C",1062,50,50,16,3,59,2,0,0,0,0,0,0,0,0,0,0
18,88,"A",1780,300,100,16,1,59,2,0,0,0,0,0,0,0,0,0,0
18,89,"A",1323,150,100,16,1,59,2,0,0,0,0,0,0,0,0,0,0
18,90,"B",1900,0,100,16,2,59,2,-4,1,0,4,4,1,-2,4,3,1
18,91,"A",1206,0,100,16,1,59,2,0,0,0,0,0,0,0,0,0,0
18,92,"C",879,0,50,16,3,59,2,0,0,0,0,0,0,0,0,0,0
18,93,"D",1318,0,50,16,4,59,2,0,0,0,0,0,0,0,0,0,0
18,94,"C",3650,0,50,16,3,59,2,0,0,0,0,0,0,0,0,0,0
18,95,"D",775,0,50,16,4,59,2,0,0,0,0,0,0,0,0,0,0
18,96,"B",4002,0,100,16,2,59,2,0,0,0,0,0,0,0,0,0,0
18,97,"C",3227,0,50,16,3,59,2,0,0,0,0,0,0,0,0,0,0
18,98,"D",3133,0,50,16,4,59,2,0,0,0,0,0,0,0,0,0,0
18,99,"B",617,1250,100,16,2,59,2,0,0,0,0,0,0,0,0,0,0
18,100,"A",772,0,100,16,1,59,2,-2,-4,0,2,2,4,1,2,1,1
19,1,"C",2545,0,50,17,3,48,2,0,0,0,0,0,0,0,0,0,0
19,2,"B",3018,0,100,17,2,48,2,0,0,0,0,0,0,0,0,0,0
19,3,"C",1094,0,50,17,3,48,2,0,0,0,0,0,0,0,0,0,0
19,4,"B",2018,0,100,17,2,48,2,0,0,0,0,0,0,0,0,0,0
19,5,"B",4413,0,100,17,2,48,2,0,0,0,0,0,0,0,0,0,0
19,6,"A",1188,0,100,17,1,48,2,0,0,0,0,0,0,0,0,0,0
19,7,"D",1426,0,50,17,4,48,2,0,0,0,0,0,0,0,0,0,0
19,8,"C",1240,50,50,17,3,48,2,0,0,0,0,0,0,0,0,0,0
19,9,"A",728,0,100,17,1,48,2,0,0,0,0,0,0,0,0,0,0
19,10,"B",950,0,100,17,2,48,2,1,1,-2,-1,-3,-3,0,-2,-3,1
19,11,"B",4195,0,100,17,2,48,2,0,0,0,0,0,0,0,0,0,0
19,12,"A",1965,150,100,17,1,48,2,0,0,0,0,0,0,0,0,0,0
19,13,"D",929,0,50,17,4,48,2,0,0,0,0,0,0,0,0,0,0
19,14,"C",1301,0,50,17,3,48,2,0,0,0,0,0,0,0,0,0,0
19,15,"B",704,0,100,17,2,48,2,0,0,0,0,0,0,0,0,0,0
19,16,"B",1357,0,100,17,2,48,2,0,0,0,0,0,0,0,0,0,0
19,17,"C",1249,50,50,17,3,48,2,0,0,0,0,0,0,0,0,0,0
19,18,"D",2748,0,50,17,4,48,2,0,0,0,0,0,0,0,0,0,0
19,19,"B",1179,0,100,17,2,48,2,0,0,0,0,0,0,0,0,0,0
19,20,"B",1590,1250,100,17,2,48,2,0,-3,0,-1,1,1,-3,1,-1,1
19,21,"C",4397,0,50,17,3,48,2,0,0,0,0,0,0,0,0,0,0
19,22,"A",1032,0,100,17,1,48,2,0,0,0,0,0,0,0,0,0,0
19,23,"D",565,0,50,17,4,48,2,0,0,0,0,0,0,0,0,0,0
19,24,"A",2765,300,100,17,1,48,2,0,0,0,0,0,0,0,0,0,0
19,25,"D",1017,0,50,17,4,48,2,0,0,0,0,0,0,0,0,0,0
19,26,"C",1597,50,50,17,3,48,2,0,0,0,0,0,0,0,0,0,0
19,27,"D",1318,0,50,17,4,48,2,0,0,0,0,0,0,0,0,0,0
19,28,"B",966,0,100,17,2,48,2,0,0,0,0,0,0,0,0,0,0
19,29,"B",665,0,100,17,2,48,2,0,0,0,0,0,0,0,0,0,0
19,30,"B",626,0,100,17,2,48,2,-2,2,-3,-3,-2,-1,0,0,-2,1
19,31,"C",3593,0,50,17,3,48,2,0,0,0,0,0,0,0,0,0,0
19,32,"D",1531,0,50,17,4,48,2,0,0,0,0,0,0,0,0,0,0
19,33,"B",1998,0,100,17,2,48,2,0,0,0,0,0,0,0,0,0,0
19,34,"A",1223,0,100,17,1,48,2,0,0,0,0,0,0,0,0,0,0
19,35,"B",557,1250,100,17,2,48,2,0,0,0,0,0,0,0,0,0,0
19,36,"D",749,0,50,17,4,48,2,0,0,0,0,0,0,0,0,0,0
19,37,"C",1064,50,50,17,3,48,2,0,0,0,0,0,0,0,0,0,0
19,38,"A",1388,200,100,17,1,48,2,0,0,0,0,0,0,0,0,0,0
19,39,"D",554,0,50,17,4,48,2,0,0,0,0,0,0,0,0,0,0
19,40,"D",775,250,50,17,4,48,2,0,-3,1,-3,-3,3,-1,3,-1,1
19,41,"D",6254,0,50,17,4,48,2,0,0,0,0,0,0,0,0,0,0
19,42,"A",873,0,100,17,1,48,2,0,0,0,0,0,0,0,0,0,0
19,43,"A",572,250,100,17,1,48,2,0,0,0,0,0,0,0,0,0,0
19,44,"B",1150,0,100,17,2,48,2,0,0,0,0,0,0,0,0,0,0
19,45,"C",1764,50,50,17,3,48,2,0,0,0,0,0,0,0,0,0,0
19,46,"D",712,0,50,17,4,48,2,0,0,0,0,0,0,0,0,0,0
19,47,"A",1054,350,100,17,1,48,2,0,0,0,0,0,0,0,0,0,0
19,48,"A",2330,0,100,17,1,48,2,0,0,0,0,0,0,0,0,0,0
19,49,"B",2077,0,100,17,2,48,2,0,0,0,0,0,0,0,0,0,0
19,50,"C",926,0,50,17,3,48,2,-1,0,0,0,0,-1,0,-3,1,1
19,51,"B",2783,0,100,17,2,48,2,0,0,0,0,0,0,0,0,0,0
19,52,"D",3582,0,50,17,4,48,2,0,0,0,0,0,0,0,0,0,0
19,53,"B",2213,0,100,17,2,48,2,0,0,0,0,0,0,0,0,0,0
19,54,"C",2072,25,50,17,3,48,2,0,0,0,0,0,0,0,0,0,0
19,55,"A",1695,350,100,17,1,48,2,0,0,0,0,0,0,0,0,0,0
19,56,"A",581,0,100,17,1,48,2,0,0,0,0,0,0,0,0,0,0
19,57,"B",1512,0,100,17,2,48,2,0,0,0,0,0,0,0,0,0,0
19,58,"C",662,75,50,17,3,48,2,0,0,0,0,0,0,0,0,0,0
19,59,"A",1020,250,100,17,1,48,2,0,0,0,0,0,0,0,0,0,0
19,60,"D",1714,0,50,17,4,48,2,-3,0,0,0,3,2,1,1,1,1
19,61,"C",12953,0,50,17,3,48,2,0,0,0,0,0,0,0,0,0,0
19,62,"B",2279,0,100,17,2,48,2,0,0,0,0,0,0,0,0,0,0
19,63,"A",2347,200,100,17,1,48,2,0,0,0,0,0,0,0,0,0,0
19,64,"D",730,0,50,17,4,48,2,0,0,0,0,0,0,0,0,0,0
19,65,"C",796,0,50,17,3,48,2,0,0,0,0,0,0,0,0,0,0
19,66,"D",589,0,50,17,4,48,2,0,0,0,0,0,0,0,0,0,0
19,67,"C",509,0,50,17,3,48,2,0,0,0,0,0,0,0,0,0,0
19,68,"B",571,1250,100,17,2,48,2,0,0,0,0,0,0,0,0,0,0
19,69,"D",1893,0,50,17,4,48,2,0,0,0,0,0,0,0,0,0,0
19,70,"A",7929,0,100,17,1,48,2,-3,-4,2,2,4,4,2,1,2,1
19,71,"D",4891,0,50,17,4,48,2,0,0,0,0,0,0,0,0,0,0
19,72,"C",4627,25,50,17,3,48,2,0,0,0,0,0,0,0,0,0,0
19,73,"C",1001,75,50,17,3,48,2,0,0,0,0,0,0,0,0,0,0
19,74,"A",1658,300,100,17,1,48,2,0,0,0,0,0,0,0,0,0,0
19,75,"B",3246,0,100,17,2,48,2,0,0,0,0,0,0,0,0,0,0
19,76,"A",1442,150,100,17,1,48,2,0,0,0,0,0,0,0,0,0,0
19,77,"C",774,0,50,17,3,48,2,0,0,0,0,0,0,0,0,0,0
19,78,"D",544,0,50,17,4,48,2,0,0,0,0,0,0,0,0,0,0
19,79,"D",614,250,50,17,4,48,2,0,0,0,0,0,0,0,0,0,0
19,80,"A",1225,0,100,17,1,48,2,-3,-2,2,0,4,3,2,2,2,1
19,81,"B",7776,0,100,17,2,48,2,0,0,0,0,0,0,0,0,0,0
19,82,"C",4512,50,50,17,3,48,2,0,0,0,0,0,0,0,0,0,0
19,83,"D",1463,0,50,17,4,48,2,0,0,0,0,0,0,0,0,0,0
19,84,"D",3886,0,50,17,4,48,2,0,0,0,0,0,0,0,0,0,0
19,85,"B",548,0,100,17,2,48,2,0,0,0,0,0,0,0,0,0,0
19,86,"A",997,0,100,17,1,48,2,0,0,0,0,0,0,0,0,0,0
19,87,"C",5101,0,50,17,3,48,2,0,0,0,0,0,0,0,0,0,0
19,88,"D",19204,0,50,17,4,48,2,0,0,0,0,0,0,0,0,0,0
19,89,"B",7055,0,100,17,2,48,2,0,0,0,0,0,0,0,0,0,0
19,90,"A",10504,0,100,17,1,48,2,0,1,0,0,-1,1,1,-1,2,1
19,91,"A",9776,300,100,17,1,48,2,0,0,0,0,0,0,0,0,0,0
19,92,"A",650,0,100,17,1,48,2,0,0,0,0,0,0,0,0,0,0
19,93,"B",3208,0,100,17,2,48,2,0,0,0,0,0,0,0,0,0,0
19,94,"C",619,0,50,17,3,48,2,0,0,0,0,0,0,0,0,0,0
19,95,"D",3166,0,50,17,4,48,2,0,0,0,0,0,0,0,0,0,0
19,96,"B",3832,0,100,17,2,48,2,0,0,0,0,0,0,0,0,0,0
19,97,"A",6329,350,100,17,1,48,2,0,0,0,0,0,0,0,0,0,0
19,98,"D",806,0,50,17,4,48,2,0,0,0,0,0,0,0,0,0,0
19,99,"C",2399,0,50,17,3,48,2,0,0,0,0,0,0,0,0,0,0
19,100,"B",3472,0,100,17,2,48,2,-3,2,2,0,3,3,2,1,3,1
20,1,"D",3079,0,50,18,4,62,3,0,0,0,0,0,0,0,0,0,0
20,2,"C",1013,0,50,18,3,62,3,0,0,0,0,0,0,0,0,0,0
20,3,"A",1641,0,100,18,1,62,3,0,0,0,0,0,0,0,0,0,0
20,4,"C",1953,0,50,18,3,62,3,0,0,0,0,0,0,0,0,0,0
20,5,"B",1231,0,100,18,2,62,3,0,0,0,0,0,0,0,0,0,0
20,6,"C",1088,50,50,18,3,62,3,0,0,0,0,0,0,0,0,0,0
20,7,"A",2028,0,100,18,1,62,3,0,0,0,0,0,0,0,0,0,0
20,8,"C",866,0,50,18,3,62,3,0,0,0,0,0,0,0,0,0,0
20,9,"D",3799,0,50,18,4,62,3,0,0,0,0,0,0,0,0,0,0
20,10,"B",2508,0,100,18,2,62,3,0,2,0,-1,3,1,1,0,-2,1
20,11,"C",4970,50,50,18,3,62,3,0,0,0,0,0,0,0,0,0,0
20,12,"A",1933,150,100,18,1,62,3,0,0,0,0,0,0,0,0,0,0
20,13,"B",1361,0,100,18,2,62,3,0,0,0,0,0,0,0,0,0,0
20,14,"B",793,0,100,18,2,62,3,0,0,0,0,0,0,0,0,0,0
20,15,"B",839,0,100,18,2,62,3,0,0,0,0,0,0,0,0,0,0
20,16,"B",858,0,100,18,2,62,3,0,0,0,0,0,0,0,0,0,0
20,17,"B",1589,0,100,18,2,62,3,0,0,0,0,0,0,0,0,0,0
20,18,"C",1212,0,50,18,3,62,3,0,0,0,0,0,0,0,0,0,0
20,19,"B",806,0,100,18,2,62,3,0,0,0,0,0,0,0,0,0,0
20,20,"D",783,0,50,18,4,62,3,-3,3,1,0,0,3,0,1,-1,1
20,21,"D",4267,0,50,18,4,62,3,0,0,0,0,0,0,0,0,0,0
20,22,"B",745,1250,100,18,2,62,3,0,0,0,0,0,0,0,0,0,0
20,23,"C",783,50,50,18,3,62,3,0,0,0,0,0,0,0,0,0,0
20,24,"D",1037,0,50,18,4,62,3,0,0,0,0,0,0,0,0,0,0
20,25,"A",854,0,100,18,1,62,3,0,0,0,0,0,0,0,0,0,0
20,26,"D",912,0,50,18,4,62,3,0,0,0,0,0,0,0,0,0,0
20,27,"C",1094,0,50,18,3,62,3,0,0,0,0,0,0,0,0,0,0
20,28,"C",506,50,50,18,3,62,3,0,0,0,0,0,0,0,0,0,0
20,29,"B",696,0,100,18,2,62,3,0,0,0,0,0,0,0,0,0,0
20,30,"D",1307,0,50,18,4,62,3,0,-4,0,0,-1,0,2,1,0,1
20,31,"D",3126,0,50,18,4,62,3,0,0,0,0,0,0,0,0,0,0
20,32,"C",1181,50,50,18,3,62,3,0,0,0,0,0,0,0,0,0,0
20,33,"A",793,300,100,18,1,62,3,0,0,0,0,0,0,0,0,0,0
20,34,"B",1318,0,100,18,2,62,3,0,0,0,0,0,0,0,0,0,0
20,35,"D",494,0,50,18,4,62,3,0,0,0,0,0,0,0,0,0,0
20,36,"C",628,0,50,18,3,62,3,0,0,0,0,0,0,0,0,0,0
20,37,"D",485,250,50,18,4,62,3,0,0,0,0,0,0,0,0,0,0
20,38,"C",540,25,50,18,3,62,3,0,0,0,0,0,0,0,0,0,0
20,39,"A",816,0,100,18,1,62,3,0,0,0,0,0,0,0,0,0,0
20,40,"C",667,75,50,18,3,62,3,1,2,0,-2,1,0,1,0,-1,1
20,41,"C",4734,0,50,18,3,62,3,0,0,0,0,0,0,0,0,0,0
20,42,"A",947,200,100,18,1,62,3,0,0,0,0,0,0,0,0,0,0
20,43,"B",1121,0,100,18,2,62,3,0,0,0,0,0,0,0,0,0,0
20,44,"D",1049,0,50,18,4,62,3,0,0,0,0,0,0,0,0,0,0
20,45,"C",909,0,50,18,3,62,3,0,0,0,0,0,0,0,0,0,0
20,46,"A",864,0,100,18,1,62,3,0,0,0,0,0,0,0,0,0,0
20,47,"C",465,0,50,18,3,62,3,0,0,0,0,0,0,0,0,0,0
20,48,"D",638,0,50,18,4,62,3,0,0,0,0,0,0,0,0,0,0
20,49,"B",606,0,100,18,2,62,3,0,0,0,0,0,0,0,0,0,0
20,50,"D",1207,0,50,18,4,62,3,-3,3,1,3,-1,-1,2,1,-1,1
20,51,"C",3946,25,50,18,3,62,3,0,0,0,0,0,0,0,0,0,0
20,52,"D",1169,0,50,18,4,62,3,0,0,0,0,0,0,0,0,0,0
20,53,"A",683,250,100,18,1,62,3,0,0,0,0,0,0,0,0,0,0
20,54,"B",796,1250,100,18,2,62,3,0,0,0,0,0,0,0,0,0,0
20,55,"D",1013,0,50,18,4,62,3,0,0,0,0,0,0,0,0,0,0
20,56,"C",1171,75,50,18,3,62,3,0,0,0,0,0,0,0,0,0,0
20,57,"D",2093,0,50,18,4,62,3,0,0,0,0,0,0,0,0,0,0
20,58,"B",1561,0,100,18,2,62,3,0,0,0,0,0,0,0,0,0,0
20,59,"D",1114,0,50,18,4,62,3,0,0,0,0,0,0,0,0,0,0
20,60,"C",808,0,50,18,3,62,3,0,0,-2,-1,0,0,2,0,0,1
20,61,"C",6223,50,50,18,3,62,3,0,0,0,0,0,0,0,0,0,0
20,62,"A",1306,350,100,18,1,62,3,0,0,0,0,0,0,0,0,0,0
20,63,"D",936,0,50,18,4,62,3,0,0,0,0,0,0,0,0,0,0
20,64,"B",838,0,100,18,2,62,3,0,0,0,0,0,0,0,0,0,0
20,65,"C",2239,0,50,18,3,62,3,0,0,0,0,0,0,0,0,0,0
20,66,"D",2615,0,50,18,4,62,3,0,0,0,0,0,0,0,0,0,0
20,67,"C",587,0,50,18,3,62,3,0,0,0,0,0,0,0,0,0,0
20,68,"A",1129,0,100,18,1,62,3,0,0,0,0,0,0,0,0,0,0
20,69,"D",877,250,50,18,4,62,3,0,0,0,0,0,0,0,0,0,0
20,70,"C",932,0,50,18,3,62,3,-1,-2,-2,1,0,0,0,-1,-1,1
20,71,"D",4190,0,50,18,4,62,3,0,0,0,0,0,0,0,0,0,0
20,72,"A",3534,350,100,18,1,62,3,0,0,0,0,0,0,0,0,0,0
20,73,"B",3080,0,100,18,2,62,3,0,0,0,0,0,0,0,0,0,0
20,74,"D",1516,0,50,18,4,62,3,0,0,0,0,0,0,0,0,0,0
20,75,"C",3036,50,50,18,3,62,3,0,0,0,0,0,0,0,0,0,0
20,76,"D",1317,0,50,18,4,62,3,0,0,0,0,0,0,0,0,0,0
20,77,"D",1526,0,50,18,4,62,3,0,0,0,0,0,0,0,0,0,0
20,78,"C",1831,25,50,18,3,62,3,0,0,0,0,0,0,0,0,0,0
20,79,"D",912,0,50,18,4,62,3,0,0,0,0,0,0,0,0,0,0
20,80,"A",1638,0,100,18,1,62,3,0,0,0,1,0,0,0,0,0,1
20,81,"D",2103,0,50,18,4,62,3,0,0,0,0,0,0,0,0,0,0
20,82,"A",1456,250,100,18,1,62,3,0,0,0,0,0,0,0,0,0,0
20,83,"B",1716,0,100,18,2,62,3,0,0,0,0,0,0,0,0,0,0
20,84,"D",727,0,50,18,4,62,3,0,0,0,0,0,0,0,0,0,0
20,85,"C",258,50,50,18,3,62,3,0,0,0,0,0,0,0,0,0,0
20,86,"A",1349,200,100,18,1,62,3,0,0,0,0,0,0,0,0,0,0
20,87,"C",1227,0,50,18,3,62,3,0,0,0,0,0,0,0,0,0,0
20,88,"B",673,0,100,18,2,62,3,0,0,0,0,0,0,0,0,0,0
20,89,"D",930,0,50,18,4,62,3,0,0,0,0,0,0,0,0,0,0
20,90,"C",1220,0,50,18,3,62,3,-3,0,1,0,2,0,0,-1,-1,1
20,91,"D",4230,250,50,18,4,62,3,0,0,0,0,0,0,0,0,0,0
20,92,"C",838,75,50,18,3,62,3,0,0,0,0,0,0,0,0,0,0
20,93,"A",662,0,100,18,1,62,3,0,0,0,0,0,0,0,0,0,0
20,94,"B",1971,0,100,18,2,62,3,0,0,0,0,0,0,0,0,0,0
20,95,"D",983,0,50,18,4,62,3,0,0,0,0,0,0,0,0,0,0
20,96,"C",997,50,50,18,3,62,3,0,0,0,0,0,0,0,0,0,0
20,97,"A",710,300,100,18,1,62,3,0,0,0,0,0,0,0,0,0,0
20,98,"D",1319,0,50,18,4,62,3,0,0,0,0,0,0,0,0,0,0
20,99,"B",1550,1250,100,18,2,62,3,0,0,0,0,0,0,0,0,0,0
20,100,"C",877,0,50,18,3,62,3,-2,-3,-2,0,-1,1,1,-1,1,1
21,1,"D",1600,0,50,19,4,36,1,0,0,0,0,0,0,0,0,0,0
21,2,"C",465,0,50,19,3,36,1,0,0,0,0,0,0,0,0,0,0
21,3,"D",2670,0,50,19,4,36,1,0,0,0,0,0,0,0,0,0,0
21,4,"C",3156,0,50,19,3,36,1,0,0,0,0,0,0,0,0,0,0
21,5,"B",3518,0,100,19,2,36,1,0,0,0,0,0,0,0,0,0,0
21,6,"A",2363,0,100,19,1,36,1,0,0,0,0,0,0,0,0,0,0
21,7,"D",1355,0,50,19,4,36,1,0,0,0,0,0,0,0,0,0,0
21,8,"A",1252,0,100,19,1,36,1,0,0,0,0,0,0,0,0,0,0
21,9,"B",1399,0,100,19,2,36,1,0,0,0,0,0,0,0,0,0,0
21,10,"A",1283,150,100,19,1,36,1,0,0,0,0,1,1,-1,0,-1,1
21,11,"B",2556,0,100,19,2,36,1,0,0,0,0,0,0,0,0,0,0
21,12,"A",1584,0,100,19,1,36,1,0,0,0,0,0,0,0,0,0,0
21,13,"B",750,0,100,19,2,36,1,0,0,0,0,0,0,0,0,0,0
21,14,"B",2525,0,100,19,2,36,1,0,0,0,0,0,0,0,0,0,0
21,15,"A",1872,300,100,19,1,36,1,0,0,0,0,0,0,0,0,0,0
21,16,"B",1862,0,100,19,2,36,1,0,0,0,0,0,0,0,0,0,0
21,17,"B",2116,0,100,19,2,36,1,0,0,0,0,0,0,0,0,0,0
21,18,"D",2534,0,50,19,4,36,1,0,0,0,0,0,0,0,0,0,0
21,19,"B",2204,0,100,19,2,36,1,0,0,0,0,0,0,0,0,0,0
21,20,"B",4109,1250,100,19,2,36,1,-1,-1,2,2,1,1,0,0,1,1
21,21,"B",1251,0,100,19,2,36,1,0,0,0,0,0,0,0,0,0,0
21,22,"B",1105,0,100,19,2,36,1,0,0,0,0,0,0,0,0,0,0
21,23,"B",2743,0,100,19,2,36,1,0,0,0,0,0,0,0,0,0,0
21,24,"A",4821,0,100,19,1,36,1,0,0,0,0,0,0,0,0,0,0
21,25,"B",2037,0,100,19,2,36,1,0,0,0,0,0,0,0,0,0,0
21,26,"B",1606,1250,100,19,2,36,1,0,0,0,0,0,0,0,0,0,0
21,27,"C",1439,50,50,19,3,36,1,0,0,0,0,0,0,0,0,0,0
21,28,"D",1487,0,50,19,4,36,1,0,0,0,0,0,0,0,0,0,0
21,29,"D",848,0,50,19,4,36,1,0,0,0,0,0,0,0,0,0,0
21,30,"D",3328,0,50,19,4,36,1,-2,-2,0,3,2,3,0,3,1,1
21,31,"B",2560,0,100,19,2,36,1,0,0,0,0,0,0,0,0,0,0
21,32,"A",1304,200,100,19,1,36,1,0,0,0,0,0,0,0,0,0,0
21,33,"B",806,0,100,19,2,36,1,0,0,0,0,0,0,0,0,0,0
21,34,"B",1199,0,100,19,2,36,1,0,0,0,0,0,0,0,0,0,0
21,35,"B",3136,0,100,19,2,36,1,0,0,0,0,0,0,0,0,0,0
21,36,"D",1244,0,50,19,4,36,1,0,0,0,0,0,0,0,0,0,0
21,37,"D",1572,0,50,19,4,36,1,0,0,0,0,0,0,0,0,0,0
21,38,"D",1968,250,50,19,4,36,1,0,0,0,0,0,0,0,0,0,0
21,39,"B",2587,0,100,19,2,36,1,0,0,0,0,0,0,0,0,0,0
21,40,"A",3850,0,100,19,1,36,1,0,0,0,0,2,2,1,0,1,1
21,41,"B",1470,0,100,19,2,36,1,0,0,0,0,0,0,0,0,0,0
21,42,"B",1260,1250,100,19,2,36,1,0,0,0,0,0,0,0,0,0,0
21,43,"C",1712,0,50,19,3,36,1,0,0,0,0,0,0,0,0,0,0
21,44,"A",1638,250,100,19,1,36,1,0,0,0,0,0,0,0,0,0,0
21,45,"D",2383,0,50,19,4,36,1,0,0,0,0,0,0,0,0,0,0
21,46,"B",1749,0,100,19,2,36,1,0,0,0,0,0,0,0,0,0,0
21,47,"D",4379,0,50,19,4,36,1,0,0,0,0,0,0,0,0,0,0
21,48,"B",1584,0,100,19,2,36,1,0,0,0,0,0,0,0,0,0,0
21,49,"B",2125,0,100,19,2,36,1,0,0,0,0,0,0,0,0,0,0
21,50,"D",1833,0,50,19,4,36,1,-1,-1,2,2,2,2,-1,-1,1,1
21,51,"B",1930,0,100,19,2,36,1,0,0,0,0,0,0,0,0,0,0
21,52,"B",3624,0,100,19,2,36,1,0,0,0,0,0,0,0,0,0,0
21,53,"D",3071,0,50,19,4,36,1,0,0,0,0,0,0,0,0,0,0
21,54,"B",1824,0,100,19,2,36,1,0,0,0,0,0,0,0,0,0,0
21,55,"B",2270,0,100,19,2,36,1,0,0,0,0,0,0,0,0,0,0
21,56,"D",1141,0,50,19,4,36,1,0,0,0,0,0,0,0,0,0,0
21,57,"C",1104,50,50,19,3,36,1,0,0,0,0,0,0,0,0,0,0
21,58,"D",2102,0,50,19,4,36,1,0,0,0,0,0,0,0,0,0,0
21,59,"B",5036,0,100,19,2,36,1,0,0,0,0,0,0,0,0,0,0
21,60,"D",3063,0,50,19,4,36,1,-2,0,-2,2,2,2,0,2,1,1
21,61,"B",1998,0,100,19,2,36,1,0,0,0,0,0,0,0,0,0,0
21,62,"B",2901,0,100,19,2,36,1,0,0,0,0,0,0,0,0,0,0
21,63,"A",1660,350,100,19,1,36,1,0,0,0,0,0,0,0,0,0,0
21,64,"D",1735,0,50,19,4,36,1,0,0,0,0,0,0,0,0,0,0
21,65,"B",2138,1250,100,19,2,36,1,0,0,0,0,0,0,0,0,0,0
21,66,"D",817,0,50,19,4,36,1,0,0,0,0,0,0,0,0,0,0
21,67,"D",2111,250,50,19,4,36,1,0,0,0,0,0,0,0,0,0,0
21,68,"B",2013,0,100,19,2,36,1,0,0,0,0,0,0,0,0,0,0
21,69,"B",2465,0,100,19,2,36,1,0,0,0,0,0,0,0,0,0,0
21,70,"D",4161,0,50,19,4,36,1,-3,-3,-2,0,3,2,1,2,1,1
21,71,"B",3863,0,100,19,2,36,1,0,0,0,0,0,0,0,0,0,0
21,72,"B",959,0,100,19,2,36,1,0,0,0,0,0,0,0,0,0,0
21,73,"B",1687,0,100,19,2,36,1,0,0,0,0,0,0,0,0,0,0
21,74,"B",2247,0,100,19,2,36,1,0,0,0,0,0,0,0,0,0,0
21,75,"D",1934,0,50,19,4,36,1,0,0,0,0,0,0,0,0,0,0
21,76,"B",1282,0,100,19,2,36,1,0,0,0,0,0,0,0,0,0,0
21,77,"D",1629,0,50,19,4,36,1,0,0,0,0,0,0,0,0,0,0
21,78,"D",1251,0,50,19,4,36,1,0,0,0,0,0,0,0,0,0,0
21,79,"B",1537,0,100,19,2,36,1,0,0,0,0,0,0,0,0,0,0
21,80,"B",1037,0,100,19,2,36,1,-3,0,-3,3,2,2,-1,2,2,1
21,81,"B",1176,0,100,19,2,36,1,0,0,0,0,0,0,0,0,0,0
21,82,"B",1937,0,100,19,2,36,1,0,0,0,0,0,0,0,0,0,0
21,83,"D",2132,0,50,19,4,36,1,0,0,0,0,0,0,0,0,0,0
21,84,"D",1306,0,50,19,4,36,1,0,0,0,0,0,0,0,0,0,0
21,85,"B",1462,0,100,19,2,36,1,0,0,0,0,0,0,0,0,0,0
21,86,"B",2820,0,100,19,2,36,1,0,0,0,0,0,0,0,0,0,0
21,87,"D",1959,0,50,19,4,36,1,0,0,0,0,0,0,0,0,0,0
21,88,"D",2240,0,50,19,4,36,1,0,0,0,0,0,0,0,0,0,0
21,89,"B",2455,0,100,19,2,36,1,0,0,0,0,0,0,0,0,0,0
21,90,"B",3739,0,100,19,2,36,1,-3,1,-3,3,2,3,-2,3,1,1
21,91,"B",2374,0,100,19,2,36,1,0,0,0,0,0,0,0,0,0,0
21,92,"B",2345,1250,100,19,2,36,1,0,0,0,0,0,0,0,0,0,0
21,93,"D",1275,250,50,19,4,36,1,0,0,0,0,0,0,0,0,0,0
21,94,"C",1724,0,50,19,3,36,1,0,0,0,0,0,0,0,0,0,0
21,95,"A",4754,0,100,19,1,36,1,0,0,0,0,0,0,0,0,0,0
21,96,"A",5619,350,100,19,1,36,1,0,0,0,0,0,0,0,0,0,0
21,97,"D",1419,0,50,19,4,36,1,0,0,0,0,0,0,0,0,0,0
21,98,"B",2503,0,100,19,2,36,1,0,0,0,0,0,0,0,0,0,0
21,99,"A",6245,0,100,19,1,36,1,0,0,0,0,0,0,0,0,0,0
21,100,"B",5672,0,100,19,2,36,1,-1,0,0,1,1,2,0,1,1,1
22,1,"B",4935,0,100,20,2,44,1,0,0,0,0,0,0,0,0,0,0
22,2,"C",3791,0,50,20,3,44,1,0,0,0,0,0,0,0,0,0,0
22,3,"C",2553,0,50,20,3,44,1,0,0,0,0,0,0,0,0,0,0
22,4,"B",1874,0,100,20,2,44,1,0,0,0,0,0,0,0,0,0,0
22,5,"B",2775,0,100,20,2,44,1,0,0,0,0,0,0,0,0,0,0
22,6,"C",2708,50,50,20,3,44,1,0,0,0,0,0,0,0,0,0,0
22,7,"B",1010,0,100,20,2,44,1,0,0,0,0,0,0,0,0,0,0
22,8,"B",2029,0,100,20,2,44,1,0,0,0,0,0,0,0,0,0,0
22,9,"B",1155,0,100,20,2,44,1,0,0,0,0,0,0,0,0,0,0
22,10,"A",2156,0,100,20,1,44,1,0,4,1,-3,1,4,2,3,1,1
22,11,"B",2410,0,100,20,2,44,1,0,0,0,0,0,0,0,0,0,0
22,12,"B",1728,0,100,20,2,44,1,0,0,0,0,0,0,0,0,0,0
22,13,"A",1468,0,100,20,1,44,1,0,0,0,0,0,0,0,0,0,0
22,14,"B",1986,1250,100,20,2,44,1,0,0,0,0,0,0,0,0,0,0
22,15,"A",1619,150,100,20,1,44,1,0,0,0,0,0,0,0,0,0,0
22,16,"C",1195,0,50,20,3,44,1,0,0,0,0,0,0,0,0,0,0
22,17,"C",2132,50,50,20,3,44,1,0,0,0,0,0,0,0,0,0,0
22,18,"D",2152,0,50,20,4,44,1,0,0,0,0,0,0,0,0,0,0
22,19,"D",1982,0,50,20,4,44,1,0,0,0,0,0,0,0,0,0,0
22,20,"D",1605,0,50,20,4,44,1,-2,-3,-1,2,3,2,1,1,-1,1
22,21,"D",3381,0,50,20,4,44,1,0,0,0,0,0,0,0,0,0,0
22,22,"C",4247,0,50,20,3,44,1,0,0,0,0,0,0,0,0,0,0
22,23,"D",1657,0,50,20,4,44,1,0,0,0,0,0,0,0,0,0,0
22,24,"C",1569,50,50,20,3,44,1,0,0,0,0,0,0,0,0,0,0
22,25,"B",876,0,100,20,2,44,1,0,0,0,0,0,0,0,0,0,0
22,26,"A",1437,0,100,20,1,44,1,0,0,0,0,0,0,0,0,0,0
22,27,"B",1654,0,100,20,2,44,1,0,0,0,0,0,0,0,0,0,0
22,28,"A",2116,300,100,20,1,44,1,0,0,0,0,0,0,0,0,0,0
22,29,"D",2285,0,50,20,4,44,1,0,0,0,0,0,0,0,0,0,0
22,30,"D",2606,0,50,20,4,44,1,-1,2,2,2,1,1,2,2,-1,1
22,31,"B",3387,0,100,20,2,44,1,0,0,0,0,0,0,0,0,0,0
22,32,"D",4776,0,50,20,4,44,1,0,0,0,0,0,0,0,0,0,0
22,33,"D",4265,0,50,20,4,44,1,0,0,0,0,0,0,0,0,0,0
22,34,"D",2336,250,50,20,4,44,1,0,0,0,0,0,0,0,0,0,0
22,35,"B",148,0,100,20,2,44,1,0,0,0,0,0,0,0,0,0,0
22,36,"B",2810,1250,100,20,2,44,1,0,0,0,0,0,0,0,0,0,0
22,37,"D",2925,0,50,20,4,44,1,0,0,0,0,0,0,0,0,0,0
22,38,"C",1327,0,50,20,3,44,1,0,0,0,0,0,0,0,0,0,0
22,39,"C",1400,50,50,20,3,44,1,0,0,0,0,0,0,0,0,0,0
22,40,"A",1321,0,100,20,1,44,1,1,-3,0,2,1,3,0,1,-1,1
22,41,"D",7850,0,50,20,4,44,1,0,0,0,0,0,0,0,0,0,0
22,42,"A",1125,200,100,20,1,44,1,0,0,0,0,0,0,0,0,0,0
22,43,"D",2710,0,50,20,4,44,1,0,0,0,0,0,0,0,0,0,0
22,44,"B",3165,0,100,20,2,44,1,0,0,0,0,0,0,0,0,0,0
22,45,"B",2502,0,100,20,2,44,1,0,0,0,0,0,0,0,0,0,0
22,46,"B",1556,0,100,20,2,44,1,0,0,0,0,0,0,0,0,0,0
22,47,"B",4421,0,100,20,2,44,1,0,0,0,0,0,0,0,0,0,0
22,48,"B",2581,0,100,20,2,44,1,0,0,0,0,0,0,0,0,0,0
22,49,"B",2089,0,100,20,2,44,1,0,0,0,0,0,0,0,0,0,0
22,50,"B",1684,1250,100,20,2,44,1,0,3,0,0,-1,4,1,-1,1,1
22,51,"B",4078,0,100,20,2,44,1,0,0,0,0,0,0,0,0,0,0
22,52,"C",984,50,50,20,3,44,1,0,0,0,0,0,0,0,0,0,0
22,53,"D",1334,0,50,20,4,44,1,0,0,0,0,0,0,0,0,0,0
22,54,"B",1585,0,100,20,2,44,1,0,0,0,0,0,0,0,0,0,0
22,55,"B",2119,0,100,20,2,44,1,0,0,0,0,0,0,0,0,0,0
22,56,"D",1256,0,50,20,4,44,1,0,0,0,0,0,0,0,0,0,0
22,57,"B",1908,0,100,20,2,44,1,0,0,0,0,0,0,0,0,0,0
22,58,"D",2298,0,50,20,4,44,1,0,0,0,0,0,0,0,0,0,0
22,59,"D",1715,0,50,20,4,44,1,0,0,0,0,0,0,0,0,0,0
22,60,"B",2852,0,100,20,2,44,1,0,3,0,3,-3,3,-1,4,1,1
22,61,"D",2465,0,50,20,4,44,1,0,0,0,0,0,0,0,0,0,0
22,62,"B",2666,0,100,20,2,44,1,0,0,0,0,0,0,0,0,0,0
22,63,"B",1489,0,100,20,2,44,1,0,0,0,0,0,0,0,0,0,0
22,64,"B",1725,0,100,20,2,44,1,0,0,0,0,0,0,0,0,0,0
22,65,"D",1536,0,50,20,4,44,1,0,0,0,0,0,0,0,0,0,0
22,66,"D",2507,250,50,20,4,44,1,0,0,0,0,0,0,0,0,0,0
22,67,"A",2186,0,100,20,1,44,1,0,0,0,0,0,0,0,0,0,0
22,68,"A",1289,250,100,20,1,44,1,0,0,0,0,0,0,0,0,0,0
22,69,"B",819,0,100,20,2,44,1,0,0,0,0,0,0,0,0,0,0
22,70,"B",988,0,100,20,2,44,1,-2,3,-2,1,1,3,1,2,1,1
22,71,"D",3741,0,50,20,4,44,1,0,0,0,0,0,0,0,0,0,0
22,72,"B",1676,1250,100,20,2,44,1,0,0,0,0,0,0,0,0,0,0
22,73,"B",1301,0,100,20,2,44,1,0,0,0,0,0,0,0,0,0,0
22,74,"D",1296,0,50,20,4,44,1,0,0,0,0,0,0,0,0,0,0
22,75,"C",1292,0,50,20,3,44,1,0,0,0,0,0,0,0,0,0,0
22,76,"B",977,0,100,20,2,44,1,0,0,0,0,0,0,0,0,0,0
22,77,"D",1207,0,50,20,4,44,1,0,0,0,0,0,0,0,0,0,0
22,78,"B",984,0,100,20,2,44,1,0,0,0,0,0,0,0,0,0,0
22,79,"D",1606,0,50,20,4,44,1,0,0,0,0,0,0,0,0,0,0
22,80,"B",782,0,100,20,2,44,1,0,3,0,2,-3,3,1,3,0,1
22,81,"D",3654,0,50,20,4,44,1,0,0,0,0,0,0,0,0,0,0
22,82,"B",1856,0,100,20,2,44,1,0,0,0,0,0,0,0,0,0,0
22,83,"B",1852,0,100,20,2,44,1,0,0,0,0,0,0,0,0,0,0
22,84,"D",1075,0,50,20,4,44,1,0,0,0,0,0,0,0,0,0,0
22,85,"D",2091,0,50,20,4,44,1,0,0,0,0,0,0,0,0,0,0
22,86,"B",1137,0,100,20,2,44,1,0,0,0,0,0,0,0,0,0,0
22,87,"D",1690,0,50,20,4,44,1,0,0,0,0,0,0,0,0,0,0
22,88,"B",1197,0,100,20,2,44,1,0,0,0,0,0,0,0,0,0,0
22,89,"B",1254,0,100,20,2,44,1,0,0,0,0,0,0,0,0,0,0
22,90,"B",1393,0,100,20,2,44,1,-2,3,-1,3,1,4,1,4,1,1
22,91,"B",4056,0,100,20,2,44,1,0,0,0,0,0,0,0,0,0,0
22,92,"D",1972,250,50,20,4,44,1,0,0,0,0,0,0,0,0,0,0
22,93,"D",1443,0,50,20,4,44,1,0,0,0,0,0,0,0,0,0,0
22,94,"D",1268,0,50,20,4,44,1,0,0,0,0,0,0,0,0,0,0
22,95,"B",826,0,100,20,2,44,1,0,0,0,0,0,0,0,0,0,0
22,96,"B",2976,0,100,20,2,44,1,0,0,0,0,0,0,0,0,0,0
22,97,"C",1419,25,50,20,3,44,1,0,0,0,0,0,0,0,0,0,0
22,98,"A",601,350,100,20,1,44,1,0,0,0,0,0,0,0,0,0,0
22,99,"B",938,0,100,20,2,44,1,0,0,0,0,0,0,0,0,0,0
22,100,"D",1413,0,50,20,4,44,1,-4,3,-2,2,2,3,1,3,0,1
24,1,"C",1446,0,50,21,3,58,2,0,0,0,0,0,0,0,0,0,0
24,2,"D",1212,0,50,21,4,58,2,0,0,0,0,0,0,0,0,0,0
24,3,"D",930,0,50,21,4,58,2,0,0,0,0,0,0,0,0,0,0
24,4,"D",750,0,50,21,4,58,2,0,0,0,0,0,0,0,0,0,0
24,5,"C",628,0,50,21,3,58,2,0,0,0,0,0,0,0,0,0,0
24,6,"D",506,0,50,21,4,58,2,0,0,0,0,0,0,0,0,0,0
24,7,"D",975,0,50,21,4,58,2,0,0,0,0,0,0,0,0,0,0
24,8,"D",1709,0,50,21,4,58,2,0,0,0,0,0,0,0,0,0,0
24,9,"D",851,0,50,21,4,58,2,0,0,0,0,0,0,0,0,0,0
24,10,"C",774,50,50,21,3,58,2,0,0,-1,1,-2,-3,-2,0,0,1
24,11,"D",765,0,50,21,4,58,2,0,0,0,0,0,0,0,0,0,0
24,12,"B",875,0,100,21,2,58,2,0,0,0,0,0,0,0,0,0,0
24,13,"B",963,0,100,21,2,58,2,0,0,0,0,0,0,0,0,0,0
24,14,"B",699,0,100,21,2,58,2,0,0,0,0,0,0,0,0,0,0
24,15,"B",790,0,100,21,2,58,2,0,0,0,0,0,0,0,0,0,0
24,16,"B",972,0,100,21,2,58,2,0,0,0,0,0,0,0,0,0,0
24,17,"B",831,0,100,21,2,58,2,0,0,0,0,0,0,0,0,0,0
24,18,"B",878,0,100,21,2,58,2,0,0,0,0,0,0,0,0,0,0
24,19,"B",669,0,100,21,2,58,2,0,0,0,0,0,0,0,0,0,0
24,20,"B",763,1250,100,21,2,58,2,0,-1,0,2,-2,-1,-1,0,1,1
24,21,"A",1310,0,100,21,1,58,2,0,0,0,0,0,0,0,0,0,0
24,22,"A",1146,0,100,21,1,58,2,0,0,0,0,0,0,0,0,0,0
24,23,"A",864,150,100,21,1,58,2,0,0,0,0,0,0,0,0,0,0
24,24,"D",902,0,50,21,4,58,2,0,0,0,0,0,0,0,0,0,0
24,25,"B",796,0,100,21,2,58,2,0,0,0,0,0,0,0,0,0,0
24,26,"D",1076,250,50,21,4,58,2,0,0,0,0,0,0,0,0,0,0
24,27,"C",1068,0,50,21,3,58,2,0,0,0,0,0,0,0,0,0,0
24,28,"A",802,0,100,21,1,58,2,0,0,0,0,0,0,0,0,0,0
24,29,"D",851,0,50,21,4,58,2,0,0,0,0,0,0,0,0,0,0
24,30,"B",718,0,100,21,2,58,2,1,1,1,0,-1,-1,-1,-1,1,1
24,31,"C",1914,50,50,21,3,58,2,0,0,0,0,0,0,0,0,0,0
24,32,"D",1331,0,50,21,4,58,2,0,0,0,0,0,0,0,0,0,0
24,33,"A",1294,300,100,21,1,58,2,0,0,0,0,0,0,0,0,0,0
24,34,"D",649,0,50,21,4,58,2,0,0,0,0,0,0,0,0,0,0
24,35,"D",636,0,50,21,4,58,2,0,0,0,0,0,0,0,0,0,0
24,36,"D",677,0,50,21,4,58,2,0,0,0,0,0,0,0,0,0,0
24,37,"D",765,0,50,21,4,58,2,0,0,0,0,0,0,0,0,0,0
24,38,"D",726,0,50,21,4,58,2,0,0,0,0,0,0,0,0,0,0
24,39,"D",558,0,50,21,4,58,2,0,0,0,0,0,0,0,0,0,0
24,40,"D",742,0,50,21,4,58,2,-1,0,0,2,-1,-1,0,-1,0,1
24,41,"C",1672,0,50,21,3,58,2,0,0,0,0,0,0,0,0,0,0
24,42,"C",875,50,50,21,3,58,2,0,0,0,0,0,0,0,0,0,0
24,43,"B",809,0,100,21,2,58,2,0,0,0,0,0,0,0,0,0,0
24,44,"B",740,0,100,21,2,58,2,0,0,0,0,0,0,0,0,0,0
24,45,"B",879,1250,100,21,2,58,2,0,0,0,0,0,0,0,0,0,0
24,46,"D",752,250,50,21,4,58,2,0,0,0,0,0,0,0,0,0,0
24,47,"A",902,0,100,21,1,58,2,0,0,0,0,0,0,0,0,0,0
24,48,"A",726,200,100,21,1,58,2,0,0,0,0,0,0,0,0,0,0
24,49,"C",873,0,50,21,3,58,2,0,0,0,0,0,0,0,0,0,0
24,50,"D",1791,0,50,21,4,58,2,-2,-2,1,1,-1,-1,-1,-1,1,1
24,51,"D",680,0,50,21,4,58,2,0,0,0,0,0,0,0,0,0,0
24,52,"A",1496,0,100,21,1,58,2,0,0,0,0,0,0,0,0,0,0
24,53,"D",796,0,50,21,4,58,2,0,0,0,0,0,0,0,0,0,0
24,54,"A",732,250,100,21,1,58,2,0,0,0,0,0,0,0,0,0,0
24,55,"C",792,50,50,21,3,58,2,0,0,0,0,0,0,0,0,0,0
24,56,"D",1007,0,50,21,4,58,2,0,0,0,0,0,0,0,0,0,0
24,57,"B",1059,0,100,21,2,58,2,0,0,0,0,0,0,0,0,0,0
24,58,"D",742,0,50,21,4,58,2,0,0,0,0,0,0,0,0,0,0
24,59,"A",924,350,100,21,1,58,2,0,0,0,0,0,0,0,0,0,0
24,60,"D",727,0,50,21,4,58,2,-1,1,0,2,-1,-1,-1,-1,1,1
24,61,"C",2806,50,50,21,3,58,2,0,0,0,0,0,0,0,0,0,0
24,62,"D",716,0,50,21,4,58,2,0,0,0,0,0,0,0,0,0,0
24,63,"A",1120,0,100,21,1,58,2,0,0,0,0,0,0,0,0,0,0
24,64,"B",792,0,100,21,2,58,2,0,0,0,0,0,0,0,0,0,0
24,65,"D",1470,0,50,21,4,58,2,0,0,0,0,0,0,0,0,0,0
24,66,"C",1340,0,50,21,3,58,2,0,0,0,0,0,0,0,0,0,0
24,67,"A",2655,350,100,21,1,58,2,0,0,0,0,0,0,0,0,0,0
24,68,"D",825,250,50,21,4,58,2,0,0,0,0,0,0,0,0,0,0
24,69,"C",1624,25,50,21,3,58,2,0,0,0,0,0,0,0,0,0,0
24,70,"D",1695,0,50,21,4,58,2,-2,1,-1,-1,0,-1,0,0,1,1
24,71,"B",1759,0,100,21,2,58,2,0,0,0,0,0,0,0,0,0,0
24,72,"B",714,0,100,21,2,58,2,0,0,0,0,0,0,0,0,0,0
24,73,"B",1119,0,100,21,2,58,2,0,0,0,0,0,0,0,0,0,0
24,74,"B",712,0,100,21,2,58,2,0,0,0,0,0,0,0,0,0,0
24,75,"B",724,1250,100,21,2,58,2,0,0,0,0,0,0,0,0,0,0
24,76,"C",673,75,50,21,3,58,2,0,0,0,0,0,0,0,0,0,0
24,77,"D",1439,0,50,21,4,58,2,0,0,0,0,0,0,0,0,0,0
24,78,"C",2879,0,50,21,3,58,2,0,0,0,0,0,0,0,0,0,0
24,79,"C",1340,0,50,21,3,58,2,0,0,0,0,0,0,0,0,0,0
24,80,"D",938,0,50,21,4,58,2,0,-2,1,2,-1,1,0,0,1,1
24,81,"D",3576,0,50,21,4,58,2,0,0,0,0,0,0,0,0,0,0
24,82,"C",4975,0,50,21,3,58,2,0,0,0,0,0,0,0,0,0,0
24,83,"C",1996,25,50,21,3,58,2,0,0,0,0,0,0,0,0,0,0
24,84,"B",837,0,100,21,2,58,2,0,0,0,0,0,0,0,0,0,0
24,85,"D",1061,0,50,21,4,58,2,0,0,0,0,0,0,0,0,0,0
24,86,"D",1675,250,50,21,4,58,2,0,0,0,0,0,0,0,0,0,0
24,87,"A",2388,0,100,21,1,58,2,0,0,0,0,0,0,0,0,0,0
24,88,"D",1819,0,50,21,4,58,2,0,0,0,0,0,0,0,0,0,0
24,89,"B",1966,0,100,21,2,58,2,0,0,0,0,0,0,0,0,0,0
24,90,"B",1505,0,100,21,2,58,2,0,2,1,2,0,1,-1,1,1,1
24,91,"D",2201,0,50,21,4,58,2,0,0,0,0,0,0,0,0,0,0
24,92,"A",730,250,100,21,1,58,2,0,0,0,0,0,0,0,0,0,0
24,93,"B",1013,0,100,21,2,58,2,0,0,0,0,0,0,0,0,0,0
24,94,"B",1912,0,100,21,2,58,2,0,0,0,0,0,0,0,0,0,0
24,95,"D",886,0,50,21,4,58,2,0,0,0,0,0,0,0,0,0,0
24,96,"D",2039,0,50,21,4,58,2,0,0,0,0,0,0,0,0,0,0
24,97,"D",2531,0,50,21,4,58,2,0,0,0,0,0,0,0,0,0,0
24,98,"B",2398,0,100,21,2,58,2,0,0,0,0,0,0,0,0,0,0
24,99,"B",2103,0,100,21,2,58,2,0,0,0,0,0,0,0,0,0,0
24,100,"D",1670,0,50,21,4,58,2,0,2,0,2,-1,1,0,1,0,1
26,1,"A",548,0,100,22,1,33,1,0,0,0,0,0,0,0,0,0,0
26,2,"D",1559,0,50,22,4,33,1,0,0,0,0,0,0,0,0,0,0
26,3,"A",959,0,100,22,1,33,1,0,0,0,0,0,0,0,0,0,0
26,4,"A",528,150,100,22,1,33,1,0,0,0,0,0,0,0,0,0,0
26,5,"B",491,0,100,22,2,33,1,0,0,0,0,0,0,0,0,0,0
26,6,"D",807,0,50,22,4,33,1,0,0,0,0,0,0,0,0,0,0
26,7,"B",1159,0,100,22,2,33,1,0,0,0,0,0,0,0,0,0,0
26,8,"C",519,0,50,22,3,33,1,0,0,0,0,0,0,0,0,0,0
26,9,"D",536,0,50,22,4,33,1,0,0,0,0,0,0,0,0,0,0
26,10,"B",1093,0,100,22,2,33,1,2,2,2,0,-2,-2,-3,-3,0,1
26,11,"A",1027,0,100,22,1,33,1,0,0,0,0,0,0,0,0,0,0
26,12,"B",888,0,100,22,2,33,1,0,0,0,0,0,0,0,0,0,0
26,13,"D",547,0,50,22,4,33,1,0,0,0,0,0,0,0,0,0,0
26,14,"C",577,0,50,22,3,33,1,0,0,0,0,0,0,0,0,0,0
26,15,"B",508,0,100,22,2,33,1,0,0,0,0,0,0,0,0,0,0
26,16,"B",522,0,100,22,2,33,1,0,0,0,0,0,0,0,0,0,0
26,17,"B",509,0,100,22,2,33,1,0,0,0,0,0,0,0,0,0,0
26,18,"B",490,0,100,22,2,33,1,0,0,0,0,0,0,0,0,0,0
26,19,"B",549,1250,100,22,2,33,1,0,0,0,0,0,0,0,0,0,0
26,20,"D",667,0,50,22,4,33,1,1,-1,1,1,1,3,-2,-2,1,1
26,21,"B",780,0,100,22,2,33,1,0,0,0,0,0,0,0,0,0,0
26,22,"B",513,0,100,22,2,33,1,0,0,0,0,0,0,0,0,0,0
26,23,"A",1407,300,100,22,1,33,1,0,0,0,0,0,0,0,0,0,0
26,24,"D",634,0,50,22,4,33,1,0,0,0,0,0,0,0,0,0,0
26,25,"D",474,0,50,22,4,33,1,0,0,0,0,0,0,0,0,0,0
26,26,"B",537,0,100,22,2,33,1,0,0,0,0,0,0,0,0,0,0
26,27,"A",500,0,100,22,1,33,1,0,0,0,0,0,0,0,0,0,0
26,28,"B",503,0,100,22,2,33,1,0,0,0,0,0,0,0,0,0,0
26,29,"D",631,0,50,22,4,33,1,0,0,0,0,0,0,0,0,0,0
26,30,"D",484,0,50,22,4,33,1,0,1,2,2,3,4,-4,-4,1,1
26,31,"B",3858,1250,100,22,2,33,1,0,0,0,0,0,0,0,0,0,0
26,32,"A",727,200,100,22,1,33,1,0,0,0,0,0,0,0,0,0,0
26,33,"A",559,0,100,22,1,33,1,0,0,0,0,0,0,0,0,0,0
26,34,"A",738,250,100,22,1,33,1,0,0,0,0,0,0,0,0,0,0
26,35,"B",534,0,100,22,2,33,1,0,0,0,0,0,0,0,0,0,0
26,36,"B",488,0,100,22,2,33,1,0,0,0,0,0,0,0,0,0,0
26,37,"B",648,0,100,22,2,33,1,0,0,0,0,0,0,0,0,0,0
26,38,"B",588,0,100,22,2,33,1,0,0,0,0,0,0,0,0,0,0
26,39,"A",690,350,100,22,1,33,1,0,0,0,0,0,0,0,0,0,0
26,40,"B",589,0,100,22,2,33,1,-1,1,1,1,3,3,-4,-4,2,1
26,41,"A",2445,0,100,22,1,33,1,0,0,0,0,0,0,0,0,0,0
26,42,"D",1474,250,50,22,4,33,1,0,0,0,0,0,0,0,0,0,0
26,43,"C",593,50,50,22,3,33,1,0,0,0,0,0,0,0,0,0,0
26,44,"C",521,0,50,22,3,33,1,0,0,0,0,0,0,0,0,0,0
26,45,"B",658,0,100,22,2,33,1,0,0,0,0,0,0,0,0,0,0
26,46,"B",581,1250,100,22,2,33,1,0,0,0,0,0,0,0,0,0,0
26,47,"D",584,0,50,22,4,33,1,0,0,0,0,0,0,0,0,0,0
26,48,"D",525,0,50,22,4,33,1,0,0,0,0,0,0,0,0,0,0
26,49,"D",664,0,50,22,4,33,1,0,0,0,0,0,0,0,0,0,0
26,50,"A",846,350,100,22,1,33,1,-2,-3,0,0,3,4,-2,0,2,1
26,51,"A",683,0,100,22,1,33,1,0,0,0,0,0,0,0,0,0,0
26,52,"B",478,0,100,22,2,33,1,0,0,0,0,0,0,0,0,0,0
26,53,"D",551,0,50,22,4,33,1,0,0,0,0,0,0,0,0,0,0
26,54,"B",765,0,100,22,2,33,1,0,0,0,0,0,0,0,0,0,0
26,55,"A",687,250,100,22,1,33,1,0,0,0,0,0,0,0,0,0,0
26,56,"B",490,0,100,22,2,33,1,0,0,0,0,0,0,0,0,0,0
26,57,"D",838,0,50,22,4,33,1,0,0,0,0,0,0,0,0,0,0
26,58,"D",566,0,50,22,4,33,1,0,0,0,0,0,0,0,0,0,0
26,59,"B",479,0,100,22,2,33,1,0,0,0,0,0,0,0,0,0,0
26,60,"A",505,200,100,22,1,33,1,-1,-1,0,0,3,3,-3,-4,2,1
26,61,"A",981,0,100,22,1,33,1,0,0,0,0,0,0,0,0,0,0
26,62,"B",466,0,100,22,2,33,1,0,0,0,0,0,0,0,0,0,0
26,63,"D",456,0,50,22,4,33,1,0,0,0,0,0,0,0,0,0,0
26,64,"D",483,0,50,22,4,33,1,0,0,0,0,0,0,0,0,0,0
26,65,"C",396,50,50,22,3,33,1,0,0,0,0,0,0,0,0,0,0
26,66,"D",420,0,50,22,4,33,1,0,0,0,0,0,0,0,0,0,0
26,67,"B",1390,0,100,22,2,33,1,0,0,0,0,0,0,0,0,0,0
26,68,"A",597,300,100,22,1,33,1,0,0,0,0,0,0,0,0,0,0
26,69,"B",533,0,100,22,2,33,1,0,0,0,0,0,0,0,0,0,0
26,70,"B",704,0,100,22,2,33,1,-1,2,-1,1,3,3,-2,-2,2,1
26,71,"B",787,0,100,22,2,33,1,0,0,0,0,0,0,0,0,0,0
26,72,"A",635,150,100,22,1,33,1,0,0,0,0,0,0,0,0,0,0
26,73,"D",623,250,50,22,4,33,1,0,0,0,0,0,0,0,0,0,0
26,74,"D",628,0,50,22,4,33,1,0,0,0,0,0,0,0,0,0,0
26,75,"B",610,0,100,22,2,33,1,0,0,0,0,0,0,0,0,0,0
26,76,"B",669,1250,100,22,2,33,1,0,0,0,0,0,0,0,0,0,0
26,77,"C",637,0,50,22,3,33,1,0,0,0,0,0,0,0,0,0,0
26,78,"C",950,50,50,22,3,33,1,0,0,0,0,0,0,0,0,0,0
26,79,"D",804,0,50,22,4,33,1,0,0,0,0,0,0,0,0,0,0
26,80,"D",740,0,50,22,4,33,1,0,-2,0,0,4,4,-2,-2,2,1
26,81,"A",675,0,100,22,1,33,1,0,0,0,0,0,0,0,0,0,0
26,82,"A",643,0,100,22,1,33,1,0,0,0,0,0,0,0,0,0,0
26,83,"B",702,0,100,22,2,33,1,0,0,0,0,0,0,0,0,0,0
26,84,"D",644,0,50,22,4,33,1,0,0,0,0,0,0,0,0,0,0
26,85,"B",605,0,100,22,2,33,1,0,0,0,0,0,0,0,0,0,0
26,86,"B",653,0,100,22,2,33,1,0,0,0,0,0,0,0,0,0,0
26,87,"A",599,0,100,22,1,33,1,0,0,0,0,0,0,0,0,0,0
26,88,"B",635,0,100,22,2,33,1,0,0,0,0,0,0,0,0,0,0
26,89,"B",715,0,100,22,2,33,1,0,0,0,0,0,0,0,0,0,0
26,90,"A",566,300,100,22,1,33,1,1,1,0,0,4,4,-2,-3,2,1
26,91,"A",1366,0,100,22,1,33,1,0,0,0,0,0,0,0,0,0,0
26,92,"B",844,0,100,22,2,33,1,0,0,0,0,0,0,0,0,0,0
26,93,"A",557,350,100,22,1,33,1,0,0,0,0,0,0,0,0,0,0
26,94,"D",525,0,50,22,4,33,1,0,0,0,0,0,0,0,0,0,0
26,95,"C",533,0,50,22,3,33,1,0,0,0,0,0,0,0,0,0,0
26,96,"B",464,0,100,22,2,33,1,0,0,0,0,0,0,0,0,0,0
26,97,"B",598,0,100,22,2,33,1,0,0,0,0,0,0,0,0,0,0
26,98,"B",575,0,100,22,2,33,1,0,0,0,0,0,0,0,0,0,0
26,99,"A",674,0,100,22,1,33,1,0,0,0,0,0,0,0,0,0,0
26,100,"B",549,0,100,22,2,33,1,2,2,1,1,4,4,-3,-3,2,1
27,1,"C",9829,0,50,23,3,39,1,0,0,0,0,0,0,0,0,0,0
27,2,"D",1306,0,50,23,4,39,1,0,0,0,0,0,0,0,0,0,0
27,3,"C",1083,0,50,23,3,39,1,0,0,0,0,0,0,0,0,0,0
27,4,"D",579,0,50,23,4,39,1,0,0,0,0,0,0,0,0,0,0
27,5,"C",1014,50,50,23,3,39,1,0,0,0,0,0,0,0,0,0,0
27,6,"D",1281,0,50,23,4,39,1,0,0,0,0,0,0,0,0,0,0
27,7,"C",1178,0,50,23,3,39,1,0,0,0,0,0,0,0,0,0,0
27,8,"D",1283,0,50,23,4,39,1,0,0,0,0,0,0,0,0,0,0
27,9,"C",563,50,50,23,3,39,1,0,0,0,0,0,0,0,0,0,0
27,10,"C",723,0,50,23,3,39,1,0,0,3,3,1,1,3,3,0,1
27,11,"B",1398,0,100,23,2,39,1,0,0,0,0,0,0,0,0,0,0
27,12,"A",625,0,100,23,1,39,1,0,0,0,0,0,0,0,0,0,0
27,13,"C",1902,50,50,23,3,39,1,0,0,0,0,0,0,0,0,0,0
27,14,"D",1168,0,50,23,4,39,1,0,0,0,0,0,0,0,0,0,0
27,15,"B",1011,0,100,23,2,39,1,0,0,0,0,0,0,0,0,0,0
27,16,"A",662,0,100,23,1,39,1,0,0,0,0,0,0,0,0,0,0
27,17,"B",1084,0,100,23,2,39,1,0,0,0,0,0,0,0,0,0,0
27,18,"B",572,0,100,23,2,39,1,0,0,0,0,0,0,0,0,0,0
27,19,"B",618,0,100,23,2,39,1,0,0,0,0,0,0,0,0,0,0
27,20,"B",869,0,100,23,2,39,1,2,2,2,2,3,3,3,3,-1,1
27,21,"B",496,0,100,23,2,39,1,0,0,0,0,0,0,0,0,0,0
27,22,"A",605,150,100,23,1,39,1,0,0,0,0,0,0,0,0,0,0
27,23,"B",646,0,100,23,2,39,1,0,0,0,0,0,0,0,0,0,0
27,24,"C",591,0,50,23,3,39,1,0,0,0,0,0,0,0,0,0,0
27,25,"D",1141,0,50,23,4,39,1,0,0,0,0,0,0,0,0,0,0
27,26,"B",586,1250,100,23,2,39,1,0,0,0,0,0,0,0,0,0,0
27,27,"C",752,50,50,23,3,39,1,0,0,0,0,0,0,0,0,0,0
27,28,"D",656,0,50,23,4,39,1,0,0,0,0,0,0,0,0,0,0
27,29,"D",971,0,50,23,4,39,1,0,0,0,0,0,0,0,0,0,0
27,30,"D",863,0,50,23,4,39,1,-1,-2,0,2,1,1,0,2,-1,1
27,31,"B",746,0,100,23,2,39,1,0,0,0,0,0,0,0,0,0,0
27,32,"B",608,0,100,23,2,39,1,0,0,0,0,0,0,0,0,0,0
27,33,"B",601,0,100,23,2,39,1,0,0,0,0,0,0,0,0,0,0
27,34,"B",838,0,100,23,2,39,1,0,0,0,0,0,0,0,0,0,0
27,35,"B",929,1250,100,23,2,39,1,0,0,0,0,0,0,0,0,0,0
27,36,"C",772,50,50,23,3,39,1,0,0,0,0,0,0,0,0,0,0
27,37,"D",504,250,50,23,4,39,1,0,0,0,0,0,0,0,0,0,0
27,38,"A",504,0,100,23,1,39,1,0,0,0,0,0,0,0,0,0,0
27,39,"A",702,300,100,23,1,39,1,0,0,0,0,0,0,0,0,0,0
27,40,"B",579,0,100,23,2,39,1,-1,-1,-1,-1,1,1,1,1,0,1
27,41,"B",1174,0,100,23,2,39,1,0,0,0,0,0,0,0,0,0,0
27,42,"B",807,0,100,23,2,39,1,0,0,0,0,0,0,0,0,0,0
27,43,"D",639,0,50,23,4,39,1,0,0,0,0,0,0,0,0,0,0
27,44,"C",527,0,50,23,3,39,1,0,0,0,0,0,0,0,0,0,0
27,45,"B",872,0,100,23,2,39,1,0,0,0,0,0,0,0,0,0,0
27,46,"A",1075,0,100,23,1,39,1,0,0,0,0,0,0,0,0,0,0
27,47,"B",1220,0,100,23,2,39,1,0,0,0,0,0,0,0,0,0,0
27,48,"B",1150,0,100,23,2,39,1,0,0,0,0,0,0,0,0,0,0
27,49,"B",1133,1250,100,23,2,39,1,0,0,0,0,0,0,0,0,0,0
27,50,"A",824,200,100,23,1,39,1,-1,-1,0,0,1,1,1,1,0,1
27,51,"B",917,0,100,23,2,39,1,0,0,0,0,0,0,0,0,0,0
27,52,"B",454,0,100,23,2,39,1,0,0,0,0,0,0,0,0,0,0
27,53,"B",484,0,100,23,2,39,1,0,0,0,0,0,0,0,0,0,0
27,54,"C",580,25,50,23,3,39,1,0,0,0,0,0,0,0,0,0,0
27,55,"B",704,0,100,23,2,39,1,0,0,0,0,0,0,0,0,0,0
27,56,"B",966,0,100,23,2,39,1,0,0,0,0,0,0,0,0,0,0
27,57,"B",725,0,100,23,2,39,1,0,0,0,0,0,0,0,0,0,0
27,58,"B",897,0,100,23,2,39,1,0,0,0,0,0,0,0,0,0,0
27,59,"B",612,0,100,23,2,39,1,0,0,0,0,0,0,0,0,0,0
27,60,"B",1119,0,100,23,2,39,1,0,3,-1,0,0,1,1,0,0,1
27,61,"B",1038,0,100,23,2,39,1,0,0,0,0,0,0,0,0,0,0
27,62,"B",871,1250,100,23,2,39,1,0,0,0,0,0,0,0,0,0,0
27,63,"C",517,75,50,23,3,39,1,0,0,0,0,0,0,0,0,0,0
27,64,"D",669,0,50,23,4,39,1,0,0,0,0,0,0,0,0,0,0
27,65,"A",526,0,100,23,1,39,1,0,0,0,0,0,0,0,0,0,0
27,66,"A",798,250,100,23,1,39,1,0,0,0,0,0,0,0,0,0,0
27,67,"B",766,0,100,23,2,39,1,0,0,0,0,0,0,0,0,0,0
27,68,"B",719,0,100,23,2,39,1,0,0,0,0,0,0,0,0,0,0
27,69,"B",800,0,100,23,2,39,1,0,0,0,0,0,0,0,0,0,0
27,70,"B",667,0,100,23,2,39,1,0,3,0,0,1,1,1,1,0,1
27,71,"C",1781,0,50,23,3,39,1,0,0,0,0,0,0,0,0,0,0
27,72,"C",1577,0,50,23,3,39,1,0,0,0,0,0,0,0,0,0,0
27,73,"D",609,0,50,23,4,39,1,0,0,0,0,0,0,0,0,0,0
27,74,"A",726,350,100,23,1,39,1,0,0,0,0,0,0,0,0,0,0
27,75,"B",1135,0,100,23,2,39,1,0,0,0,0,0,0,0,0,0,0
27,76,"C",587,0,50,23,3,39,1,0,0,0,0,0,0,0,0,0,0
27,77,"D",657,0,50,23,4,39,1,0,0,0,0,0,0,0,0,0,0
27,78,"A",641,0,100,23,1,39,1,0,0,0,0,0,0,0,0,0,0
27,79,"B",566,0,100,23,2,39,1,0,0,0,0,0,0,0,0,0,0
27,80,"C",751,25,50,23,3,39,1,2,1,-1,-1,1,1,0,1,0,1
27,81,"B",1694,0,100,23,2,39,1,0,0,0,0,0,0,0,0,0,0
27,82,"C",1249,75,50,23,3,39,1,0,0,0,0,0,0,0,0,0,0
27,83,"A",492,350,100,23,1,39,1,0,0,0,0,0,0,0,0,0,0
27,84,"D",624,0,50,23,4,39,1,0,0,0,0,0,0,0,0,0,0
27,85,"A",792,0,100,23,1,39,1,0,0,0,0,0,0,0,0,0,0
27,86,"B",566,0,100,23,2,39,1,0,0,0,0,0,0,0,0,0,0
27,87,"C",774,0,50,23,3,39,1,0,0,0,0,0,0,0,0,0,0
27,88,"C",1073,50,50,23,3,39,1,0,0,0,0,0,0,0,0,0,0
27,89,"B",623,0,100,23,2,39,1,0,0,0,0,0,0,0,0,0,0
27,90,"C",3216,0,50,23,3,39,1,1,0,0,0,0,1,1,0,0,1
27,91,"C",895,0,50,23,3,39,1,0,0,0,0,0,0,0,0,0,0
27,92,"C",707,0,50,23,3,39,1,0,0,0,0,0,0,0,0,0,0
27,93,"C",694,50,50,23,3,39,1,0,0,0,0,0,0,0,0,0,0
27,94,"B",567,0,100,23,2,39,1,0,0,0,0,0,0,0,0,0,0
27,95,"B",1399,0,100,23,2,39,1,0,0,0,0,0,0,0,0,0,0
27,96,"A",815,250,100,23,1,39,1,0,0,0,0,0,0,0,0,0,0
27,97,"B",856,0,100,23,2,39,1,0,0,0,0,0,0,0,0,0,0
27,98,"B",862,0,100,23,2,39,1,0,0,0,0,0,0,0,0,0,0
27,99,"B",1092,0,100,23,2,39,1,0,0,0,0,0,0,0,0,0,0
27,100,"B",1111,0,100,23,2,39,1,-2,3,0,0,1,1,1,1,1,1
29,1,"B",1903,0,100,24,2,36,1,0,0,0,0,0,0,0,0,0,0
29,2,"B",1406,0,100,24,2,36,1,0,0,0,0,0,0,0,0,0,0
29,3,"B",1649,0,100,24,2,36,1,0,0,0,0,0,0,0,0,0,0
29,4,"D",4125,0,50,24,4,36,1,0,0,0,0,0,0,0,0,0,0
29,5,"B",1743,0,100,24,2,36,1,0,0,0,0,0,0,0,0,0,0
29,6,"B",1933,0,100,24,2,36,1,0,0,0,0,0,0,0,0,0,0
29,7,"B",1792,0,100,24,2,36,1,0,0,0,0,0,0,0,0,0,0
29,8,"B",2678,0,100,24,2,36,1,0,0,0,0,0,0,0,0,0,0
29,9,"B",2528,0,100,24,2,36,1,0,0,0,0,0,0,0,0,0,0
29,10,"B",2564,1250,100,24,2,36,1,-2,3,-3,2,3,-1,3,-1,-1,1
29,11,"D",1699,0,50,24,4,36,1,0,0,0,0,0,0,0,0,0,0
29,12,"C",1398,0,50,24,3,36,1,0,0,0,0,0,0,0,0,0,0
29,13,"B",3263,0,100,24,2,36,1,0,0,0,0,0,0,0,0,0,0
29,14,"A",2581,0,100,24,1,36,1,0,0,0,0,0,0,0,0,0,0
29,15,"B",2012,0,100,24,2,36,1,0,0,0,0,0,0,0,0,0,0
29,16,"A",2584,0,100,24,1,36,1,0,0,0,0,0,0,0,0,0,0
29,17,"B",4726,0,100,24,2,36,1,0,0,0,0,0,0,0,0,0,0
29,18,"A",1203,150,100,24,1,36,1,0,0,0,0,0,0,0,0,0,0
29,19,"B",1483,0,100,24,2,36,1,0,0,0,0,0,0,0,0,0,0
29,20,"B",1060,1250,100,24,2,36,1,-3,3,0,2,3,1,0,1,-1,1
29,21,"C",2410,0,50,24,3,36,1,0,0,0,0,0,0,0,0,0,0
29,22,"D",929,0,50,24,4,36,1,0,0,0,0,0,0,0,0,0,0
29,23,"C",1647,50,50,24,3,36,1,0,0,0,0,0,0,0,0,0,0
29,24,"B",1271,0,100,24,2,36,1,0,0,0,0,0,0,0,0,0,0
29,25,"B",1069,0,100,24,2,36,1,0,0,0,0,0,0,0,0,0,0
29,26,"B",1662,0,100,24,2,36,1,0,0,0,0,0,0,0,0,0,0
29,27,"B",916,0,100,24,2,36,1,0,0,0,0,0,0,0,0,0,0
29,28,"B",1333,0,100,24,2,36,1,0,0,0,0,0,0,0,0,0,0
29,29,"B",1615,0,100,24,2,36,1,0,0,0,0,0,0,0,0,0,0
29,30,"B",2403,1250,100,24,2,36,1,0,2,0,0,0,2,2,2,-1,1
29,31,"B",2854,0,100,24,2,36,1,0,0,0,0,0,0,0,0,0,0
29,32,"A",874,0,100,24,1,36,1,0,0,0,0,0,0,0,0,0,0
29,33,"B",888,0,100,24,2,36,1,0,0,0,0,0,0,0,0,0,0
29,34,"A",1100,300,100,24,1,36,1,0,0,0,0,0,0,0,0,0,0
29,35,"D",3681,0,50,24,4,36,1,0,0,0,0,0,0,0,0,0,0
29,36,"C",1283,0,50,24,3,36,1,0,0,0,0,0,0,0,0,0,0
29,37,"B",1259,0,100,24,2,36,1,0,0,0,0,0,0,0,0,0,0
29,38,"D",2031,0,50,24,4,36,1,0,0,0,0,0,0,0,0,0,0
29,39,"C",1367,50,50,24,3,36,1,0,0,0,0,0,0,0,0,0,0
29,40,"D",2275,0,50,24,4,36,1,-3,3,0,2,2,-1,2,2,-1,1
29,41,"A",2214,0,100,24,1,36,1,0,0,0,0,0,0,0,0,0,0
29,42,"A",1674,200,100,24,1,36,1,0,0,0,0,0,0,0,0,0,0
29,43,"B",1192,0,100,24,2,36,1,0,0,0,0,0,0,0,0,0,0
29,44,"D",852,0,50,24,4,36,1,0,0,0,0,0,0,0,0,0,0
29,45,"B",1001,0,100,24,2,36,1,0,0,0,0,0,0,0,0,0,0
29,46,"D",1369,0,50,24,4,36,1,0,0,0,0,0,0,0,0,0,0
29,47,"C",901,0,50,24,3,36,1,0,0,0,0,0,0,0,0,0,0
29,48,"D",987,0,50,24,4,36,1,0,0,0,0,0,0,0,0,0,0
29,49,"B",1260,0,100,24,2,36,1,0,0,0,0,0,0,0,0,0,0
29,50,"B",1518,0,100,24,2,36,1,-1,3,2,1,1,0,2,2,-1,1
29,51,"B",3926,0,100,24,2,36,1,0,0,0,0,0,0,0,0,0,0
29,52,"D",795,250,50,24,4,36,1,0,0,0,0,0,0,0,0,0,0
29,53,"B",1019,0,100,24,2,36,1,0,0,0,0,0,0,0,0,0,0
29,54,"A",1511,0,100,24,1,36,1,0,0,0,0,0,0,0,0,0,0
29,55,"C",845,50,50,24,3,36,1,0,0,0,0,0,0,0,0,0,0
29,56,"B",1373,0,100,24,2,36,1,0,0,0,0,0,0,0,0,0,0
29,57,"A",880,250,100,24,1,36,1,0,0,0,0,0,0,0,0,0,0
29,58,"B",1249,1250,100,24,2,36,1,0,0,0,0,0,0,0,0,0,0
29,59,"D",1236,0,50,24,4,36,1,0,0,0,0,0,0,0,0,0,0
29,60,"B",1477,0,100,24,2,36,1,-2,1,-2,-2,2,2,3,2,-1,1
29,61,"A",4806,350,100,24,1,36,1,0,0,0,0,0,0,0,0,0,0
29,62,"B",1668,0,100,24,2,36,1,0,0,0,0,0,0,0,0,0,0
29,63,"D",842,0,50,24,4,36,1,0,0,0,0,0,0,0,0,0,0
29,64,"B",859,0,100,24,2,36,1,0,0,0,0,0,0,0,0,0,0
29,65,"D",944,0,50,24,4,36,1,0,0,0,0,0,0,0,0,0,0
29,66,"B",1142,0,100,24,2,36,1,0,0,0,0,0,0,0,0,0,0
29,67,"D",756,0,50,24,4,36,1,0,0,0,0,0,0,0,0,0,0
29,68,"B",932,0,100,24,2,36,1,0,0,0,0,0,0,0,0,0,0
29,69,"D",912,0,50,24,4,36,1,0,0,0,0,0,0,0,0,0,0
29,70,"D",2335,0,50,24,4,36,1,1,4,-3,3,1,2,3,2,-1,1
29,71,"C",4126,0,50,24,3,36,1,0,0,0,0,0,0,0,0,0,0
29,72,"D",771,0,50,24,4,36,1,0,0,0,0,0,0,0,0,0,0
29,73,"B",1104,0,100,24,2,36,1,0,0,0,0,0,0,0,0,0,0
29,74,"A",1086,0,100,24,1,36,1,0,0,0,0,0,0,0,0,0,0
29,75,"B",1247,0,100,24,2,36,1,0,0,0,0,0,0,0,0,0,0
29,76,"A",496,350,100,24,1,36,1,0,0,0,0,0,0,0,0,0,0
29,77,"B",949,0,100,24,2,36,1,0,0,0,0,0,0,0,0,0,0
29,78,"C",1418,50,50,24,3,36,1,0,0,0,0,0,0,0,0,0,0
29,79,"D",1086,0,50,24,4,36,1,0,0,0,0,0,0,0,0,0,0
29,80,"B",199,0,100,24,2,36,1,-2,3,-2,3,3,3,3,3,-1,1
29,81,"A",895,0,100,24,1,36,1,0,0,0,0,0,0,0,0,0,0
29,82,"B",1251,0,100,24,2,36,1,0,0,0,0,0,0,0,0,0,0
29,83,"A",1461,250,100,24,1,36,1,0,0,0,0,0,0,0,0,0,0
29,84,"D",763,0,50,24,4,36,1,0,0,0,0,0,0,0,0,0,0
29,85,"B",940,0,100,24,2,36,1,0,0,0,0,0,0,0,0,0,0
29,86,"B",919,0,100,24,2,36,1,0,0,0,0,0,0,0,0,0,0
29,87,"B",976,0,100,24,2,36,1,0,0,0,0,0,0,0,0,0,0
29,88,"B",924,0,100,24,2,36,1,0,0,0,0,0,0,0,0,0,0
29,89,"B",1035,0,100,24,2,36,1,0,0,0,0,0,0,0,0,0,0
29,90,"B",839,0,100,24,2,36,1,-2,4,-1,-1,2,-1,1,1,-1,1
29,91,"B",1070,1250,100,24,2,36,1,0,0,0,0,0,0,0,0,0,0
29,92,"D",889,250,50,24,4,36,1,0,0,0,0,0,0,0,0,0,0
29,93,"C",861,50,50,24,3,36,1,0,0,0,0,0,0,0,0,0,0
29,94,"A",688,200,100,24,1,36,1,0,0,0,0,0,0,0,0,0,0
29,95,"C",730,0,50,24,3,36,1,0,0,0,0,0,0,0,0,0,0
29,96,"C",856,25,50,24,3,36,1,0,0,0,0,0,0,0,0,0,0
29,97,"C",2172,75,50,24,3,36,1,0,0,0,0,0,0,0,0,0,0
29,98,"D",775,0,50,24,4,36,1,0,0,0,0,0,0,0,0,0,0
29,99,"D",795,0,50,24,4,36,1,0,0,0,0,0,0,0,0,0,0
29,100,"D",1010,0,50,24,4,36,1,-3,-3,-2,1,3,3,3,3,1,1
30,1,"D",1715,0,50,25,4,45,1,0,0,0,0,0,0,0,0,0,0
30,2,"D",1516,0,50,25,4,45,1,0,0,0,0,0,0,0,0,0,0
30,3,"B",2395,0,100,25,2,45,1,0,0,0,0,0,0,0,0,0,0
30,4,"A",192,0,100,25,1,45,1,0,0,0,0,0,0,0,0,0,0
30,5,"C",1294,0,50,25,3,45,1,0,0,0,0,0,0,0,0,0,0
30,6,"B",1842,0,100,25,2,45,1,0,0,0,0,0,0,0,0,0,0
30,7,"D",955,0,50,25,4,45,1,0,0,0,0,0,0,0,0,0,0
30,8,"A",947,0,100,25,1,45,1,0,0,0,0,0,0,0,0,0,0
30,9,"B",1912,0,100,25,2,45,1,0,0,0,0,0,0,0,0,0,0
30,10,"A",1863,150,100,25,1,45,1,-3,4,4,3,2,2,2,2,1,1
30,11,"D",1845,0,50,25,4,45,1,0,0,0,0,0,0,0,0,0,0
30,12,"A",8683,0,100,25,1,45,1,0,0,0,0,0,0,0,0,0,0
30,13,"A",1258,300,100,25,1,45,1,0,0,0,0,0,0,0,0,0,0
30,14,"C",3052,0,50,25,3,45,1,0,0,0,0,0,0,0,0,0,0
30,15,"D",409,0,50,25,4,45,1,0,0,0,0,0,0,0,0,0,0
30,16,"A",487,0,100,25,1,45,1,0,0,0,0,0,0,0,0,0,0
30,17,"A",3084,200,100,25,1,45,1,0,0,0,0,0,0,0,0,0,0
30,18,"B",830,0,100,25,2,45,1,0,0,0,0,0,0,0,0,0,0
30,19,"C",2275,50,50,25,3,45,1,0,0,0,0,0,0,0,0,0,0
30,20,"D",1156,0,50,25,4,45,1,-4,3,3,3,4,2,2,1,2,1
30,21,"A",483,0,100,25,1,45,1,0,0,0,0,0,0,0,0,0,0
30,22,"D",1769,0,50,25,4,45,1,0,0,0,0,0,0,0,0,0,0
30,23,"B",2468,0,100,25,2,45,1,0,0,0,0,0,0,0,0,0,0
30,24,"C",683,0,50,25,3,45,1,0,0,0,0,0,0,0,0,0,0
30,25,"C",1220,50,50,25,3,45,1,0,0,0,0,0,0,0,0,0,0
30,26,"C",1526,0,50,25,3,45,1,0,0,0,0,0,0,0,0,0,0
30,27,"A",8530,250,100,25,1,45,1,0,0,0,0,0,0,0,0,0,0
30,28,"B",15640,0,100,25,2,45,1,0,0,0,0,0,0,0,0,0,0
30,29,"A",1049,350,100,25,1,45,1,0,0,0,0,0,0,0,0,0,0
30,30,"B",8388,0,100,25,2,45,1,3,4,4,-4,4,1,2,4,3,1
30,31,"D",1131,0,50,25,4,45,1,0,0,0,0,0,0,0,0,0,0
30,32,"A",2250,0,100,25,1,45,1,0,0,0,0,0,0,0,0,0,0
30,33,"A",1996,350,100,25,1,45,1,0,0,0,0,0,0,0,0,0,0
30,34,"D",566,0,50,25,4,45,1,0,0,0,0,0,0,0,0,0,0
30,35,"B",1430,0,100,25,2,45,1,0,0,0,0,0,0,0,0,0,0
30,36,"A",4468,0,100,25,1,45,1,0,0,0,0,0,0,0,0,0,0
30,37,"B",820,1250,100,25,2,45,1,0,0,0,0,0,0,0,0,0,0
30,38,"C",910,50,50,25,3,45,1,0,0,0,0,0,0,0,0,0,0
30,39,"C",4140,0,50,25,3,45,1,0,0,0,0,0,0,0,0,0,0
30,40,"D",1772,250,50,25,4,45,1,-4,3,3,3,4,2,2,2,2,1
30,41,"D",3936,0,50,25,4,45,1,0,0,0,0,0,0,0,0,0,0
30,42,"A",8452,250,100,25,1,45,1,0,0,0,0,0,0,0,0,0,0
30,43,"B",2035,0,100,25,2,45,1,0,0,0,0,0,0,0,0,0,0
30,44,"C",931,50,50,25,3,45,1,0,0,0,0,0,0,0,0,0,0
30,45,"A",726,200,100,25,1,45,1,0,0,0,0,0,0,0,0,0,0
30,46,"D",970,0,50,25,4,45,1,0,0,0,0,0,0,0,0,0,0
30,47,"D",4088,0,50,25,4,45,1,0,0,0,0,0,0,0,0,0,0
30,48,"A",9891,0,100,25,1,45,1,0,0,0,0,0,0,0,0,0,0
30,49,"B",2037,0,100,25,2,45,1,0,0,0,0,0,0,0,0,0,0
30,50,"B",1422,0,100,25,2,45,1,3,0,1,3,2,1,1,2,1,1
30,51,"A",130,300,100,25,1,45,1,0,0,0,0,0,0,0,0,0,0
30,52,"B",661,0,100,25,2,45,1,0,0,0,0,0,0,0,0,0,0
30,53,"C",808,50,50,25,3,45,1,0,0,0,0,0,0,0,0,0,0
30,54,"D",1244,0,50,25,4,45,1,0,0,0,0,0,0,0,0,0,0
30,55,"A",837,150,100,25,1,45,1,0,0,0,0,0,0,0,0,0,0
30,56,"C",1764,0,50,25,3,45,1,0,0,0,0,0,0,0,0,0,0
30,57,"B",1048,1250,100,25,2,45,1,0,0,0,0,0,0,0,0,0,0
30,58,"D",755,0,50,25,4,45,1,0,0,0,0,0,0,0,0,0,0
30,59,"A",812,0,100,25,1,45,1,0,0,0,0,0,0,0,0,0,0
30,60,"D",1703,0,50,25,4,45,1,-4,-4,3,3,4,3,2,1,1,1
30,61,"A",3173,0,100,25,1,45,1,0,0,0,0,0,0,0,0,0,0
30,62,"B",2287,0,100,25,2,45,1,0,0,0,0,0,0,0,0,0,0
30,63,"C",1357,25,50,25,3,45,1,0,0,0,0,0,0,0,0,0,0
30,64,"B",3381,0,100,25,2,45,1,0,0,0,0,0,0,0,0,0,0
30,65,"A",7084,0,100,25,1,45,1,0,0,0,0,0,0,0,0,0,0
30,66,"D",832,0,50,25,4,45,1,0,0,0,0,0,0,0,0,0,0
30,67,"C",1763,75,50,25,3,45,1,0,0,0,0,0,0,0,0,0,0
30,68,"A",582,300,100,25,1,45,1,0,0,0,0,0,0,0,0,0,0
30,69,"B",820,0,100,25,2,45,1,0,0,0,0,0,0,0,0,0,0
30,70,"D",1743,0,50,25,4,45,1,-2,-2,3,3,2,2,3,2,1,1
30,71,"D",527,0,50,25,4,45,1,0,0,0,0,0,0,0,0,0,0
30,72,"C",546,0,50,25,3,45,1,0,0,0,0,0,0,0,0,0,0
30,73,"B",648,0,100,25,2,45,1,0,0,0,0,0,0,0,0,0,0
30,74,"A",587,0,100,25,1,45,1,0,0,0,0,0,0,0,0,0,0
30,75,"B",265,0,100,25,2,45,1,0,0,0,0,0,0,0,0,0,0
30,76,"D",638,250,50,25,4,45,1,0,0,0,0,0,0,0,0,0,0
30,77,"C",727,0,50,25,3,45,1,0,0,0,0,0,0,0,0,0,0
30,78,"B",1503,0,100,25,2,45,1,0,0,0,0,0,0,0,0,0,0
30,79,"A",5213,350,100,25,1,45,1,0,0,0,0,0,0,0,0,0,0
30,80,"D",1317,0,50,25,4,45,1,-4,-4,3,4,1,1,3,2,1,1
30,81,"A",1636,0,100,25,1,45,1,0,0,0,0,0,0,0,0,0,0
30,82,"C",1463,0,50,25,3,45,1,0,0,0,0,0,0,0,0,0,0
30,83,"D",997,0,50,25,4,45,1,0,0,0,0,0,0,0,0,0,0
30,84,"B",909,1250,100,25,2,45,1,0,0,0,0,0,0,0,0,0,0
30,85,"A",819,200,100,25,1,45,1,0,0,0,0,0,0,0,0,0,0
30,86,"D",1681,0,50,25,4,45,1,0,0,0,0,0,0,0,0,0,0
30,87,"C",1197,25,50,25,3,45,1,0,0,0,0,0,0,0,0,0,0
30,88,"B",1038,0,100,25,2,45,1,0,0,0,0,0,0,0,0,0,0
30,89,"A",973,250,100,25,1,45,1,0,0,0,0,0,0,0,0,0,0
30,90,"C",929,75,50,25,3,45,1,-2,3,-2,3,3,1,1,2,2,1
30,91,"D",1703,0,50,25,4,45,1,0,0,0,0,0,0,0,0,0,0
30,92,"B",805,0,100,25,2,45,1,0,0,0,0,0,0,0,0,0,0
30,93,"A",1091,150,100,25,1,45,1,0,0,0,0,0,0,0,0,0,0
30,94,"D",486,0,50,25,4,45,1,0,0,0,0,0,0,0,0,0,0
30,95,"A",2951,0,100,25,1,45,1,0,0,0,0,0,0,0,0,0,0
30,96,"C",1080,0,50,25,3,45,1,0,0,0,0,0,0,0,0,0,0
30,97,"B",843,0,100,25,2,45,1,0,0,0,0,0,0,0,0,0,0
30,98,"A",6548,0,100,25,1,45,1,0,0,0,0,0,0,0,0,0,0
30,99,"D",876,0,50,25,4,45,1,0,0,0,0,0,0,0,0,0,0
30,100,"B",1909,0,100,25,2,45,1,3,-2,0,3,1,2,1,3,2,1
31,1,"C",2156,0,50,26,3,40,1,0,0,0,0,0,0,0,0,0,0
31,2,"B",922,0,100,26,2,40,1,0,0,0,0,0,0,0,0,0,0
31,3,"B",899,0,100,26,2,40,1,0,0,0,0,0,0,0,0,0,0
31,4,"D",1504,0,50,26,4,40,1,0,0,0,0,0,0,0,0,0,0
31,5,"A",2470,0,100,26,1,40,1,0,0,0,0,0,0,0,0,0,0
31,6,"B",1149,0,100,26,2,40,1,0,0,0,0,0,0,0,0,0,0
31,7,"A",811,0,100,26,1,40,1,0,0,0,0,0,0,0,0,0,0
31,8,"D",1239,0,50,26,4,40,1,0,0,0,0,0,0,0,0,0,0
31,9,"B",757,0,100,26,2,40,1,0,0,0,0,0,0,0,0,0,0
31,10,"B",580,0,100,26,2,40,1,4,4,3,2,4,4,2,3,0,1
31,11,"C",1072,0,50,26,3,40,1,0,0,0,0,0,0,0,0,0,0
31,12,"B",521,0,100,26,2,40,1,0,0,0,0,0,0,0,0,0,0
31,13,"A",656,150,100,26,1,40,1,0,0,0,0,0,0,0,0,0,0
31,14,"B",603,0,100,26,2,40,1,0,0,0,0,0,0,0,0,0,0
31,15,"D",996,0,50,26,4,40,1,0,0,0,0,0,0,0,0,0,0
31,16,"B",407,0,100,26,2,40,1,0,0,0,0,0,0,0,0,0,0
31,17,"B",688,1250,100,26,2,40,1,0,0,0,0,0,0,0,0,0,0
31,18,"C",4999,50,50,26,3,40,1,0,0,0,0,0,0,0,0,0,0
31,19,"D",2594,0,50,26,4,40,1,0,0,0,0,0,0,0,0,0,0
31,20,"D",2857,0,50,26,4,40,1,-4,-1,0,4,-4,-1,1,4,1,1
31,21,"A",1773,0,100,26,1,40,1,0,0,0,0,0,0,0,0,0,0
31,22,"A",748,300,100,26,1,40,1,0,0,0,0,0,0,0,0,0,0
31,23,"B",964,0,100,26,2,40,1,0,0,0,0,0,0,0,0,0,0
31,24,"B",533,0,100,26,2,40,1,0,0,0,0,0,0,0,0,0,0
31,25,"C",1775,0,50,26,3,40,1,0,0,0,0,0,0,0,0,0,0
31,26,"D",491,0,50,26,4,40,1,0,0,0,0,0,0,0,0,0,0
31,27,"B",521,0,100,26,2,40,1,0,0,0,0,0,0,0,0,0,0
31,28,"B",553,0,100,26,2,40,1,0,0,0,0,0,0,0,0,0,0
31,29,"C",895,50,50,26,3,40,1,0,0,0,0,0,0,0,0,0,0
31,30,"C",715,0,50,26,3,40,1,-3,3,0,3,-4,4,0,2,1,1
31,31,"D",1284,0,50,26,4,40,1,0,0,0,0,0,0,0,0,0,0
31,32,"C",546,50,50,26,3,40,1,0,0,0,0,0,0,0,0,0,0
31,33,"B",504,1250,100,26,2,40,1,0,0,0,0,0,0,0,0,0,0
31,34,"A",637,0,100,26,1,40,1,0,0,0,0,0,0,0,0,0,0
31,35,"A",1384,200,100,26,1,40,1,0,0,0,0,0,0,0,0,0,0
31,36,"C",1662,0,50,26,3,40,1,0,0,0,0,0,0,0,0,0,0
31,37,"D",2069,0,50,26,4,40,1,0,0,0,0,0,0,0,0,0,0
31,38,"C",803,50,50,26,3,40,1,0,0,0,0,0,0,0,0,0,0
31,39,"D",918,0,50,26,4,40,1,0,0,0,0,0,0,0,0,0,0
31,40,"D",1401,250,50,26,4,40,1,-4,-1,1,2,-4,3,0,3,-1,1
31,41,"D",3501,0,50,26,4,40,1,0,0,0,0,0,0,0,0,0,0
31,42,"C",871,50,50,26,3,40,1,0,0,0,0,0,0,0,0,0,0
31,43,"C",677,0,50,26,3,40,1,0,0,0,0,0,0,0,0,0,0
31,44,"A",573,0,100,26,1,40,1,0,0,0,0,0,0,0,0,0,0
31,45,"B",475,0,100,26,2,40,1,0,0,0,0,0,0,0,0,0,0
31,46,"A",9907,250,100,26,1,40,1,0,0,0,0,0,0,0,0,0,0
31,47,"B",3261,0,100,26,2,40,1,0,0,0,0,0,0,0,0,0,0
31,48,"C",1351,25,50,26,3,40,1,0,0,0,0,0,0,0,0,0,0
31,49,"D",508,0,50,26,4,40,1,0,0,0,0,0,0,0,0,0,0
31,50,"A",402,350,100,26,1,40,1,-4,0,1,3,-4,0,3,4,-2,1
31,51,"B",2728,0,100,26,2,40,1,0,0,0,0,0,0,0,0,0,0
31,52,"C",491,75,50,26,3,40,1,0,0,0,0,0,0,0,0,0,0
31,53,"D",383,0,50,26,4,40,1,0,0,0,0,0,0,0,0,0,0
31,54,"A",2700,0,100,26,1,40,1,0,0,0,0,0,0,0,0,0,0
31,55,"B",3339,0,100,26,2,40,1,0,0,0,0,0,0,0,0,0,0
31,56,"C",4764,0,50,26,3,40,1,0,0,0,0,0,0,0,0,0,0
31,57,"A",774,350,100,26,1,40,1,0,0,0,0,0,0,0,0,0,0
31,58,"B",833,0,100,26,2,40,1,0,0,0,0,0,0,0,0,0,0
31,59,"C",626,0,50,26,3,40,1,0,0,0,0,0,0,0,0,0,0
31,60,"A",11011,0,100,26,1,40,1,3,0,-1,2,3,0,1,2,-1,1
31,61,"B",5362,0,100,26,2,40,1,0,0,0,0,0,0,0,0,0,0
31,62,"C",556,0,50,26,3,40,1,0,0,0,0,0,0,0,0,0,0
31,63,"A",4116,250,100,26,1,40,1,0,0,0,0,0,0,0,0,0,0
31,64,"B",30320,1250,100,26,2,40,1,0,0,0,0,0,0,0,0,0,0
31,65,"D",2130,0,50,26,4,40,1,0,0,0,0,0,0,0,0,0,0
31,66,"B",6966,0,100,26,2,40,1,0,0,0,0,0,0,0,0,0,0
31,67,"B",7300,0,100,26,2,40,1,0,0,0,0,0,0,0,0,0,0
31,68,"A",27651,200,100,26,1,40,1,0,0,0,0,0,0,0,0,0,0
31,69,"B",1645,0,100,26,2,40,1,0,0,0,0,0,0,0,0,0,0
31,70,"C",7290,25,50,26,3,40,1,-1,1,1,2,-1,0,2,3,-2,1
31,71,"B",2463,0,100,26,2,40,1,0,0,0,0,0,0,0,0,0,0
31,72,"A",1468,0,100,26,1,40,1,0,0,0,0,0,0,0,0,0,0
31,73,"C",9754,75,50,26,3,40,1,0,0,0,0,0,0,0,0,0,0
31,74,"D",255,0,50,26,4,40,1,0,0,0,0,0,0,0,0,0,0
31,75,"A",14852,300,100,26,1,40,1,0,0,0,0,0,0,0,0,0,0
31,76,"B",552,0,100,26,2,40,1,0,0,0,0,0,0,0,0,0,0
31,77,"B",16805,0,100,26,2,40,1,0,0,0,0,0,0,0,0,0,0
31,78,"A",639,150,100,26,1,40,1,0,0,0,0,0,0,0,0,0,0
31,79,"D",11319,0,50,26,4,40,1,0,0,0,0,0,0,0,0,0,0
31,80,"C",780,0,50,26,3,40,1,-2,0,-1,0,0,0,-2,2,-1,1
31,81,"B",1490,0,100,26,2,40,1,0,0,0,0,0,0,0,0,0,0
31,82,"A",4807,0,100,26,1,40,1,0,0,0,0,0,0,0,0,0,0
31,83,"B",3087,0,100,26,2,40,1,0,0,0,0,0,0,0,0,0,0
31,84,"C",896,50,50,26,3,40,1,0,0,0,0,0,0,0,0,0,0
31,85,"D",11035,0,50,26,4,40,1,0,0,0,0,0,0,0,0,0,0
31,86,"A",24411,0,100,26,1,40,1,0,0,0,0,0,0,0,0,0,0
31,87,"B",11185,0,100,26,2,40,1,0,0,0,0,0,0,0,0,0,0
31,88,"B",7052,0,100,26,2,40,1,0,0,0,0,0,0,0,0,0,0
31,89,"A",9698,0,100,26,1,40,1,0,0,0,0,0,0,0,0,0,0
31,90,"D",23034,0,50,26,4,40,1,1,1,0,0,3,1,0,3,-2,1
31,91,"A",631,300,100,26,1,40,1,0,0,0,0,0,0,0,0,0,0
31,92,"B",794,1250,100,26,2,40,1,0,0,0,0,0,0,0,0,0,0
31,93,"B",10040,0,100,26,2,40,1,0,0,0,0,0,0,0,0,0,0
31,94,"C",359,0,50,26,3,40,1,0,0,0,0,0,0,0,0,0,0
31,95,"A",5455,0,100,26,1,40,1,0,0,0,0,0,0,0,0,0,0
31,96,"A",14164,350,100,26,1,40,1,0,0,0,0,0,0,0,0,0,0
31,97,"A",1351,0,100,26,1,40,1,0,0,0,0,0,0,0,0,0,0
31,98,"B",1045,0,100,26,2,40,1,0,0,0,0,0,0,0,0,0,0
31,99,"A",11965,200,100,26,1,40,1,0,0,0,0,0,0,0,0,0,0
31,100,"C",944,0,50,26,3,40,1,-3,-3,2,1,-4,3,3,2,-1,1
32,1,"D",1170,0,50,27,4,54,2,0,0,0,0,0,0,0,0,0,0
32,2,"B",2749,0,100,27,2,54,2,0,0,0,0,0,0,0,0,0,0
32,3,"C",1435,0,50,27,3,54,2,0,0,0,0,0,0,0,0,0,0
32,4,"A",1252,0,100,27,1,54,2,0,0,0,0,0,0,0,0,0,0
32,5,"B",1736,0,100,27,2,54,2,0,0,0,0,0,0,0,0,0,0
32,6,"B",4449,0,100,27,2,54,2,0,0,0,0,0,0,0,0,0,0
32,7,"D",845,0,50,27,4,54,2,0,0,0,0,0,0,0,0,0,0
32,8,"B",1381,0,100,27,2,54,2,0,0,0,0,0,0,0,0,0,0
32,9,"B",2075,0,100,27,2,54,2,0,0,0,0,0,0,0,0,0,0
32,10,"A",823,0,100,27,1,54,2,2,2,-1,-1,1,1,0,0,-2,1
32,11,"B",1980,0,100,27,2,54,2,0,0,0,0,0,0,0,0,0,0
32,12,"D",1157,0,50,27,4,54,2,0,0,0,0,0,0,0,0,0,0
32,13,"B",1374,0,100,27,2,54,2,0,0,0,0,0,0,0,0,0,0
32,14,"A",745,150,100,27,1,54,2,0,0,0,0,0,0,0,0,0,0
32,15,"C",1526,0,50,27,3,54,2,0,0,0,0,0,0,0,0,0,0
32,16,"B",514,0,100,27,2,54,2,0,0,0,0,0,0,0,0,0,0
32,17,"B",507,1250,100,27,2,54,2,0,0,0,0,0,0,0,0,0,0
32,18,"C",632,50,50,27,3,54,2,0,0,0,0,0,0,0,0,0,0
32,19,"D",430,0,50,27,4,54,2,0,0,0,0,0,0,0,0,0,0
32,20,"A",622,0,100,27,1,54,2,2,-3,0,1,1,1,1,1,0,1
32,21,"D",163,0,50,27,4,54,2,0,0,0,0,0,0,0,0,0,0
32,22,"B",831,0,100,27,2,54,2,0,0,0,0,0,0,0,0,0,0
32,23,"C",485,0,50,27,3,54,2,0,0,0,0,0,0,0,0,0,0
32,24,"A",590,300,100,27,1,54,2,0,0,0,0,0,0,0,0,0,0
32,25,"D",508,0,50,27,4,54,2,0,0,0,0,0,0,0,0,0,0
32,26,"C",1074,50,50,27,3,54,2,0,0,0,0,0,0,0,0,0,0
32,27,"B",440,0,100,27,2,54,2,0,0,0,0,0,0,0,0,0,0
32,28,"B",471,0,100,27,2,54,2,0,0,0,0,0,0,0,0,0,0
32,29,"B",901,0,100,27,2,54,2,0,0,0,0,0,0,0,0,0,0
32,30,"B",625,1250,100,27,2,54,2,-1,-2,0,2,1,1,1,0,1,1
32,31,"B",3831,0,100,27,2,54,2,0,0,0,0,0,0,0,0,0,0
32,32,"D",518,0,50,27,4,54,2,0,0,0,0,0,0,0,0,0,0
32,33,"D",1217,0,50,27,4,54,2,0,0,0,0,0,0,0,0,0,0
32,34,"C",493,0,50,27,3,54,2,0,0,0,0,0,0,0,0,0,0
32,35,"B",2167,0,100,27,2,54,2,0,0,0,0,0,0,0,0,0,0
32,36,"A",2048,0,100,27,1,54,2,0,0,0,0,0,0,0,0,0,0
32,37,"A",492,200,100,27,1,54,2,0,0,0,0,0,0,0,0,0,0
32,38,"D",802,0,50,27,4,54,2,0,0,0,0,0,0,0,0,0,0
32,39,"D",531,250,50,27,4,54,2,0,0,0,0,0,0,0,0,0,0
32,40,"D",2397,0,50,27,4,54,2,-1,-3,0,2,2,1,1,1,0,1
32,41,"B",4174,0,100,27,2,54,2,0,0,0,0,0,0,0,0,0,0
32,42,"A",946,0,100,27,1,54,2,0,0,0,0,0,0,0,0,0,0
32,43,"B",1056,0,100,27,2,54,2,0,0,0,0,0,0,0,0,0,0
32,44,"D",750,0,50,27,4,54,2,0,0,0,0,0,0,0,0,0,0
32,45,"C",652,50,50,27,3,54,2,0,0,0,0,0,0,0,0,0,0
32,46,"C",1159,0,50,27,3,54,2,0,0,0,0,0,0,0,0,0,0
32,47,"D",762,0,50,27,4,54,2,0,0,0,0,0,0,0,0,0,0
32,48,"B",1323,0,100,27,2,54,2,0,0,0,0,0,0,0,0,0,0
32,49,"B",1243,0,100,27,2,54,2,0,0,0,0,0,0,0,0,0,0
32,50,"D",812,0,50,27,4,54,2,-2,-1,2,2,0,2,0,0,0,1
32,51,"B",1607,1250,100,27,2,54,2,0,0,0,0,0,0,0,0,0,0
32,52,"D",987,0,50,27,4,54,2,0,0,0,0,0,0,0,0,0,0
32,53,"C",657,50,50,27,3,54,2,0,0,0,0,0,0,0,0,0,0
32,54,"D",1003,0,50,27,4,54,2,0,0,0,0,0,0,0,0,0,0
32,55,"D",1204,0,50,27,4,54,2,0,0,0,0,0,0,0,0,0,0
32,56,"B",1061,0,100,27,2,54,2,0,0,0,0,0,0,0,0,0,0
32,57,"C",472,50,50,27,3,54,2,0,0,0,0,0,0,0,0,0,0
32,58,"A",574,250,100,27,1,54,2,0,0,0,0,0,0,0,0,0,0
32,59,"D",545,0,50,27,4,54,2,0,0,0,0,0,0,0,0,0,0
32,60,"B",902,0,100,27,2,54,2,-1,-2,0,2,2,3,2,1,0,1
32,61,"D",792,0,50,27,4,54,2,0,0,0,0,0,0,0,0,0,0
32,62,"D",671,250,50,27,4,54,2,0,0,0,0,0,0,0,0,0,0
32,63,"C",525,0,50,27,3,54,2,0,0,0,0,0,0,0,0,0,0
32,64,"C",2454,25,50,27,3,54,2,0,0,0,0,0,0,0,0,0,0
32,65,"C",546,75,50,27,3,54,2,0,0,0,0,0,0,0,0,0,0
32,66,"A",755,350,100,27,1,54,2,0,0,0,0,0,0,0,0,0,0
32,67,"C",477,0,50,27,3,54,2,0,0,0,0,0,0,0,0,0,0
32,68,"C",509,0,50,27,3,54,2,0,0,0,0,0,0,0,0,0,0
32,69,"D",1043,0,50,27,4,54,2,0,0,0,0,0,0,0,0,0,0
32,70,"D",884,0,50,27,4,54,2,-1,-3,1,2,2,2,3,1,1,1
32,71,"D",644,0,50,27,4,54,2,0,0,0,0,0,0,0,0,0,0
32,72,"B",1015,0,100,27,2,54,2,0,0,0,0,0,0,0,0,0,0
32,73,"C",667,0,50,27,3,54,2,0,0,0,0,0,0,0,0,0,0
32,74,"A",523,0,100,27,1,54,2,0,0,0,0,0,0,0,0,0,0
32,75,"A",1164,350,100,27,1,54,2,0,0,0,0,0,0,0,0,0,0
32,76,"B",852,0,100,27,2,54,2,0,0,0,0,0,0,0,0,0,0
32,77,"C",551,25,50,27,3,54,2,0,0,0,0,0,0,0,0,0,0
32,78,"C",573,75,50,27,3,54,2,0,0,0,0,0,0,0,0,0,0
32,79,"D",1315,0,50,27,4,54,2,0,0,0,0,0,0,0,0,0,0
32,80,"D",1491,0,50,27,4,54,2,-1,-1,1,2,2,3,2,1,0,1
32,81,"C",910,0,50,27,3,54,2,0,0,0,0,0,0,0,0,0,0
32,82,"B",494,0,100,27,2,54,2,0,0,0,0,0,0,0,0,0,0
32,83,"B",882,0,100,27,2,54,2,0,0,0,0,0,0,0,0,0,0
32,84,"B",1050,0,100,27,2,54,2,0,0,0,0,0,0,0,0,0,0
32,85,"A",1973,0,100,27,1,54,2,0,0,0,0,0,0,0,0,0,0
32,86,"D",659,0,50,27,4,54,2,0,0,0,0,0,0,0,0,0,0
32,87,"B",1769,0,100,27,2,54,2,0,0,0,0,0,0,0,0,0,0
32,88,"C",565,50,50,27,3,54,2,0,0,0,0,0,0,0,0,0,0
32,89,"C",800,0,50,27,3,54,2,0,0,0,0,0,0,0,0,0,0
32,90,"A",794,250,100,27,1,54,2,0,2,2,1,2,4,1,1,1,1
32,91,"C",2500,0,50,27,3,54,2,0,0,0,0,0,0,0,0,0,0
32,92,"A",1396,200,100,27,1,54,2,0,0,0,0,0,0,0,0,0,0
32,93,"D",1165,0,50,27,4,54,2,0,0,0,0,0,0,0,0,0,0
32,94,"D",902,0,50,27,4,54,2,0,0,0,0,0,0,0,0,0,0
32,95,"D",668,250,50,27,4,54,2,0,0,0,0,0,0,0,0,0,0
32,96,"A",570,0,100,27,1,54,2,0,0,0,0,0,0,0,0,0,0
32,97,"C",516,0,50,27,3,54,2,0,0,0,0,0,0,0,0,0,0
32,98,"C",453,50,50,27,3,54,2,0,0,0,0,0,0,0,0,0,0
32,99,"C",760,25,50,27,3,54,2,0,0,0,0,0,0,0,0,0,0
32,100,"A",552,300,100,27,1,54,2,0,-1,2,2,3,2,1,1,-1,1
34,1,"C",10968,0,50,28,3,51,2,0,0,0,0,0,0,0,0,0,0
34,2,"D",2175,0,50,28,4,51,2,0,0,0,0,0,0,0,0,0,0
34,3,"C",1691,0,50,28,3,51,2,0,0,0,0,0,0,0,0,0,0
34,4,"C",2110,50,50,28,3,51,2,0,0,0,0,0,0,0,0,0,0
34,5,"D",1253,0,50,28,4,51,2,0,0,0,0,0,0,0,0,0,0
34,6,"B",867,0,100,28,2,51,2,0,0,0,0,0,0,0,0,0,0
34,7,"B",1057,0,100,28,2,51,2,0,0,0,0,0,0,0,0,0,0
34,8,"C",1556,0,50,28,3,51,2,0,0,0,0,0,0,0,0,0,0
34,9,"A",852,0,100,28,1,51,2,0,0,0,0,0,0,0,0,0,0
34,10,"A",807,0,100,28,1,51,2,1,1,1,1,3,3,0,0,-4,1
34,11,"C",1201,50,50,28,3,51,2,0,0,0,0,0,0,0,0,0,0
34,12,"C",1503,0,50,28,3,51,2,0,0,0,0,0,0,0,0,0,0
34,13,"B",750,0,100,28,2,51,2,0,0,0,0,0,0,0,0,0,0
34,14,"A",868,150,100,28,1,51,2,0,0,0,0,0,0,0,0,0,0
34,15,"D",722,0,50,28,4,51,2,0,0,0,0,0,0,0,0,0,0
34,16,"C",524,50,50,28,3,51,2,0,0,0,0,0,0,0,0,0,0
34,17,"B",756,0,100,28,2,51,2,0,0,0,0,0,0,0,0,0,0
34,18,"A",621,0,100,28,1,51,2,0,0,0,0,0,0,0,0,0,0
34,19,"D",808,0,50,28,4,51,2,0,0,0,0,0,0,0,0,0,0
34,20,"C",883,0,50,28,3,51,2,0,1,0,1,1,2,1,2,-3,1
34,21,"C",1360,50,50,28,3,51,2,0,0,0,0,0,0,0,0,0,0
34,22,"A",1014,300,100,28,1,51,2,0,0,0,0,0,0,0,0,0,0
34,23,"D",787,0,50,28,4,51,2,0,0,0,0,0,0,0,0,0,0
34,24,"B",705,0,100,28,2,51,2,0,0,0,0,0,0,0,0,0,0
34,25,"A",743,0,100,28,1,51,2,0,0,0,0,0,0,0,0,0,0
34,26,"C",701,50,50,28,3,51,2,0,0,0,0,0,0,0,0,0,0
34,27,"D",907,0,50,28,4,51,2,0,0,0,0,0,0,0,0,0,0
34,28,"B",620,0,100,28,2,51,2,0,0,0,0,0,0,0,0,0,0
34,29,"C",630,0,50,28,3,51,2,0,0,0,0,0,0,0,0,0,0
34,30,"A",1108,200,100,28,1,51,2,-1,2,0,1,0,1,0,1,-3,1
34,31,"C",805,25,50,28,3,51,2,0,0,0,0,0,0,0,0,0,0
34,32,"B",651,0,100,28,2,51,2,0,0,0,0,0,0,0,0,0,0
34,33,"B",689,0,100,28,2,51,2,0,0,0,0,0,0,0,0,0,0
34,34,"B",1060,1250,100,28,2,51,2,0,0,0,0,0,0,0,0,0,0
34,35,"A",943,0,100,28,1,51,2,0,0,0,0,0,0,0,0,0,0
34,36,"A",925,250,100,28,1,51,2,0,0,0,0,0,0,0,0,0,0
34,37,"D",686,0,50,28,4,51,2,0,0,0,0,0,0,0,0,0,0
34,38,"D",897,0,50,28,4,51,2,0,0,0,0,0,0,0,0,0,0
34,39,"C",852,75,50,28,3,51,2,0,0,0,0,0,0,0,0,0,0
34,40,"B",855,0,100,28,2,51,2,-1,-1,0,1,-1,0,0,0,-2,1
34,41,"D",2266,0,50,28,4,51,2,0,0,0,0,0,0,0,0,0,0
34,42,"A",808,350,100,28,1,51,2,0,0,0,0,0,0,0,0,0,0
34,43,"C",627,0,50,28,3,51,2,0,0,0,0,0,0,0,0,0,0
34,44,"D",635,250,50,28,4,51,2,0,0,0,0,0,0,0,0,0,0
34,45,"C",638,0,50,28,3,51,2,0,0,0,0,0,0,0,0,0,0
34,46,"B",911,0,100,28,2,51,2,0,0,0,0,0,0,0,0,0,0
34,47,"B",1085,0,100,28,2,51,2,0,0,0,0,0,0,0,0,0,0
34,48,"B",781,0,100,28,2,51,2,0,0,0,0,0,0,0,0,0,0
34,49,"B",1102,1250,100,28,2,51,2,0,0,0,0,0,0,0,0,0,0
34,50,"C",836,0,50,28,3,51,2,-1,-2,0,0,4,-2,-1,1,-2,1
34,51,"C",1136,25,50,28,3,51,2,0,0,0,0,0,0,0,0,0,0
34,52,"D",811,0,50,28,4,51,2,0,0,0,0,0,0,0,0,0,0
34,53,"A",782,0,100,28,1,51,2,0,0,0,0,0,0,0,0,0,0
34,54,"D",508,0,50,28,4,51,2,0,0,0,0,0,0,0,0,0,0
34,55,"B",708,0,100,28,2,51,2,0,0,0,0,0,0,0,0,0,0
34,56,"D",757,0,50,28,4,51,2,0,0,0,0,0,0,0,0,0,0
34,57,"A",877,350,100,28,1,51,2,0,0,0,0,0,0,0,0,0,0
34,58,"D",774,0,50,28,4,51,2,0,0,0,0,0,0,0,0,0,0
34,59,"C",753,75,50,28,3,51,2,0,0,0,0,0,0,0,0,0,0
34,60,"B",522,0,100,28,2,51,2,-3,0,0,0,4,3,2,1,-2,1
34,61,"D",2155,0,50,28,4,51,2,0,0,0,0,0,0,0,0,0,0
34,62,"C",948,0,50,28,3,51,2,0,0,0,0,0,0,0,0,0,0
34,63,"B",551,0,100,28,2,51,2,0,0,0,0,0,0,0,0,0,0
34,64,"D",1261,0,50,28,4,51,2,0,0,0,0,0,0,0,0,0,0
34,65,"D",5640,0,50,28,4,51,2,0,0,0,0,0,0,0,0,0,0
34,66,"A",787,0,100,28,1,51,2,0,0,0,0,0,0,0,0,0,0
34,67,"D",848,0,50,28,4,51,2,0,0,0,0,0,0,0,0,0,0
34,68,"C",598,50,50,28,3,51,2,0,0,0,0,0,0,0,0,0,0
34,69,"B",753,0,100,28,2,51,2,0,0,0,0,0,0,0,0,0,0
34,70,"D",628,0,50,28,4,51,2,3,1,0,1,3,2,0,2,-2,1
34,71,"C",857,0,50,28,3,51,2,0,0,0,0,0,0,0,0,0,0
34,72,"B",825,0,100,28,2,51,2,0,0,0,0,0,0,0,0,0,0
34,73,"B",727,0,100,28,2,51,2,0,0,0,0,0,0,0,0,0,0
34,74,"D",799,250,50,28,4,51,2,0,0,0,0,0,0,0,0,0,0
34,75,"C",647,0,50,28,3,51,2,0,0,0,0,0,0,0,0,0,0
34,76,"A",691,250,100,28,1,51,2,0,0,0,0,0,0,0,0,0,0
34,77,"B",649,1250,100,28,2,51,2,0,0,0,0,0,0,0,0,0,0
34,78,"C",652,0,50,28,3,51,2,0,0,0,0,0,0,0,0,0,0
34,79,"A",542,200,100,28,1,51,2,0,0,0,0,0,0,0,0,0,0
34,80,"D",516,0,50,28,4,51,2,-3,-3,0,-1,4,2,0,3,-1,1
34,81,"C",1830,50,50,28,3,51,2,0,0,0,0,0,0,0,0,0,0
34,82,"D",508,0,50,28,4,51,2,0,0,0,0,0,0,0,0,0,0
34,83,"A",692,0,100,28,1,51,2,0,0,0,0,0,0,0,0,0,0
34,84,"A",754,300,100,28,1,51,2,0,0,0,0,0,0,0,0,0,0
34,85,"A",499,150,100,28,1,51,2,0,0,0,0,0,0,0,0,0,0
34,86,"B",499,0,100,28,2,51,2,0,0,0,0,0,0,0,0,0,0
34,87,"B",612,0,100,28,2,51,2,0,0,0,0,0,0,0,0,0,0
34,88,"B",841,0,100,28,2,51,2,0,0,0,0,0,0,0,0,0,0
34,89,"D",689,0,50,28,4,51,2,0,0,0,0,0,0,0,0,0,0
34,90,"A",765,0,100,28,1,51,2,0,0,0,0,2,0,0,2,-1,1
34,91,"D",3250,0,50,28,4,51,2,0,0,0,0,0,0,0,0,0,0
34,92,"C",1166,25,50,28,3,51,2,0,0,0,0,0,0,0,0,0,0
34,93,"A",943,0,100,28,1,51,2,0,0,0,0,0,0,0,0,0,0
34,94,"A",1696,0,100,28,1,51,2,0,0,0,0,0,0,0,0,0,0
34,95,"A",1368,300,100,28,1,51,2,0,0,0,0,0,0,0,0,0,0
34,96,"B",619,0,100,28,2,51,2,0,0,0,0,0,0,0,0,0,0
34,97,"B",614,0,100,28,2,51,2,0,0,0,0,0,0,0,0,0,0
34,98,"D",754,0,50,28,4,51,2,0,0,0,0,0,0,0,0,0,0
34,99,"A",738,0,100,28,1,51,2,0,0,0,0,0,0,0,0,0,0
34,100,"D",823,0,50,28,4,51,2,0,1,0,0,2,0,1,1,-1,1
35,1,"D",1394,0,50,29,4,57,2,0,0,0,0,0,0,0,0,0,0
35,2,"A",1912,0,100,29,1,57,2,0,0,0,0,0,0,0,0,0,0
35,3,"D",2022,0,50,29,4,57,2,0,0,0,0,0,0,0,0,0,0
35,4,"A",1181,0,100,29,1,57,2,0,0,0,0,0,0,0,0,0,0
35,5,"C",3976,0,50,29,3,57,2,0,0,0,0,0,0,0,0,0,0
35,6,"B",845,0,100,29,2,57,2,0,0,0,0,0,0,0,0,0,0
35,7,"A",1082,150,100,29,1,57,2,0,0,0,0,0,0,0,0,0,0
35,8,"B",826,0,100,29,2,57,2,0,0,0,0,0,0,0,0,0,0
35,9,"D",1240,0,50,29,4,57,2,0,0,0,0,0,0,0,0,0,0
35,10,"C",1201,0,50,29,3,57,2,-2,2,2,1,-1,3,1,1,1,1
35,11,"D",1563,0,50,29,4,57,2,0,0,0,0,0,0,0,0,0,0
35,12,"C",824,50,50,29,3,57,2,0,0,0,0,0,0,0,0,0,0
35,13,"A",910,0,100,29,1,57,2,0,0,0,0,0,0,0,0,0,0
35,14,"A",908,300,100,29,1,57,2,0,0,0,0,0,0,0,0,0,0
35,15,"B",1474,0,100,29,2,57,2,0,0,0,0,0,0,0,0,0,0
35,16,"C",763,0,50,29,3,57,2,0,0,0,0,0,0,0,0,0,0
35,17,"D",2594,0,50,29,4,57,2,0,0,0,0,0,0,0,0,0,0
35,18,"B",1100,0,100,29,2,57,2,0,0,0,0,0,0,0,0,0,0
35,19,"D",1535,0,50,29,4,57,2,0,0,0,0,0,0,0,0,0,0
35,20,"C",1270,50,50,29,3,57,2,-3,3,1,2,1,0,-1,1,1,1
35,21,"D",1172,0,50,29,4,57,2,0,0,0,0,0,0,0,0,0,0
35,22,"C",1611,0,50,29,3,57,2,0,0,0,0,0,0,0,0,0,0
35,23,"A",1838,0,100,29,1,57,2,0,0,0,0,0,0,0,0,0,0
35,24,"B",1062,0,100,29,2,57,2,0,0,0,0,0,0,0,0,0,0
35,25,"A",1596,200,100,29,1,57,2,0,0,0,0,0,0,0,0,0,0
35,26,"B",941,0,100,29,2,57,2,0,0,0,0,0,0,0,0,0,0
35,27,"C",955,50,50,29,3,57,2,0,0,0,0,0,0,0,0,0,0
35,28,"D",1236,0,50,29,4,57,2,0,0,0,0,0,0,0,0,0,0
35,29,"B",900,0,100,29,2,57,2,0,0,0,0,0,0,0,0,0,0
35,30,"D",1087,0,50,29,4,57,2,-3,2,1,2,2,2,0,2,1,1
35,31,"D",1677,250,50,29,4,57,2,0,0,0,0,0,0,0,0,0,0
35,32,"C",1078,0,50,29,3,57,2,0,0,0,0,0,0,0,0,0,0
35,33,"A",1287,0,100,29,1,57,2,0,0,0,0,0,0,0,0,0,0
35,34,"B",1488,0,100,29,2,57,2,0,0,0,0,0,0,0,0,0,0
35,35,"C",920,50,50,29,3,57,2,0,0,0,0,0,0,0,0,0,0
35,36,"A",1251,250,100,29,1,57,2,0,0,0,0,0,0,0,0,0,0
35,37,"B",822,1250,100,29,2,57,2,0,0,0,0,0,0,0,0,0,0
35,38,"D",1676,0,50,29,4,57,2,0,0,0,0,0,0,0,0,0,0
35,39,"C",1141,50,50,29,3,57,2,0,0,0,0,0,0,0,0,0,0
35,40,"A",723,350,100,29,1,57,2,-3,-3,1,2,3,3,0,2,2,1
35,41,"D",1379,0,50,29,4,57,2,0,0,0,0,0,0,0,0,0,0
35,42,"C",1584,0,50,29,3,57,2,0,0,0,0,0,0,0,0,0,0
35,43,"A",1071,0,100,29,1,57,2,0,0,0,0,0,0,0,0,0,0
35,44,"B",1109,0,100,29,2,57,2,0,0,0,0,0,0,0,0,0,0
35,45,"D",1139,0,50,29,4,57,2,0,0,0,0,0,0,0,0,0,0
35,46,"C",769,25,50,29,3,57,2,0,0,0,0,0,0,0,0,0,0
35,47,"A",1435,350,100,29,1,57,2,0,0,0,0,0,0,0,0,0,0
35,48,"B",1332,0,100,29,2,57,2,0,0,0,0,0,0,0,0,0,0
35,49,"D",1472,0,50,29,4,57,2,0,0,0,0,0,0,0,0,0,0
35,50,"C",910,75,50,29,3,57,2,-4,-2,2,3,3,1,0,2,2,1
35,51,"D",1283,0,50,29,4,57,2,0,0,0,0,0,0,0,0,0,0
35,52,"C",1018,0,50,29,3,57,2,0,0,0,0,0,0,0,0,0,0
35,53,"A",1177,0,100,29,1,57,2,0,0,0,0,0,0,0,0,0,0
35,54,"B",893,0,100,29,2,57,2,0,0,0,0,0,0,0,0,0,0
35,55,"D",1064,0,50,29,4,57,2,0,0,0,0,0,0,0,0,0,0
35,56,"C",889,0,50,29,3,57,2,0,0,0,0,0,0,0,0,0,0
35,57,"A",1028,250,100,29,1,57,2,0,0,0,0,0,0,0,0,0,0
35,58,"B",2194,0,100,29,2,57,2,0,0,0,0,0,0,0,0,0,0
35,59,"D",883,0,50,29,4,57,2,0,0,0,0,0,0,0,0,0,0
35,60,"C",1283,0,50,29,3,57,2,-3,3,2,4,3,1,0,2,1,1
35,61,"D",1875,0,50,29,4,57,2,0,0,0,0,0,0,0,0,0,0
35,62,"C",919,25,50,29,3,57,2,0,0,0,0,0,0,0,0,0,0
35,63,"A",935,200,100,29,1,57,2,0,0,0,0,0,0,0,0,0,0
35,64,"B",986,1250,100,29,2,57,2,0,0,0,0,0,0,0,0,0,0
35,65,"D",1139,0,50,29,4,57,2,0,0,0,0,0,0,0,0,0,0
35,66,"C",950,75,50,29,3,57,2,0,0,0,0,0,0,0,0,0,0
35,67,"A",788,0,100,29,1,57,2,0,0,0,0,0,0,0,0,0,0
35,68,"B",962,0,100,29,2,57,2,0,0,0,0,0,0,0,0,0,0
35,69,"D",1629,250,50,29,4,57,2,0,0,0,0,0,0,0,0,0,0
35,70,"C",1115,0,50,29,3,57,2,-2,-4,2,-1,2,3,0,1,2,1
35,71,"D",758,0,50,29,4,57,2,0,0,0,0,0,0,0,0,0,0
35,72,"C",828,50,50,29,3,57,2,0,0,0,0,0,0,0,0,0,0
35,73,"A",906,300,100,29,1,57,2,0,0,0,0,0,0,0,0,0,0
35,74,"B",776,0,100,29,2,57,2,0,0,0,0,0,0,0,0,0,0
35,75,"D",1163,0,50,29,4,57,2,0,0,0,0,0,0,0,0,0,0
35,76,"C",925,0,50,29,3,57,2,0,0,0,0,0,0,0,0,0,0
35,77,"A",873,150,100,29,1,57,2,0,0,0,0,0,0,0,0,0,0
35,78,"B",815,0,100,29,2,57,2,0,0,0,0,0,0,0,0,0,0
35,79,"D",930,0,50,29,4,57,2,0,0,0,0,0,0,0,0,0,0
35,80,"C",1317,0,50,29,3,57,2,-1,-1,2,4,0,0,0,1,0,1
35,81,"D",1486,0,50,29,4,57,2,0,0,0,0,0,0,0,0,0,0
35,82,"C",1105,0,50,29,3,57,2,0,0,0,0,0,0,0,0,0,0
35,83,"A",887,0,100,29,1,57,2,0,0,0,0,0,0,0,0,0,0
35,84,"B",1023,0,100,29,2,57,2,0,0,0,0,0,0,0,0,0,0
35,85,"D",725,0,50,29,4,57,2,0,0,0,0,0,0,0,0,0,0
35,86,"C",745,50,50,29,3,57,2,0,0,0,0,0,0,0,0,0,0
35,87,"A",753,0,100,29,1,57,2,0,0,0,0,0,0,0,0,0,0
35,88,"B",948,0,100,29,2,57,2,0,0,0,0,0,0,0,0,0,0
35,89,"D",743,0,50,29,4,57,2,0,0,0,0,0,0,0,0,0,0
35,90,"D",749,0,50,29,4,57,2,-1,-2,1,3,0,0,-1,0,-1,1
35,91,"D",1356,0,50,29,4,57,2,0,0,0,0,0,0,0,0,0,0
35,92,"C",1018,25,50,29,3,57,2,0,0,0,0,0,0,0,0,0,0
35,93,"D",1024,250,50,29,4,57,2,0,0,0,0,0,0,0,0,0,0
35,94,"C",1014,50,50,29,3,57,2,0,0,0,0,0,0,0,0,0,0
35,95,"A",889,0,100,29,1,57,2,0,0,0,0,0,0,0,0,0,0
35,96,"A",996,300,100,29,1,57,2,0,0,0,0,0,0,0,0,0,0
35,97,"B",640,0,100,29,2,57,2,0,0,0,0,0,0,0,0,0,0
35,98,"B",912,1250,100,29,2,57,2,0,0,0,0,0,0,0,0,0,0
35,99,"D",1630,0,50,29,4,57,2,0,0,0,0,0,0,0,0,0,0
35,100,"C",1195,0,50,29,3,57,2,-1,-3,1,2,-1,0,-1,-1,1,1
36,1,"D",1626,0,50,30,4,45,1,0,0,0,0,0,0,0,0,0,0
36,2,"A",1614,0,100,30,1,45,1,0,0,0,0,0,0,0,0,0,0
36,3,"A",1545,0,100,30,1,45,1,0,0,0,0,0,0,0,0,0,0
36,4,"C",1472,0,50,30,3,45,1,0,0,0,0,0,0,0,0,0,0
36,5,"B",1417,0,100,30,2,45,1,0,0,0,0,0,0,0,0,0,0
36,6,"A",1131,150,100,30,1,45,1,0,0,0,0,0,0,0,0,0,0
36,7,"D",1983,0,50,30,4,45,1,0,0,0,0,0,0,0,0,0,0
36,8,"C",1429,0,50,30,3,45,1,0,0,0,0,0,0,0,0,0,0
36,9,"D",1211,0,50,30,4,45,1,0,0,0,0,0,0,0,0,0,0
36,10,"B",1767,0,100,30,2,45,1,-1,0,0,1,0,-1,0,0,-2,1
36,11,"A",2041,0,100,30,1,45,1,0,0,0,0,0,0,0,0,0,0
36,12,"C",1778,50,50,30,3,45,1,0,0,0,0,0,0,0,0,0,0
36,13,"D",861,0,50,30,4,45,1,0,0,0,0,0,0,0,0,0,0
36,14,"B",923,0,100,30,2,45,1,0,0,0,0,0,0,0,0,0,0
36,15,"A",1166,300,100,30,1,45,1,0,0,0,0,0,0,0,0,0,0
36,16,"B",1650,0,100,30,2,45,1,0,0,0,0,0,0,0,0,0,0
36,17,"D",1821,0,50,30,4,45,1,0,0,0,0,0,0,0,0,0,0
36,18,"B",2371,0,100,30,2,45,1,0,0,0,0,0,0,0,0,0,0
36,19,"B",1583,0,100,30,2,45,1,0,0,0,0,0,0,0,0,0,0
36,20,"D",1016,0,50,30,4,45,1,-1,2,0,0,0,1,0,0,-1,1
36,21,"B",3262,0,100,30,2,45,1,0,0,0,0,0,0,0,0,0,0
36,22,"D",973,0,50,30,4,45,1,0,0,0,0,0,0,0,0,0,0
36,23,"C",857,0,50,30,3,45,1,0,0,0,0,0,0,0,0,0,0
36,24,"B",1212,0,100,30,2,45,1,0,0,0,0,0,0,0,0,0,0
36,25,"B",1791,1250,100,30,2,45,1,0,0,0,0,0,0,0,0,0,0
36,26,"A",4746,0,100,30,1,45,1,0,0,0,0,0,0,0,0,0,0
36,27,"D",1434,0,50,30,4,45,1,0,0,0,0,0,0,0,0,0,0
36,28,"C",808,50,50,30,3,45,1,0,0,0,0,0,0,0,0,0,0
36,29,"A",796,200,100,30,1,45,1,0,0,0,0,0,0,0,0,0,0
36,30,"D",2230,0,50,30,4,45,1,-1,-3,0,2,0,1,0,0,-1,1
36,31,"A",4265,0,100,30,1,45,1,0,0,0,0,0,0,0,0,0,0
36,32,"D",2155,250,50,30,4,45,1,0,0,0,0,0,0,0,0,0,0
36,33,"A",3028,250,100,30,1,45,1,0,0,0,0,0,0,0,0,0,0
36,34,"B",1315,0,100,30,2,45,1,0,0,0,0,0,0,0,0,0,0
36,35,"C",1132,0,50,30,3,45,1,0,0,0,0,0,0,0,0,0,0
36,36,"B",1135,0,100,30,2,45,1,0,0,0,0,0,0,0,0,0,0
36,37,"B",2018,0,100,30,2,45,1,0,0,0,0,0,0,0,0,0,0
36,38,"D",4070,0,50,30,4,45,1,0,0,0,0,0,0,0,0,0,0
36,39,"C",4645,50,50,30,3,45,1,0,0,0,0,0,0,0,0,0,0
36,40,"B",1425,0,100,30,2,45,1,0,3,0,0,0,1,0,0,-2,1
36,41,"B",3111,1250,100,30,2,45,1,0,0,0,0,0,0,0,0,0,0
36,42,"A",1869,350,100,30,1,45,1,0,0,0,0,0,0,0,0,0,0
36,43,"D",1076,0,50,30,4,45,1,0,0,0,0,0,0,0,0,0,0
36,44,"C",756,0,50,30,3,45,1,0,0,0,0,0,0,0,0,0,0
36,45,"C",1117,50,50,30,3,45,1,0,0,0,0,0,0,0,0,0,0
36,46,"D",1550,0,50,30,4,45,1,0,0,0,0,0,0,0,0,0,0
36,47,"D",1836,0,50,30,4,45,1,0,0,0,0,0,0,0,0,0,0
36,48,"D",1380,0,50,30,4,45,1,0,0,0,0,0,0,0,0,0,0
36,49,"D",962,0,50,30,4,45,1,0,0,0,0,0,0,0,0,0,0
36,50,"D",2278,0,50,30,4,45,1,-1,-2,0,3,0,0,0,0,0,1
36,51,"A",1095,0,100,30,1,45,1,0,0,0,0,0,0,0,0,0,0
36,52,"B",1355,0,100,30,2,45,1,0,0,0,0,0,0,0,0,0,0
36,53,"D",3996,0,50,30,4,45,1,0,0,0,0,0,0,0,0,0,0
36,54,"C",1510,50,50,30,3,45,1,0,0,0,0,0,0,0,0,0,0
36,55,"A",947,350,100,30,1,45,1,0,0,0,0,0,0,0,0,0,0
36,56,"B",1169,0,100,30,2,45,1,0,0,0,0,0,0,0,0,0,0
36,57,"B",4116,0,100,30,2,45,1,0,0,0,0,0,0,0,0,0,0
36,58,"B",1446,0,100,30,2,45,1,0,0,0,0,0,0,0,0,0,0
36,59,"B",1246,0,100,30,2,45,1,0,0,0,0,0,0,0,0,0,0
36,60,"B",1247,0,100,30,2,45,1,-2,3,0,0,0,0,0,0,-1,1
36,61,"B",3346,1250,100,30,2,45,1,0,0,0,0,0,0,0,0,0,0
36,62,"D",2854,0,50,30,4,45,1,0,0,0,0,0,0,0,0,0,0
36,63,"A",1373,0,100,30,1,45,1,0,0,0,0,0,0,0,0,0,0
36,64,"C",1168,0,50,30,3,45,1,0,0,0,0,0,0,0,0,0,0
36,65,"A",2324,250,100,30,1,45,1,0,0,0,0,0,0,0,0,0,0
36,66,"D",677,250,50,30,4,45,1,0,0,0,0,0,0,0,0,0,0
36,67,"C",2159,25,50,30,3,45,1,0,0,0,0,0,0,0,0,0,0
36,68,"C",888,75,50,30,3,45,1,0,0,0,0,0,0,0,0,0,0
36,69,"A",1180,200,100,30,1,45,1,0,0,0,0,0,0,0,0,0,0
36,70,"D",1071,0,50,30,4,45,1,-2,-3,-1,0,0,0,1,1,-1,1
36,71,"A",4568,0,100,30,1,45,1,0,0,0,0,0,0,0,0,0,0
36,72,"B",837,0,100,30,2,45,1,0,0,0,0,0,0,0,0,0,0
36,73,"D",981,0,50,30,4,45,1,0,0,0,0,0,0,0,0,0,0
36,74,"C",957,0,50,30,3,45,1,0,0,0,0,0,0,0,0,0,0
36,75,"B",2008,0,100,30,2,45,1,0,0,0,0,0,0,0,0,0,0
36,76,"A",1404,300,100,30,1,45,1,0,0,0,0,0,0,0,0,0,0
36,77,"D",1357,0,50,30,4,45,1,0,0,0,0,0,0,0,0,0,0
36,78,"C",705,0,50,30,3,45,1,0,0,0,0,0,0,0,0,0,0
36,79,"B",679,0,100,30,2,45,1,0,0,0,0,0,0,0,0,0,0
36,80,"B",1782,0,100,30,2,45,1,1,2,1,0,0,0,0,0,0,1
36,81,"B",1731,0,100,30,2,45,1,0,0,0,0,0,0,0,0,0,0
36,82,"B",1278,0,100,30,2,45,1,0,0,0,0,0,0,0,0,0,0
36,83,"B",1535,0,100,30,2,45,1,0,0,0,0,0,0,0,0,0,0
36,84,"D",738,0,50,30,4,45,1,0,0,0,0,0,0,0,0,0,0
36,85,"D",2264,0,50,30,4,45,1,0,0,0,0,0,0,0,0,0,0
36,86,"B",991,0,100,30,2,45,1,0,0,0,0,0,0,0,0,0,0
36,87,"B",1148,0,100,30,2,45,1,0,0,0,0,0,0,0,0,0,0
36,88,"B",1114,0,100,30,2,45,1,0,0,0,0,0,0,0,0,0,0
36,89,"B",1080,1250,100,30,2,45,1,0,0,0,0,0,0,0,0,0,0
36,90,"D",1353,0,50,30,4,45,1,0,0,0,1,0,0,0,1,0,1
36,91,"B",871,0,100,30,2,45,1,0,0,0,0,0,0,0,0,0,0
36,92,"A",808,150,100,30,1,45,1,0,0,0,0,0,0,0,0,0,0
36,93,"D",1131,0,50,30,4,45,1,0,0,0,0,0,0,0,0,0,0
36,94,"C",847,0,50,30,3,45,1,0,0,0,0,0,0,0,0,0,0
36,95,"B",1119,0,100,30,2,45,1,0,0,0,0,0,0,0,0,0,0
36,96,"B",706,0,100,30,2,45,1,0,0,0,0,0,0,0,0,0,0
36,97,"B",1224,0,100,30,2,45,1,0,0,0,0,0,0,0,0,0,0
36,98,"D",878,0,50,30,4,45,1,0,0,0,0,0,0,0,0,0,0
36,99,"D",695,250,50,30,4,45,1,0,0,0,0,0,0,0,0,0,0
36,100,"B",1385,0,100,30,2,45,1,0,1,0,0,0,1,0,0,-1,1
37,1,"D",2428,0,50,31,4,51,2,0,0,0,0,0,0,0,0,0,0
37,2,"B",2027,0,100,31,2,51,2,0,0,0,0,0,0,0,0,0,0
37,3,"A",2055,0,100,31,1,51,2,0,0,0,0,0,0,0,0,0,0
37,4,"C",1162,0,50,31,3,51,2,0,0,0,0,0,0,0,0,0,0
37,5,"C",4442,0,50,31,3,51,2,0,0,0,0,0,0,0,0,0,0
37,6,"B",1684,0,100,31,2,51,2,0,0,0,0,0,0,0,0,0,0
37,7,"D",3414,0,50,31,4,51,2,0,0,0,0,0,0,0,0,0,0
37,8,"A",1578,0,100,31,1,51,2,0,0,0,0,0,0,0,0,0,0
37,9,"B",2893,0,100,31,2,51,2,0,0,0,0,0,0,0,0,0,0
37,10,"C",2769,50,50,31,3,51,2,2,3,-1,2,3,4,-1,2,0,1
37,11,"A",4031,150,100,31,1,51,2,0,0,0,0,0,0,0,0,0,0
37,12,"C",1982,0,50,31,3,51,2,0,0,0,0,0,0,0,0,0,0
37,13,"D",3821,0,50,31,4,51,2,0,0,0,0,0,0,0,0,0,0
37,14,"C",2267,50,50,31,3,51,2,0,0,0,0,0,0,0,0,0,0
37,15,"B",2634,0,100,31,2,51,2,0,0,0,0,0,0,0,0,0,0
37,16,"D",4576,0,50,31,4,51,2,0,0,0,0,0,0,0,0,0,0
37,17,"A",2453,0,100,31,1,51,2,0,0,0,0,0,0,0,0,0,0
37,18,"C",2699,0,50,31,3,51,2,0,0,0,0,0,0,0,0,0,0
37,19,"A",4223,300,100,31,1,51,2,0,0,0,0,0,0,0,0,0,0
37,20,"B",1086,0,100,31,2,51,2,0,3,1,0,3,4,1,1,1,1
37,21,"C",3994,50,50,31,3,51,2,0,0,0,0,0,0,0,0,0,0
37,22,"B",3303,0,100,31,2,51,2,0,0,0,0,0,0,0,0,0,0
37,23,"D",2229,0,50,31,4,51,2,0,0,0,0,0,0,0,0,0,0
37,24,"A",2939,0,100,31,1,51,2,0,0,0,0,0,0,0,0,0,0
37,25,"B",4533,0,100,31,2,51,2,0,0,0,0,0,0,0,0,0,0
37,26,"D",2236,0,50,31,4,51,2,0,0,0,0,0,0,0,0,0,0
37,27,"C",2404,0,50,31,3,51,2,0,0,0,0,0,0,0,0,0,0
37,28,"A",1062,200,100,31,1,51,2,0,0,0,0,0,0,0,0,0,0
37,29,"A",5820,0,100,31,1,51,2,0,0,0,0,0,0,0,0,0,0
37,30,"D",2148,0,50,31,4,51,2,0,2,1,2,4,3,2,3,2,1
37,31,"A",3383,250,100,31,1,51,2,0,0,0,0,0,0,0,0,0,0
37,32,"B",1622,0,100,31,2,51,2,0,0,0,0,0,0,0,0,0,0
37,33,"C",1923,50,50,31,3,51,2,0,0,0,0,0,0,0,0,0,0
37,34,"D",1013,0,50,31,4,51,2,0,0,0,0,0,0,0,0,0,0
37,35,"A",2112,350,100,31,1,51,2,0,0,0,0,0,0,0,0,0,0
37,36,"B",1335,1250,100,31,2,51,2,0,0,0,0,0,0,0,0,0,0
37,37,"D",2785,0,50,31,4,51,2,0,0,0,0,0,0,0,0,0,0
37,38,"C",816,50,50,31,3,51,2,0,0,0,0,0,0,0,0,0,0
37,39,"D",3622,250,50,31,4,51,2,0,0,0,0,0,0,0,0,0,0
37,40,"B",1069,0,100,31,2,51,2,-1,-2,0,1,4,4,1,2,3,1
37,41,"B",6998,0,100,31,2,51,2,0,0,0,0,0,0,0,0,0,0
37,42,"C",1809,0,50,31,3,51,2,0,0,0,0,0,0,0,0,0,0
37,43,"A",860,0,100,31,1,51,2,0,0,0,0,0,0,0,0,0,0
37,44,"D",570,0,50,31,4,51,2,0,0,0,0,0,0,0,0,0,0
37,45,"D",2781,0,50,31,4,51,2,0,0,0,0,0,0,0,0,0,0
37,46,"A",2132,350,100,31,1,51,2,0,0,0,0,0,0,0,0,0,0
37,47,"C",672,25,50,31,3,51,2,0,0,0,0,0,0,0,0,0,0
37,48,"B",829,0,100,31,2,51,2,0,0,0,0,0,0,0,0,0,0
37,49,"C",2664,75,50,31,3,51,2,0,0,0,0,0,0,0,0,0,0
37,50,"D",775,0,50,31,4,51,2,0,0,1,0,4,4,2,2,3,1
37,51,"D",5372,0,50,31,4,51,2,0,0,0,0,0,0,0,0,0,0
37,52,"A",1121,0,100,31,1,51,2,0,0,0,0,0,0,0,0,0,0
37,53,"B",716,0,100,31,2,51,2,0,0,0,0,0,0,0,0,0,0
37,54,"C",964,0,50,31,3,51,2,0,0,0,0,0,0,0,0,0,0
37,55,"A",2101,250,100,31,1,51,2,0,0,0,0,0,0,0,0,0,0
37,56,"D",643,0,50,31,4,51,2,0,0,0,0,0,0,0,0,0,0
37,57,"C",1540,0,50,31,3,51,2,0,0,0,0,0,0,0,0,0,0
37,58,"B",562,1250,100,31,2,51,2,0,0,0,0,0,0,0,0,0,0
37,59,"B",2138,0,100,31,2,51,2,0,0,0,0,0,0,0,0,0,0
37,60,"D",558,0,50,31,4,51,2,0,-1,1,0,3,4,3,4,4,1
37,61,"D",9095,0,50,31,4,51,2,0,0,0,0,0,0,0,0,0,0
37,62,"A",2325,200,100,31,1,51,2,0,0,0,0,0,0,0,0,0,0
37,63,"B",1508,0,100,31,2,51,2,0,0,0,0,0,0,0,0,0,0
37,64,"C",1154,0,50,31,3,51,2,0,0,0,0,0,0,0,0,0,0
37,65,"B",2039,0,100,31,2,51,2,0,0,0,0,0,0,0,0,0,0
37,66,"C",777,25,50,31,3,51,2,0,0,0,0,0,0,0,0,0,0
37,67,"A",655,0,100,31,1,51,2,0,0,0,0,0,0,0,0,0,0
37,68,"D",693,0,50,31,4,51,2,0,0,0,0,0,0,0,0,0,0
37,69,"D",2320,0,50,31,4,51,2,0,0,0,0,0,0,0,0,0,0
37,70,"C",4331,75,50,31,3,51,2,1,0,0,1,4,4,4,4,4,1
37,71,"B",3067,0,100,31,2,51,2,0,0,0,0,0,0,0,0,0,0
37,72,"D",1321,250,50,31,4,51,2,0,0,0,0,0,0,0,0,0,0
37,73,"C",1444,0,50,31,3,51,2,0,0,0,0,0,0,0,0,0,0
37,74,"A",1240,300,100,31,1,51,2,0,0,0,0,0,0,0,0,0,0
37,75,"D",2841,0,50,31,4,51,2,0,0,0,0,0,0,0,0,0,0
37,76,"A",866,150,100,31,1,51,2,0,0,0,0,0,0,0,0,0,0
37,77,"B",898,0,100,31,2,51,2,0,0,0,0,0,0,0,0,0,0
37,78,"C",602,50,50,31,3,51,2,0,0,0,0,0,0,0,0,0,0
37,79,"B",2720,0,100,31,2,51,2,0,0,0,0,0,0,0,0,0,0
37,80,"C",562,0,50,31,3,51,2,0,0,0,0,3,4,3,2,2,1
37,81,"A",5083,0,100,31,1,51,2,0,0,0,0,0,0,0,0,0,0
37,82,"B",2133,1250,100,31,2,51,2,0,0,0,0,0,0,0,0,0,0
37,83,"D",1288,0,50,31,4,51,2,0,0,0,0,0,0,0,0,0,0
37,84,"C",1332,0,50,31,3,51,2,0,0,0,0,0,0,0,0,0,0
37,85,"B",1543,0,100,31,2,51,2,0,0,0,0,0,0,0,0,0,0
37,86,"A",2806,0,100,31,1,51,2,0,0,0,0,0,0,0,0,0,0
37,87,"D",1114,0,50,31,4,51,2,0,0,0,0,0,0,0,0,0,0
37,88,"B",3023,0,100,31,2,51,2,0,0,0,0,0,0,0,0,0,0
37,89,"C",1966,0,50,31,3,51,2,0,0,0,0,0,0,0,0,0,0
37,90,"A",1999,0,100,31,1,51,2,1,1,1,1,3,3,2,2,1,1
37,91,"D",3581,0,50,31,4,51,2,0,0,0,0,0,0,0,0,0,0
37,92,"A",1268,300,100,31,1,51,2,0,0,0,0,0,0,0,0,0,0
37,93,"B",621,0,100,31,2,51,2,0,0,0,0,0,0,0,0,0,0
37,94,"C",1067,50,50,31,3,51,2,0,0,0,0,0,0,0,0,0,0
37,95,"A",2200,0,100,31,1,51,2,0,0,0,0,0,0,0,0,0,0
37,96,"D",889,0,50,31,4,51,2,0,0,0,0,0,0,0,0,0,0
37,97,"B",1101,0,100,31,2,51,2,0,0,0,0,0,0,0,0,0,0
37,98,"D",1931,0,50,31,4,51,2,0,0,0,0,0,0,0,0,0,0
37,99,"C",622,25,50,31,3,51,2,0,0,0,0,0,0,0,0,0,0
37,100,"B",619,0,100,31,2,51,2,0,2,1,0,1,1,1,1,0,1
39,1,"C",2159,0,50,32,3,54,2,0,0,0,0,0,0,0,0,0,0
39,2,"D",4282,0,50,32,4,54,2,0,0,0,0,0,0,0,0,0,0
39,3,"C",3956,0,50,32,3,54,2,0,0,0,0,0,0,0,0,0,0
39,4,"D",3265,0,50,32,4,54,2,0,0,0,0,0,0,0,0,0,0
39,5,"C",3856,50,50,32,3,54,2,0,0,0,0,0,0,0,0,0,0
39,6,"A",1675,0,100,32,1,54,2,0,0,0,0,0,0,0,0,0,0
39,7,"B",2180,0,100,32,2,54,2,0,0,0,0,0,0,0,0,0,0
39,8,"D",1211,0,50,32,4,54,2,0,0,0,0,0,0,0,0,0,0
39,9,"A",1743,0,100,32,1,54,2,0,0,0,0,0,0,0,0,0,0
39,10,"C",2621,0,50,32,3,54,2,2,2,0,2,-2,-1,-2,1,1,1
39,11,"C",1742,50,50,32,3,54,2,0,0,0,0,0,0,0,0,0,0
39,12,"D",1698,0,50,32,4,54,2,0,0,0,0,0,0,0,0,0,0
39,13,"A",2357,150,100,32,1,54,2,0,0,0,0,0,0,0,0,0,0
39,14,"C",2463,0,50,32,3,54,2,0,0,0,0,0,0,0,0,0,0
39,15,"D",1725,0,50,32,4,54,2,0,0,0,0,0,0,0,0,0,0
39,16,"C",2648,50,50,32,3,54,2,0,0,0,0,0,0,0,0,0,0
39,17,"B",1732,0,100,32,2,54,2,0,0,0,0,0,0,0,0,0,0
39,18,"D",2416,0,50,32,4,54,2,0,0,0,0,0,0,0,0,0,0
39,19,"C",2812,0,50,32,3,54,2,0,0,0,0,0,0,0,0,0,0
39,20,"C",3514,50,50,32,3,54,2,-3,2,0,2,2,-1,1,-2,2,1
39,21,"B",2140,0,100,32,2,54,2,0,0,0,0,0,0,0,0,0,0
39,22,"D",2530,0,50,32,4,54,2,0,0,0,0,0,0,0,0,0,0
39,23,"C",2638,50,50,32,3,54,2,0,0,0,0,0,0,0,0,0,0
39,24,"B",1831,0,100,32,2,54,2,0,0,0,0,0,0,0,0,0,0
39,25,"D",4998,0,50,32,4,54,2,0,0,0,0,0,0,0,0,0,0
39,26,"C",2719,0,50,32,3,54,2,0,0,0,0,0,0,0,0,0,0
39,27,"B",3617,0,100,32,2,54,2,0,0,0,0,0,0,0,0,0,0
39,28,"D",1301,0,50,32,4,54,2,0,0,0,0,0,0,0,0,0,0
39,29,"C",4163,25,50,32,3,54,2,0,0,0,0,0,0,0,0,0,0
39,30,"D",2428,250,50,32,4,54,2,-3,2,0,-1,2,1,0,1,3,1
39,31,"D",2486,0,50,32,4,54,2,0,0,0,0,0,0,0,0,0,0
39,32,"B",2268,0,100,32,2,54,2,0,0,0,0,0,0,0,0,0,0
39,33,"C",2314,75,50,32,3,54,2,0,0,0,0,0,0,0,0,0,0
39,34,"A",2196,0,100,32,1,54,2,0,0,0,0,0,0,0,0,0,0
39,35,"A",1613,300,100,32,1,54,2,0,0,0,0,0,0,0,0,0,0
39,36,"D",4943,0,50,32,4,54,2,0,0,0,0,0,0,0,0,0,0
39,37,"B",3055,0,100,32,2,54,2,0,0,0,0,0,0,0,0,0,0
39,38,"D",1942,0,50,32,4,54,2,0,0,0,0,0,0,0,0,0,0
39,39,"C",7069,0,50,32,3,54,2,0,0,0,0,0,0,0,0,0,0
39,40,"A",3300,0,100,32,1,54,2,-2,2,-2,2,2,-1,-2,-2,3,1
39,41,"B",2482,0,100,32,2,54,2,0,0,0,0,0,0,0,0,0,0
39,42,"C",3329,0,50,32,3,54,2,0,0,0,0,0,0,0,0,0,0
39,43,"A",2581,200,100,32,1,54,2,0,0,0,0,0,0,0,0,0,0
39,44,"D",3884,0,50,32,4,54,2,0,0,0,0,0,0,0,0,0,0
39,45,"B",1310,1250,100,32,2,54,2,0,0,0,0,0,0,0,0,0,0
39,46,"C",3139,0,50,32,3,54,2,0,0,0,0,0,0,0,0,0,0
39,47,"A",3506,0,100,32,1,54,2,0,0,0,0,0,0,0,0,0,0
39,48,"A",1417,250,100,32,1,54,2,0,0,0,0,0,0,0,0,0,0
39,49,"D",2637,0,50,32,4,54,2,0,0,0,0,0,0,0,0,0,0
39,50,"C",2157,25,50,32,3,54,2,-2,-3,0,2,1,4,2,-1,3,1
39,51,"C",2099,75,50,32,3,54,2,0,0,0,0,0,0,0,0,0,0
39,52,"D",2644,0,50,32,4,54,2,0,0,0,0,0,0,0,0,0,0
39,53,"A",1637,350,100,32,1,54,2,0,0,0,0,0,0,0,0,0,0
39,54,"B",1913,0,100,32,2,54,2,0,0,0,0,0,0,0,0,0,0
39,55,"B",1255,0,100,32,2,54,2,0,0,0,0,0,0,0,0,0,0
39,56,"D",1466,0,50,32,4,54,2,0,0,0,0,0,0,0,0,0,0
39,57,"B",2648,0,100,32,2,54,2,0,0,0,0,0,0,0,0,0,0
39,58,"C",3364,0,50,32,3,54,2,0,0,0,0,0,0,0,0,0,0
39,59,"D",2118,0,50,32,4,54,2,0,0,0,0,0,0,0,0,0,0
39,60,"A",1951,0,100,32,1,54,2,0,-2,-1,2,-2,1,-1,1,4,1
39,61,"C",3234,50,50,32,3,54,2,0,0,0,0,0,0,0,0,0,0
39,62,"A",2053,350,100,32,1,54,2,0,0,0,0,0,0,0,0,0,0
39,63,"B",2065,0,100,32,2,54,2,0,0,0,0,0,0,0,0,0,0
39,64,"B",3144,1250,100,32,2,54,2,0,0,0,0,0,0,0,0,0,0
39,65,"D",1063,0,50,32,4,54,2,0,0,0,0,0,0,0,0,0,0
39,66,"A",820,0,100,32,1,54,2,0,0,0,0,0,0,0,0,0,0
39,67,"A",1367,250,100,32,1,54,2,0,0,0,0,0,0,0,0,0,0
39,68,"C",1971,0,50,32,3,54,2,0,0,0,0,0,0,0,0,0,0
39,69,"D",2737,250,50,32,4,54,2,0,0,0,0,0,0,0,0,0,0
39,70,"B",1629,0,100,32,2,54,2,-1,-2,0,0,1,3,2,-1,4,1
39,71,"B",2198,0,100,32,2,54,2,0,0,0,0,0,0,0,0,0,0
39,72,"A",1957,200,100,32,1,54,2,0,0,0,0,0,0,0,0,0,0
39,73,"C",1668,0,50,32,3,54,2,0,0,0,0,0,0,0,0,0,0
39,74,"A",1723,0,100,32,1,54,2,0,0,0,0,0,0,0,0,0,0
39,75,"D",2951,0,50,32,4,54,2,0,0,0,0,0,0,0,0,0,0
39,76,"B",1550,0,100,32,2,54,2,0,0,0,0,0,0,0,0,0,0
39,77,"C",1692,0,50,32,3,54,2,0,0,0,0,0,0,0,0,0,0
39,78,"D",1727,0,50,32,4,54,2,0,0,0,0,0,0,0,0,0,0
39,79,"C",1653,50,50,32,3,54,2,0,0,0,0,0,0,0,0,0,0
39,80,"C",2265,25,50,32,3,54,2,0,-1,0,0,2,1,2,2,4,1
39,81,"B",2103,0,100,32,2,54,2,0,0,0,0,0,0,0,0,0,0
39,82,"C",2865,50,50,32,3,54,2,0,0,0,0,0,0,0,0,0,0
39,83,"D",1790,0,50,32,4,54,2,0,0,0,0,0,0,0,0,0,0
39,84,"A",1821,300,100,32,1,54,2,0,0,0,0,0,0,0,0,0,0
39,85,"A",795,150,100,32,1,54,2,0,0,0,0,0,0,0,0,0,0
39,86,"C",988,0,50,32,3,54,2,0,0,0,0,0,0,0,0,0,0
39,87,"B",2333,0,100,32,2,54,2,0,0,0,0,0,0,0,0,0,0
39,88,"A",1960,0,100,32,1,54,2,0,0,0,0,0,0,0,0,0,0
39,89,"C",2753,0,50,32,3,54,2,0,0,0,0,0,0,0,0,0,0
39,90,"D",2376,0,50,32,4,54,2,-3,-1,2,1,3,1,3,1,4,1
39,91,"B",3794,0,100,32,2,54,2,0,0,0,0,0,0,0,0,0,0
39,92,"A",1020,0,100,32,1,54,2,0,0,0,0,0,0,0,0,0,0
39,93,"A",1850,0,100,32,1,54,2,0,0,0,0,0,0,0,0,0,0
39,94,"B",1837,1250,100,32,2,54,2,0,0,0,0,0,0,0,0,0,0
39,95,"C",1478,75,50,32,3,54,2,0,0,0,0,0,0,0,0,0,0
39,96,"A",1063,300,100,32,1,54,2,0,0,0,0,0,0,0,0,0,0
39,97,"D",1392,0,50,32,4,54,2,0,0,0,0,0,0,0,0,0,0
39,98,"B",1502,0,100,32,2,54,2,0,0,0,0,0,0,0,0,0,0
39,99,"B",1635,0,100,32,2,54,2,0,0,0,0,0,0,0,0,0,0
39,100,"A",1284,0,100,32,1,54,2,-2,-3,0,3,2,3,1,-2,4,1
40,1,"D",3527,0,50,33,4,45,1,0,0,0,0,0,0,0,0,0,0
40,2,"B",1335,0,100,33,2,45,1,0,0,0,0,0,0,0,0,0,0
40,3,"C",4609,0,50,33,3,45,1,0,0,0,0,0,0,0,0,0,0
40,4,"A",942,0,100,33,1,45,1,0,0,0,0,0,0,0,0,0,0
40,5,"A",1396,0,100,33,1,45,1,0,0,0,0,0,0,0,0,0,0
40,6,"B",1032,0,100,33,2,45,1,0,0,0,0,0,0,0,0,0,0
40,7,"A",1726,150,100,33,1,45,1,0,0,0,0,0,0,0,0,0,0
40,8,"B",1774,0,100,33,2,45,1,0,0,0,0,0,0,0,0,0,0
40,9,"B",1545,0,100,33,2,45,1,0,0,0,0,0,0,0,0,0,0
40,10,"B",1210,0,100,33,2,45,1,-1,3,-2,-3,-1,3,-2,2,0,1
40,11,"B",1039,0,100,33,2,45,1,0,0,0,0,0,0,0,0,0,0
40,12,"B",3631,0,100,33,2,45,1,0,0,0,0,0,0,0,0,0,0
40,13,"B",4614,0,100,33,2,45,1,0,0,0,0,0,0,0,0,0,0
40,14,"B",2557,1250,100,33,2,45,1,0,0,0,0,0,0,0,0,0,0
40,15,"B",1439,0,100,33,2,45,1,0,0,0,0,0,0,0,0,0,0
40,16,"B",1247,0,100,33,2,45,1,0,0,0,0,0,0,0,0,0,0
40,17,"B",2016,0,100,33,2,45,1,0,0,0,0,0,0,0,0,0,0
40,18,"B",1870,0,100,33,2,45,1,0,0,0,0,0,0,0,0,0,0
40,19,"B",1956,1250,100,33,2,45,1,0,0,0,0,0,0,0,0,0,0
40,20,"B",8925,0,100,33,2,45,1,0,0,0,-1,-2,3,-2,-2,1,1
40,21,"A",1387,0,100,33,1,45,1,0,0,0,0,0,0,0,0,0,0
40,22,"C",2594,0,50,33,3,45,1,0,0,0,0,0,0,0,0,0,0
40,23,"B",1560,0,100,33,2,45,1,0,0,0,0,0,0,0,0,0,0
40,24,"A",1457,300,100,33,1,45,1,0,0,0,0,0,0,0,0,0,0
40,25,"A",3967,0,100,33,1,45,1,0,0,0,0,0,0,0,0,0,0
40,26,"B",1011,0,100,33,2,45,1,0,0,0,0,0,0,0,0,0,0
40,27,"C",1903,50,50,33,3,45,1,0,0,0,0,0,0,0,0,0,0
40,28,"D",925,0,50,33,4,45,1,0,0,0,0,0,0,0,0,0,0
40,29,"B",1536,0,100,33,2,45,1,0,0,0,0,0,0,0,0,0,0
40,30,"B",3350,0,100,33,2,45,1,0,0,1,1,3,3,1,2,2,1
40,31,"B",1276,0,100,33,2,45,1,0,0,0,0,0,0,0,0,0,0
40,32,"A",1117,200,100,33,1,45,1,0,0,0,0,0,0,0,0,0,0
40,33,"A",1030,0,100,33,1,45,1,0,0,0,0,0,0,0,0,0,0
40,34,"B",1351,1250,100,33,2,45,1,0,0,0,0,0,0,0,0,0,0
40,35,"B",869,0,100,33,2,45,1,0,0,0,0,0,0,0,0,0,0
40,36,"D",1059,0,50,33,4,45,1,0,0,0,0,0,0,0,0,0,0
40,37,"C",1029,0,50,33,3,45,1,0,0,0,0,0,0,0,0,0,0
40,38,"A",881,250,100,33,1,45,1,0,0,0,0,0,0,0,0,0,0
40,39,"D",961,0,50,33,4,45,1,0,0,0,0,0,0,0,0,0,0
40,40,"B",1080,0,100,33,2,45,1,-1,0,0,1,4,4,-1,3,2,1
40,41,"D",2212,0,50,33,4,45,1,0,0,0,0,0,0,0,0,0,0
40,42,"B",2129,0,100,33,2,45,1,0,0,0,0,0,0,0,0,0,0
40,43,"D",1773,0,50,33,4,45,1,0,0,0,0,0,0,0,0,0,0
40,44,"C",1140,50,50,33,3,45,1,0,0,0,0,0,0,0,0,0,0
40,45,"D",999,0,50,33,4,45,1,0,0,0,0,0,0,0,0,0,0
40,46,"D",1400,0,50,33,4,45,1,0,0,0,0,0,0,0,0,0,0
40,47,"D",2824,0,50,33,4,45,1,0,0,0,0,0,0,0,0,0,0
40,48,"B",913,0,100,33,2,45,1,0,0,0,0,0,0,0,0,0,0
40,49,"D",866,250,50,33,4,45,1,0,0,0,0,0,0,0,0,0,0
40,50,"B",1472,0,100,33,2,45,1,-1,1,0,-1,1,3,1,3,2,1
40,51,"B",3724,0,100,33,2,45,1,0,0,0,0,0,0,0,0,0,0
40,52,"C",1902,0,50,33,3,45,1,0,0,0,0,0,0,0,0,0,0
40,53,"B",1148,0,100,33,2,45,1,0,0,0,0,0,0,0,0,0,0
40,54,"D",929,0,50,33,4,45,1,0,0,0,0,0,0,0,0,0,0
40,55,"A",1005,350,100,33,1,45,1,0,0,0,0,0,0,0,0,0,0
40,56,"B",670,0,100,33,2,45,1,0,0,0,0,0,0,0,0,0,0
40,57,"C",995,50,50,33,3,45,1,0,0,0,0,0,0,0,0,0,0
40,58,"B",852,0,100,33,2,45,1,0,0,0,0,0,0,0,0,0,0
40,59,"D",1000,0,50,33,4,45,1,0,0,0,0,0,0,0,0,0,0
40,60,"B",1021,0,100,33,2,45,1,-2,1,-2,1,2,2,2,2,2,1
40,61,"B",1054,1250,100,33,2,45,1,0,0,0,0,0,0,0,0,0,0
40,62,"D",569,0,50,33,4,45,1,0,0,0,0,0,0,0,0,0,0
40,63,"A",1372,0,100,33,1,45,1,0,0,0,0,0,0,0,0,0,0
40,64,"C",767,0,50,33,3,45,1,0,0,0,0,0,0,0,0,0,0
40,65,"A",1384,350,100,33,1,45,1,0,0,0,0,0,0,0,0,0,0
40,66,"C",958,50,50,33,3,45,1,0,0,0,0,0,0,0,0,0,0
40,67,"D",887,0,50,33,4,45,1,0,0,0,0,0,0,0,0,0,0
40,68,"B",1366,0,100,33,2,45,1,0,0,0,0,0,0,0,0,0,0
40,69,"B",2175,0,100,33,2,45,1,0,0,0,0,0,0,0,0,0,0
40,70,"D",1523,0,50,33,4,45,1,-1,0,-1,1,3,3,1,3,3,1
40,71,"D",1078,0,50,33,4,45,1,0,0,0,0,0,0,0,0,0,0
40,72,"A",1391,0,100,33,1,45,1,0,0,0,0,0,0,0,0,0,0
40,73,"D",1427,0,50,33,4,45,1,0,0,0,0,0,0,0,0,0,0
40,74,"B",1889,0,100,33,2,45,1,0,0,0,0,0,0,0,0,0,0
40,75,"C",1252,50,50,33,3,45,1,0,0,0,0,0,0,0,0,0,0
40,76,"A",2071,250,100,33,1,45,1,0,0,0,0,0,0,0,0,0,0
40,77,"B",848,0,100,33,2,45,1,0,0,0,0,0,0,0,0,0,0
40,78,"D",604,0,50,33,4,45,1,0,0,0,0,0,0,0,0,0,0
40,79,"D",564,0,50,33,4,45,1,0,0,0,0,0,0,0,0,0,0
40,80,"D",868,250,50,33,4,45,1,-1,-1,-1,0,4,2,2,4,3,1
40,81,"D",1594,0,50,33,4,45,1,0,0,0,0,0,0,0,0,0,0
40,82,"D",849,0,50,33,4,45,1,0,0,0,0,0,0,0,0,0,0
40,83,"B",967,0,100,33,2,45,1,0,0,0,0,0,0,0,0,0,0
40,84,"C",1752,0,50,33,3,45,1,0,0,0,0,0,0,0,0,0,0
40,85,"C",2646,25,50,33,3,45,1,0,0,0,0,0,0,0,0,0,0
40,86,"D",1321,0,50,33,4,45,1,0,0,0,0,0,0,0,0,0,0
40,87,"A",989,200,100,33,1,45,1,0,0,0,0,0,0,0,0,0,0
40,88,"C",1133,75,50,33,3,45,1,0,0,0,0,0,0,0,0,0,0
40,89,"C",1153,0,50,33,3,45,1,0,0,0,0,0,0,0,0,0,0
40,90,"D",1919,0,50,33,4,45,1,-2,0,-1,1,3,4,3,4,3,1
40,91,"D",760,0,50,33,4,45,1,0,0,0,0,0,0,0,0,0,0
40,92,"C",680,0,50,33,3,45,1,0,0,0,0,0,0,0,0,0,0
40,93,"A",1545,0,100,33,1,45,1,0,0,0,0,0,0,0,0,0,0
40,94,"D",1089,0,50,33,4,45,1,0,0,0,0,0,0,0,0,0,0
40,95,"B",900,0,100,33,2,45,1,0,0,0,0,0,0,0,0,0,0
40,96,"C",1688,0,50,33,3,45,1,0,0,0,0,0,0,0,0,0,0
40,97,"D",1321,0,50,33,4,45,1,0,0,0,0,0,0,0,0,0,0
40,98,"A",2035,300,100,33,1,45,1,0,0,0,0,0,0,0,0,0,0
40,99,"C",772,25,50,33,3,45,1,0,0,0,0,0,0,0,0,0,0
40,100,"C",847,75,50,33,3,45,1,-2,0,0,0,3,2,4,4,3,1
42,1,"D",2871,0,50,34,4,38,1,0,0,0,0,0,0,0,0,0,0
42,2,"D",1163,0,50,34,4,38,1,0,0,0,0,0,0,0,0,0,0
42,3,"C",926,0,50,34,3,38,1,0,0,0,0,0,0,0,0,0,0
42,4,"D",443,0,50,34,4,38,1,0,0,0,0,0,0,0,0,0,0
42,5,"A",1052,0,100,34,1,38,1,0,0,0,0,0,0,0,0,0,0
42,6,"B",943,0,100,34,2,38,1,0,0,0,0,0,0,0,0,0,0
42,7,"B",1232,0,100,34,2,38,1,0,0,0,0,0,0,0,0,0,0
42,8,"A",929,0,100,34,1,38,1,0,0,0,0,0,0,0,0,0,0
42,9,"C",635,0,50,34,3,38,1,0,0,0,0,0,0,0,0,0,0
42,10,"A",1636,150,100,34,1,38,1,3,3,2,-2,3,3,1,-2,-2,1
42,11,"D",2291,0,50,34,4,38,1,0,0,0,0,0,0,0,0,0,0
42,12,"B",708,0,100,34,2,38,1,0,0,0,0,0,0,0,0,0,0
42,13,"A",628,0,100,34,1,38,1,0,0,0,0,0,0,0,0,0,0
42,14,"D",1226,0,50,34,4,38,1,0,0,0,0,0,0,0,0,0,0
42,15,"D",1240,0,50,34,4,38,1,0,0,0,0,0,0,0,0,0,0
42,16,"B",1056,0,100,34,2,38,1,0,0,0,0,0,0,0,0,0,0
42,17,"B",1246,0,100,34,2,38,1,0,0,0,0,0,0,0,0,0,0
42,18,"B",2343,0,100,34,2,38,1,0,0,0,0,0,0,0,0,0,0
42,19,"B",1454,0,100,34,2,38,1,0,0,0,0,0,0,0,0,0,0
42,20,"B",1296,0,100,34,2,38,1,-2,4,1,1,-3,2,1,1,-2,1
42,21,"B",5412,1250,100,34,2,38,1,0,0,0,0,0,0,0,0,0,0
42,22,"D",772,0,50,34,4,38,1,0,0,0,0,0,0,0,0,0,0
42,23,"D",1231,0,50,34,4,38,1,0,0,0,0,0,0,0,0,0,0
42,24,"A",917,300,100,34,1,38,1,0,0,0,0,0,0,0,0,0,0
42,25,"D",1030,0,50,34,4,38,1,0,0,0,0,0,0,0,0,0,0
42,26,"C",804,50,50,34,3,38,1,0,0,0,0,0,0,0,0,0,0
42,27,"D",782,250,50,34,4,38,1,0,0,0,0,0,0,0,0,0,0
42,28,"B",900,0,100,34,2,38,1,0,0,0,0,0,0,0,0,0,0
42,29,"B",864,0,100,34,2,38,1,0,0,0,0,0,0,0,0,0,0
42,30,"B",1046,0,100,34,2,38,1,-3,4,-3,-3,-3,2,-3,-3,-2,1
42,31,"B",6052,0,100,34,2,38,1,0,0,0,0,0,0,0,0,0,0
42,32,"C",1065,0,50,34,3,38,1,0,0,0,0,0,0,0,0,0,0
42,33,"A",1001,0,100,34,1,38,1,0,0,0,0,0,0,0,0,0,0
42,34,"B",1154,1250,100,34,2,38,1,0,0,0,0,0,0,0,0,0,0
42,35,"A",667,200,100,34,1,38,1,0,0,0,0,0,0,0,0,0,0
42,36,"D",976,0,50,34,4,38,1,0,0,0,0,0,0,0,0,0,0
42,37,"D",1839,0,50,34,4,38,1,0,0,0,0,0,0,0,0,0,0
42,38,"D",997,0,50,34,4,38,1,0,0,0,0,0,0,0,0,0,0
42,39,"D",2567,0,50,34,4,38,1,0,0,0,0,0,0,0,0,0,0
42,40,"D",1147,0,50,34,4,38,1,-3,-3,-1,3,-3,-2,-1,2,-1,1
42,41,"D",2388,0,50,34,4,38,1,0,0,0,0,0,0,0,0,0,0
42,42,"B",1046,0,100,34,2,38,1,0,0,0,0,0,0,0,0,0,0
42,43,"A",764,0,100,34,1,38,1,0,0,0,0,0,0,0,0,0,0
42,44,"C",939,50,50,34,3,38,1,0,0,0,0,0,0,0,0,0,0
42,45,"B",951,0,100,34,2,38,1,0,0,0,0,0,0,0,0,0,0
42,46,"B",791,0,100,34,2,38,1,0,0,0,0,0,0,0,0,0,0
42,47,"B",1109,0,100,34,2,38,1,0,0,0,0,0,0,0,0,0,0
42,48,"B",1123,0,100,34,2,38,1,0,0,0,0,0,0,0,0,0,0
42,49,"B",907,0,100,34,2,38,1,0,0,0,0,0,0,0,0,0,0
42,50,"B",1897,1250,100,34,2,38,1,3,-3,-1,3,1,-4,-1,1,-1,1
42,51,"B",4840,0,100,34,2,38,1,0,0,0,0,0,0,0,0,0,0
42,52,"B",693,0,100,34,2,38,1,0,0,0,0,0,0,0,0,0,0
42,53,"B",1059,0,100,34,2,38,1,0,0,0,0,0,0,0,0,0,0
42,54,"B",991,0,100,34,2,38,1,0,0,0,0,0,0,0,0,0,0
42,55,"B",957,0,100,34,2,38,1,0,0,0,0,0,0,0,0,0,0
42,56,"B",1301,0,100,34,2,38,1,0,0,0,0,0,0,0,0,0,0
42,57,"B",1389,0,100,34,2,38,1,0,0,0,0,0,0,0,0,0,0
42,58,"D",1612,0,50,34,4,38,1,0,0,0,0,0,0,0,0,0,0
42,59,"D",863,0,50,34,4,38,1,0,0,0,0,0,0,0,0,0,0
42,60,"D",789,0,50,34,4,38,1,0,0,0,4,0,0,0,2,-1,1
42,61,"B",5141,0,100,34,2,38,1,0,0,0,0,0,0,0,0,0,0
42,62,"A",975,250,100,34,1,38,1,0,0,0,0,0,0,0,0,0,0
42,63,"B",733,0,100,34,2,38,1,0,0,0,0,0,0,0,0,0,0
42,64,"B",1079,0,100,34,2,38,1,0,0,0,0,0,0,0,0,0,0
42,65,"B",1144,1250,100,34,2,38,1,0,0,0,0,0,0,0,0,0,0
42,66,"D",710,250,50,34,4,38,1,0,0,0,0,0,0,0,0,0,0
42,67,"C",684,0,50,34,3,38,1,0,0,0,0,0,0,0,0,0,0
42,68,"C",1704,50,50,34,3,38,1,0,0,0,0,0,0,0,0,0,0
42,69,"C",1128,0,50,34,3,38,1,0,0,0,0,0,0,0,0,0,0
42,70,"C",1096,50,50,34,3,38,1,-3,-3,-1,-2,-3,-3,-1,-3,-1,1
42,71,"B",4314,0,100,34,2,38,1,0,0,0,0,0,0,0,0,0,0
42,72,"B",979,0,100,34,2,38,1,0,0,0,0,0,0,0,0,0,0
42,73,"B",1174,0,100,34,2,38,1,0,0,0,0,0,0,0,0,0,0
42,74,"B",1546,0,100,34,2,38,1,0,0,0,0,0,0,0,0,0,0
42,75,"B",1272,0,100,34,2,38,1,0,0,0,0,0,0,0,0,0,0
42,76,"B",902,0,100,34,2,38,1,0,0,0,0,0,0,0,0,0,0
42,77,"B",936,0,100,34,2,38,1,0,0,0,0,0,0,0,0,0,0
42,78,"B",756,0,100,34,2,38,1,0,0,0,0,0,0,0,0,0,0
42,79,"B",940,0,100,34,2,38,1,0,0,0,0,0,0,0,0,0,0
42,80,"B",810,0,100,34,2,38,1,0,4,0,0,0,2,0,0,-1,1
42,81,"B",1347,0,100,34,2,38,1,0,0,0,0,0,0,0,0,0,0
42,82,"B",593,0,100,34,2,38,1,0,0,0,0,0,0,0,0,0,0
42,83,"B",1052,0,100,34,2,38,1,0,0,0,0,0,0,0,0,0,0
42,84,"B",1239,0,100,34,2,38,1,0,0,0,0,0,0,0,0,0,0
42,85,"B",831,0,100,34,2,38,1,0,0,0,0,0,0,0,0,0,0
42,86,"B",1613,0,100,34,2,38,1,0,0,0,0,0,0,0,0,0,0
42,87,"B",1113,1250,100,34,2,38,1,0,0,0,0,0,0,0,0,0,0
42,88,"D",911,0,50,34,4,38,1,0,0,0,0,0,0,0,0,0,0
42,89,"D",1469,0,50,34,4,38,1,0,0,0,0,0,0,0,0,0,0
42,90,"D",1762,0,50,34,4,38,1,0,-2,0,4,0,-3,0,1,0,1
42,91,"B",2844,0,100,34,2,38,1,0,0,0,0,0,0,0,0,0,0
42,92,"B",699,0,100,34,2,38,1,0,0,0,0,0,0,0,0,0,0
42,93,"B",928,0,100,34,2,38,1,0,0,0,0,0,0,0,0,0,0
42,94,"B",779,0,100,34,2,38,1,0,0,0,0,0,0,0,0,0,0
42,95,"D",1199,0,50,34,4,38,1,0,0,0,0,0,0,0,0,0,0
42,96,"D",584,0,50,34,4,38,1,0,0,0,0,0,0,0,0,0,0
42,97,"D",1157,0,50,34,4,38,1,0,0,0,0,0,0,0,0,0,0
42,98,"D",696,0,50,34,4,38,1,0,0,0,0,0,0,0,0,0,0
42,99,"D",1075,0,50,34,4,38,1,0,0,0,0,0,0,0,0,0,0
42,100,"D",764,250,50,34,4,38,1,0,-3,0,-2,0,-3,0,-2,0,1
43,1,"B",2380,0,100,35,2,60,3,0,0,0,0,0,0,0,0,0,0
43,2,"B",1573,0,100,35,2,60,3,0,0,0,0,0,0,0,0,0,0
43,3,"C",2210,0,50,35,3,60,3,0,0,0,0,0,0,0,0,0,0
43,4,"D",2278,0,50,35,4,60,3,0,0,0,0,0,0,0,0,0,0
43,5,"B",1616,0,100,35,2,60,3,0,0,0,0,0,0,0,0,0,0
43,6,"A",1443,0,100,35,1,60,3,0,0,0,0,0,0,0,0,0,0
43,7,"A",1462,0,100,35,1,60,3,0,0,0,0,0,0,0,0,0,0
43,8,"B",836,0,100,35,2,60,3,0,0,0,0,0,0,0,0,0,0
43,9,"B",1029,0,100,35,2,60,3,0,0,0,0,0,0,0,0,0,0
43,10,"B",1107,0,100,35,2,60,3,3,3,4,3,4,3,0,0,-2,1
43,11,"C",1231,0,50,35,3,60,3,0,0,0,0,0,0,0,0,0,0
43,12,"B",522,0,100,35,2,60,3,0,0,0,0,0,0,0,0,0,0
43,13,"A",669,150,100,35,1,60,3,0,0,0,0,0,0,0,0,0,0
43,14,"D",1197,0,50,35,4,60,3,0,0,0,0,0,0,0,0,0,0
43,15,"B",606,0,100,35,2,60,3,0,0,0,0,0,0,0,0,0,0
43,16,"B",902,1250,100,35,2,60,3,0,0,0,0,0,0,0,0,0,0
43,17,"C",1316,50,50,35,3,60,3,0,0,0,0,0,0,0,0,0,0
43,18,"D",1032,0,50,35,4,60,3,0,0,0,0,0,0,0,0,0,0
43,19,"D",534,0,50,35,4,60,3,0,0,0,0,0,0,0,0,0,0
43,20,"A",816,0,100,35,1,60,3,1,-2,0,2,2,4,2,3,0,1
43,21,"C",1164,0,50,35,3,60,3,0,0,0,0,0,0,0,0,0,0
43,22,"D",850,0,50,35,4,60,3,0,0,0,0,0,0,0,0,0,0
43,23,"B",1277,0,100,35,2,60,3,0,0,0,0,0,0,0,0,0,0
43,24,"B",1281,0,100,35,2,60,3,0,0,0,0,0,0,0,0,0,0
43,25,"B",1692,0,100,35,2,60,3,0,0,0,0,0,0,0,0,0,0
43,26,"B",616,0,100,35,2,60,3,0,0,0,0,0,0,0,0,0,0
43,27,"B",1194,1250,100,35,2,60,3,0,0,0,0,0,0,0,0,0,0
43,28,"A",899,300,100,35,1,60,3,0,0,0,0,0,0,0,0,0,0
43,29,"C",924,50,50,35,3,60,3,0,0,0,0,0,0,0,0,0,0
43,30,"C",562,0,50,35,3,60,3,-2,-4,0,1,2,3,1,2,0,1
43,31,"D",904,0,50,35,4,60,3,0,0,0,0,0,0,0,0,0,0
43,32,"D",934,0,50,35,4,60,3,0,0,0,0,0,0,0,0,0,0
43,33,"D",586,0,50,35,4,60,3,0,0,0,0,0,0,0,0,0,0
43,34,"C",2239,50,50,35,3,60,3,0,0,0,0,0,0,0,0,0,0
43,35,"D",719,0,50,35,4,60,3,0,0,0,0,0,0,0,0,0,0
43,36,"D",1446,250,50,35,4,60,3,0,0,0,0,0,0,0,0,0,0
43,37,"B",1263,0,100,35,2,60,3,0,0,0,0,0,0,0,0,0,0
43,38,"A",829,0,100,35,1,60,3,0,0,0,0,0,0,0,0,0,0
43,39,"C",579,0,50,35,3,60,3,0,0,0,0,0,0,0,0,0,0
43,40,"D",560,0,50,35,4,60,3,-1,-3,0,3,1,1,2,0,0,1
43,41,"C",1151,50,50,35,3,60,3,0,0,0,0,0,0,0,0,0,0
43,42,"D",527,0,50,35,4,60,3,0,0,0,0,0,0,0,0,0,0
43,43,"A",960,200,100,35,1,60,3,0,0,0,0,0,0,0,0,0,0
43,44,"A",616,0,100,35,1,60,3,0,0,0,0,0,0,0,0,0,0
43,45,"A",820,250,100,35,1,60,3,0,0,0,0,0,0,0,0,0,0
43,46,"C",663,50,50,35,3,60,3,0,0,0,0,0,0,0,0,0,0
43,47,"C",2560,0,50,35,3,60,3,0,0,0,0,0,0,0,0,0,0
43,48,"C",760,25,50,35,3,60,3,0,0,0,0,0,0,0,0,0,0
43,49,"C",768,75,50,35,3,60,3,0,0,0,0,0,0,0,0,0,0
43,50,"C",2228,0,50,35,3,60,3,0,-2,-2,2,-1,-4,-2,1,-1,1
43,51,"B",623,0,100,35,2,60,3,0,0,0,0,0,0,0,0,0,0
43,52,"B",776,0,100,35,2,60,3,0,0,0,0,0,0,0,0,0,0
43,53,"D",5182,0,50,35,4,60,3,0,0,0,0,0,0,0,0,0,0
43,54,"D",1077,0,50,35,4,60,3,0,0,0,0,0,0,0,0,0,0
43,55,"A",542,350,100,35,1,60,3,0,0,0,0,0,0,0,0,0,0
43,56,"B",793,0,100,35,2,60,3,0,0,0,0,0,0,0,0,0,0
43,57,"C",860,0,50,35,3,60,3,0,0,0,0,0,0,0,0,0,0
43,58,"B",447,0,100,35,2,60,3,0,0,0,0,0,0,0,0,0,0
43,59,"D",1591,0,50,35,4,60,3,0,0,0,0,0,0,0,0,0,0
43,60,"B",1509,0,100,35,2,60,3,-2,-2,0,0,1,2,2,2,-1,1
43,61,"A",2758,0,100,35,1,60,3,0,0,0,0,0,0,0,0,0,0
43,62,"B",608,1250,100,35,2,60,3,0,0,0,0,0,0,0,0,0,0
43,63,"C",667,0,50,35,3,60,3,0,0,0,0,0,0,0,0,0,0
43,64,"D",723,0,50,35,4,60,3,0,0,0,0,0,0,0,0,0,0
43,65,"B",604,0,100,35,2,60,3,0,0,0,0,0,0,0,0,0,0
43,66,"B",613,0,100,35,2,60,3,0,0,0,0,0,0,0,0,0,0
43,67,"C",527,25,50,35,3,60,3,0,0,0,0,0,0,0,0,0,0
43,68,"A",578,350,100,35,1,60,3,0,0,0,0,0,0,0,0,0,0
43,69,"D",221,0,50,35,4,60,3,0,0,0,0,0,0,0,0,0,0
43,70,"D",579,0,50,35,4,60,3,-2,-3,-2,2,-1,3,1,2,-3,1
43,71,"D",3615,0,50,35,4,60,3,0,0,0,0,0,0,0,0,0,0
43,72,"A",587,0,100,35,1,60,3,0,0,0,0,0,0,0,0,0,0
43,73,"C",497,75,50,35,3,60,3,0,0,0,0,0,0,0,0,0,0
43,74,"B",1622,0,100,35,2,60,3,0,0,0,0,0,0,0,0,0,0
43,75,"D",2076,250,50,35,4,60,3,0,0,0,0,0,0,0,0,0,0
43,76,"C",821,0,50,35,3,60,3,0,0,0,0,0,0,0,0,0,0
43,77,"A",771,250,100,35,1,60,3,0,0,0,0,0,0,0,0,0,0
43,78,"B",1591,0,100,35,2,60,3,0,0,0,0,0,0,0,0,0,0
43,79,"D",1020,0,50,35,4,60,3,0,0,0,0,0,0,0,0,0,0
43,80,"C",2895,50,50,35,3,60,3,-2,-2,1,1,1,2,1,2,-2,1
43,81,"C",6350,0,50,35,3,60,3,0,0,0,0,0,0,0,0,0,0
43,82,"C",744,0,50,35,3,60,3,0,0,0,0,0,0,0,0,0,0
43,83,"C",606,0,50,35,3,60,3,0,0,0,0,0,0,0,0,0,0
43,84,"C",1767,50,50,35,3,60,3,0,0,0,0,0,0,0,0,0,0
43,85,"C",1405,25,50,35,3,60,3,0,0,0,0,0,0,0,0,0,0
43,86,"D",3771,0,50,35,4,60,3,0,0,0,0,0,0,0,0,0,0
43,87,"D",1647,0,50,35,4,60,3,0,0,0,0,0,0,0,0,0,0
43,88,"D",1184,0,50,35,4,60,3,0,0,0,0,0,0,0,0,0,0
43,89,"D",614,0,50,35,4,60,3,0,0,0,0,0,0,0,0,0,0
43,90,"D",980,0,50,35,4,60,3,-2,-3,2,4,-3,-1,-1,0,-3,1
43,91,"D",875,0,50,35,4,60,3,0,0,0,0,0,0,0,0,0,0
43,92,"D",2108,0,50,35,4,60,3,0,0,0,0,0,0,0,0,0,0
43,93,"D",1584,250,50,35,4,60,3,0,0,0,0,0,0,0,0,0,0
43,94,"C",1400,50,50,35,3,60,3,0,0,0,0,0,0,0,0,0,0
43,95,"B",1281,0,100,35,2,60,3,0,0,0,0,0,0,0,0,0,0
43,96,"D",2705,0,50,35,4,60,3,0,0,0,0,0,0,0,0,0,0
43,97,"D",1467,0,50,35,4,60,3,0,0,0,0,0,0,0,0,0,0
43,98,"D",945,0,50,35,4,60,3,0,0,0,0,0,0,0,0,0,0
43,99,"D",2471,0,50,35,4,60,3,0,0,0,0,0,0,0,0,0,0
43,100,"D",669,0,50,35,4,60,3,-2,-3,-1,3,-4,-2,-2,1,-4,1
44,1,"D",943,0,50,36,4,57,2,0,0,0,0,0,0,0,0,0,0
44,2,"A",1403,0,100,36,1,57,2,0,0,0,0,0,0,0,0,0,0
44,3,"A",796,0,100,36,1,57,2,0,0,0,0,0,0,0,0,0,0
44,4,"C",2059,0,50,36,3,57,2,0,0,0,0,0,0,0,0,0,0
44,5,"D",1455,0,50,36,4,57,2,0,0,0,0,0,0,0,0,0,0
44,6,"A",1546,150,100,36,1,57,2,0,0,0,0,0,0,0,0,0,0
44,7,"D",1177,0,50,36,4,57,2,0,0,0,0,0,0,0,0,0,0
44,8,"B",1213,0,100,36,2,57,2,0,0,0,0,0,0,0,0,0,0
44,9,"D",1896,0,50,36,4,57,2,0,0,0,0,0,0,0,0,0,0
44,10,"C",1571,0,50,36,3,57,2,0,0,-3,0,-4,-4,0,-4,1,1
44,11,"A",2375,0,100,36,1,57,2,0,0,0,0,0,0,0,0,0,0
44,12,"A",1424,300,100,36,1,57,2,0,0,0,0,0,0,0,0,0,0
44,13,"D",1750,0,50,36,4,57,2,0,0,0,0,0,0,0,0,0,0
44,14,"B",877,0,100,36,2,57,2,0,0,0,0,0,0,0,0,0,0
44,15,"A",2668,0,100,36,1,57,2,0,0,0,0,0,0,0,0,0,0
44,16,"D",1582,0,50,36,4,57,2,0,0,0,0,0,0,0,0,0,0
44,17,"D",1508,0,50,36,4,57,2,0,0,0,0,0,0,0,0,0,0
44,18,"A",954,200,100,36,1,57,2,0,0,0,0,0,0,0,0,0,0
44,19,"B",1440,0,100,36,2,57,2,0,0,0,0,0,0,0,0,0,0
44,20,"C",1024,50,50,36,3,57,2,0,2,0,0,4,0,-3,3,3,1
44,21,"C",2143,0,50,36,3,57,2,0,0,0,0,0,0,0,0,0,0
44,22,"B",1557,0,100,36,2,57,2,0,0,0,0,0,0,0,0,0,0
44,23,"B",958,0,100,36,2,57,2,0,0,0,0,0,0,0,0,0,0
44,24,"A",1695,0,100,36,1,57,2,0,0,0,0,0,0,0,0,0,0
44,25,"C",1666,50,50,36,3,57,2,0,0,0,0,0,0,0,0,0,0
44,26,"A",1435,250,100,36,1,57,2,0,0,0,0,0,0,0,0,0,0
44,27,"B",1507,0,100,36,2,57,2,0,0,0,0,0,0,0,0,0,0
44,28,"C",1721,0,50,36,3,57,2,0,0,0,0,0,0,0,0,0,0
44,29,"C",517,50,50,36,3,57,2,0,0,0,0,0,0,0,0,0,0
44,30,"D",904,0,50,36,4,57,2,-3,0,0,-2,0,4,1,0,3,1
44,31,"D",4762,0,50,36,4,57,2,0,0,0,0,0,0,0,0,0,0
44,32,"A",2303,350,100,36,1,57,2,0,0,0,0,0,0,0,0,0,0
44,33,"C",1270,0,50,36,3,57,2,0,0,0,0,0,0,0,0,0,0
44,34,"B",2523,0,100,36,2,57,2,0,0,0,0,0,0,0,0,0,0
44,35,"C",1460,50,50,36,3,57,2,0,0,0,0,0,0,0,0,0,0
44,36,"C",1088,50,50,36,3,57,2,0,0,0,0,0,0,0,0,0,0
44,37,"D",1411,250,50,36,4,57,2,0,0,0,0,0,0,0,0,0,0
44,38,"A",1719,0,100,36,1,57,2,0,0,0,0,0,0,0,0,0,0
44,39,"B",1494,0,100,36,2,57,2,0,0,0,0,0,0,0,0,0,0
44,40,"B",3034,1250,100,36,2,57,2,-3,1,1,-2,4,0,-2,1,1,1
44,41,"B",2730,0,100,36,2,57,2,0,0,0,0,0,0,0,0,0,0
44,42,"A",1712,350,100,36,1,57,2,0,0,0,0,0,0,0,0,0,0
44,43,"C",943,0,50,36,3,57,2,0,0,0,0,0,0,0,0,0,0
44,44,"B",1637,0,100,36,2,57,2,0,0,0,0,0,0,0,0,0,0
44,45,"D",1341,0,50,36,4,57,2,0,0,0,0,0,0,0,0,0,0
44,46,"C",1190,25,50,36,3,57,2,0,0,0,0,0,0,0,0,0,0
44,47,"B",2465,0,100,36,2,57,2,0,0,0,0,0,0,0,0,0,0
44,48,"D",2416,0,50,36,4,57,2,0,0,0,0,0,0,0,0,0,0
44,49,"C",1539,75,50,36,3,57,2,0,0,0,0,0,0,0,0,0,0
44,50,"B",1534,0,100,36,2,57,2,-2,3,1,0,-3,-3,2,-2,4,1
44,51,"D",2587,0,50,36,4,57,2,0,0,0,0,0,0,0,0,0,0
44,52,"C",1574,0,50,36,3,57,2,0,0,0,0,0,0,0,0,0,0
44,53,"B",881,1250,100,36,2,57,2,0,0,0,0,0,0,0,0,0,0
44,54,"D",1418,0,50,36,4,57,2,0,0,0,0,0,0,0,0,0,0
44,55,"A",814,0,100,36,1,57,2,0,0,0,0,0,0,0,0,0,0
44,56,"D",2385,0,50,36,4,57,2,0,0,0,0,0,0,0,0,0,0
44,57,"B",1137,0,100,36,2,57,2,0,0,0,0,0,0,0,0,0,0
44,58,"D",1525,0,50,36,4,57,2,0,0,0,0,0,0,0,0,0,0
44,59,"A",1190,250,100,36,1,57,2,0,0,0,0,0,0,0,0,0,0
44,60,"C",1443,0,50,36,3,57,2,-3,-3,1,-1,2,3,-1,-1,4,1
44,61,"C",3113,0,50,36,3,57,2,0,0,0,0,0,0,0,0,0,0
44,62,"B",2784,0,100,36,2,57,2,0,0,0,0,0,0,0,0,0,0
44,63,"D",3226,0,50,36,4,57,2,0,0,0,0,0,0,0,0,0,0
44,64,"B",1957,0,100,36,2,57,2,0,0,0,0,0,0,0,0,0,0
44,65,"C",3126,25,50,36,3,57,2,0,0,0,0,0,0,0,0,0,0
44,66,"D",1771,0,50,36,4,57,2,0,0,0,0,0,0,0,0,0,0
44,67,"C",4545,75,50,36,3,57,2,0,0,0,0,0,0,0,0,0,0
44,68,"A",2209,200,100,36,1,57,2,0,0,0,0,0,0,0,0,0,0
44,69,"B",894,0,100,36,2,57,2,0,0,0,0,0,0,0,0,0,0
44,70,"C",2145,0,50,36,3,57,2,-3,1,2,-1,-4,0,2,1,3,1
44,71,"D",3211,0,50,36,4,57,2,0,0,0,0,0,0,0,0,0,0
44,72,"A",1976,0,100,36,1,57,2,0,0,0,0,0,0,0,0,0,0
44,73,"C",3158,50,50,36,3,57,2,0,0,0,0,0,0,0,0,0,0
44,74,"D",1578,250,50,36,4,57,2,0,0,0,0,0,0,0,0,0,0
44,75,"B",2237,0,100,36,2,57,2,0,0,0,0,0,0,0,0,0,0
44,76,"D",1278,0,50,36,4,57,2,0,0,0,0,0,0,0,0,0,0
44,77,"B",3938,0,100,36,2,57,2,0,0,0,0,0,0,0,0,0,0
44,78,"D",4860,0,50,36,4,57,2,0,0,0,0,0,0,0,0,0,0
44,79,"C",1700,0,50,36,3,57,2,0,0,0,0,0,0,0,0,0,0
44,80,"D",2342,0,50,36,4,57,2,-2,1,-1,-2,-4,-2,4,4,0,1
44,81,"D",6333,0,50,36,4,57,2,0,0,0,0,0,0,0,0,0,0
44,82,"C",1450,0,50,36,3,57,2,0,0,0,0,0,0,0,0,0,0
44,83,"C",998,0,50,36,3,57,2,0,0,0,0,0,0,0,0,0,0
44,84,"D",1926,0,50,36,4,57,2,0,0,0,0,0,0,0,0,0,0
44,85,"B",1864,1250,100,36,2,57,2,0,0,0,0,0,0,0,0,0,0
44,86,"A",2502,300,100,36,1,57,2,0,0,0,0,0,0,0,0,0,0
44,87,"D",590,0,50,36,4,57,2,0,0,0,0,0,0,0,0,0,0
44,88,"C",1932,50,50,36,3,57,2,0,0,0,0,0,0,0,0,0,0
44,89,"D",1296,0,50,36,4,57,2,0,0,0,0,0,0,0,0,0,0
44,90,"B",4852,0,100,36,2,57,2,-2,-3,2,2,-3,1,4,4,1,1
44,91,"C",2333,25,50,36,3,57,2,0,0,0,0,0,0,0,0,0,0
44,92,"B",1577,0,100,36,2,57,2,0,0,0,0,0,0,0,0,0,0
44,93,"D",1177,0,50,36,4,57,2,0,0,0,0,0,0,0,0,0,0
44,94,"D",1580,250,50,36,4,57,2,0,0,0,0,0,0,0,0,0,0
44,95,"C",592,50,50,36,3,57,2,0,0,0,0,0,0,0,0,0,0
44,96,"B",1366,0,100,36,2,57,2,0,0,0,0,0,0,0,0,0,0
44,97,"B",1369,0,100,36,2,57,2,0,0,0,0,0,0,0,0,0,0
44,98,"C",742,0,50,36,3,57,2,0,0,0,0,0,0,0,0,0,0
44,99,"C",1380,0,50,36,3,57,2,0,0,0,0,0,0,0,0,0,0
44,100,"B",2080,0,100,36,2,57,2,-3,-1,1,-2,-1,1,3,1,0,1
45,1,"D",4523,0,50,37,4,73,3,0,0,0,0,0,0,0,0,0,0
45,2,"B",1815,0,100,37,2,73,3,0,0,0,0,0,0,0,0,0,0
45,3,"B",2195,0,100,37,2,73,3,0,0,0,0,0,0,0,0,0,0
45,4,"C",1180,0,50,37,3,73,3,0,0,0,0,0,0,0,0,0,0
45,5,"A",906,0,100,37,1,73,3,0,0,0,0,0,0,0,0,0,0
45,6,"A",1472,0,100,37,1,73,3,0,0,0,0,0,0,0,0,0,0
45,7,"A",1709,150,100,37,1,73,3,0,0,0,0,0,0,0,0,0,0
45,8,"C",1068,0,50,37,3,73,3,0,0,0,0,0,0,0,0,0,0
45,9,"D",745,0,50,37,4,73,3,0,0,0,0,0,0,0,0,0,0
45,10,"B",1416,0,100,37,2,73,3,-2,2,2,2,2,2,-1,-1,-1,1
45,11,"C",4263,50,50,37,3,73,3,0,0,0,0,0,0,0,0,0,0
45,12,"A",2606,0,100,37,1,73,3,0,0,0,0,0,0,0,0,0,0
45,13,"A",3810,300,100,37,1,73,3,0,0,0,0,0,0,0,0,0,0
45,14,"B",2135,0,100,37,2,73,3,0,0,0,0,0,0,0,0,0,0
45,15,"D",979,0,50,37,4,73,3,0,0,0,0,0,0,0,0,0,0
45,16,"B",1325,0,100,37,2,73,3,0,0,0,0,0,0,0,0,0,0
45,17,"B",1627,0,100,37,2,73,3,0,0,0,0,0,0,0,0,0,0
45,18,"B",2698,0,100,37,2,73,3,0,0,0,0,0,0,0,0,0,0
45,19,"B",2222,0,100,37,2,73,3,0,0,0,0,0,0,0,0,0,0
45,20,"B",1579,1250,100,37,2,73,3,-3,-2,1,2,2,2,0,0,1,1
45,21,"D",3808,0,50,37,4,73,3,0,0,0,0,0,0,0,0,0,0
45,22,"B",2533,0,100,37,2,73,3,0,0,0,0,0,0,0,0,0,0
45,23,"B",1161,0,100,37,2,73,3,0,0,0,0,0,0,0,0,0,0
45,24,"A",2370,0,100,37,1,73,3,0,0,0,0,0,0,0,0,0,0
45,25,"C",1312,0,50,37,3,73,3,0,0,0,0,0,0,0,0,0,0
45,26,"A",902,200,100,37,1,73,3,0,0,0,0,0,0,0,0,0,0
45,27,"D",788,0,50,37,4,73,3,0,0,0,0,0,0,0,0,0,0
45,28,"C",1370,50,50,37,3,73,3,0,0,0,0,0,0,0,0,0,0
45,29,"B",813,0,100,37,2,73,3,0,0,0,0,0,0,0,0,0,0
45,30,"D",779,0,50,37,4,73,3,-1,2,1,3,2,2,0,-1,2,1
45,31,"A",921,0,100,37,1,73,3,0,0,0,0,0,0,0,0,0,0
45,32,"B",891,0,100,37,2,73,3,0,0,0,0,0,0,0,0,0,0
45,33,"D",710,0,50,37,4,73,3,0,0,0,0,0,0,0,0,0,0
45,34,"D",812,0,50,37,4,73,3,0,0,0,0,0,0,0,0,0,0
45,35,"B",920,1250,100,37,2,73,3,0,0,0,0,0,0,0,0,0,0
45,36,"C",824,0,50,37,3,73,3,0,0,0,0,0,0,0,0,0,0
45,37,"D",877,0,50,37,4,73,3,0,0,0,0,0,0,0,0,0,0
45,38,"D",1262,250,50,37,4,73,3,0,0,0,0,0,0,0,0,0,0
45,39,"C",884,50,50,37,3,73,3,0,0,0,0,0,0,0,0,0,0
45,40,"C",669,0,50,37,3,73,3,0,-1,2,-1,0,2,1,1,2,1
45,41,"D",990,0,50,37,4,73,3,0,0,0,0,0,0,0,0,0,0
45,42,"B",774,0,100,37,2,73,3,0,0,0,0,0,0,0,0,0,0
45,43,"C",762,50,50,37,3,73,3,0,0,0,0,0,0,0,0,0,0
45,44,"B",1793,0,100,37,2,73,3,0,0,0,0,0,0,0,0,0,0
45,45,"C",864,50,50,37,3,73,3,0,0,0,0,0,0,0,0,0,0
45,46,"D",1086,0,50,37,4,73,3,0,0,0,0,0,0,0,0,0,0
45,47,"C",1102,0,50,37,3,73,3,0,0,0,0,0,0,0,0,0,0
45,48,"B",932,0,100,37,2,73,3,0,0,0,0,0,0,0,0,0,0
45,49,"C",815,25,50,37,3,73,3,0,0,0,0,0,0,0,0,0,0
45,50,"C",1042,75,50,37,3,73,3,0,-1,0,1,0,3,2,0,2,1
45,51,"C",1245,0,50,37,3,73,3,0,0,0,0,0,0,0,0,0,0
45,52,"D",1193,0,50,37,4,73,3,0,0,0,0,0,0,0,0,0,0
45,53,"A",759,250,100,37,1,73,3,0,0,0,0,0,0,0,0,0,0
45,54,"A",1080,350,100,37,1,73,3,0,0,0,0,0,0,0,0,0,0
45,55,"C",744,0,50,37,3,73,3,0,0,0,0,0,0,0,0,0,0
45,56,"D",861,0,50,37,4,73,3,0,0,0,0,0,0,0,0,0,0
45,57,"C",2566,0,50,37,3,73,3,0,0,0,0,0,0,0,0,0,0
45,58,"D",703,0,50,37,4,73,3,0,0,0,0,0,0,0,0,0,0
45,59,"C",965,25,50,37,3,73,3,0,0,0,0,0,0,0,0,0,0
45,60,"C",1694,75,50,37,3,73,3,-3,0,2,1,3,2,2,2,2,1
45,61,"C",1814,0,50,37,3,73,3,0,0,0,0,0,0,0,0,0,0
45,62,"C",1002,50,50,37,3,73,3,0,0,0,0,0,0,0,0,0,0
45,63,"C",1181,0,50,37,3,73,3,0,0,0,0,0,0,0,0,0,0
45,64,"C",859,0,50,37,3,73,3,0,0,0,0,0,0,0,0,0,0
45,65,"C",982,0,50,37,3,73,3,0,0,0,0,0,0,0,0,0,0
45,66,"D",2172,0,50,37,4,73,3,0,0,0,0,0,0,0,0,0,0
45,67,"D",904,0,50,37,4,73,3,0,0,0,0,0,0,0,0,0,0
45,68,"C",1009,50,50,37,3,73,3,0,0,0,0,0,0,0,0,0,0
45,69,"C",835,25,50,37,3,73,3,0,0,0,0,0,0,0,0,0,0
45,70,"D",508,0,50,37,4,73,3,-2,0,2,3,2,3,1,2,1,1
45,71,"C",620,50,50,37,3,73,3,0,0,0,0,0,0,0,0,0,0
45,72,"C",1479,0,50,37,3,73,3,0,0,0,0,0,0,0,0,0,0
45,73,"D",864,0,50,37,4,73,3,0,0,0,0,0,0,0,0,0,0
45,74,"C",1070,0,50,37,3,73,3,0,0,0,0,0,0,0,0,0,0
45,75,"C",637,75,50,37,3,73,3,0,0,0,0,0,0,0,0,0,0
45,76,"C",724,50,50,37,3,73,3,0,0,0,0,0,0,0,0,0,0
45,77,"C",973,0,50,37,3,73,3,0,0,0,0,0,0,0,0,0,0
45,78,"C",848,0,50,37,3,73,3,0,0,0,0,0,0,0,0,0,0
45,79,"C",1291,0,50,37,3,73,3,0,0,0,0,0,0,0,0,0,0
45,80,"C",1359,25,50,37,3,73,3,-1,0,3,2,1,2,-1,1,1,1
45,81,"C",849,25,50,37,3,73,3,0,0,0,0,0,0,0,0,0,0
45,82,"D",1325,250,50,37,4,73,3,0,0,0,0,0,0,0,0,0,0
45,83,"D",933,0,50,37,4,73,3,0,0,0,0,0,0,0,0,0,0
45,84,"C",880,0,50,37,3,73,3,0,0,0,0,0,0,0,0,0,0
45,85,"D",1107,0,50,37,4,73,3,0,0,0,0,0,0,0,0,0,0
45,86,"C",1041,75,50,37,3,73,3,0,0,0,0,0,0,0,0,0,0
45,87,"C",538,0,50,37,3,73,3,0,0,0,0,0,0,0,0,0,0
45,88,"D",765,0,50,37,4,73,3,0,0,0,0,0,0,0,0,0,0
45,89,"C",1085,50,50,37,3,73,3,0,0,0,0,0,0,0,0,0,0
45,90,"C",963,75,50,37,3,73,3,0,0,2,1,1,2,1,2,1,1
45,91,"C",215,0,50,37,3,73,3,0,0,0,0,0,0,0,0,0,0
45,92,"C",821,0,50,37,3,73,3,0,0,0,0,0,0,0,0,0,0
45,93,"C",1013,50,50,37,3,73,3,0,0,0,0,0,0,0,0,0,0
45,94,"C",1073,0,50,37,3,73,3,0,0,0,0,0,0,0,0,0,0
45,95,"C",831,50,50,37,3,73,3,0,0,0,0,0,0,0,0,0,0
45,96,"D",557,0,50,37,4,73,3,0,0,0,0,0,0,0,0,0,0
45,97,"C",1116,0,50,37,3,73,3,0,0,0,0,0,0,0,0,0,0
45,98,"C",1045,50,50,37,3,73,3,0,0,0,0,0,0,0,0,0,0
45,99,"C",526,0,50,37,3,73,3,0,0,0,0,0,0,0,0,0,0
45,100,"C",839,50,50,37,3,73,3,0,0,3,2,2,1,0,1,1,1
46,1,"C",3765,0,50,38,3,63,3,0,0,0,0,0,0,0,0,0,0
46,2,"B",3506,0,100,38,2,63,3,0,0,0,0,0,0,0,0,0,0
46,3,"C",2248,0,50,38,3,63,3,0,0,0,0,0,0,0,0,0,0
46,4,"D",2724,0,50,38,4,63,3,0,0,0,0,0,0,0,0,0,0
46,5,"B",4133,0,100,38,2,63,3,0,0,0,0,0,0,0,0,0,0
46,6,"A",2569,0,100,38,1,63,3,0,0,0,0,0,0,0,0,0,0
46,7,"C",2485,50,50,38,3,63,3,0,0,0,0,0,0,0,0,0,0
46,8,"D",1103,0,50,38,4,63,3,0,0,0,0,0,0,0,0,0,0
46,9,"C",1117,0,50,38,3,63,3,0,0,0,0,0,0,0,0,0,0
46,10,"B",1509,0,100,38,2,63,3,2,2,2,2,-1,3,2,2,-1,1
46,11,"C",1358,50,50,38,3,63,3,0,0,0,0,0,0,0,0,0,0
46,12,"B",2113,0,100,38,2,63,3,0,0,0,0,0,0,0,0,0,0
46,13,"A",2711,0,100,38,1,63,3,0,0,0,0,0,0,0,0,0,0
46,14,"D",1022,0,50,38,4,63,3,0,0,0,0,0,0,0,0,0,0
46,15,"B",2228,0,100,38,2,63,3,0,0,0,0,0,0,0,0,0,0
46,16,"A",1099,150,100,38,1,63,3,0,0,0,0,0,0,0,0,0,0
46,17,"B",1117,0,100,38,2,63,3,0,0,0,0,0,0,0,0,0,0
46,18,"D",929,0,50,38,4,63,3,0,0,0,0,0,0,0,0,0,0
46,19,"C",1748,0,50,38,3,63,3,0,0,0,0,0,0,0,0,0,0
46,20,"D",1738,0,50,38,4,63,3,-2,3,3,3,1,3,1,1,-1,1
46,21,"C",2319,50,50,38,3,63,3,0,0,0,0,0,0,0,0,0,0
46,22,"B",1795,0,100,38,2,63,3,0,0,0,0,0,0,0,0,0,0
46,23,"A",1836,0,100,38,1,63,3,0,0,0,0,0,0,0,0,0,0
46,24,"D",2429,0,50,38,4,63,3,0,0,0,0,0,0,0,0,0,0
46,25,"B",3706,0,100,38,2,63,3,0,0,0,0,0,0,0,0,0,0
46,26,"A",1554,300,100,38,1,63,3,0,0,0,0,0,0,0,0,0,0
46,27,"C",779,0,50,38,3,63,3,0,0,0,0,0,0,0,0,0,0
46,28,"B",757,1250,100,38,2,63,3,0,0,0,0,0,0,0,0,0,0
46,29,"D",1846,0,50,38,4,63,3,0,0,0,0,0,0,0,0,0,0
46,30,"C",951,50,50,38,3,63,3,-3,-1,-1,2,2,1,1,1,1,1
46,31,"C",1684,50,50,38,3,63,3,0,0,0,0,0,0,0,0,0,0
46,32,"D",905,0,50,38,4,63,3,0,0,0,0,0,0,0,0,0,0
46,33,"D",1983,0,50,38,4,63,3,0,0,0,0,0,0,0,0,0,0
46,34,"C",814,0,50,38,3,63,3,0,0,0,0,0,0,0,0,0,0
46,35,"A",2993,0,100,38,1,63,3,0,0,0,0,0,0,0,0,0,0
46,36,"D",2050,250,50,38,4,63,3,0,0,0,0,0,0,0,0,0,0
46,37,"B",1558,0,100,38,2,63,3,0,0,0,0,0,0,0,0,0,0
46,38,"A",575,200,100,38,1,63,3,0,0,0,0,0,0,0,0,0,0
46,39,"D",1354,0,50,38,4,63,3,0,0,0,0,0,0,0,0,0,0
46,40,"D",759,0,50,38,4,63,3,-1,-2,0,-1,-1,-1,-1,1,1,1
46,41,"C",3831,25,50,38,3,63,3,0,0,0,0,0,0,0,0,0,0
46,42,"A",1150,0,100,38,1,63,3,0,0,0,0,0,0,0,0,0,0
46,43,"B",3347,0,100,38,2,63,3,0,0,0,0,0,0,0,0,0,0
46,44,"D",1264,0,50,38,4,63,3,0,0,0,0,0,0,0,0,0,0
46,45,"C",1206,75,50,38,3,63,3,0,0,0,0,0,0,0,0,0,0
46,46,"A",862,250,100,38,1,63,3,0,0,0,0,0,0,0,0,0,0
46,47,"B",1460,0,100,38,2,63,3,0,0,0,0,0,0,0,0,0,0
46,48,"D",2831,0,50,38,4,63,3,0,0,0,0,0,0,0,0,0,0
46,49,"D",1841,0,50,38,4,63,3,0,0,0,0,0,0,0,0,0,0
46,50,"D",2097,0,50,38,4,63,3,-3,-3,-1,2,-1,-1,-1,0,1,1
46,51,"D",2682,0,50,38,4,63,3,0,0,0,0,0,0,0,0,0,0
46,52,"C",1513,0,50,38,3,63,3,0,0,0,0,0,0,0,0,0,0
46,53,"A",895,350,100,38,1,63,3,0,0,0,0,0,0,0,0,0,0
46,54,"B",948,0,100,38,2,63,3,0,0,0,0,0,0,0,0,0,0
46,55,"C",2370,0,50,38,3,63,3,0,0,0,0,0,0,0,0,0,0
46,56,"D",542,0,50,38,4,63,3,0,0,0,0,0,0,0,0,0,0
46,57,"D",948,0,50,38,4,63,3,0,0,0,0,0,0,0,0,0,0
46,58,"B",937,1250,100,38,2,63,3,0,0,0,0,0,0,0,0,0,0
46,59,"C",2629,0,50,38,3,63,3,0,0,0,0,0,0,0,0,0,0
46,60,"D",731,250,50,38,4,63,3,-3,-3,-2,-2,2,2,0,0,2,1
46,61,"C",4399,25,50,38,3,63,3,0,0,0,0,0,0,0,0,0,0
46,62,"D",1130,0,50,38,4,63,3,0,0,0,0,0,0,0,0,0,0
46,63,"C",1468,75,50,38,3,63,3,0,0,0,0,0,0,0,0,0,0
46,64,"D",1677,0,50,38,4,63,3,0,0,0,0,0,0,0,0,0,0
46,65,"B",1710,0,100,38,2,63,3,0,0,0,0,0,0,0,0,0,0
46,66,"A",3947,0,100,38,1,63,3,0,0,0,0,0,0,0,0,0,0
46,67,"C",2595,0,50,38,3,63,3,0,0,0,0,0,0,0,0,0,0
46,68,"D",1636,0,50,38,4,63,3,0,0,0,0,0,0,0,0,0,0
46,69,"B",1621,0,100,38,2,63,3,0,0,0,0,0,0,0,0,0,0
46,70,"A",3275,350,100,38,1,63,3,-3,2,-1,1,3,1,0,1,2,1
46,71,"D",1472,0,50,38,4,63,3,0,0,0,0,0,0,0,0,0,0
46,72,"C",1182,50,50,38,3,63,3,0,0,0,0,0,0,0,0,0,0
46,73,"D",716,0,50,38,4,63,3,0,0,0,0,0,0,0,0,0,0
46,74,"B",1404,0,100,38,2,63,3,0,0,0,0,0,0,0,0,0,0
46,75,"C",3685,0,50,38,3,63,3,0,0,0,0,0,0,0,0,0,0
46,76,"D",2711,0,50,38,4,63,3,0,0,0,0,0,0,0,0,0,0
46,77,"D",2466,0,50,38,4,63,3,0,0,0,0,0,0,0,0,0,0
46,78,"D",2377,0,50,38,4,63,3,0,0,0,0,0,0,0,0,0,0
46,79,"D",3037,250,50,38,4,63,3,0,0,0,0,0,0,0,0,0,0
46,80,"A",1102,0,100,38,1,63,3,2,2,1,-1,0,1,1,-1,1,1
46,81,"D",1301,0,50,38,4,63,3,0,0,0,0,0,0,0,0,0,0
46,82,"C",1358,0,50,38,3,63,3,0,0,0,0,0,0,0,0,0,0
46,83,"A",727,250,100,38,1,63,3,0,0,0,0,0,0,0,0,0,0
46,84,"B",616,0,100,38,2,63,3,0,0,0,0,0,0,0,0,0,0
46,85,"A",2077,200,100,38,1,63,3,0,0,0,0,0,0,0,0,0,0
46,86,"D",1350,0,50,38,4,63,3,0,0,0,0,0,0,0,0,0,0
46,87,"C",884,0,50,38,3,63,3,0,0,0,0,0,0,0,0,0,0
46,88,"D",1509,0,50,38,4,63,3,0,0,0,0,0,0,0,0,0,0
46,89,"C",1074,50,50,38,3,63,3,0,0,0,0,0,0,0,0,0,0
46,90,"D",1608,0,50,38,4,63,3,-3,2,2,1,2,0,1,1,1,1
46,91,"C",2810,25,50,38,3,63,3,0,0,0,0,0,0,0,0,0,0
46,92,"D",600,0,50,38,4,63,3,0,0,0,0,0,0,0,0,0,0
46,93,"D",1801,250,50,38,4,63,3,0,0,0,0,0,0,0,0,0,0
46,94,"C",1122,50,50,38,3,63,3,0,0,0,0,0,0,0,0,0,0
46,95,"B",690,0,100,38,2,63,3,0,0,0,0,0,0,0,0,0,0
46,96,"D",973,0,50,38,4,63,3,0,0,0,0,0,0,0,0,0,0
46,97,"C",888,0,50,38,3,63,3,0,0,0,0,0,0,0,0,0,0
46,98,"B",3396,0,100,38,2,63,3,0,0,0,0,0,0,0,0,0,0
46,99,"B",4660,1250,100,38,2,63,3,0,0,0,0,0,0,0,0,0,0
46,100,"A",5292,0,100,38,1,63,3,-2,-3,3,1,2,2,1,1,2,1
47,1,"C",1627,0,50,39,3,46,2,0,0,0,0,0,0,0,0,0,0
47,2,"C",1046,0,50,39,3,46,2,0,0,0,0,0,0,0,0,0,0
47,3,"B",786,0,100,39,2,46,2,0,0,0,0,0,0,0,0,0,0
47,4,"D",879,0,50,39,4,46,2,0,0,0,0,0,0,0,0,0,0
47,5,"A",610,0,100,39,1,46,2,0,0,0,0,0,0,0,0,0,0
47,6,"B",701,0,100,39,2,46,2,0,0,0,0,0,0,0,0,0,0
47,7,"A",748,0,100,39,1,46,2,0,0,0,0,0,0,0,0,0,0
47,8,"A",778,150,100,39,1,46,2,0,0,0,0,0,0,0,0,0,0
47,9,"C",524,50,50,39,3,46,2,0,0,0,0,0,0,0,0,0,0
47,10,"B",791,0,100,39,2,46,2,0,0,0,0,2,0,-1,-1,2,1
47,11,"B",2547,0,100,39,2,46,2,0,0,0,0,0,0,0,0,0,0
47,12,"D",665,0,50,39,4,46,2,0,0,0,0,0,0,0,0,0,0
47,13,"B",1934,0,100,39,2,46,2,0,0,0,0,0,0,0,0,0,0
47,14,"B",2194,0,100,39,2,46,2,0,0,0,0,0,0,0,0,0,0
47,15,"B",739,0,100,39,2,46,2,0,0,0,0,0,0,0,0,0,0
47,16,"B",1303,0,100,39,2,46,2,0,0,0,0,0,0,0,0,0,0
47,17,"A",572,0,100,39,1,46,2,0,0,0,0,0,0,0,0,0,0
47,18,"C",567,0,50,39,3,46,2,0,0,0,0,0,0,0,0,0,0
47,19,"B",688,1250,100,39,2,46,2,0,0,0,0,0,0,0,0,0,0
47,20,"D",795,0,50,39,4,46,2,3,-2,1,1,0,0,0,0,4,1
47,21,"D",2830,0,50,39,4,46,2,0,0,0,0,0,0,0,0,0,0
47,22,"C",562,50,50,39,3,46,2,0,0,0,0,0,0,0,0,0,0
47,23,"D",2067,0,50,39,4,46,2,0,0,0,0,0,0,0,0,0,0
47,24,"B",905,0,100,39,2,46,2,0,0,0,0,0,0,0,0,0,0
47,25,"B",1745,0,100,39,2,46,2,0,0,0,0,0,0,0,0,0,0
47,26,"B",816,0,100,39,2,46,2,0,0,0,0,0,0,0,0,0,0
47,27,"B",707,0,100,39,2,46,2,0,0,0,0,0,0,0,0,0,0
47,28,"B",1585,1250,100,39,2,46,2,0,0,0,0,0,0,0,0,0,0
47,29,"A",1887,300,100,39,1,46,2,0,0,0,0,0,0,0,0,0,0
47,30,"D",575,0,50,39,4,46,2,-4,-4,0,0,0,0,0,0,1,1
47,31,"C",2140,0,50,39,3,46,2,0,0,0,0,0,0,0,0,0,0
47,32,"B",483,0,100,39,2,46,2,0,0,0,0,0,0,0,0,0,0
47,33,"B",1347,0,100,39,2,46,2,0,0,0,0,0,0,0,0,0,0
47,34,"B",1210,0,100,39,2,46,2,0,0,0,0,0,0,0,0,0,0
47,35,"D",1700,0,50,39,4,46,2,0,0,0,0,0,0,0,0,0,0
47,36,"A",683,0,100,39,1,46,2,0,0,0,0,0,0,0,0,0,0
47,37,"A",657,200,100,39,1,46,2,0,0,0,0,0,0,0,0,0,0
47,38,"D",761,0,50,39,4,46,2,0,0,0,0,0,0,0,0,0,0
47,39,"D",1641,0,50,39,4,46,2,0,0,0,0,0,0,0,0,0,0
47,40,"D",938,250,50,39,4,46,2,-4,0,2,-3,0,0,0,0,2,1
47,41,"C",1205,50,50,39,3,46,2,0,0,0,0,0,0,0,0,0,0
47,42,"B",726,0,100,39,2,46,2,0,0,0,0,0,0,0,0,0,0
47,43,"B",1359,0,100,39,2,46,2,0,0,0,0,0,0,0,0,0,0
47,44,"A",744,0,100,39,1,46,2,0,0,0,0,0,0,0,0,0,0
47,45,"A",1053,250,100,39,1,46,2,0,0,0,0,0,0,0,0,0,0
47,46,"D",616,0,50,39,4,46,2,0,0,0,0,0,0,0,0,0,0
47,47,"D",1148,0,50,39,4,46,2,0,0,0,0,0,0,0,0,0,0
47,48,"D",769,0,50,39,4,46,2,0,0,0,0,0,0,0,0,0,0
47,49,"D",941,0,50,39,4,46,2,0,0,0,0,0,0,0,0,0,0
47,50,"D",791,0,50,39,4,46,2,-3,1,-2,-2,0,0,0,3,2,1
47,51,"B",2359,0,100,39,2,46,2,0,0,0,0,0,0,0,0,0,0
47,52,"A",1137,350,100,39,1,46,2,0,0,0,0,0,0,0,0,0,0
47,53,"D",1588,0,50,39,4,46,2,0,0,0,0,0,0,0,0,0,0
47,54,"C",689,0,50,39,3,46,2,0,0,0,0,0,0,0,0,0,0
47,55,"B",997,1250,100,39,2,46,2,0,0,0,0,0,0,0,0,0,0
47,56,"D",1382,0,50,39,4,46,2,0,0,0,0,0,0,0,0,0,0
47,57,"D",860,0,50,39,4,46,2,0,0,0,0,0,0,0,0,0,0
47,58,"D",2950,0,50,39,4,46,2,0,0,0,0,0,0,0,0,0,0
47,59,"D",1211,250,50,39,4,46,2,0,0,0,0,0,0,0,0,0,0
47,60,"C",814,50,50,39,3,46,2,1,-4,-4,-4,0,0,0,0,1,1
47,61,"D",1339,0,50,39,4,46,2,0,0,0,0,0,0,0,0,0,0
47,62,"B",2084,0,100,39,2,46,2,0,0,0,0,0,0,0,0,0,0
47,63,"C",612,50,50,39,3,46,2,0,0,0,0,0,0,0,0,0,0
47,64,"D",968,0,50,39,4,46,2,0,0,0,0,0,0,0,0,0,0
47,65,"B",883,0,100,39,2,46,2,0,0,0,0,0,0,0,0,0,0
47,66,"B",1220,0,100,39,2,46,2,0,0,0,0,0,0,0,0,0,0
47,67,"B",910,0,100,39,2,46,2,0,0,0,0,0,0,0,0,0,0
47,68,"B",1869,0,100,39,2,46,2,0,0,0,0,0,0,0,0,0,0
47,69,"D",518,0,50,39,4,46,2,0,0,0,0,0,0,0,0,0,0
47,70,"D",881,0,50,39,4,46,2,0,3,-3,3,0,0,0,0,3,1
47,71,"B",486,0,100,39,2,46,2,0,0,0,0,0,0,0,0,0,0
47,72,"B",1014,0,100,39,2,46,2,0,0,0,0,0,0,0,0,0,0
47,73,"B",1385,0,100,39,2,46,2,0,0,0,0,0,0,0,0,0,0
47,74,"B",1047,0,100,39,2,46,2,0,0,0,0,0,0,0,0,0,0
47,75,"B",1368,0,100,39,2,46,2,0,0,0,0,0,0,0,0,0,0
47,76,"B",1227,1250,100,39,2,46,2,0,0,0,0,0,0,0,0,0,0
47,77,"D",3304,0,50,39,4,46,2,0,0,0,0,0,0,0,0,0,0
47,78,"D",968,0,50,39,4,46,2,0,0,0,0,0,0,0,0,0,0
47,79,"D",563,0,50,39,4,46,2,0,0,0,0,0,0,0,0,0,0
47,80,"D",660,0,50,39,4,46,2,0,-2,0,2,0,0,0,0,3,1
47,81,"B",584,0,100,39,2,46,2,0,0,0,0,0,0,0,0,0,0
47,82,"B",566,0,100,39,2,46,2,0,0,0,0,0,0,0,0,0,0
47,83,"B",646,0,100,39,2,46,2,0,0,0,0,0,0,0,0,0,0
47,84,"D",638,250,50,39,4,46,2,0,0,0,0,0,0,0,0,0,0
47,85,"B",799,0,100,39,2,46,2,0,0,0,0,0,0,0,0,0,0
47,86,"D",791,0,50,39,4,46,2,0,0,0,0,0,0,0,0,0,0
47,87,"D",661,0,50,39,4,46,2,0,0,0,0,0,0,0,0,0,0
47,88,"D",760,0,50,39,4,46,2,0,0,0,0,0,0,0,0,0,0
47,89,"D",840,0,50,39,4,46,2,0,0,0,0,0,0,0,0,0,0
47,90,"D",1041,0,50,39,4,46,2,3,3,3,-2,0,0,0,0,-1,1
47,91,"B",487,0,100,39,2,46,2,0,0,0,0,0,0,0,0,0,0
47,92,"B",610,0,100,39,2,46,2,0,0,0,0,0,0,0,0,0,0
47,93,"B",2452,0,100,39,2,46,2,0,0,0,0,0,0,0,0,0,0
47,94,"A",600,0,100,39,1,46,2,0,0,0,0,0,0,0,0,0,0
47,95,"A",889,350,100,39,1,46,2,0,0,0,0,0,0,0,0,0,0
47,96,"D",676,250,50,39,4,46,2,0,0,0,0,0,0,0,0,0,0
47,97,"B",1140,0,100,39,2,46,2,0,0,0,0,0,0,0,0,0,0
47,98,"C",800,0,50,39,3,46,2,0,0,0,0,0,0,0,0,0,0
47,99,"B",776,0,100,39,2,46,2,0,0,0,0,0,0,0,0,0,0
47,100,"B",953,0,100,39,2,46,2,-3,2,2,-3,-1,0,1,1,0,1
48,1,"B",3622,0,100,40,2,37,1,0,0,0,0,0,0,0,0,0,0
48,2,"A",949,0,100,40,1,37,1,0,0,0,0,0,0,0,0,0,0
48,3,"D",659,0,50,40,4,37,1,0,0,0,0,0,0,0,0,0,0
48,4,"C",790,0,50,40,3,37,1,0,0,0,0,0,0,0,0,0,0
48,5,"A",443,0,100,40,1,37,1,0,0,0,0,0,0,0,0,0,0
48,6,"B",455,0,100,40,2,37,1,0,0,0,0,0,0,0,0,0,0
48,7,"B",498,0,100,40,2,37,1,0,0,0,0,0,0,0,0,0,0
48,8,"B",533,0,100,40,2,37,1,0,0,0,0,0,0,0,0,0,0
48,9,"B",840,0,100,40,2,37,1,0,0,0,0,0,0,0,0,0,0
48,10,"B",480,0,100,40,2,37,1,3,3,1,1,4,4,1,2,-4,1
48,11,"D",698,0,50,40,4,37,1,0,0,0,0,0,0,0,0,0,0
48,12,"A",448,150,100,40,1,37,1,0,0,0,0,0,0,0,0,0,0
48,13,"C",414,0,50,40,3,37,1,0,0,0,0,0,0,0,0,0,0
48,14,"B",641,0,100,40,2,37,1,0,0,0,0,0,0,0,0,0,0
48,15,"B",409,0,100,40,2,37,1,0,0,0,0,0,0,0,0,0,0
48,16,"B",492,1250,100,40,2,37,1,0,0,0,0,0,0,0,0,0,0
48,17,"A",511,0,100,40,1,37,1,0,0,0,0,0,0,0,0,0,0
48,18,"C",576,50,50,40,3,37,1,0,0,0,0,0,0,0,0,0,0
48,19,"D",427,0,50,40,4,37,1,0,0,0,0,0,0,0,0,0,0
48,20,"A",480,300,100,40,1,37,1,-2,-3,1,1,1,4,1,2,0,1
48,21,"B",643,0,100,40,2,37,1,0,0,0,0,0,0,0,0,0,0
48,22,"B",342,0,100,40,2,37,1,0,0,0,0,0,0,0,0,0,0
48,23,"B",316,0,100,40,2,37,1,0,0,0,0,0,0,0,0,0,0
48,24,"B",501,0,100,40,2,37,1,0,0,0,0,0,0,0,0,0,0
48,25,"B",943,1250,100,40,2,37,1,0,0,0,0,0,0,0,0,0,0
48,26,"B",453,0,100,40,2,37,1,0,0,0,0,0,0,0,0,0,0
48,27,"B",472,0,100,40,2,37,1,0,0,0,0,0,0,0,0,0,0
48,28,"B",462,0,100,40,2,37,1,0,0,0,0,0,0,0,0,0,0
48,29,"A",467,0,100,40,1,37,1,0,0,0,0,0,0,0,0,0,0
48,30,"A",489,200,100,40,1,37,1,-1,1,0,1,1,1,0,2,1,1
48,31,"B",638,0,100,40,2,37,1,0,0,0,0,0,0,0,0,0,0
48,32,"B",404,0,100,40,2,37,1,0,0,0,0,0,0,0,0,0,0
48,33,"B",157,0,100,40,2,37,1,0,0,0,0,0,0,0,0,0,0
48,34,"B",557,1250,100,40,2,37,1,0,0,0,0,0,0,0,0,0,0
48,35,"B",462,0,100,40,2,37,1,0,0,0,0,0,0,0,0,0,0
48,36,"B",520,0,100,40,2,37,1,0,0,0,0,0,0,0,0,0,0
48,37,"B",515,0,100,40,2,37,1,0,0,0,0,0,0,0,0,0,0
48,38,"A",436,0,100,40,1,37,1,0,0,0,0,0,0,0,0,0,0
48,39,"A",1756,250,100,40,1,37,1,0,0,0,0,0,0,0,0,0,0
48,40,"B",988,0,100,40,2,37,1,-2,-1,0,0,2,1,0,2,1,1
48,41,"D",1512,0,50,40,4,37,1,0,0,0,0,0,0,0,0,0,0
48,42,"A",437,350,100,40,1,37,1,0,0,0,0,0,0,0,0,0,0
48,43,"A",446,0,100,40,1,37,1,0,0,0,0,0,0,0,0,0,0
48,44,"A",913,350,100,40,1,37,1,0,0,0,0,0,0,0,0,0,0
48,45,"C",474,0,50,40,3,37,1,0,0,0,0,0,0,0,0,0,0
48,46,"D",647,0,50,40,4,37,1,0,0,0,0,0,0,0,0,0,0
48,47,"B",543,0,100,40,2,37,1,0,0,0,0,0,0,0,0,0,0
48,48,"B",725,0,100,40,2,37,1,0,0,0,0,0,0,0,0,0,0
48,49,"B",1417,0,100,40,2,37,1,0,0,0,0,0,0,0,0,0,0
48,50,"D",615,0,50,40,4,37,1,-2,3,1,2,1,3,1,1,1,1
48,51,"B",2090,0,100,40,2,37,1,0,0,0,0,0,0,0,0,0,0
48,52,"B",457,0,100,40,2,37,1,0,0,0,0,0,0,0,0,0,0
48,53,"B",587,0,100,40,2,37,1,0,0,0,0,0,0,0,0,0,0
48,54,"A",465,0,100,40,1,37,1,0,0,0,0,0,0,0,0,0,0
48,55,"D",687,0,50,40,4,37,1,0,0,0,0,0,0,0,0,0,0
48,56,"C",1015,50,50,40,3,37,1,0,0,0,0,0,0,0,0,0,0
48,57,"D",444,0,50,40,4,37,1,0,0,0,0,0,0,0,0,0,0
48,58,"C",477,0,50,40,3,37,1,0,0,0,0,0,0,0,0,0,0
48,59,"D",573,0,50,40,4,37,1,0,0,0,0,0,0,0,0,0,0
48,60,"D",521,250,50,40,4,37,1,2,3,2,-1,2,4,2,1,1,1
48,61,"B",661,1250,100,40,2,37,1,0,0,0,0,0,0,0,0,0,0
48,62,"B",461,0,100,40,2,37,1,0,0,0,0,0,0,0,0,0,0
48,63,"B",4208,0,100,40,2,37,1,0,0,0,0,0,0,0,0,0,0
48,64,"B",444,0,100,40,2,37,1,0,0,0,0,0,0,0,0,0,0
48,65,"A",170,250,100,40,1,37,1,0,0,0,0,0,0,0,0,0,0
48,66,"A",560,200,100,40,1,37,1,0,0,0,0,0,0,0,0,0,0
48,67,"C",288,50,50,40,3,37,1,0,0,0,0,0,0,0,0,0,0
48,68,"D",436,0,50,40,4,37,1,0,0,0,0,0,0,0,0,0,0
48,69,"D",1288,0,50,40,4,37,1,0,0,0,0,0,0,0,0,0,0
48,70,"C",716,0,50,40,3,37,1,0,0,0,0,2,2,2,2,-1,1
48,71,"C",1302,50,50,40,3,37,1,0,0,0,0,0,0,0,0,0,0
48,72,"D",735,0,50,40,4,37,1,0,0,0,0,0,0,0,0,0,0
48,73,"A",1219,0,100,40,1,37,1,0,0,0,0,0,0,0,0,0,0
48,74,"B",669,0,100,40,2,37,1,0,0,0,0,0,0,0,0,0,0
48,75,"B",739,0,100,40,2,37,1,0,0,0,0,0,0,0,0,0,0
48,76,"B",497,0,100,40,2,37,1,0,0,0,0,0,0,0,0,0,0
48,77,"C",316,50,50,40,3,37,1,0,0,0,0,0,0,0,0,0,0
48,78,"C",644,0,50,40,3,37,1,0,0,0,0,0,0,0,0,0,0
48,79,"C",517,25,50,40,3,37,1,0,0,0,0,0,0,0,0,0,0
48,80,"C",485,75,50,40,3,37,1,0,0,2,0,2,3,2,2,-2,1
48,81,"B",1849,0,100,40,2,37,1,0,0,0,0,0,0,0,0,0,0
48,82,"B",589,0,100,40,2,37,1,0,0,0,0,0,0,0,0,0,0
48,83,"B",811,0,100,40,2,37,1,0,0,0,0,0,0,0,0,0,0
48,84,"C",343,0,50,40,3,37,1,0,0,0,0,0,0,0,0,0,0
48,85,"C",1139,0,50,40,3,37,1,0,0,0,0,0,0,0,0,0,0
48,86,"C",1111,0,50,40,3,37,1,0,0,0,0,0,0,0,0,0,0
48,87,"C",1173,25,50,40,3,37,1,0,0,0,0,0,0,0,0,0,0
48,88,"A",435,300,100,40,1,37,1,0,0,0,0,0,0,0,0,0,0
48,89,"D",480,0,50,40,4,37,1,0,0,0,0,0,0,0,0,0,0
48,90,"A",401,150,100,40,1,37,1,-1,3,0,0,3,3,3,3,-2,1
48,91,"B",1414,0,100,40,2,37,1,0,0,0,0,0,0,0,0,0,0
48,92,"B",742,0,100,40,2,37,1,0,0,0,0,0,0,0,0,0,0
48,93,"B",1780,0,100,40,2,37,1,0,0,0,0,0,0,0,0,0,0
48,94,"C",1024,75,50,40,3,37,1,0,0,0,0,0,0,0,0,0,0
48,95,"A",813,0,100,40,1,37,1,0,0,0,0,0,0,0,0,0,0
48,96,"C",1673,0,50,40,3,37,1,0,0,0,0,0,0,0,0,0,0
48,97,"C",927,50,50,40,3,37,1,0,0,0,0,0,0,0,0,0,0
48,98,"C",536,0,50,40,3,37,1,0,0,0,0,0,0,0,0,0,0
48,99,"C",866,0,50,40,3,37,1,0,0,0,0,0,0,0,0,0,0
48,100,"C",1875,0,50,40,3,37,1,1,1,1,0,3,3,3,3,-2,1
49,1,"C",3609,0,50,41,3,40,1,0,0,0,0,0,0,0,0,0,0
49,2,"D",1953,0,50,41,4,40,1,0,0,0,0,0,0,0,0,0,0
49,3,"D",2094,0,50,41,4,40,1,0,0,0,0,0,0,0,0,0,0
49,4,"B",1346,0,100,41,2,40,1,0,0,0,0,0,0,0,0,0,0
49,5,"A",1224,0,100,41,1,40,1,0,0,0,0,0,0,0,0,0,0
49,6,"A",1238,0,100,41,1,40,1,0,0,0,0,0,0,0,0,0,0
49,7,"B",862,0,100,41,2,40,1,0,0,0,0,0,0,0,0,0,0
49,8,"B",1148,0,100,41,2,40,1,0,0,0,0,0,0,0,0,0,0
49,9,"B",1027,0,100,41,2,40,1,0,0,0,0,0,0,0,0,0,0
49,10,"B",651,0,100,41,2,40,1,2,3,-1,3,2,4,3,0,-1,1
49,11,"C",1070,0,50,41,3,40,1,0,0,0,0,0,0,0,0,0,0
49,12,"B",836,0,100,41,2,40,1,0,0,0,0,0,0,0,0,0,0
49,13,"B",941,0,100,41,2,40,1,0,0,0,0,0,0,0,0,0,0
49,14,"A",760,150,100,41,1,40,1,0,0,0,0,0,0,0,0,0,0
49,15,"B",562,0,100,41,2,40,1,0,0,0,0,0,0,0,0,0,0
49,16,"D",955,0,50,41,4,40,1,0,0,0,0,0,0,0,0,0,0
49,17,"B",532,1250,100,41,2,40,1,0,0,0,0,0,0,0,0,0,0
49,18,"D",1175,0,50,41,4,40,1,0,0,0,0,0,0,0,0,0,0
49,19,"C",661,50,50,41,3,40,1,0,0,0,0,0,0,0,0,0,0
49,20,"D",645,0,50,41,4,40,1,0,-2,0,1,0,1,0,-1,1,1
49,21,"A",1037,0,100,41,1,40,1,0,0,0,0,0,0,0,0,0,0
49,22,"A",800,300,100,41,1,40,1,0,0,0,0,0,0,0,0,0,0
49,23,"D",817,0,50,41,4,40,1,0,0,0,0,0,0,0,0,0,0
49,24,"B",587,0,100,41,2,40,1,0,0,0,0,0,0,0,0,0,0
49,25,"C",553,0,50,41,3,40,1,0,0,0,0,0,0,0,0,0,0
49,26,"B",607,0,100,41,2,40,1,0,0,0,0,0,0,0,0,0,0
49,27,"D",792,0,50,41,4,40,1,0,0,0,0,0,0,0,0,0,0
49,28,"D",414,0,50,41,4,40,1,0,0,0,0,0,0,0,0,0,0
49,29,"C",496,50,50,41,3,40,1,0,0,0,0,0,0,0,0,0,0
49,30,"A",763,0,100,41,1,40,1,2,1,-2,-1,1,1,2,-1,1,1
49,31,"B",1169,0,100,41,2,40,1,0,0,0,0,0,0,0,0,0,0
49,32,"C",852,0,50,41,3,40,1,0,0,0,0,0,0,0,0,0,0
49,33,"A",502,200,100,41,1,40,1,0,0,0,0,0,0,0,0,0,0
49,34,"B",500,0,100,41,2,40,1,0,0,0,0,0,0,0,0,0,0
49,35,"D",1320,0,50,41,4,40,1,0,0,0,0,0,0,0,0,0,0
49,36,"B",763,1250,100,41,2,40,1,0,0,0,0,0,0,0,0,0,0
49,37,"C",611,50,50,41,3,40,1,0,0,0,0,0,0,0,0,0,0
49,38,"D",510,250,50,41,4,40,1,0,0,0,0,0,0,0,0,0,0
49,39,"A",484,0,100,41,1,40,1,0,0,0,0,0,0,0,0,0,0
49,40,"B",637,0,100,41,2,40,1,-3,-2,1,0,3,2,2,2,1,1
49,41,"D",2509,0,50,41,4,40,1,0,0,0,0,0,0,0,0,0,0
49,42,"D",918,0,50,41,4,40,1,0,0,0,0,0,0,0,0,0,0
49,43,"D",719,0,50,41,4,40,1,0,0,0,0,0,0,0,0,0,0
49,44,"B",495,0,100,41,2,40,1,0,0,0,0,0,0,0,0,0,0
49,45,"B",1026,0,100,41,2,40,1,0,0,0,0,0,0,0,0,0,0
49,46,"B",705,0,100,41,2,40,1,0,0,0,0,0,0,0,0,0,0
49,47,"C",752,0,50,41,3,40,1,0,0,0,0,0,0,0,0,0,0
49,48,"A",654,250,100,41,1,40,1,0,0,0,0,0,0,0,0,0,0
49,49,"B",689,0,100,41,2,40,1,0,0,0,0,0,0,0,0,0,0
49,50,"B",909,0,100,41,2,40,1,-2,2,0,1,2,3,0,1,1,1
49,51,"B",1882,1250,100,41,2,40,1,0,0,0,0,0,0,0,0,0,0
49,52,"C",547,50,50,41,3,40,1,0,0,0,0,0,0,0,0,0,0
49,53,"D",496,0,50,41,4,40,1,0,0,0,0,0,0,0,0,0,0
49,54,"A",832,350,100,41,1,40,1,0,0,0,0,0,0,0,0,0,0
49,55,"D",500,0,50,41,4,40,1,0,0,0,0,0,0,0,0,0,0
49,56,"B",806,0,100,41,2,40,1,0,0,0,0,0,0,0,0,0,0
49,57,"B",551,0,100,41,2,40,1,0,0,0,0,0,0,0,0,0,0
49,58,"B",1068,0,100,41,2,40,1,0,0,0,0,0,0,0,0,0,0
49,59,"B",600,0,100,41,2,40,1,0,0,0,0,0,0,0,0,0,0
49,60,"B",713,0,100,41,2,40,1,-2,2,0,0,1,1,0,-1,1,1
49,61,"B",2548,0,100,41,2,40,1,0,0,0,0,0,0,0,0,0,0
49,62,"C",1160,50,50,41,3,40,1,0,0,0,0,0,0,0,0,0,0
49,63,"A",1120,0,100,41,1,40,1,0,0,0,0,0,0,0,0,0,0
49,64,"D",457,0,50,41,4,40,1,0,0,0,0,0,0,0,0,0,0
49,65,"A",831,350,100,41,1,40,1,0,0,0,0,0,0,0,0,0,0
49,66,"B",893,0,100,41,2,40,1,0,0,0,0,0,0,0,0,0,0
49,67,"B",568,0,100,41,2,40,1,0,0,0,0,0,0,0,0,0,0
49,68,"B",552,0,100,41,2,40,1,0,0,0,0,0,0,0,0,0,0
49,69,"B",798,0,100,41,2,40,1,0,0,0,0,0,0,0,0,0,0
49,70,"B",1145,1250,100,41,2,40,1,-2,0,1,0,2,2,-1,-1,0,1
49,71,"B",1610,0,100,41,2,40,1,0,0,0,0,0,0,0,0,0,0
49,72,"C",790,0,50,41,3,40,1,0,0,0,0,0,0,0,0,0,0
49,73,"D",508,0,50,41,4,40,1,0,0,0,0,0,0,0,0,0,0
49,74,"A",1010,0,100,41,1,40,1,0,0,0,0,0,0,0,0,0,0
49,75,"B",453,0,100,41,2,40,1,0,0,0,0,0,0,0,0,0,0
49,76,"A",554,250,100,41,1,40,1,0,0,0,0,0,0,0,0,0,0
49,77,"C",568,25,50,41,3,40,1,0,0,0,0,0,0,0,0,0,0
49,78,"B",1193,0,100,41,2,40,1,0,0,0,0,0,0,0,0,0,0
49,79,"D",655,0,50,41,4,40,1,0,0,0,0,0,0,0,0,0,0
49,80,"B",561,0,100,41,2,40,1,-2,1,0,-1,1,0,0,-1,0,1
49,81,"B",1994,0,100,41,2,40,1,0,0,0,0,0,0,0,0,0,0
49,82,"D",1040,0,50,41,4,40,1,0,0,0,0,0,0,0,0,0,0
49,83,"C",747,75,50,41,3,40,1,0,0,0,0,0,0,0,0,0,0
49,84,"B",540,0,100,41,2,40,1,0,0,0,0,0,0,0,0,0,0
49,85,"D",839,250,50,41,4,40,1,0,0,0,0,0,0,0,0,0,0
49,86,"B",1255,0,100,41,2,40,1,0,0,0,0,0,0,0,0,0,0
49,87,"B",1330,0,100,41,2,40,1,0,0,0,0,0,0,0,0,0,0
49,88,"C",566,0,50,41,3,40,1,0,0,0,0,0,0,0,0,0,0
49,89,"D",1047,0,50,41,4,40,1,0,0,0,0,0,0,0,0,0,0
49,90,"B",574,0,100,41,2,40,1,-3,2,0,2,-2,1,0,-1,0,1
49,91,"D",1543,0,50,41,4,40,1,0,0,0,0,0,0,0,0,0,0
49,92,"B",1320,0,100,41,2,40,1,0,0,0,0,0,0,0,0,0,0
49,93,"B",1049,0,100,41,2,40,1,0,0,0,0,0,0,0,0,0,0
49,94,"C",941,0,50,41,3,40,1,0,0,0,0,0,0,0,0,0,0
49,95,"B",1869,0,100,41,2,40,1,0,0,0,0,0,0,0,0,0,0
49,96,"D",899,0,50,41,4,40,1,0,0,0,0,0,0,0,0,0,0
49,97,"B",542,0,100,41,2,40,1,0,0,0,0,0,0,0,0,0,0
49,98,"C",1020,0,50,41,3,40,1,0,0,0,0,0,0,0,0,0,0
49,99,"B",586,0,100,41,2,40,1,0,0,0,0,0,0,0,0,0,0
49,100,"D",623,0,50,41,4,40,1,-3,3,0,1,-1,1,0,0,0,1
50,1,"B",3229,0,100,42,2,77,3,0,0,0,0,0,0,0,0,0,0
50,2,"B",4528,0,100,42,2,77,3,0,0,0,0,0,0,0,0,0,0
50,3,"B",1144,0,100,42,2,77,3,0,0,0,0,0,0,0,0,0,0
50,4,"B",1454,0,100,42,2,77,3,0,0,0,0,0,0,0,0,0,0
50,5,"B",1778,0,100,42,2,77,3,0,0,0,0,0,0,0,0,0,0
50,6,"B",949,0,100,42,2,77,3,0,0,0,0,0,0,0,0,0,0
50,7,"B",1955,0,100,42,2,77,3,0,0,0,0,0,0,0,0,0,0
50,8,"B",700,0,100,42,2,77,3,0,0,0,0,0,0,0,0,0,0
50,9,"B",807,1250,100,42,2,77,3,0,0,0,0,0,0,0,0,0,0
50,10,"A",1442,0,100,42,1,77,3,2,0,0,0,0,-3,0,-3,-3,1
50,11,"A",878,0,100,42,1,77,3,0,0,0,0,0,0,0,0,0,0
50,12,"A",1111,150,100,42,1,77,3,0,0,0,0,0,0,0,0,0,0
50,13,"D",1032,0,50,42,4,77,3,0,0,0,0,0,0,0,0,0,0
50,14,"D",749,0,50,42,4,77,3,0,0,0,0,0,0,0,0,0,0
50,15,"D",1475,0,50,42,4,77,3,0,0,0,0,0,0,0,0,0,0
50,16,"A",1460,0,100,42,1,77,3,0,0,0,0,0,0,0,0,0,0
50,17,"C",1144,0,50,42,3,77,3,0,0,0,0,0,0,0,0,0,0
50,18,"C",1701,0,50,42,3,77,3,0,0,0,0,0,0,0,0,0,0
50,19,"C",928,50,50,42,3,77,3,0,0,0,0,0,0,0,0,0,0
50,20,"D",1364,0,50,42,4,77,3,-2,-2,3,2,1,1,1,1,-3,1
50,21,"D",965,0,50,42,4,77,3,0,0,0,0,0,0,0,0,0,0
50,22,"D",1384,0,50,42,4,77,3,0,0,0,0,0,0,0,0,0,0
50,23,"D",2142,0,50,42,4,77,3,0,0,0,0,0,0,0,0,0,0
50,24,"D",1541,0,50,42,4,77,3,0,0,0,0,0,0,0,0,0,0
50,25,"C",952,0,50,42,3,77,3,0,0,0,0,0,0,0,0,0,0
50,26,"C",1597,50,50,42,3,77,3,0,0,0,0,0,0,0,0,0,0
50,27,"C",721,0,50,42,3,77,3,0,0,0,0,0,0,0,0,0,0
50,28,"C",1146,50,50,42,3,77,3,0,0,0,0,0,0,0,0,0,0
50,29,"C",1096,0,50,42,3,77,3,0,0,0,0,0,0,0,0,0,0
50,30,"D",1434,0,50,42,4,77,3,-1,-2,2,2,-3,-3,1,2,-2,1
50,31,"C",1783,50,50,42,3,77,3,0,0,0,0,0,0,0,0,0,0
50,32,"C",654,50,50,42,3,77,3,0,0,0,0,0,0,0,0,0,0
50,33,"D",681,250,50,42,4,77,3,0,0,0,0,0,0,0,0,0,0
50,34,"D",1017,0,50,42,4,77,3,0,0,0,0,0,0,0,0,0,0
50,35,"D",988,0,50,42,4,77,3,0,0,0,0,0,0,0,0,0,0
50,36,"D",1130,0,50,42,4,77,3,0,0,0,0,0,0,0,0,0,0
50,37,"D",1064,0,50,42,4,77,3,0,0,0,0,0,0,0,0,0,0
50,38,"D",831,0,50,42,4,77,3,0,0,0,0,0,0,0,0,0,0
50,39,"D",804,0,50,42,4,77,3,0,0,0,0,0,0,0,0,0,0
50,40,"D",972,0,50,42,4,77,3,-1,-1,1,1,-1,-1,0,2,-1,1
50,41,"A",1116,300,100,42,1,77,3,0,0,0,0,0,0,0,0,0,0
50,42,"C",852,0,50,42,3,77,3,0,0,0,0,0,0,0,0,0,0
50,43,"C",930,25,50,42,3,77,3,0,0,0,0,0,0,0,0,0,0
50,44,"C",869,75,50,42,3,77,3,0,0,0,0,0,0,0,0,0,0
50,45,"D",771,0,50,42,4,77,3,0,0,0,0,0,0,0,0,0,0
50,46,"D",854,0,50,42,4,77,3,0,0,0,0,0,0,0,0,0,0
50,47,"D",954,250,50,42,4,77,3,0,0,0,0,0,0,0,0,0,0
50,48,"D",810,0,50,42,4,77,3,0,0,0,0,0,0,0,0,0,0
50,49,"D",1181,0,50,42,4,77,3,0,0,0,0,0,0,0,0,0,0
50,50,"D",896,0,50,42,4,77,3,-3,0,0,0,2,-3,1,2,-1,1
50,51,"D",2462,0,50,42,4,77,3,0,0,0,0,0,0,0,0,0,0
50,52,"D",1982,0,50,42,4,77,3,0,0,0,0,0,0,0,0,0,0
50,53,"D",1432,0,50,42,4,77,3,0,0,0,0,0,0,0,0,0,0
50,54,"D",1166,0,50,42,4,77,3,0,0,0,0,0,0,0,0,0,0
50,55,"D",975,0,50,42,4,77,3,0,0,0,0,0,0,0,0,0,0
50,56,"D",1057,250,50,42,4,77,3,0,0,0,0,0,0,0,0,0,0
50,57,"D",885,0,50,42,4,77,3,0,0,0,0,0,0,0,0,0,0
50,58,"B",672,0,100,42,2,77,3,0,0,0,0,0,0,0,0,0,0
50,59,"A",1430,0,100,42,1,77,3,0,0,0,0,0,0,0,0,0,0
50,60,"D",867,0,50,42,4,77,3,0,1,3,2,3,3,1,2,-1,1
50,61,"D",1272,0,50,42,4,77,3,0,0,0,0,0,0,0,0,0,0
50,62,"D",809,0,50,42,4,77,3,0,0,0,0,0,0,0,0,0,0
50,63,"D",1180,0,50,42,4,77,3,0,0,0,0,0,0,0,0,0,0
50,64,"D",1064,250,50,42,4,77,3,0,0,0,0,0,0,0,0,0,0
50,65,"D",798,0,50,42,4,77,3,0,0,0,0,0,0,0,0,0,0
50,66,"D",598,0,50,42,4,77,3,0,0,0,0,0,0,0,0,0,0
50,67,"D",1150,0,50,42,4,77,3,0,0,0,0,0,0,0,0,0,0
50,68,"C",1300,0,50,42,3,77,3,0,0,0,0,0,0,0,0,0,0
50,69,"C",1235,0,50,42,3,77,3,0,0,0,0,0,0,0,0,0,0
50,70,"C",1338,0,50,42,3,77,3,-1,-1,1,0,2,3,0,1,-1,1
50,71,"A",1256,200,100,42,1,77,3,0,0,0,0,0,0,0,0,0,0
50,72,"C",756,25,50,42,3,77,3,0,0,0,0,0,0,0,0,0,0
50,73,"C",1428,75,50,42,3,77,3,0,0,0,0,0,0,0,0,0,0
50,74,"C",698,0,50,42,3,77,3,0,0,0,0,0,0,0,0,0,0
50,75,"A",1037,0,100,42,1,77,3,0,0,0,0,0,0,0,0,0,0
50,76,"C",662,50,50,42,3,77,3,0,0,0,0,0,0,0,0,0,0
50,77,"C",796,0,50,42,3,77,3,0,0,0,0,0,0,0,0,0,0
50,78,"C",916,0,50,42,3,77,3,0,0,0,0,0,0,0,0,0,0
50,79,"B",2052,0,100,42,2,77,3,0,0,0,0,0,0,0,0,0,0
50,80,"C",792,0,50,42,3,77,3,-1,1,3,0,2,2,0,0,0,1
50,81,"C",3285,50,50,42,3,77,3,0,0,0,0,0,0,0,0,0,0
50,82,"C",871,25,50,42,3,77,3,0,0,0,0,0,0,0,0,0,0
50,83,"D",717,0,50,42,4,77,3,0,0,0,0,0,0,0,0,0,0
50,84,"D",916,0,50,42,4,77,3,0,0,0,0,0,0,0,0,0,0
50,85,"D",813,0,50,42,4,77,3,0,0,0,0,0,0,0,0,0,0
50,86,"A",800,250,100,42,1,77,3,0,0,0,0,0,0,0,0,0,0
50,87,"D",857,0,50,42,4,77,3,0,0,0,0,0,0,0,0,0,0
50,88,"D",828,0,50,42,4,77,3,0,0,0,0,0,0,0,0,0,0
50,89,"D",1314,0,50,42,4,77,3,0,0,0,0,0,0,0,0,0,0
50,90,"A",920,350,100,42,1,77,3,-4,0,3,2,3,0,2,1,0,1
50,91,"D",676,0,50,42,4,77,3,0,0,0,0,0,0,0,0,0,0
50,92,"D",877,0,50,42,4,77,3,0,0,0,0,0,0,0,0,0,0
50,93,"B",773,0,100,42,2,77,3,0,0,0,0,0,0,0,0,0,0
50,94,"D",768,0,50,42,4,77,3,0,0,0,0,0,0,0,0,0,0
50,95,"D",969,0,50,42,4,77,3,0,0,0,0,0,0,0,0,0,0
50,96,"D",1276,0,50,42,4,77,3,0,0,0,0,0,0,0,0,0,0
50,97,"B",800,0,100,42,2,77,3,0,0,0,0,0,0,0,0,0,0
50,98,"C",642,50,50,42,3,77,3,0,0,0,0,0,0,0,0,0,0
50,99,"C",851,0,50,42,3,77,3,0,0,0,0,0,0,0,0,0,0
50,100,"C",1046,0,50,42,3,77,3,-2,0,3,0,3,3,-2,2,0,1
51,1,"C",6963,0,50,43,3,38,1,0,0,0,0,0,0,0,0,0,0
51,2,"B",2057,0,100,43,2,38,1,0,0,0,0,0,0,0,0,0,0
51,3,"D",1245,0,50,43,4,38,1,0,0,0,0,0,0,0,0,0,0
51,4,"A",918,0,100,43,1,38,1,0,0,0,0,0,0,0,0,0,0
51,5,"B",478,0,100,43,2,38,1,0,0,0,0,0,0,0,0,0,0
51,6,"B",534,0,100,43,2,38,1,0,0,0,0,0,0,0,0,0,0
51,7,"A",650,0,100,43,1,38,1,0,0,0,0,0,0,0,0,0,0
51,8,"B",2637,0,100,43,2,38,1,0,0,0,0,0,0,0,0,0,0
51,9,"D",590,0,50,43,4,38,1,0,0,0,0,0,0,0,0,0,0
51,10,"B",491,0,100,43,2,38,1,2,3,-1,-2,1,3,1,1,-3,1
51,11,"B",1212,0,100,43,2,38,1,0,0,0,0,0,0,0,0,0,0
51,12,"A",773,150,100,43,1,38,1,0,0,0,0,0,0,0,0,0,0
51,13,"C",656,0,50,43,3,38,1,0,0,0,0,0,0,0,0,0,0
51,14,"D",491,0,50,43,4,38,1,0,0,0,0,0,0,0,0,0,0
51,15,"B",470,0,100,43,2,38,1,0,0,0,0,0,0,0,0,0,0
51,16,"B",684,0,100,43,2,38,1,0,0,0,0,0,0,0,0,0,0
51,17,"B",743,1250,100,43,2,38,1,0,0,0,0,0,0,0,0,0,0
51,18,"C",701,50,50,43,3,38,1,0,0,0,0,0,0,0,0,0,0
51,19,"D",679,0,50,43,4,38,1,0,0,0,0,0,0,0,0,0,0
51,20,"D",816,0,50,43,4,38,1,-3,-3,-3,2,-1,1,-2,2,-3,1
51,21,"B",1517,0,100,43,2,38,1,0,0,0,0,0,0,0,0,0,0
51,22,"C",942,0,50,43,3,38,1,0,0,0,0,0,0,0,0,0,0
51,23,"A",766,0,100,43,1,38,1,0,0,0,0,0,0,0,0,0,0
51,24,"D",705,0,50,43,4,38,1,0,0,0,0,0,0,0,0,0,0
51,25,"B",687,0,100,43,2,38,1,0,0,0,0,0,0,0,0,0,0
51,26,"B",1191,0,100,43,2,38,1,0,0,0,0,0,0,0,0,0,0
51,27,"B",1022,0,100,43,2,38,1,0,0,0,0,0,0,0,0,0,0
51,28,"B",925,1250,100,43,2,38,1,0,0,0,0,0,0,0,0,0,0
51,29,"C",433,50,50,43,3,38,1,0,0,0,0,0,0,0,0,0,0
51,30,"D",711,0,50,43,4,38,1,-2,-2,-2,2,-1,2,1,1,-3,1
51,31,"B",2722,0,100,43,2,38,1,0,0,0,0,0,0,0,0,0,0
51,32,"C",633,0,50,43,3,38,1,0,0,0,0,0,0,0,0,0,0
51,33,"A",679,300,100,43,1,38,1,0,0,0,0,0,0,0,0,0,0
51,34,"D",487,0,50,43,4,38,1,0,0,0,0,0,0,0,0,0,0
51,35,"D",791,0,50,43,4,38,1,0,0,0,0,0,0,0,0,0,0
51,36,"D",416,250,50,43,4,38,1,0,0,0,0,0,0,0,0,0,0
51,37,"B",811,0,100,43,2,38,1,0,0,0,0,0,0,0,0,0,0
51,38,"B",798,0,100,43,2,38,1,0,0,0,0,0,0,0,0,0,0
51,39,"B",822,0,100,43,2,38,1,0,0,0,0,0,0,0,0,0,0
51,40,"B",1084,0,100,43,2,38,1,-3,2,-2,-4,1,2,2,-1,-4,1
51,41,"B",2503,0,100,43,2,38,1,0,0,0,0,0,0,0,0,0,0
51,42,"B",659,1250,100,43,2,38,1,0,0,0,0,0,0,0,0,0,0
51,43,"D",590,0,50,43,4,38,1,0,0,0,0,0,0,0,0,0,0
51,44,"C",556,50,50,43,3,38,1,0,0,0,0,0,0,0,0,0,0
51,45,"A",556,0,100,43,1,38,1,0,0,0,0,0,0,0,0,0,0
51,46,"A",645,200,100,43,1,38,1,0,0,0,0,0,0,0,0,0,0
51,47,"D",768,0,50,43,4,38,1,0,0,0,0,0,0,0,0,0,0
51,48,"D",641,0,50,43,4,38,1,0,0,0,0,0,0,0,0,0,0
51,49,"D",488,0,50,43,4,38,1,0,0,0,0,0,0,0,0,0,0
51,50,"D",569,0,50,43,4,38,1,-4,-3,-3,2,1,2,2,2,-4,1
51,51,"B",1141,0,100,43,2,38,1,0,0,0,0,0,0,0,0,0,0
51,52,"D",531,0,50,43,4,38,1,0,0,0,0,0,0,0,0,0,0
51,53,"C",534,0,50,43,3,38,1,0,0,0,0,0,0,0,0,0,0
51,54,"A",513,0,100,43,1,38,1,0,0,0,0,0,0,0,0,0,0
51,55,"B",505,0,100,43,2,38,1,0,0,0,0,0,0,0,0,0,0
51,56,"B",559,0,100,43,2,38,1,0,0,0,0,0,0,0,0,0,0
51,57,"B",671,0,100,43,2,38,1,0,0,0,0,0,0,0,0,0,0
51,58,"B",741,0,100,43,2,38,1,0,0,0,0,0,0,0,0,0,0
51,59,"B",633,0,100,43,2,38,1,0,0,0,0,0,0,0,0,0,0
51,60,"B",712,0,100,43,2,38,1,0,2,1,1,1,2,1,0,-4,1
51,61,"C",2020,50,50,43,3,38,1,0,0,0,0,0,0,0,0,0,0
51,62,"B",490,0,100,43,2,38,1,0,0,0,0,0,0,0,0,0,0
51,63,"D",547,0,50,43,4,38,1,0,0,0,0,0,0,0,0,0,0
51,64,"A",1017,250,100,43,1,38,1,0,0,0,0,0,0,0,0,0,0
51,65,"B",308,0,100,43,2,38,1,0,0,0,0,0,0,0,0,0,0
51,66,"B",1049,0,100,43,2,38,1,0,0,0,0,0,0,0,0,0,0
51,67,"B",415,1250,100,43,2,38,1,0,0,0,0,0,0,0,0,0,0
51,68,"D",738,0,50,43,4,38,1,0,0,0,0,0,0,0,0,0,0
51,69,"D",670,0,50,43,4,38,1,0,0,0,0,0,0,0,0,0,0
51,70,"D",531,250,50,43,4,38,1,0,-3,0,1,0,2,0,0,-3,1
51,71,"B",862,0,100,43,2,38,1,0,0,0,0,0,0,0,0,0,0
51,72,"D",683,0,50,43,4,38,1,0,0,0,0,0,0,0,0,0,0
51,73,"C",580,50,50,43,3,38,1,0,0,0,0,0,0,0,0,0,0
51,74,"A",586,350,100,43,1,38,1,0,0,0,0,0,0,0,0,0,0
51,75,"B",1311,0,100,43,2,38,1,0,0,0,0,0,0,0,0,0,0
51,76,"B",1570,0,100,43,2,38,1,0,0,0,0,0,0,0,0,0,0
51,77,"B",4014,0,100,43,2,38,1,0,0,0,0,0,0,0,0,0,0
51,78,"B",4626,0,100,43,2,38,1,0,0,0,0,0,0,0,0,0,0
51,79,"B",1426,0,100,43,2,38,1,0,0,0,0,0,0,0,0,0,0
51,80,"B",663,0,100,43,2,38,1,0,1,0,0,0,2,0,0,-3,1
51,81,"B",754,0,100,43,2,38,1,0,0,0,0,0,0,0,0,0,0
51,82,"D",562,0,50,43,4,38,1,0,0,0,0,0,0,0,0,0,0
51,83,"C",650,0,50,43,3,38,1,0,0,0,0,0,0,0,0,0,0
51,84,"A",693,0,100,43,1,38,1,0,0,0,0,0,0,0,0,0,0
51,85,"B",665,0,100,43,2,38,1,0,0,0,0,0,0,0,0,0,0
51,86,"B",928,0,100,43,2,38,1,0,0,0,0,0,0,0,0,0,0
51,87,"B",2667,0,100,43,2,38,1,0,0,0,0,0,0,0,0,0,0
51,88,"B",1307,0,100,43,2,38,1,0,0,0,0,0,0,0,0,0,0
51,89,"B",1129,0,100,43,2,38,1,0,0,0,0,0,0,0,0,0,0
51,90,"C",670,25,50,43,3,38,1,-1,1,-1,-1,0,1,1,0,-3,1
51,91,"B",1648,0,100,43,2,38,1,0,0,0,0,0,0,0,0,0,0
51,92,"D",484,0,50,43,4,38,1,0,0,0,0,0,0,0,0,0,0
51,93,"C",566,75,50,43,3,38,1,0,0,0,0,0,0,0,0,0,0
51,94,"A",937,350,100,43,1,38,1,0,0,0,0,0,0,0,0,0,0
51,95,"C",4165,0,50,43,3,38,1,0,0,0,0,0,0,0,0,0,0
51,96,"C",3174,0,50,43,3,38,1,0,0,0,0,0,0,0,0,0,0
51,97,"B",3018,0,100,43,2,38,1,0,0,0,0,0,0,0,0,0,0
51,98,"B",3625,0,100,43,2,38,1,0,0,0,0,0,0,0,0,0,0
51,99,"B",1888,1250,100,43,2,38,1,0,0,0,0,0,0,0,0,0,0
51,100,"B",5411,0,100,43,2,38,1,-1,2,-1,-1,0,2,1,1,-3,1
52,1,"C",1779,0,50,44,3,43,1,0,0,0,0,0,0,0,0,0,0
52,2,"C",988,0,50,44,3,43,1,0,0,0,0,0,0,0,0,0,0
52,3,"D",808,0,50,44,4,43,1,0,0,0,0,0,0,0,0,0,0
52,4,"B",1207,0,100,44,2,43,1,0,0,0,0,0,0,0,0,0,0
52,5,"A",1411,0,100,44,1,43,1,0,0,0,0,0,0,0,0,0,0
52,6,"B",1089,0,100,44,2,43,1,0,0,0,0,0,0,0,0,0,0
52,7,"B",789,0,100,44,2,43,1,0,0,0,0,0,0,0,0,0,0
52,8,"B",1042,0,100,44,2,43,1,0,0,0,0,0,0,0,0,0,0
52,9,"B",1170,0,100,44,2,43,1,0,0,0,0,0,0,0,0,0,0
52,10,"B",1134,0,100,44,2,43,1,4,3,2,2,4,4,2,1,1,1
52,11,"C",1237,50,50,44,3,43,1,0,0,0,0,0,0,0,0,0,0
52,12,"B",582,0,100,44,2,43,1,0,0,0,0,0,0,0,0,0,0
52,13,"A",644,0,100,44,1,43,1,0,0,0,0,0,0,0,0,0,0
52,14,"D",612,0,50,44,4,43,1,0,0,0,0,0,0,0,0,0,0
52,15,"B",551,0,100,44,2,43,1,0,0,0,0,0,0,0,0,0,0
52,16,"B",525,1250,100,44,2,43,1,0,0,0,0,0,0,0,0,0,0
52,17,"A",557,150,100,44,1,43,1,0,0,0,0,0,0,0,0,0,0
52,18,"B",541,0,100,44,2,43,1,0,0,0,0,0,0,0,0,0,0
52,19,"C",520,0,50,44,3,43,1,0,0,0,0,0,0,0,0,0,0
52,20,"D",481,0,50,44,4,43,1,1,0,1,0,2,4,0,0,3,1
52,21,"B",861,0,100,44,2,43,1,0,0,0,0,0,0,0,0,0,0
52,22,"B",539,0,100,44,2,43,1,0,0,0,0,0,0,0,0,0,0
52,23,"B",638,0,100,44,2,43,1,0,0,0,0,0,0,0,0,0,0
52,24,"C",638,50,50,44,3,43,1,0,0,0,0,0,0,0,0,0,0
52,25,"D",494,0,50,44,4,43,1,0,0,0,0,0,0,0,0,0,0
52,26,"A",466,0,100,44,1,43,1,0,0,0,0,0,0,0,0,0,0
52,27,"A",536,300,100,44,1,43,1,0,0,0,0,0,0,0,0,0,0
52,28,"B",538,1250,100,44,2,43,1,0,0,0,0,0,0,0,0,0,0
52,29,"C",461,0,50,44,3,43,1,0,0,0,0,0,0,0,0,0,0
52,30,"C",488,50,50,44,3,43,1,-2,-1,1,1,4,4,0,0,4,1
52,31,"C",640,0,50,44,3,43,1,0,0,0,0,0,0,0,0,0,0
52,32,"C",680,50,50,44,3,43,1,0,0,0,0,0,0,0,0,0,0
52,33,"B",489,0,100,44,2,43,1,0,0,0,0,0,0,0,0,0,0
52,34,"A",516,0,100,44,1,43,1,0,0,0,0,0,0,0,0,0,0
52,35,"D",500,0,50,44,4,43,1,0,0,0,0,0,0,0,0,0,0
52,36,"C",511,50,50,44,3,43,1,0,0,0,0,0,0,0,0,0,0
52,37,"B",445,0,100,44,2,43,1,0,0,0,0,0,0,0,0,0,0
52,38,"B",512,0,100,44,2,43,1,0,0,0,0,0,0,0,0,0,0
52,39,"A",506,200,100,44,1,43,1,0,0,0,0,0,0,0,0,0,0
52,40,"D",536,0,50,44,4,43,1,-1,-2,1,2,2,1,1,0,0,1
52,41,"B",546,0,100,44,2,43,1,0,0,0,0,0,0,0,0,0,0
52,42,"A",493,0,100,44,1,43,1,0,0,0,0,0,0,0,0,0,0
52,43,"D",465,0,50,44,4,43,1,0,0,0,0,0,0,0,0,0,0
52,44,"C",615,0,50,44,3,43,1,0,0,0,0,0,0,0,0,0,0
52,45,"A",555,250,100,44,1,43,1,0,0,0,0,0,0,0,0,0,0
52,46,"B",604,0,100,44,2,43,1,0,0,0,0,0,0,0,0,0,0
52,47,"B",557,0,100,44,2,43,1,0,0,0,0,0,0,0,0,0,0
52,48,"A",525,350,100,44,1,43,1,0,0,0,0,0,0,0,0,0,0
52,49,"B",558,1250,100,44,2,43,1,0,0,0,0,0,0,0,0,0,0
52,50,"C",541,25,50,44,3,43,1,0,-3,2,2,1,4,-2,0,3,1
52,51,"C",489,75,50,44,3,43,1,0,0,0,0,0,0,0,0,0,0
52,52,"B",529,0,100,44,2,43,1,0,0,0,0,0,0,0,0,0,0
52,53,"A",602,0,100,44,1,43,1,0,0,0,0,0,0,0,0,0,0
52,54,"D",514,0,50,44,4,43,1,0,0,0,0,0,0,0,0,0,0
52,55,"B",496,0,100,44,2,43,1,0,0,0,0,0,0,0,0,0,0
52,56,"D",483,0,50,44,4,43,1,0,0,0,0,0,0,0,0,0,0
52,57,"A",470,350,100,44,1,43,1,0,0,0,0,0,0,0,0,0,0
52,58,"D",532,250,50,44,4,43,1,0,0,0,0,0,0,0,0,0,0
52,59,"C",495,0,50,44,3,43,1,0,0,0,0,0,0,0,0,0,0
52,60,"D",489,0,50,44,4,43,1,-2,-1,2,-1,4,4,-1,1,2,1
52,61,"C",701,0,50,44,3,43,1,0,0,0,0,0,0,0,0,0,0
52,62,"B",1223,0,100,44,2,43,1,0,0,0,0,0,0,0,0,0,0
52,63,"A",1237,0,100,44,1,43,1,0,0,0,0,0,0,0,0,0,0
52,64,"D",681,0,50,44,4,43,1,0,0,0,0,0,0,0,0,0,0
52,65,"C",484,0,50,44,3,43,1,0,0,0,0,0,0,0,0,0,0
52,66,"B",524,0,100,44,2,43,1,0,0,0,0,0,0,0,0,0,0
52,67,"A",460,250,100,44,1,43,1,0,0,0,0,0,0,0,0,0,0
52,68,"C",901,25,50,44,3,43,1,0,0,0,0,0,0,0,0,0,0
52,69,"B",488,0,100,44,2,43,1,0,0,0,0,0,0,0,0,0,0
52,70,"D",580,0,50,44,4,43,1,-1,-1,0,3,4,1,-2,-2,1,1
52,71,"C",1406,75,50,44,3,43,1,0,0,0,0,0,0,0,0,0,0
52,72,"B",562,0,100,44,2,43,1,0,0,0,0,0,0,0,0,0,0
52,73,"A",577,200,100,44,1,43,1,0,0,0,0,0,0,0,0,0,0
52,74,"D",613,0,50,44,4,43,1,0,0,0,0,0,0,0,0,0,0
52,75,"B",568,0,100,44,2,43,1,0,0,0,0,0,0,0,0,0,0
52,76,"A",736,0,100,44,1,43,1,0,0,0,0,0,0,0,0,0,0
52,77,"C",499,0,50,44,3,43,1,0,0,0,0,0,0,0,0,0,0
52,78,"B",502,0,100,44,2,43,1,0,0,0,0,0,0,0,0,0,0
52,79,"D",452,0,50,44,4,43,1,0,0,0,0,0,0,0,0,0,0
52,80,"B",471,0,100,44,2,43,1,0,2,-1,2,-3,-1,0,0,-1,1
52,81,"C",815,50,50,44,3,43,1,0,0,0,0,0,0,0,0,0,0
52,82,"B",722,0,100,44,2,43,1,0,0,0,0,0,0,0,0,0,0
52,83,"A",706,300,100,44,1,43,1,0,0,0,0,0,0,0,0,0,0
52,84,"D",531,0,50,44,4,43,1,0,0,0,0,0,0,0,0,0,0
52,85,"B",606,1250,100,44,2,43,1,0,0,0,0,0,0,0,0,0,0
52,86,"C",479,0,50,44,3,43,1,0,0,0,0,0,0,0,0,0,0
52,87,"D",471,0,50,44,4,43,1,0,0,0,0,0,0,0,0,0,0
52,88,"D",660,0,50,44,4,43,1,0,0,0,0,0,0,0,0,0,0
52,89,"D",666,0,50,44,4,43,1,0,0,0,0,0,0,0,0,0,0
52,90,"D",507,250,50,44,4,43,1,-1,-1,-1,1,3,3,-2,1,2,1
52,91,"C",1247,0,50,44,3,43,1,0,0,0,0,0,0,0,0,0,0
52,92,"B",533,0,100,44,2,43,1,0,0,0,0,0,0,0,0,0,0
52,93,"A",614,150,100,44,1,43,1,0,0,0,0,0,0,0,0,0,0
52,94,"D",496,0,50,44,4,43,1,0,0,0,0,0,0,0,0,0,0
52,95,"B",515,0,100,44,2,43,1,0,0,0,0,0,0,0,0,0,0
52,96,"B",1156,0,100,44,2,43,1,0,0,0,0,0,0,0,0,0,0
52,97,"B",560,0,100,44,2,43,1,0,0,0,0,0,0,0,0,0,0
52,98,"B",392,0,100,44,2,43,1,0,0,0,0,0,0,0,0,0,0
52,99,"A",421,0,100,44,1,43,1,0,0,0,0,0,0,0,0,0,0
52,100,"A",552,0,100,44,1,43,1,3,2,0,0,-1,-1,0,0,-2,1
53,1,"B",3582,0,100,45,2,55,2,0,0,0,0,0,0,0,0,0,0
53,2,"D",1372,0,50,45,4,55,2,0,0,0,0,0,0,0,0,0,0
53,3,"C",871,0,50,45,3,55,2,0,0,0,0,0,0,0,0,0,0
53,4,"B",1237,0,100,45,2,55,2,0,0,0,0,0,0,0,0,0,0
53,5,"A",534,0,100,45,1,55,2,0,0,0,0,0,0,0,0,0,0
53,6,"C",858,0,50,45,3,55,2,0,0,0,0,0,0,0,0,0,0
53,7,"C",415,50,50,45,3,55,2,0,0,0,0,0,0,0,0,0,0
53,8,"D",1743,0,50,45,4,55,2,0,0,0,0,0,0,0,0,0,0
53,9,"A",1566,0,100,45,1,55,2,0,0,0,0,0,0,0,0,0,0
53,10,"B",2678,0,100,45,2,55,2,2,2,0,0,-1,3,-1,-1,2,1
53,11,"C",1701,0,50,45,3,55,2,0,0,0,0,0,0,0,0,0,0
53,12,"D",4883,0,50,45,4,55,2,0,0,0,0,0,0,0,0,0,0
53,13,"A",1326,150,100,45,1,55,2,0,0,0,0,0,0,0,0,0,0
53,14,"B",999,0,100,45,2,55,2,0,0,0,0,0,0,0,0,0,0
53,15,"C",574,50,50,45,3,55,2,0,0,0,0,0,0,0,0,0,0
53,16,"B",1562,0,100,45,2,55,2,0,0,0,0,0,0,0,0,0,0
53,17,"B",1296,0,100,45,2,55,2,0,0,0,0,0,0,0,0,0,0
53,18,"D",1076,0,50,45,4,55,2,0,0,0,0,0,0,0,0,0,0
53,19,"D",1028,0,50,45,4,55,2,0,0,0,0,0,0,0,0,0,0
53,20,"B",762,0,100,45,2,55,2,-3,2,-2,2,-3,3,-2,2,2,1
53,21,"B",1219,0,100,45,2,55,2,0,0,0,0,0,0,0,0,0,0
53,22,"D",724,0,50,45,4,55,2,0,0,0,0,0,0,0,0,0,0
53,23,"B",820,1250,100,45,2,55,2,0,0,0,0,0,0,0,0,0,0
53,24,"C",2980,0,50,45,3,55,2,0,0,0,0,0,0,0,0,0,0
53,25,"D",1080,0,50,45,4,55,2,0,0,0,0,0,0,0,0,0,0
53,26,"A",3281,0,100,45,1,55,2,0,0,0,0,0,0,0,0,0,0
53,27,"B",667,0,100,45,2,55,2,0,0,0,0,0,0,0,0,0,0
53,28,"D",2018,0,50,45,4,55,2,0,0,0,0,0,0,0,0,0,0
53,29,"C",782,50,50,45,3,55,2,0,0,0,0,0,0,0,0,0,0
53,30,"B",876,0,100,45,2,55,2,2,-2,0,1,-1,2,1,1,1,1
53,31,"A",4470,300,100,45,1,55,2,0,0,0,0,0,0,0,0,0,0
53,32,"D",1005,0,50,45,4,55,2,0,0,0,0,0,0,0,0,0,0
53,33,"C",448,0,50,45,3,55,2,0,0,0,0,0,0,0,0,0,0
53,34,"B",1091,0,100,45,2,55,2,0,0,0,0,0,0,0,0,0,0
53,35,"D",871,250,50,45,4,55,2,0,0,0,0,0,0,0,0,0,0
53,36,"A",1061,0,100,45,1,55,2,0,0,0,0,0,0,0,0,0,0
53,37,"C",2775,50,50,45,3,55,2,0,0,0,0,0,0,0,0,0,0
53,38,"B",2470,0,100,45,2,55,2,0,0,0,0,0,0,0,0,0,0
53,39,"A",2533,200,100,45,1,55,2,0,0,0,0,0,0,0,0,0,0
53,40,"D",2104,0,50,45,4,55,2,1,-1,0,0,1,-1,0,-2,3,1
53,41,"A",6949,0,100,45,1,55,2,0,0,0,0,0,0,0,0,0,0
53,42,"D",1465,0,50,45,4,55,2,0,0,0,0,0,0,0,0,0,0
53,43,"C",2106,50,50,45,3,55,2,0,0,0,0,0,0,0,0,0,0
53,44,"D",2327,0,50,45,4,55,2,0,0,0,0,0,0,0,0,0,0
53,45,"B",537,1250,100,45,2,55,2,0,0,0,0,0,0,0,0,0,0
53,46,"A",2036,250,100,45,1,55,2,0,0,0,0,0,0,0,0,0,0
53,47,"A",2381,350,100,45,1,55,2,0,0,0,0,0,0,0,0,0,0
53,48,"D",2475,0,50,45,4,55,2,0,0,0,0,0,0,0,0,0,0
53,49,"C",1196,0,50,45,3,55,2,0,0,0,0,0,0,0,0,0,0
53,50,"C",1837,25,50,45,3,55,2,-3,-3,1,2,1,1,2,1,2,1
53,51,"D",3362,0,50,45,4,55,2,0,0,0,0,0,0,0,0,0,0
53,52,"A",2995,0,100,45,1,55,2,0,0,0,0,0,0,0,0,0,0
53,53,"C",2797,75,50,45,3,55,2,0,0,0,0,0,0,0,0,0,0
53,54,"B",1494,0,100,45,2,55,2,0,0,0,0,0,0,0,0,0,0
53,55,"D",778,0,50,45,4,55,2,0,0,0,0,0,0,0,0,0,0
53,56,"A",1204,350,100,45,1,55,2,0,0,0,0,0,0,0,0,0,0
53,57,"C",1637,0,50,45,3,55,2,0,0,0,0,0,0,0,0,0,0
53,58,"D",2790,0,50,45,4,55,2,0,0,0,0,0,0,0,0,0,0
53,59,"A",3493,0,100,45,1,55,2,0,0,0,0,0,0,0,0,0,0
53,60,"C",1497,0,50,45,3,55,2,0,-3,1,2,1,1,1,2,2,1
53,61,"C",4432,0,50,45,3,55,2,0,0,0,0,0,0,0,0,0,0
53,62,"D",3418,0,50,45,4,55,2,0,0,0,0,0,0,0,0,0,0
53,63,"B",1225,0,100,45,2,55,2,0,0,0,0,0,0,0,0,0,0
53,64,"A",3254,250,100,45,1,55,2,0,0,0,0,0,0,0,0,0,0
53,65,"D",691,0,50,45,4,55,2,0,0,0,0,0,0,0,0,0,0
53,66,"D",5089,250,50,45,4,55,2,0,0,0,0,0,0,0,0,0,0
53,67,"C",2304,25,50,45,3,55,2,0,0,0,0,0,0,0,0,0,0
53,68,"B",2918,0,100,45,2,55,2,0,0,0,0,0,0,0,0,0,0
53,69,"A",3528,200,100,45,1,55,2,0,0,0,0,0,0,0,0,0,0
53,70,"D",1212,0,50,45,4,55,2,1,-3,0,1,1,-1,0,0,0,1
53,71,"D",3654,0,50,45,4,55,2,0,0,0,0,0,0,0,0,0,0
53,72,"A",3818,0,100,45,1,55,2,0,0,0,0,0,0,0,0,0,0
53,73,"C",3399,75,50,45,3,55,2,0,0,0,0,0,0,0,0,0,0
53,74,"B",4072,0,100,45,2,55,2,0,0,0,0,0,0,0,0,0,0
53,75,"D",1034,0,50,45,4,55,2,0,0,0,0,0,0,0,0,0,0
53,76,"A",5256,300,100,45,1,55,2,0,0,0,0,0,0,0,0,0,0
53,77,"C",4365,0,50,45,3,55,2,0,0,0,0,0,0,0,0,0,0
53,78,"D",2657,0,50,45,4,55,2,0,0,0,0,0,0,0,0,0,0
53,79,"A",1912,150,100,45,1,55,2,0,0,0,0,0,0,0,0,0,0
53,80,"D",2974,0,50,45,4,55,2,-2,-2,1,1,1,2,-3,0,0,1
53,81,"B",2300,0,100,45,2,55,2,0,0,0,0,0,0,0,0,0,0
53,82,"D",869,0,50,45,4,55,2,0,0,0,0,0,0,0,0,0,0
53,83,"A",1197,0,100,45,1,55,2,0,0,0,0,0,0,0,0,0,0
53,84,"D",1006,0,50,45,4,55,2,0,0,0,0,0,0,0,0,0,0
53,85,"C",1015,50,50,45,3,55,2,0,0,0,0,0,0,0,0,0,0
53,86,"A",858,0,100,45,1,55,2,0,0,0,0,0,0,0,0,0,0
53,87,"B",3676,0,100,45,2,55,2,0,0,0,0,0,0,0,0,0,0
53,88,"D",1313,0,50,45,4,55,2,0,0,0,0,0,0,0,0,0,0
53,89,"A",2370,0,100,45,1,55,2,0,0,0,0,0,0,0,0,0,0
53,90,"C",925,0,50,45,3,55,2,1,0,1,1,0,0,1,1,0,1
53,91,"D",5254,250,50,45,4,55,2,0,0,0,0,0,0,0,0,0,0
53,92,"C",5243,0,50,45,3,55,2,0,0,0,0,0,0,0,0,0,0
53,93,"A",1944,300,100,45,1,55,2,0,0,0,0,0,0,0,0,0,0
53,94,"B",4222,1250,100,45,2,55,2,0,0,0,0,0,0,0,0,0,0
53,95,"D",2701,0,50,45,4,55,2,0,0,0,0,0,0,0,0,0,0
53,96,"A",5060,0,100,45,1,55,2,0,0,0,0,0,0,0,0,0,0
53,97,"C",2779,0,50,45,3,55,2,0,0,0,0,0,0,0,0,0,0
53,98,"A",765,350,100,45,1,55,2,0,0,0,0,0,0,0,0,0,0
53,99,"D",1331,0,50,45,4,55,2,0,0,0,0,0,0,0,0,0,0
53,100,"C",2014,50,50,45,3,55,2,-2,-1,0,1,-1,0,2,0,-1,1
54,1,"A",1690,0,100,46,1,41,1,0,0,0,0,0,0,0,0,0,0
54,2,"D",1902,0,50,46,4,41,1,0,0,0,0,0,0,0,0,0,0
54,3,"A",715,0,100,46,1,41,1,0,0,0,0,0,0,0,0,0,0
54,4,"A",1420,150,100,46,1,41,1,0,0,0,0,0,0,0,0,0,0
54,5,"D",1160,0,50,46,4,41,1,0,0,0,0,0,0,0,0,0,0
54,6,"B",1833,0,100,46,2,41,1,0,0,0,0,0,0,0,0,0,0
54,7,"D",1401,0,50,46,4,41,1,0,0,0,0,0,0,0,0,0,0
54,8,"B",1202,0,100,46,2,41,1,0,0,0,0,0,0,0,0,0,0
54,9,"B",2210,0,100,46,2,41,1,0,0,0,0,0,0,0,0,0,0
54,10,"B",1774,0,100,46,2,41,1,-2,3,0,1,1,2,-3,1,-1,1
54,11,"C",1869,0,50,46,3,41,1,0,0,0,0,0,0,0,0,0,0
54,12,"D",1156,0,50,46,4,41,1,0,0,0,0,0,0,0,0,0,0
54,13,"B",1709,0,100,46,2,41,1,0,0,0,0,0,0,0,0,0,0
54,14,"B",1403,0,100,46,2,41,1,0,0,0,0,0,0,0,0,0,0
54,15,"B",1403,0,100,46,2,41,1,0,0,0,0,0,0,0,0,0,0
54,16,"B",1596,0,100,46,2,41,1,0,0,0,0,0,0,0,0,0,0
54,17,"B",2301,1250,100,46,2,41,1,0,0,0,0,0,0,0,0,0,0
54,18,"A",908,0,100,46,1,41,1,0,0,0,0,0,0,0,0,0,0
54,19,"D",1393,0,50,46,4,41,1,0,0,0,0,0,0,0,0,0,0
54,20,"C",967,0,50,46,3,41,1,2,-2,2,3,0,1,2,3,0,1
54,21,"A",2906,300,100,46,1,41,1,0,0,0,0,0,0,0,0,0,0
54,22,"C",865,50,50,46,3,41,1,0,0,0,0,0,0,0,0,0,0
54,23,"B",1450,0,100,46,2,41,1,0,0,0,0,0,0,0,0,0,0
54,24,"B",1917,0,100,46,2,41,1,0,0,0,0,0,0,0,0,0,0
54,25,"B",1726,0,100,46,2,41,1,0,0,0,0,0,0,0,0,0,0
54,26,"D",1231,0,50,46,4,41,1,0,0,0,0,0,0,0,0,0,0
54,27,"B",1243,0,100,46,2,41,1,0,0,0,0,0,0,0,0,0,0
54,28,"D",970,0,50,46,4,41,1,0,0,0,0,0,0,0,0,0,0
54,29,"B",1086,1250,100,46,2,41,1,0,0,0,0,0,0,0,0,0,0
54,30,"D",1287,0,50,46,4,41,1,0,-3,1,3,0,3,1,3,2,1
54,31,"A",3087,0,100,46,1,41,1,0,0,0,0,0,0,0,0,0,0
54,32,"B",975,0,100,46,2,41,1,0,0,0,0,0,0,0,0,0,0
54,33,"C",1163,0,50,46,3,41,1,0,0,0,0,0,0,0,0,0,0
54,34,"D",1420,0,50,46,4,41,1,0,0,0,0,0,0,0,0,0,0
54,35,"B",1384,0,100,46,2,41,1,0,0,0,0,0,0,0,0,0,0
54,36,"A",1029,200,100,46,1,41,1,0,0,0,0,0,0,0,0,0,0
54,37,"D",1619,250,50,46,4,41,1,0,0,0,0,0,0,0,0,0,0
54,38,"C",1239,50,50,46,3,41,1,0,0,0,0,0,0,0,0,0,0
54,39,"B",856,0,100,46,2,41,1,0,0,0,0,0,0,0,0,0,0
54,40,"B",754,0,100,46,2,41,1,-1,2,0,2,1,1,0,2,2,1
54,41,"B",2450,0,100,46,2,41,1,0,0,0,0,0,0,0,0,0,0
54,42,"D",609,0,50,46,4,41,1,0,0,0,0,0,0,0,0,0,0
54,43,"B",1172,0,100,46,2,41,1,0,0,0,0,0,0,0,0,0,0
54,44,"B",2800,1250,100,46,2,41,1,0,0,0,0,0,0,0,0,0,0
54,45,"D",1312,0,50,46,4,41,1,0,0,0,0,0,0,0,0,0,0
54,46,"C",847,0,50,46,3,41,1,0,0,0,0,0,0,0,0,0,0
54,47,"D",794,0,50,46,4,41,1,0,0,0,0,0,0,0,0,0,0
54,48,"C",1019,50,50,46,3,41,1,0,0,0,0,0,0,0,0,0,0
54,49,"B",717,0,100,46,2,41,1,0,0,0,0,0,0,0,0,0,0
54,50,"A",894,0,100,46,1,41,1,-1,-2,2,3,0,1,0,3,1,1
54,51,"D",2892,0,50,46,4,41,1,0,0,0,0,0,0,0,0,0,0
54,52,"B",1443,0,100,46,2,41,1,0,0,0,0,0,0,0,0,0,0
54,53,"A",1910,250,100,46,1,41,1,0,0,0,0,0,0,0,0,0,0
54,54,"D",964,0,50,46,4,41,1,0,0,0,0,0,0,0,0,0,0
54,55,"D",1981,0,50,46,4,41,1,0,0,0,0,0,0,0,0,0,0
54,56,"B",1540,0,100,46,2,41,1,0,0,0,0,0,0,0,0,0,0
54,57,"B",766,0,100,46,2,41,1,0,0,0,0,0,0,0,0,0,0
54,58,"D",1895,0,50,46,4,41,1,0,0,0,0,0,0,0,0,0,0
54,59,"D",731,0,50,46,4,41,1,0,0,0,0,0,0,0,0,0,0
54,60,"B",1958,0,100,46,2,41,1,0,-3,0,3,0,4,0,3,1,1
54,61,"D",2805,0,50,46,4,41,1,0,0,0,0,0,0,0,0,0,0
54,62,"B",2558,0,100,46,2,41,1,0,0,0,0,0,0,0,0,0,0
54,63,"D",1954,250,50,46,4,41,1,0,0,0,0,0,0,0,0,0,0
54,64,"B",785,0,100,46,2,41,1,0,0,0,0,0,0,0,0,0,0
54,65,"B",854,0,100,46,2,41,1,0,0,0,0,0,0,0,0,0,0
54,66,"B",1793,0,100,46,2,41,1,0,0,0,0,0,0,0,0,0,0
54,67,"D",829,0,50,46,4,41,1,0,0,0,0,0,0,0,0,0,0
54,68,"B",1824,0,100,46,2,41,1,0,0,0,0,0,0,0,0,0,0
54,69,"A",3006,350,100,46,1,41,1,0,0,0,0,0,0,0,0,0,0
54,70,"B",1863,1250,100,46,2,41,1,-2,-3,0,1,2,4,-4,1,2,1
54,71,"D",1980,0,50,46,4,41,1,0,0,0,0,0,0,0,0,0,0
54,72,"B",1464,0,100,46,2,41,1,0,0,0,0,0,0,0,0,0,0
54,73,"A",1310,0,100,46,1,41,1,0,0,0,0,0,0,0,0,0,0
54,74,"B",844,0,100,46,2,41,1,0,0,0,0,0,0,0,0,0,0
54,75,"C",2948,0,50,46,3,41,1,0,0,0,0,0,0,0,0,0,0
54,76,"B",2203,0,100,46,2,41,1,0,0,0,0,0,0,0,0,0,0
54,77,"B",3583,0,100,46,2,41,1,0,0,0,0,0,0,0,0,0,0
54,78,"D",3389,0,50,46,4,41,1,0,0,0,0,0,0,0,0,0,0
54,79,"B",2421,0,100,46,2,41,1,0,0,0,0,0,0,0,0,0,0
54,80,"D",825,0,50,46,4,41,1,1,2,0,2,0,3,-2,3,0,1
54,81,"B",2043,0,100,46,2,41,1,0,0,0,0,0,0,0,0,0,0
54,82,"D",765,0,50,46,4,41,1,0,0,0,0,0,0,0,0,0,0
54,83,"D",1018,0,50,46,4,41,1,0,0,0,0,0,0,0,0,0,0
54,84,"B",578,0,100,46,2,41,1,0,0,0,0,0,0,0,0,0,0
54,85,"B",566,0,100,46,2,41,1,0,0,0,0,0,0,0,0,0,0
54,86,"D",1334,0,50,46,4,41,1,0,0,0,0,0,0,0,0,0,0
54,87,"A",796,350,100,46,1,41,1,0,0,0,0,0,0,0,0,0,0
54,88,"D",1412,0,50,46,4,41,1,0,0,0,0,0,0,0,0,0,0
54,89,"D",808,250,50,46,4,41,1,0,0,0,0,0,0,0,0,0,0
54,90,"B",2281,0,100,46,2,41,1,-2,1,0,2,1,2,-2,2,-1,1
54,91,"D",1034,0,50,46,4,41,1,0,0,0,0,0,0,0,0,0,0
54,92,"B",1013,0,100,46,2,41,1,0,0,0,0,0,0,0,0,0,0
54,93,"A",1507,0,100,46,1,41,1,0,0,0,0,0,0,0,0,0,0
54,94,"B",1290,0,100,46,2,41,1,0,0,0,0,0,0,0,0,0,0
54,95,"B",996,0,100,46,2,41,1,0,0,0,0,0,0,0,0,0,0
54,96,"D",1653,0,50,46,4,41,1,0,0,0,0,0,0,0,0,0,0
54,97,"A",856,250,100,46,1,41,1,0,0,0,0,0,0,0,0,0,0
54,98,"C",892,50,50,46,3,41,1,0,0,0,0,0,0,0,0,0,0
54,99,"D",631,0,50,46,4,41,1,0,0,0,0,0,0,0,0,0,0
54,100,"B",1012,0,100,46,2,41,1,-2,2,0,3,2,3,-3,4,-1,1
55,1,"C",1125,0,50,47,3,42,1,0,0,0,0,0,0,0,0,0,0
55,2,"D",1099,0,50,47,4,42,1,0,0,0,0,0,0,0,0,0,0
55,3,"B",710,0,100,47,2,42,1,0,0,0,0,0,0,0,0,0,0
55,4,"A",1044,0,100,47,1,42,1,0,0,0,0,0,0,0,0,0,0
55,5,"B",644,0,100,47,2,42,1,0,0,0,0,0,0,0,0,0,0
55,6,"A",663,0,100,47,1,42,1,0,0,0,0,0,0,0,0,0,0
55,7,"B",957,0,100,47,2,42,1,0,0,0,0,0,0,0,0,0,0
55,8,"A",718,150,100,47,1,42,1,0,0,0,0,0,0,0,0,0,0
55,9,"D",478,0,50,47,4,42,1,0,0,0,0,0,0,0,0,0,0
55,10,"C",686,0,50,47,3,42,1,-1,2,0,0,1,1,-2,-2,-2,1
55,11,"C",1315,50,50,47,3,42,1,0,0,0,0,0,0,0,0,0,0
55,12,"D",1030,0,50,47,4,42,1,0,0,0,0,0,0,0,0,0,0
55,13,"B",492,0,100,47,2,42,1,0,0,0,0,0,0,0,0,0,0
55,14,"A",759,0,100,47,1,42,1,0,0,0,0,0,0,0,0,0,0
55,15,"B",675,0,100,47,2,42,1,0,0,0,0,0,0,0,0,0,0
55,16,"A",808,300,100,47,1,42,1,0,0,0,0,0,0,0,0,0,0
55,17,"D",563,0,50,47,4,42,1,0,0,0,0,0,0,0,0,0,0
55,18,"D",972,0,50,47,4,42,1,0,0,0,0,0,0,0,0,0,0
55,19,"B",799,0,100,47,2,42,1,0,0,0,0,0,0,0,0,0,0
55,20,"B",730,0,100,47,2,42,1,-3,2,0,2,1,2,-4,0,-2,1
55,21,"C",1315,0,50,47,3,42,1,0,0,0,0,0,0,0,0,0,0
55,22,"D",670,0,50,47,4,42,1,0,0,0,0,0,0,0,0,0,0
55,23,"B",500,0,100,47,2,42,1,0,0,0,0,0,0,0,0,0,0
55,24,"A",695,0,100,47,1,42,1,0,0,0,0,0,0,0,0,0,0
55,25,"B",573,1250,100,47,2,42,1,0,0,0,0,0,0,0,0,0,0
55,26,"D",450,0,50,47,4,42,1,0,0,0,0,0,0,0,0,0,0
55,27,"A",606,200,100,47,1,42,1,0,0,0,0,0,0,0,0,0,0
55,28,"D",470,0,50,47,4,42,1,0,0,0,0,0,0,0,0,0,0
55,29,"D",612,0,50,47,4,42,1,0,0,0,0,0,0,0,0,0,0
55,30,"C",678,50,50,47,3,42,1,-1,-1,0,3,1,2,0,1,-1,1
55,31,"C",966,0,50,47,3,42,1,0,0,0,0,0,0,0,0,0,0
55,32,"D",472,250,50,47,4,42,1,0,0,0,0,0,0,0,0,0,0
55,33,"C",593,50,50,47,3,42,1,0,0,0,0,0,0,0,0,0,0
55,34,"B",431,0,100,47,2,42,1,0,0,0,0,0,0,0,0,0,0
55,35,"B",487,0,100,47,2,42,1,0,0,0,0,0,0,0,0,0,0
55,36,"A",543,0,100,47,1,42,1,0,0,0,0,0,0,0,0,0,0
55,37,"B",637,0,100,47,2,42,1,0,0,0,0,0,0,0,0,0,0
55,38,"A",1632,250,100,47,1,42,1,0,0,0,0,0,0,0,0,0,0
55,39,"B",673,0,100,47,2,42,1,0,0,0,0,0,0,0,0,0,0
55,40,"B",854,1250,100,47,2,42,1,0,-2,0,3,2,4,0,2,-1,1
55,41,"C",1231,0,50,47,3,42,1,0,0,0,0,0,0,0,0,0,0
55,42,"B",460,0,100,47,2,42,1,0,0,0,0,0,0,0,0,0,0
55,43,"D",567,0,50,47,4,42,1,0,0,0,0,0,0,0,0,0,0
55,44,"A",435,350,100,47,1,42,1,0,0,0,0,0,0,0,0,0,0
55,45,"B",638,0,100,47,2,42,1,0,0,0,0,0,0,0,0,0,0
55,46,"B",504,0,100,47,2,42,1,0,0,0,0,0,0,0,0,0,0
55,47,"D",694,0,50,47,4,42,1,0,0,0,0,0,0,0,0,0,0
55,48,"D",513,0,50,47,4,42,1,0,0,0,0,0,0,0,0,0,0
55,49,"D",423,0,50,47,4,42,1,0,0,0,0,0,0,0,0,0,0
55,50,"C",533,50,50,47,3,42,1,-1,-1,1,3,1,3,0,2,-1,1
55,51,"B",923,0,100,47,2,42,1,0,0,0,0,0,0,0,0,0,0
55,52,"B",424,0,100,47,2,42,1,0,0,0,0,0,0,0,0,0,0
55,53,"B",457,0,100,47,2,42,1,0,0,0,0,0,0,0,0,0,0
55,54,"A",900,0,100,47,1,42,1,0,0,0,0,0,0,0,0,0,0
55,55,"D",608,0,50,47,4,42,1,0,0,0,0,0,0,0,0,0,0
55,56,"A",511,350,100,47,1,42,1,0,0,0,0,0,0,0,0,0,0
55,57,"D",947,0,50,47,4,42,1,0,0,0,0,0,0,0,0,0,0
55,58,"D",483,0,50,47,4,42,1,0,0,0,0,0,0,0,0,0,0
55,59,"D",548,0,50,47,4,42,1,0,0,0,0,0,0,0,0,0,0
55,60,"D",666,0,50,47,4,42,1,0,0,0,2,2,2,0,2,0,1
55,61,"B",490,1250,100,47,2,42,1,0,0,0,0,0,0,0,0,0,0
55,62,"A",544,0,100,47,1,42,1,0,0,0,0,0,0,0,0,0,0
55,63,"D",572,250,50,47,4,42,1,0,0,0,0,0,0,0,0,0,0
55,64,"D",1136,0,50,47,4,42,1,0,0,0,0,0,0,0,0,0,0
55,65,"B",510,0,100,47,2,42,1,0,0,0,0,0,0,0,0,0,0
55,66,"B",516,0,100,47,2,42,1,0,0,0,0,0,0,0,0,0,0
55,67,"B",447,0,100,47,2,42,1,0,0,0,0,0,0,0,0,0,0
55,68,"D",639,0,50,47,4,42,1,0,0,0,0,0,0,0,0,0,0
55,69,"D",471,0,50,47,4,42,1,0,0,0,0,0,0,0,0,0,0
55,70,"D",504,0,50,47,4,42,1,0,0,0,2,0,2,0,3,-1,1
55,71,"B",570,0,100,47,2,42,1,0,0,0,0,0,0,0,0,0,0
55,72,"B",488,0,100,47,2,42,1,0,0,0,0,0,0,0,0,0,0
55,73,"B",385,0,100,47,2,42,1,0,0,0,0,0,0,0,0,0,0
55,74,"A",614,250,100,47,1,42,1,0,0,0,0,0,0,0,0,0,0
55,75,"A",457,200,100,47,1,42,1,0,0,0,0,0,0,0,0,0,0
55,76,"B",828,0,100,47,2,42,1,0,0,0,0,0,0,0,0,0,0
55,77,"B",1322,0,100,47,2,42,1,0,0,0,0,0,0,0,0,0,0
55,78,"B",824,0,100,47,2,42,1,0,0,0,0,0,0,0,0,0,0
55,79,"D",424,0,50,47,4,42,1,0,0,0,0,0,0,0,0,0,0
55,80,"D",622,0,50,47,4,42,1,0,-1,0,3,1,2,0,2,0,1
55,81,"D",943,0,50,47,4,42,1,0,0,0,0,0,0,0,0,0,0
55,82,"A",535,0,100,47,1,42,1,0,0,0,0,0,0,0,0,0,0
55,83,"A",483,300,100,47,1,42,1,0,0,0,0,0,0,0,0,0,0
55,84,"D",451,0,50,47,4,42,1,0,0,0,0,0,0,0,0,0,0
55,85,"D",824,250,50,47,4,42,1,0,0,0,0,0,0,0,0,0,0
55,86,"C",497,50,50,47,3,42,1,0,0,0,0,0,0,0,0,0,0
55,87,"C",468,0,50,47,3,42,1,0,0,0,0,0,0,0,0,0,0
55,88,"C",426,25,50,47,3,42,1,0,0,0,0,0,0,0,0,0,0
55,89,"C",472,75,50,47,3,42,1,0,0,0,0,0,0,0,0,0,0
55,90,"B",709,0,100,47,2,42,1,0,0,0,2,2,3,1,1,0,1
55,91,"B",2727,1250,100,47,2,42,1,0,0,0,0,0,0,0,0,0,0
55,92,"B",2663,0,100,47,2,42,1,0,0,0,0,0,0,0,0,0,0
55,93,"B",438,0,100,47,2,42,1,0,0,0,0,0,0,0,0,0,0
55,94,"B",399,0,100,47,2,42,1,0,0,0,0,0,0,0,0,0,0
55,95,"B",479,0,100,47,2,42,1,0,0,0,0,0,0,0,0,0,0
55,96,"B",552,0,100,47,2,42,1,0,0,0,0,0,0,0,0,0,0
55,97,"B",469,0,100,47,2,42,1,0,0,0,0,0,0,0,0,0,0
55,98,"B",557,0,100,47,2,42,1,0,0,0,0,0,0,0,0,0,0
55,99,"B",654,0,100,47,2,42,1,0,0,0,0,0,0,0,0,0,0
55,100,"B",561,0,100,47,2,42,1,0,0,0,2,0,3,0,1,0,1
56,1,"C",1348,0,50,48,3,60,3,0,0,0,0,0,0,0,0,0,0
56,2,"A",960,0,100,48,1,60,3,0,0,0,0,0,0,0,0,0,0
56,3,"D",881,0,50,48,4,60,3,0,0,0,0,0,0,0,0,0,0
56,4,"B",984,0,100,48,2,60,3,0,0,0,0,0,0,0,0,0,0
56,5,"C",1319,0,50,48,3,60,3,0,0,0,0,0,0,0,0,0,0
56,6,"A",1087,0,100,48,1,60,3,0,0,0,0,0,0,0,0,0,0
56,7,"D",856,0,50,48,4,60,3,0,0,0,0,0,0,0,0,0,0
56,8,"B",884,0,100,48,2,60,3,0,0,0,0,0,0,0,0,0,0
56,9,"C",1094,50,50,48,3,60,3,0,0,0,0,0,0,0,0,0,0
56,10,"A",849,150,100,48,1,60,3,-2,1,-1,1,-4,-3,-3,-3,-2,1
56,11,"C",1377,0,50,48,3,60,3,0,0,0,0,0,0,0,0,0,0
56,12,"A",970,0,100,48,1,60,3,0,0,0,0,0,0,0,0,0,0
56,13,"D",909,0,50,48,4,60,3,0,0,0,0,0,0,0,0,0,0
56,14,"B",1259,0,100,48,2,60,3,0,0,0,0,0,0,0,0,0,0
56,15,"C",681,50,50,48,3,60,3,0,0,0,0,0,0,0,0,0,0
56,16,"A",697,300,100,48,1,60,3,0,0,0,0,0,0,0,0,0,0
56,17,"D",484,0,50,48,4,60,3,0,0,0,0,0,0,0,0,0,0
56,18,"B",749,0,100,48,2,60,3,0,0,0,0,0,0,0,0,0,0
56,19,"D",691,0,50,48,4,60,3,0,0,0,0,0,0,0,0,0,0
56,20,"B",537,0,100,48,2,60,3,-3,1,-1,1,-2,-3,-2,-3,-2,1
56,21,"D",858,0,50,48,4,60,3,0,0,0,0,0,0,0,0,0,0
56,22,"B",784,0,100,48,2,60,3,0,0,0,0,0,0,0,0,0,0
56,23,"C",813,0,50,48,3,60,3,0,0,0,0,0,0,0,0,0,0
56,24,"D",689,0,50,48,4,60,3,0,0,0,0,0,0,0,0,0,0
56,25,"B",748,0,100,48,2,60,3,0,0,0,0,0,0,0,0,0,0
56,26,"B",762,0,100,48,2,60,3,0,0,0,0,0,0,0,0,0,0
56,27,"B",786,1250,100,48,2,60,3,0,0,0,0,0,0,0,0,0,0
56,28,"C",1704,50,50,48,3,60,3,0,0,0,0,0,0,0,0,0,0
56,29,"D",670,0,50,48,4,60,3,0,0,0,0,0,0,0,0,0,0
56,30,"D",1236,0,50,48,4,60,3,-1,-1,-1,2,-4,-3,-4,-3,-1,1
56,31,"D",1245,250,50,48,4,60,3,0,0,0,0,0,0,0,0,0,0
56,32,"C",655,0,50,48,3,60,3,0,0,0,0,0,0,0,0,0,0
56,33,"A",786,0,100,48,1,60,3,0,0,0,0,0,0,0,0,0,0
56,34,"B",872,0,100,48,2,60,3,0,0,0,0,0,0,0,0,0,0
56,35,"C",710,50,50,48,3,60,3,0,0,0,0,0,0,0,0,0,0
56,36,"D",723,0,50,48,4,60,3,0,0,0,0,0,0,0,0,0,0
56,37,"D",975,0,50,48,4,60,3,0,0,0,0,0,0,0,0,0,0
56,38,"B",938,0,100,48,2,60,3,0,0,0,0,0,0,0,0,0,0
56,39,"A",830,200,100,48,1,60,3,0,0,0,0,0,0,0,0,0,0
56,40,"D",675,0,50,48,4,60,3,-1,1,0,3,-2,-2,-3,-2,-1,1
56,41,"D",1232,0,50,48,4,60,3,0,0,0,0,0,0,0,0,0,0
56,42,"C",1059,50,50,48,3,60,3,0,0,0,0,0,0,0,0,0,0
56,43,"B",548,0,100,48,2,60,3,0,0,0,0,0,0,0,0,0,0
56,44,"D",1127,0,50,48,4,60,3,0,0,0,0,0,0,0,0,0,0
56,45,"D",751,0,50,48,4,60,3,0,0,0,0,0,0,0,0,0,0
56,46,"A",1285,0,100,48,1,60,3,0,0,0,0,0,0,0,0,0,0
56,47,"B",670,0,100,48,2,60,3,0,0,0,0,0,0,0,0,0,0
56,48,"C",1356,0,50,48,3,60,3,0,0,0,0,0,0,0,0,0,0
56,49,"D",788,0,50,48,4,60,3,0,0,0,0,0,0,0,0,0,0
56,50,"B",802,1250,100,48,2,60,3,0,-2,0,2,-2,-2,-2,-2,-1,1
56,51,"D",693,0,50,48,4,60,3,0,0,0,0,0,0,0,0,0,0
56,52,"B",768,0,100,48,2,60,3,0,0,0,0,0,0,0,0,0,0
56,53,"D",873,0,50,48,4,60,3,0,0,0,0,0,0,0,0,0,0
56,54,"C",1243,25,50,48,3,60,3,0,0,0,0,0,0,0,0,0,0
56,55,"D",1156,250,50,48,4,60,3,0,0,0,0,0,0,0,0,0,0
56,56,"B",725,0,100,48,2,60,3,0,0,0,0,0,0,0,0,0,0
56,57,"C",1277,75,50,48,3,60,3,0,0,0,0,0,0,0,0,0,0
56,58,"A",686,250,100,48,1,60,3,0,0,0,0,0,0,0,0,0,0
56,59,"D",560,0,50,48,4,60,3,0,0,0,0,0,0,0,0,0,0
56,60,"B",617,0,100,48,2,60,3,-1,-1,0,1,-2,-2,-2,-2,-1,1
56,61,"D",1195,0,50,48,4,60,3,0,0,0,0,0,0,0,0,0,0
56,62,"B",991,0,100,48,2,60,3,0,0,0,0,0,0,0,0,0,0
56,63,"C",1285,0,50,48,3,60,3,0,0,0,0,0,0,0,0,0,0
56,64,"D",765,0,50,48,4,60,3,0,0,0,0,0,0,0,0,0,0
56,65,"B",3952,0,100,48,2,60,3,0,0,0,0,0,0,0,0,0,0
56,66,"D",882,0,50,48,4,60,3,0,0,0,0,0,0,0,0,0,0
56,67,"C",973,0,50,48,3,60,3,0,0,0,0,0,0,0,0,0,0
56,68,"D",688,0,50,48,4,60,3,0,0,0,0,0,0,0,0,0,0
56,69,"A",1073,350,100,48,1,60,3,0,0,0,0,0,0,0,0,0,0
56,70,"D",529,0,50,48,4,60,3,-1,1,0,2,-2,-2,-2,-2,-1,1
56,71,"D",1003,0,50,48,4,60,3,0,0,0,0,0,0,0,0,0,0
56,72,"B",690,0,100,48,2,60,3,0,0,0,0,0,0,0,0,0,0
56,73,"C",2205,0,50,48,3,60,3,0,0,0,0,0,0,0,0,0,0
56,74,"D",949,0,50,48,4,60,3,0,0,0,0,0,0,0,0,0,0
56,75,"B",867,1250,100,48,2,60,3,0,0,0,0,0,0,0,0,0,0
56,76,"D",897,250,50,48,4,60,3,0,0,0,0,0,0,0,0,0,0
56,77,"C",786,25,50,48,3,60,3,0,0,0,0,0,0,0,0,0,0
56,78,"A",722,0,100,48,1,60,3,0,0,0,0,0,0,0,0,0,0
56,79,"C",914,75,50,48,3,60,3,0,0,0,0,0,0,0,0,0,0
56,80,"D",784,0,50,48,4,60,3,-1,-2,0,1,-2,-2,-2,-2,-1,1
56,81,"A",1832,350,100,48,1,60,3,0,0,0,0,0,0,0,0,0,0
56,82,"D",1616,0,50,48,4,60,3,0,0,0,0,0,0,0,0,0,0
56,83,"B",852,0,100,48,2,60,3,0,0,0,0,0,0,0,0,0,0
56,84,"C",1007,0,50,48,3,60,3,0,0,0,0,0,0,0,0,0,0
56,85,"B",856,0,100,48,2,60,3,0,0,0,0,0,0,0,0,0,0
56,86,"D",877,0,50,48,4,60,3,0,0,0,0,0,0,0,0,0,0
56,87,"D",793,0,50,48,4,60,3,0,0,0,0,0,0,0,0,0,0
56,88,"B",1431,0,100,48,2,60,3,0,0,0,0,0,0,0,0,0,0
56,89,"D",845,0,50,48,4,60,3,0,0,0,0,0,0,0,0,0,0
56,90,"C",789,50,50,48,3,60,3,0,1,0,2,-2,-1,-2,-1,-2,1
56,91,"C",1306,0,50,48,3,60,3,0,0,0,0,0,0,0,0,0,0
56,92,"D",531,250,50,48,4,60,3,0,0,0,0,0,0,0,0,0,0
56,93,"D",622,0,50,48,4,60,3,0,0,0,0,0,0,0,0,0,0
56,94,"B",764,0,100,48,2,60,3,0,0,0,0,0,0,0,0,0,0
56,95,"B",957,0,100,48,2,60,3,0,0,0,0,0,0,0,0,0,0
56,96,"C",980,0,50,48,3,60,3,0,0,0,0,0,0,0,0,0,0
56,97,"D",1891,0,50,48,4,60,3,0,0,0,0,0,0,0,0,0,0
56,98,"A",838,0,100,48,1,60,3,0,0,0,0,0,0,0,0,0,0
56,99,"B",863,0,100,48,2,60,3,0,0,0,0,0,0,0,0,0,0
56,100,"C",2628,0,50,48,3,60,3,-1,0,0,3,-2,-2,-2,-1,-2,1
57,1,"C",2544,0,50,49,3,60,3,0,0,0,0,0,0,0,0,0,0
57,2,"A",2202,0,100,49,1,60,3,0,0,0,0,0,0,0,0,0,0
57,3,"B",2484,0,100,49,2,60,3,0,0,0,0,0,0,0,0,0,0
57,4,"D",1118,0,50,49,4,60,3,0,0,0,0,0,0,0,0,0,0
57,5,"C",1598,0,50,49,3,60,3,0,0,0,0,0,0,0,0,0,0
57,6,"A",1767,0,100,49,1,60,3,0,0,0,0,0,0,0,0,0,0
57,7,"C",1795,50,50,49,3,60,3,0,0,0,0,0,0,0,0,0,0
57,8,"A",2100,150,100,49,1,60,3,0,0,0,0,0,0,0,0,0,0
57,9,"D",3031,0,50,49,4,60,3,0,0,0,0,0,0,0,0,0,0
57,10,"B",1632,0,100,49,2,60,3,-2,2,2,1,1,3,1,1,0,1
57,11,"C",3147,0,50,49,3,60,3,0,0,0,0,0,0,0,0,0,0
57,12,"A",1026,0,100,49,1,60,3,0,0,0,0,0,0,0,0,0,0
57,13,"D",2282,0,50,49,4,60,3,0,0,0,0,0,0,0,0,0,0
57,14,"B",3400,0,100,49,2,60,3,0,0,0,0,0,0,0,0,0,0
57,15,"B",2679,0,100,49,2,60,3,0,0,0,0,0,0,0,0,0,0
57,16,"C",2214,50,50,49,3,60,3,0,0,0,0,0,0,0,0,0,0
57,17,"D",2674,0,50,49,4,60,3,0,0,0,0,0,0,0,0,0,0
57,18,"B",1162,0,100,49,2,60,3,0,0,0,0,0,0,0,0,0,0
57,19,"D",2009,0,50,49,4,60,3,0,0,0,0,0,0,0,0,0,0
57,20,"B",2045,0,100,49,2,60,3,-1,2,-1,1,2,2,0,1,1,1
57,21,"D",5360,0,50,49,4,60,3,0,0,0,0,0,0,0,0,0,0
57,22,"B",2516,0,100,49,2,60,3,0,0,0,0,0,0,0,0,0,0
57,23,"B",1958,0,100,49,2,60,3,0,0,0,0,0,0,0,0,0,0
57,24,"B",1487,1250,100,49,2,60,3,0,0,0,0,0,0,0,0,0,0
57,25,"D",979,0,50,49,4,60,3,0,0,0,0,0,0,0,0,0,0
57,26,"A",1381,300,100,49,1,60,3,0,0,0,0,0,0,0,0,0,0
57,27,"D",1499,0,50,49,4,60,3,0,0,0,0,0,0,0,0,0,0
57,28,"D",1367,0,50,49,4,60,3,0,0,0,0,0,0,0,0,0,0
57,29,"D",3251,250,50,49,4,60,3,0,0,0,0,0,0,0,0,0,0
57,30,"C",1414,0,50,49,3,60,3,-1,-2,-1,-1,1,2,2,0,1,1
57,31,"C",2255,50,50,49,3,60,3,0,0,0,0,0,0,0,0,0,0
57,32,"D",1370,0,50,49,4,60,3,0,0,0,0,0,0,0,0,0,0
57,33,"C",3638,0,50,49,3,60,3,0,0,0,0,0,0,0,0,0,0
57,34,"B",952,0,100,49,2,60,3,0,0,0,0,0,0,0,0,0,0
57,35,"D",904,0,50,49,4,60,3,0,0,0,0,0,0,0,0,0,0
57,36,"A",1029,0,100,49,1,60,3,0,0,0,0,0,0,0,0,0,0
57,37,"C",1156,50,50,49,3,60,3,0,0,0,0,0,0,0,0,0,0
57,38,"D",2156,0,50,49,4,60,3,0,0,0,0,0,0,0,0,0,0
57,39,"C",2214,50,50,49,3,60,3,0,0,0,0,0,0,0,0,0,0
57,40,"B",4225,0,100,49,2,60,3,-1,2,0,2,1,1,0,1,0,1
57,41,"C",6270,0,50,49,3,60,3,0,0,0,0,0,0,0,0,0,0
57,42,"D",1346,0,50,49,4,60,3,0,0,0,0,0,0,0,0,0,0
57,43,"C",1408,25,50,49,3,60,3,0,0,0,0,0,0,0,0,0,0
57,44,"A",1032,200,100,49,1,60,3,0,0,0,0,0,0,0,0,0,0
57,45,"D",1993,0,50,49,4,60,3,0,0,0,0,0,0,0,0,0,0
57,46,"B",3378,0,100,49,2,60,3,0,0,0,0,0,0,0,0,0,0
57,47,"D",2126,0,50,49,4,60,3,0,0,0,0,0,0,0,0,0,0
57,48,"C",1318,75,50,49,3,60,3,0,0,0,0,0,0,0,0,0,0
57,49,"B",1511,0,100,49,2,60,3,0,0,0,0,0,0,0,0,0,0
57,50,"D",2211,0,50,49,4,60,3,-1,2,-1,1,0,1,1,1,0,1
57,51,"A",6403,0,100,49,1,60,3,0,0,0,0,0,0,0,0,0,0
57,52,"D",1537,0,50,49,4,60,3,0,0,0,0,0,0,0,0,0,0
57,53,"C",1660,0,50,49,3,60,3,0,0,0,0,0,0,0,0,0,0
57,54,"B",3152,1250,100,49,2,60,3,0,0,0,0,0,0,0,0,0,0
57,55,"D",1337,0,50,49,4,60,3,0,0,0,0,0,0,0,0,0,0
57,56,"C",1004,0,50,49,3,60,3,0,0,0,0,0,0,0,0,0,0
57,57,"B",1677,0,100,49,2,60,3,0,0,0,0,0,0,0,0,0,0
57,58,"D",1198,250,50,49,4,60,3,0,0,0,0,0,0,0,0,0,0
57,59,"A",1455,250,100,49,1,60,3,0,0,0,0,0,0,0,0,0,0
57,60,"B",1069,0,100,49,2,60,3,-1,-1,0,0,1,1,-2,0,2,1
57,61,"A",2725,350,100,49,1,60,3,0,0,0,0,0,0,0,0,0,0
57,62,"D",976,0,50,49,4,60,3,0,0,0,0,0,0,0,0,0,0
57,63,"B",1988,0,100,49,2,60,3,0,0,0,0,0,0,0,0,0,0
57,64,"C",1754,0,50,49,3,60,3,0,0,0,0,0,0,0,0,0,0
57,65,"D",1246,0,50,49,4,60,3,0,0,0,0,0,0,0,0,0,0
57,66,"D",7446,0,50,49,4,60,3,0,0,0,0,0,0,0,0,0,0
57,67,"A",4652,0,100,49,1,60,3,0,0,0,0,0,0,0,0,0,0
57,68,"C",2377,25,50,49,3,60,3,0,0,0,0,0,0,0,0,0,0
57,69,"D",1884,0,50,49,4,60,3,0,0,0,0,0,0,0,0,0,0
57,70,"B",1515,0,100,49,2,60,3,-1,2,0,-2,1,3,-3,2,2,1
57,71,"C",3259,75,50,49,3,60,3,0,0,0,0,0,0,0,0,0,0
57,72,"D",2031,0,50,49,4,60,3,0,0,0,0,0,0,0,0,0,0
57,73,"A",3214,350,100,49,1,60,3,0,0,0,0,0,0,0,0,0,0
57,74,"B",1145,0,100,49,2,60,3,0,0,0,0,0,0,0,0,0,0
57,75,"C",2544,0,50,49,3,60,3,0,0,0,0,0,0,0,0,0,0
57,76,"D",1822,0,50,49,4,60,3,0,0,0,0,0,0,0,0,0,0
57,77,"B",3061,0,100,49,2,60,3,0,0,0,0,0,0,0,0,0,0
57,78,"C",2035,50,50,49,3,60,3,0,0,0,0,0,0,0,0,0,0
57,79,"D",2956,0,50,49,4,60,3,0,0,0,0,0,0,0,0,0,0
57,80,"B",2704,1250,100,49,2,60,3,-2,-3,2,2,2,3,2,2,3,1
57,81,"D",1324,0,50,49,4,60,3,0,0,0,0,0,0,0,0,0,0
57,82,"C",1116,0,50,49,3,60,3,0,0,0,0,0,0,0,0,0,0
57,83,"A",2349,0,100,49,1,60,3,0,0,0,0,0,0,0,0,0,0
57,84,"D",1987,250,50,49,4,60,3,0,0,0,0,0,0,0,0,0,0
57,85,"B",826,0,100,49,2,60,3,0,0,0,0,0,0,0,0,0,0
57,86,"C",3288,0,50,49,3,60,3,0,0,0,0,0,0,0,0,0,0
57,87,"D",1454,0,50,49,4,60,3,0,0,0,0,0,0,0,0,0,0
57,88,"C",937,0,50,49,3,60,3,0,0,0,0,0,0,0,0,0,0
57,89,"B",1741,0,100,49,2,60,3,0,0,0,0,0,0,0,0,0,0
57,90,"C",1216,50,50,49,3,60,3,1,-3,1,0,1,2,2,2,2,1
57,91,"C",3844,25,50,49,3,60,3,0,0,0,0,0,0,0,0,0,0
57,92,"D",2654,0,50,49,4,60,3,0,0,0,0,0,0,0,0,0,0
57,93,"A",1275,250,100,49,1,60,3,0,0,0,0,0,0,0,0,0,0
57,94,"B",1460,0,100,49,2,60,3,0,0,0,0,0,0,0,0,0,0
57,95,"D",5251,0,50,49,4,60,3,0,0,0,0,0,0,0,0,0,0
57,96,"C",1175,50,50,49,3,60,3,0,0,0,0,0,0,0,0,0,0
57,97,"B",1709,0,100,49,2,60,3,0,0,0,0,0,0,0,0,0,0
57,98,"C",1121,0,50,49,3,60,3,0,0,0,0,0,0,0,0,0,0
57,99,"A",1209,200,100,49,1,60,3,0,0,0,0,0,0,0,0,0,0
57,100,"D",1316,0,50,49,4,60,3,-2,1,1,1,2,3,2,2,3,1
58,1,"D",22800,0,50,50,4,56,2,0,0,0,0,0,0,0,0,0,0
58,2,"D",2413,0,50,50,4,56,2,0,0,0,0,0,0,0,0,0,0
58,3,"D",1321,0,50,50,4,56,2,0,0,0,0,0,0,0,0,0,0
58,4,"A",3401,0,100,50,1,56,2,0,0,0,0,0,0,0,0,0,0
58,5,"A",1285,0,100,50,1,56,2,0,0,0,0,0,0,0,0,0,0
58,6,"A",2022,150,100,50,1,56,2,0,0,0,0,0,0,0,0,0,0
58,7,"D",3308,0,50,50,4,56,2,0,0,0,0,0,0,0,0,0,0
58,8,"D",2883,0,50,50,4,56,2,0,0,0,0,0,0,0,0,0,0
58,9,"C",1991,0,50,50,3,56,2,0,0,0,0,0,0,0,0,0,0
58,10,"C",4205,0,50,50,3,56,2,-1,0,1,1,2,0,-1,-2,-3,1
58,11,"B",2743,0,100,50,2,56,2,0,0,0,0,0,0,0,0,0,0
58,12,"D",3013,0,50,50,4,56,2,0,0,0,0,0,0,0,0,0,0
58,13,"A",2961,0,100,50,1,56,2,0,0,0,0,0,0,0,0,0,0
58,14,"C",1902,50,50,50,3,56,2,0,0,0,0,0,0,0,0,0,0
58,15,"B",940,0,100,50,2,56,2,0,0,0,0,0,0,0,0,0,0
58,16,"B",1422,0,100,50,2,56,2,0,0,0,0,0,0,0,0,0,0
58,17,"B",1485,0,100,50,2,56,2,0,0,0,0,0,0,0,0,0,0
58,18,"B",1374,0,100,50,2,56,2,0,0,0,0,0,0,0,0,0,0
58,19,"B",3225,0,100,50,2,56,2,0,0,0,0,0,0,0,0,0,0
58,20,"B",1559,0,100,50,2,56,2,1,2,-2,0,1,3,1,0,-3,1
58,21,"C",2298,0,50,50,3,56,2,0,0,0,0,0,0,0,0,0,0
58,22,"D",1126,0,50,50,4,56,2,0,0,0,0,0,0,0,0,0,0
58,23,"B",1919,0,100,50,2,56,2,0,0,0,0,0,0,0,0,0,0
58,24,"A",1195,300,100,50,1,56,2,0,0,0,0,0,0,0,0,0,0
58,25,"B",1187,1250,100,50,2,56,2,0,0,0,0,0,0,0,0,0,0
58,26,"D",1337,0,50,50,4,56,2,0,0,0,0,0,0,0,0,0,0
58,27,"D",1309,0,50,50,4,56,2,0,0,0,0,0,0,0,0,0,0
58,28,"C",2698,50,50,50,3,56,2,0,0,0,0,0,0,0,0,0,0
58,29,"D",1219,250,50,50,4,56,2,0,0,0,0,0,0,0,0,0,0
58,30,"C",1223,0,50,50,3,56,2,-2,-3,0,-1,2,4,-1,-1,-1,1
58,31,"B",2948,0,100,50,2,56,2,0,0,0,0,0,0,0,0,0,0
58,32,"D",1320,0,50,50,4,56,2,0,0,0,0,0,0,0,0,0,0
58,33,"C",2184,50,50,50,3,56,2,0,0,0,0,0,0,0,0,0,0
58,34,"D",1990,0,50,50,4,56,2,0,0,0,0,0,0,0,0,0,0
58,35,"A",1610,0,100,50,1,56,2,0,0,0,0,0,0,0,0,0,0
58,36,"B",2614,0,100,50,2,56,2,0,0,0,0,0,0,0,0,0,0
58,37,"B",2857,0,100,50,2,56,2,0,0,0,0,0,0,0,0,0,0
58,38,"C",2405,0,50,50,3,56,2,0,0,0,0,0,0,0,0,0,0
58,39,"D",2756,0,50,50,4,56,2,0,0,0,0,0,0,0,0,0,0
58,40,"D",3588,0,50,50,4,56,2,1,1,0,0,0,1,-1,0,-2,1
58,41,"A",2295,200,100,50,1,56,2,0,0,0,0,0,0,0,0,0,0
58,42,"C",1024,50,50,50,3,56,2,0,0,0,0,0,0,0,0,0,0
58,43,"D",3145,0,50,50,4,56,2,0,0,0,0,0,0,0,0,0,0
58,44,"D",964,0,50,50,4,56,2,0,0,0,0,0,0,0,0,0,0
58,45,"B",2301,0,100,50,2,56,2,0,0,0,0,0,0,0,0,0,0
58,46,"B",908,1250,100,50,2,56,2,0,0,0,0,0,0,0,0,0,0
58,47,"A",1938,0,100,50,1,56,2,0,0,0,0,0,0,0,0,0,0
58,48,"A",810,250,100,50,1,56,2,0,0,0,0,0,0,0,0,0,0
58,49,"C",632,50,50,50,3,56,2,0,0,0,0,0,0,0,0,0,0
58,50,"D",1294,0,50,50,4,56,2,-2,-3,-1,1,2,4,0,-1,0,1
58,51,"C",1862,0,50,50,3,56,2,0,0,0,0,0,0,0,0,0,0
58,52,"B",908,0,100,50,2,56,2,0,0,0,0,0,0,0,0,0,0
58,53,"A",1138,350,100,50,1,56,2,0,0,0,0,0,0,0,0,0,0
58,54,"D",490,0,50,50,4,56,2,0,0,0,0,0,0,0,0,0,0
58,55,"D",816,0,50,50,4,56,2,0,0,0,0,0,0,0,0,0,0
58,56,"D",739,250,50,50,4,56,2,0,0,0,0,0,0,0,0,0,0
58,57,"B",719,0,100,50,2,56,2,0,0,0,0,0,0,0,0,0,0
58,58,"C",2230,25,50,50,3,56,2,0,0,0,0,0,0,0,0,0,0
58,59,"A",896,0,100,50,1,56,2,0,0,0,0,0,0,0,0,0,0
58,60,"A",1587,350,100,50,1,56,2,-2,-2,0,1,2,3,1,-1,0,1
58,61,"C",1863,75,50,50,3,56,2,0,0,0,0,0,0,0,0,0,0
58,62,"D",1734,0,50,50,4,56,2,0,0,0,0,0,0,0,0,0,0
58,63,"D",3192,0,50,50,4,56,2,0,0,0,0,0,0,0,0,0,0
58,64,"B",5490,0,100,50,2,56,2,0,0,0,0,0,0,0,0,0,0
58,65,"D",3750,0,50,50,4,56,2,0,0,0,0,0,0,0,0,0,0
58,66,"C",5950,0,50,50,3,56,2,0,0,0,0,0,0,0,0,0,0
58,67,"C",3057,0,50,50,3,56,2,0,0,0,0,0,0,0,0,0,0
58,68,"D",1924,0,50,50,4,56,2,0,0,0,0,0,0,0,0,0,0
58,69,"D",3525,0,50,50,4,56,2,0,0,0,0,0,0,0,0,0,0
58,70,"D",1679,0,50,50,4,56,2,0,-2,1,2,0,1,-1,3,-1,1
58,71,"D",915,0,50,50,4,56,2,0,0,0,0,0,0,0,0,0,0
58,72,"C",1196,0,50,50,3,56,2,0,0,0,0,0,0,0,0,0,0
58,73,"D",1399,0,50,50,4,56,2,0,0,0,0,0,0,0,0,0,0
58,74,"A",1024,0,100,50,1,56,2,0,0,0,0,0,0,0,0,0,0
58,75,"B",886,0,100,50,2,56,2,0,0,0,0,0,0,0,0,0,0
58,76,"C",2559,25,50,50,3,56,2,0,0,0,0,0,0,0,0,0,0
58,77,"A",6071,250,100,50,1,56,2,0,0,0,0,0,0,0,0,0,0
58,78,"D",706,250,50,50,4,56,2,0,0,0,0,0,0,0,0,0,0
58,79,"B",1256,0,100,50,2,56,2,0,0,0,0,0,0,0,0,0,0
58,80,"B",907,0,100,50,2,56,2,-3,1,0,2,1,0,1,-2,1,1
58,81,"D",4788,0,50,50,4,56,2,0,0,0,0,0,0,0,0,0,0
58,82,"B",3707,1250,100,50,2,56,2,0,0,0,0,0,0,0,0,0,0
58,83,"A",3018,200,100,50,1,56,2,0,0,0,0,0,0,0,0,0,0
58,84,"C",12117,75,50,50,3,56,2,0,0,0,0,0,0,0,0,0,0
58,85,"D",1677,0,50,50,4,56,2,0,0,0,0,0,0,0,0,0,0
58,86,"D",3238,0,50,50,4,56,2,0,0,0,0,0,0,0,0,0,0
58,87,"D",2440,0,50,50,4,56,2,0,0,0,0,0,0,0,0,0,0
58,88,"D",3368,0,50,50,4,56,2,0,0,0,0,0,0,0,0,0,0
58,89,"B",2197,0,100,50,2,56,2,0,0,0,0,0,0,0,0,0,0
58,90,"A",2798,0,100,50,1,56,2,-3,-1,-1,3,4,3,-1,-1,1,1
58,91,"B",2254,0,100,50,2,56,2,0,0,0,0,0,0,0,0,0,0
58,92,"D",2238,250,50,50,4,56,2,0,0,0,0,0,0,0,0,0,0
58,93,"B",5111,0,100,50,2,56,2,0,0,0,0,0,0,0,0,0,0
58,94,"C",1831,0,50,50,3,56,2,0,0,0,0,0,0,0,0,0,0
58,95,"A",1994,300,100,50,1,56,2,0,0,0,0,0,0,0,0,0,0
58,96,"D",1443,0,50,50,4,56,2,0,0,0,0,0,0,0,0,0,0
58,97,"B",2188,0,100,50,2,56,2,0,0,0,0,0,0,0,0,0,0
58,98,"B",2579,0,100,50,2,56,2,0,0,0,0,0,0,0,0,0,0
58,99,"D",1286,0,50,50,4,56,2,0,0,0,0,0,0,0,0,0,0
58,100,"A",1735,150,100,50,1,56,2,-3,0,0,-1,4,2,1,-1,1,1
59,1,"A",2075,0,100,51,1,65,3,0,0,0,0,0,0,0,0,0,0
59,2,"C",1575,0,50,51,3,65,3,0,0,0,0,0,0,0,0,0,0
59,3,"D",1107,0,50,51,4,65,3,0,0,0,0,0,0,0,0,0,0
59,4,"B",1648,0,100,51,2,65,3,0,0,0,0,0,0,0,0,0,0
59,5,"C",1724,0,50,51,3,65,3,0,0,0,0,0,0,0,0,0,0
59,6,"A",672,0,100,51,1,65,3,0,0,0,0,0,0,0,0,0,0
59,7,"B",846,0,100,51,2,65,3,0,0,0,0,0,0,0,0,0,0
59,8,"A",669,150,100,51,1,65,3,0,0,0,0,0,0,0,0,0,0
59,9,"C",1443,50,50,51,3,65,3,0,0,0,0,0,0,0,0,0,0
59,10,"D",575,0,50,51,4,65,3,-1,1,1,0,-3,-3,-3,-3,-1,1
59,11,"C",236,0,50,51,3,65,3,0,0,0,0,0,0,0,0,0,0
59,12,"B",571,0,100,51,2,65,3,0,0,0,0,0,0,0,0,0,0
59,13,"C",702,50,50,51,3,65,3,0,0,0,0,0,0,0,0,0,0
59,14,"D",876,0,50,51,4,65,3,0,0,0,0,0,0,0,0,0,0
59,15,"B",853,0,100,51,2,65,3,0,0,0,0,0,0,0,0,0,0
59,16,"B",1293,0,100,51,2,65,3,0,0,0,0,0,0,0,0,0,0
59,17,"B",1032,0,100,51,2,65,3,0,0,0,0,0,0,0,0,0,0
59,18,"B",1182,0,100,51,2,65,3,0,0,0,0,0,0,0,0,0,0
59,19,"B",1141,0,100,51,2,65,3,0,0,0,0,0,0,0,0,0,0
59,20,"B",1074,1250,100,51,2,65,3,-1,-2,1,1,-2,-2,-2,-2,-1,1
59,21,"D",1115,0,50,51,4,65,3,0,0,0,0,0,0,0,0,0,0
59,22,"C",575,0,50,51,3,65,3,0,0,0,0,0,0,0,0,0,0
59,23,"A",1258,0,100,51,1,65,3,0,0,0,0,0,0,0,0,0,0
59,24,"B",558,0,100,51,2,65,3,0,0,0,0,0,0,0,0,0,0
59,25,"B",2333,0,100,51,2,65,3,0,0,0,0,0,0,0,0,0,0
59,26,"A",572,300,100,51,1,65,3,0,0,0,0,0,0,0,0,0,0
59,27,"C",559,50,50,51,3,65,3,0,0,0,0,0,0,0,0,0,0
59,28,"D",880,0,50,51,4,65,3,0,0,0,0,0,0,0,0,0,0
59,29,"B",2327,0,100,51,2,65,3,0,0,0,0,0,0,0,0,0,0
59,30,"C",643,0,50,51,3,65,3,0,-1,1,1,-2,-2,-2,-2,-1,1
59,31,"C",1544,50,50,51,3,65,3,0,0,0,0,0,0,0,0,0,0
59,32,"A",881,0,100,51,1,65,3,0,0,0,0,0,0,0,0,0,0
59,33,"D",1247,0,50,51,4,65,3,0,0,0,0,0,0,0,0,0,0
59,34,"B",946,0,100,51,2,65,3,0,0,0,0,0,0,0,0,0,0
59,35,"C",616,50,50,51,3,65,3,0,0,0,0,0,0,0,0,0,0
59,36,"C",566,0,50,51,3,65,3,0,0,0,0,0,0,0,0,0,0
59,37,"C",545,25,50,51,3,65,3,0,0,0,0,0,0,0,0,0,0
59,38,"C",494,75,50,51,3,65,3,0,0,0,0,0,0,0,0,0,0
59,39,"C",545,0,50,51,3,65,3,0,0,0,0,0,0,0,0,0,0
59,40,"C",567,0,50,51,3,65,3,0,0,1,1,-2,-2,-2,-2,-2,1
59,41,"C",4146,0,50,51,3,65,3,0,0,0,0,0,0,0,0,0,0
59,42,"C",1140,25,50,51,3,65,3,0,0,0,0,0,0,0,0,0,0
59,43,"C",594,75,50,51,3,65,3,0,0,0,0,0,0,0,0,0,0
59,44,"C",671,0,50,51,3,65,3,0,0,0,0,0,0,0,0,0,0
59,45,"C",1301,50,50,51,3,65,3,0,0,0,0,0,0,0,0,0,0
59,46,"C",548,0,50,51,3,65,3,0,0,0,0,0,0,0,0,0,0
59,47,"A",819,200,100,51,1,65,3,0,0,0,0,0,0,0,0,0,0
59,48,"D",1087,0,50,51,4,65,3,0,0,0,0,0,0,0,0,0,0
59,49,"D",1111,0,50,51,4,65,3,0,0,0,0,0,0,0,0,0,0
59,50,"D",1606,0,50,51,4,65,3,0,0,0,1,-2,-2,-2,-2,-3,1
59,51,"D",918,250,50,51,4,65,3,0,0,0,0,0,0,0,0,0,0
59,52,"B",553,1250,100,51,2,65,3,0,0,0,0,0,0,0,0,0,0
59,53,"C",1006,0,50,51,3,65,3,0,0,0,0,0,0,0,0,0,0
59,54,"A",1151,0,100,51,1,65,3,0,0,0,0,0,0,0,0,0,0
59,55,"A",925,250,100,51,1,65,3,0,0,0,0,0,0,0,0,0,0
59,56,"D",830,0,50,51,4,65,3,0,0,0,0,0,0,0,0,0,0
59,57,"C",752,0,50,51,3,65,3,0,0,0,0,0,0,0,0,0,0
59,58,"C",742,50,50,51,3,65,3,0,0,0,0,0,0,0,0,0,0
59,59,"B",703,0,100,51,2,65,3,0,0,0,0,0,0,0,0,0,0
59,60,"B",885,0,100,51,2,65,3,0,0,0,-1,-2,-2,-2,-3,-1,1
59,61,"C",1623,25,50,51,3,65,3,0,0,0,0,0,0,0,0,0,0
59,62,"D",596,0,50,51,4,65,3,0,0,0,0,0,0,0,0,0,0
59,63,"C",1317,50,50,51,3,65,3,0,0,0,0,0,0,0,0,0,0
59,64,"D",550,0,50,51,4,65,3,0,0,0,0,0,0,0,0,0,0
59,65,"D",775,0,50,51,4,65,3,0,0,0,0,0,0,0,0,0,0
59,66,"C",489,0,50,51,3,65,3,0,0,0,0,0,0,0,0,0,0
59,67,"D",1748,0,50,51,4,65,3,0,0,0,0,0,0,0,0,0,0
59,68,"C",1333,0,50,51,3,65,3,0,0,0,0,0,0,0,0,0,0
59,69,"D",1745,0,50,51,4,65,3,0,0,0,0,0,0,0,0,0,0
59,70,"C",2254,75,50,51,3,65,3,0,0,0,0,-2,-2,-2,-2,-2,1
59,71,"C",1053,50,50,51,3,65,3,0,0,0,0,0,0,0,0,0,0
59,72,"B",546,0,100,51,2,65,3,0,0,0,0,0,0,0,0,0,0
59,73,"A",693,350,100,51,1,65,3,0,0,0,0,0,0,0,0,0,0
59,74,"D",657,0,50,51,4,65,3,0,0,0,0,0,0,0,0,0,0
59,75,"C",884,0,50,51,3,65,3,0,0,0,0,0,0,0,0,0,0
59,76,"D",708,0,50,51,4,65,3,0,0,0,0,0,0,0,0,0,0
59,77,"A",626,0,100,51,1,65,3,0,0,0,0,0,0,0,0,0,0
59,78,"C",1712,0,50,51,3,65,3,0,0,0,0,0,0,0,0,0,0
59,79,"D",1054,0,50,51,4,65,3,0,0,0,0,0,0,0,0,0,0
59,80,"B",1816,0,100,51,2,65,3,0,0,0,0,-2,-2,-2,-2,-3,1
59,81,"A",1477,350,100,51,1,65,3,0,0,0,0,0,0,0,0,0,0
59,82,"B",704,0,100,51,2,65,3,0,0,0,0,0,0,0,0,0,0
59,83,"C",958,0,50,51,3,65,3,0,0,0,0,0,0,0,0,0,0
59,84,"D",849,250,50,51,4,65,3,0,0,0,0,0,0,0,0,0,0
59,85,"C",637,25,50,51,3,65,3,0,0,0,0,0,0,0,0,0,0
59,86,"C",636,25,50,51,3,65,3,0,0,0,0,0,0,0,0,0,0
59,87,"C",517,0,50,51,3,65,3,0,0,0,0,0,0,0,0,0,0
59,88,"C",678,75,50,51,3,65,3,0,0,0,0,0,0,0,0,0,0
59,89,"C",670,0,50,51,3,65,3,0,0,0,0,0,0,0,0,0,0
59,90,"C",1060,50,50,51,3,65,3,0,0,0,0,-2,-2,-2,-2,-4,1
59,91,"C",764,75,50,51,3,65,3,0,0,0,0,0,0,0,0,0,0
59,92,"D",652,0,50,51,4,65,3,0,0,0,0,0,0,0,0,0,0
59,93,"A",912,0,100,51,1,65,3,0,0,0,0,0,0,0,0,0,0
59,94,"A",525,250,100,51,1,65,3,0,0,0,0,0,0,0,0,0,0
59,95,"C",769,0,50,51,3,65,3,0,0,0,0,0,0,0,0,0,0
59,96,"C",947,0,50,51,3,65,3,0,0,0,0,0,0,0,0,0,0
59,97,"D",1881,0,50,51,4,65,3,0,0,0,0,0,0,0,0,0,0
59,98,"B",3661,0,100,51,2,65,3,0,0,0,0,0,0,0,0,0,0
59,99,"B",2534,1250,100,51,2,65,3,0,0,0,0,0,0,0,0,0,0
59,100,"C",1058,50,50,51,3,65,3,-1,-2,0,0,-2,-2,-2,-3,-4,1
60,1,"C",4264,0,50,52,3,77,3,0,0,0,0,0,0,0,0,0,0
60,2,"C",914,0,50,52,3,77,3,0,0,0,0,0,0,0,0,0,0
60,3,"A",1039,0,100,52,1,77,3,0,0,0,0,0,0,0,0,0,0
60,4,"A",952,0,100,52,1,77,3,0,0,0,0,0,0,0,0,0,0
60,5,"A",955,150,100,52,1,77,3,0,0,0,0,0,0,0,0,0,0
60,6,"A",839,0,100,52,1,77,3,0,0,0,0,0,0,0,0,0,0
60,7,"A",446,300,100,52,1,77,3,0,0,0,0,0,0,0,0,0,0
60,8,"C",631,50,50,52,3,77,3,0,0,0,0,0,0,0,0,0,0
60,9,"B",1045,0,100,52,2,77,3,0,0,0,0,0,0,0,0,0,0
60,10,"B",467,0,100,52,2,77,3,-2,2,2,0,2,2,2,0,-2,1
60,11,"B",651,0,100,52,2,77,3,0,0,0,0,0,0,0,0,0,0
60,12,"B",689,0,100,52,2,77,3,0,0,0,0,0,0,0,0,0,0
60,13,"B",469,0,100,52,2,77,3,0,0,0,0,0,0,0,0,0,0
60,14,"B",573,0,100,52,2,77,3,0,0,0,0,0,0,0,0,0,0
60,15,"B",471,0,100,52,2,77,3,0,0,0,0,0,0,0,0,0,0
60,16,"B",416,0,100,52,2,77,3,0,0,0,0,0,0,0,0,0,0
60,17,"B",483,1250,100,52,2,77,3,0,0,0,0,0,0,0,0,0,0
60,18,"D",1068,0,50,52,4,77,3,0,0,0,0,0,0,0,0,0,0
60,19,"D",587,0,50,52,4,77,3,0,0,0,0,0,0,0,0,0,0
60,20,"D",439,0,50,52,4,77,3,-2,-3,3,3,2,3,2,2,0,1
60,21,"D",795,0,50,52,4,77,3,0,0,0,0,0,0,0,0,0,0
60,22,"D",955,0,50,52,4,77,3,0,0,0,0,0,0,0,0,0,0
60,23,"D",483,0,50,52,4,77,3,0,0,0,0,0,0,0,0,0,0
60,24,"D",444,0,50,52,4,77,3,0,0,0,0,0,0,0,0,0,0
60,25,"D",385,0,50,52,4,77,3,0,0,0,0,0,0,0,0,0,0
60,26,"D",386,0,50,52,4,77,3,0,0,0,0,0,0,0,0,0,0
60,27,"D",1288,250,50,52,4,77,3,0,0,0,0,0,0,0,0,0,0
60,28,"D",600,0,50,52,4,77,3,0,0,0,0,0,0,0,0,0,0
60,29,"D",648,0,50,52,4,77,3,0,0,0,0,0,0,0,0,0,0
60,30,"D",540,0,50,52,4,77,3,-1,-2,2,3,1,3,1,0,-1,1
60,31,"D",4213,0,50,52,4,77,3,0,0,0,0,0,0,0,0,0,0
60,32,"A",665,0,100,52,1,77,3,0,0,0,0,0,0,0,0,0,0
60,33,"A",1095,200,100,52,1,77,3,0,0,0,0,0,0,0,0,0,0
60,34,"A",450,0,100,52,1,77,3,0,0,0,0,0,0,0,0,0,0
60,35,"A",469,250,100,52,1,77,3,0,0,0,0,0,0,0,0,0,0
60,36,"D",874,0,50,52,4,77,3,0,0,0,0,0,0,0,0,0,0
60,37,"D",523,0,50,52,4,77,3,0,0,0,0,0,0,0,0,0,0
60,38,"D",404,0,50,52,4,77,3,0,0,0,0,0,0,0,0,0,0
60,39,"D",444,0,50,52,4,77,3,0,0,0,0,0,0,0,0,0,0
60,40,"D",433,0,50,52,4,77,3,-2,-3,2,3,3,2,1,-1,-1,1
60,41,"D",1967,250,50,52,4,77,3,0,0,0,0,0,0,0,0,0,0
60,42,"D",827,0,50,52,4,77,3,0,0,0,0,0,0,0,0,0,0
60,43,"A",897,350,100,52,1,77,3,0,0,0,0,0,0,0,0,0,0
60,44,"D",1588,0,50,52,4,77,3,0,0,0,0,0,0,0,0,0,0
60,45,"D",405,0,50,52,4,77,3,0,0,0,0,0,0,0,0,0,0
60,46,"D",453,0,50,52,4,77,3,0,0,0,0,0,0,0,0,0,0
60,47,"D",424,0,50,52,4,77,3,0,0,0,0,0,0,0,0,0,0
60,48,"C",718,0,50,52,3,77,3,0,0,0,0,0,0,0,0,0,0
60,49,"C",422,50,50,52,3,77,3,0,0,0,0,0,0,0,0,0,0
60,50,"C",454,0,50,52,3,77,3,-2,-3,1,3,3,2,2,-1,1,1
60,51,"C",1438,50,50,52,3,77,3,0,0,0,0,0,0,0,0,0,0
60,52,"C",1049,0,50,52,3,77,3,0,0,0,0,0,0,0,0,0,0
60,53,"C",652,50,50,52,3,77,3,0,0,0,0,0,0,0,0,0,0
60,54,"C",639,50,50,52,3,77,3,0,0,0,0,0,0,0,0,0,0
60,55,"C",418,0,50,52,3,77,3,0,0,0,0,0,0,0,0,0,0
60,56,"C",405,25,50,52,3,77,3,0,0,0,0,0,0,0,0,0,0
60,57,"C",445,75,50,52,3,77,3,0,0,0,0,0,0,0,0,0,0
60,58,"C",438,0,50,52,3,77,3,0,0,0,0,0,0,0,0,0,0
60,59,"C",494,0,50,52,3,77,3,0,0,0,0,0,0,0,0,0,0
60,60,"C",420,0,50,52,3,77,3,-3,-3,2,1,2,2,1,-1,1,1
60,61,"C",1407,25,50,52,3,77,3,0,0,0,0,0,0,0,0,0,0
60,62,"C",496,75,50,52,3,77,3,0,0,0,0,0,0,0,0,0,0
60,63,"C",379,0,50,52,3,77,3,0,0,0,0,0,0,0,0,0,0
60,64,"C",718,50,50,52,3,77,3,0,0,0,0,0,0,0,0,0,0
60,65,"C",488,0,50,52,3,77,3,0,0,0,0,0,0,0,0,0,0
60,66,"C",444,0,50,52,3,77,3,0,0,0,0,0,0,0,0,0,0
60,67,"C",420,0,50,52,3,77,3,0,0,0,0,0,0,0,0,0,0
60,68,"C",599,50,50,52,3,77,3,0,0,0,0,0,0,0,0,0,0
60,69,"C",360,25,50,52,3,77,3,0,0,0,0,0,0,0,0,0,0
60,70,"C",434,50,50,52,3,77,3,-2,-3,1,2,1,2,3,-1,0,1
60,71,"C",3432,0,50,52,3,77,3,0,0,0,0,0,0,0,0,0,0
60,72,"C",775,0,50,52,3,77,3,0,0,0,0,0,0,0,0,0,0
60,73,"C",553,75,50,52,3,77,3,0,0,0,0,0,0,0,0,0,0
60,74,"C",759,50,50,52,3,77,3,0,0,0,0,0,0,0,0,0,0
60,75,"C",458,0,50,52,3,77,3,0,0,0,0,0,0,0,0,0,0
60,76,"C",478,0,50,52,3,77,3,0,0,0,0,0,0,0,0,0,0
60,77,"C",525,0,50,52,3,77,3,0,0,0,0,0,0,0,0,0,0
60,78,"C",414,25,50,52,3,77,3,0,0,0,0,0,0,0,0,0,0
60,79,"C",553,25,50,52,3,77,3,0,0,0,0,0,0,0,0,0,0
60,80,"C",754,0,50,52,3,77,3,-2,-4,3,2,1,1,1,-1,-1,1
60,81,"C",864,75,50,52,3,77,3,0,0,0,0,0,0,0,0,0,0
60,82,"C",1257,0,50,52,3,77,3,0,0,0,0,0,0,0,0,0,0
60,83,"C",2636,50,50,52,3,77,3,0,0,0,0,0,0,0,0,0,0
60,84,"C",520,75,50,52,3,77,3,0,0,0,0,0,0,0,0,0,0
60,85,"C",613,0,50,52,3,77,3,0,0,0,0,0,0,0,0,0,0
60,86,"A",808,0,100,52,1,77,3,0,0,0,0,0,0,0,0,0,0
60,87,"A",2108,350,100,52,1,77,3,0,0,0,0,0,0,0,0,0,0
60,88,"A",410,0,100,52,1,77,3,0,0,0,0,0,0,0,0,0,0
60,89,"A",591,250,100,52,1,77,3,0,0,0,0,0,0,0,0,0,0
60,90,"C",973,0,50,52,3,77,3,-1,-4,2,3,2,0,2,-1,1,1
60,91,"C",962,50,50,52,3,77,3,0,0,0,0,0,0,0,0,0,0
60,92,"C",659,0,50,52,3,77,3,0,0,0,0,0,0,0,0,0,0
60,93,"C",414,50,50,52,3,77,3,0,0,0,0,0,0,0,0,0,0
60,94,"C",400,0,50,52,3,77,3,0,0,0,0,0,0,0,0,0,0
60,95,"C",611,50,50,52,3,77,3,0,0,0,0,0,0,0,0,0,0
60,96,"C",385,0,50,52,3,77,3,0,0,0,0,0,0,0,0,0,0
60,97,"C",1847,50,50,52,3,77,3,0,0,0,0,0,0,0,0,0,0
60,98,"C",440,50,50,52,3,77,3,0,0,0,0,0,0,0,0,0,0
60,99,"C",480,0,50,52,3,77,3,0,0,0,0,0,0,0,0,0,0
60,100,"C",496,25,50,52,3,77,3,-1,-4,2,2,2,0,1,-1,-1,1
61,1,"A",231,0,100,53,1,48,2,0,0,0,0,0,0,0,0,0,0
61,2,"C",224,0,50,53,3,48,2,0,0,0,0,0,0,0,0,0,0
61,3,"A",797,0,100,53,1,48,2,0,0,0,0,0,0,0,0,0,0
61,4,"D",392,0,50,53,4,48,2,0,0,0,0,0,0,0,0,0,0
61,5,"B",974,0,100,53,2,48,2,0,0,0,0,0,0,0,0,0,0
61,6,"A",513,150,100,53,1,48,2,0,0,0,0,0,0,0,0,0,0
61,7,"A",543,0,100,53,1,48,2,0,0,0,0,0,0,0,0,0,0
61,8,"C",516,0,50,53,3,48,2,0,0,0,0,0,0,0,0,0,0
61,9,"D",407,0,50,53,4,48,2,0,0,0,0,0,0,0,0,0,0
61,10,"A",1560,300,100,53,1,48,2,3,3,3,0,3,-2,-2,0,-2,1
61,11,"A",870,0,100,53,1,48,2,0,0,0,0,0,0,0,0,0,0
61,12,"C",407,50,50,53,3,48,2,0,0,0,0,0,0,0,0,0,0
61,13,"D",737,0,50,53,4,48,2,0,0,0,0,0,0,0,0,0,0
61,14,"B",461,0,100,53,2,48,2,0,0,0,0,0,0,0,0,0,0
61,15,"B",1410,0,100,53,2,48,2,0,0,0,0,0,0,0,0,0,0
61,16,"D",462,0,50,53,4,48,2,0,0,0,0,0,0,0,0,0,0
61,17,"C",539,0,50,53,3,48,2,0,0,0,0,0,0,0,0,0,0
61,18,"A",430,200,100,53,1,48,2,0,0,0,0,0,0,0,0,0,0
61,19,"B",444,0,100,53,2,48,2,0,0,0,0,0,0,0,0,0,0
61,20,"B",607,0,100,53,2,48,2,-2,3,2,1,3,0,-3,-3,-2,1
61,21,"A",1739,0,100,53,1,48,2,0,0,0,0,0,0,0,0,0,0
61,22,"B",1175,0,100,53,2,48,2,0,0,0,0,0,0,0,0,0,0
61,23,"D",444,0,50,53,4,48,2,0,0,0,0,0,0,0,0,0,0
61,24,"C",495,50,50,53,3,48,2,0,0,0,0,0,0,0,0,0,0
61,25,"C",475,0,50,53,3,48,2,0,0,0,0,0,0,0,0,0,0
61,26,"B",472,0,100,53,2,48,2,0,0,0,0,0,0,0,0,0,0
61,27,"B",557,0,100,53,2,48,2,0,0,0,0,0,0,0,0,0,0
61,28,"B",582,1250,100,53,2,48,2,0,0,0,0,0,0,0,0,0,0
61,29,"B",1124,0,100,53,2,48,2,0,0,0,0,0,0,0,0,0,0
61,30,"A",1277,250,100,53,1,48,2,-3,-4,0,1,2,4,0,-3,0,1
61,31,"A",1268,350,100,53,1,48,2,0,0,0,0,0,0,0,0,0,0
61,32,"B",975,0,100,53,2,48,2,0,0,0,0,0,0,0,0,0,0
61,33,"D",594,0,50,53,4,48,2,0,0,0,0,0,0,0,0,0,0
61,34,"C",490,50,50,53,3,48,2,0,0,0,0,0,0,0,0,0,0
61,35,"B",416,0,100,53,2,48,2,0,0,0,0,0,0,0,0,0,0
61,36,"A",443,0,100,53,1,48,2,0,0,0,0,0,0,0,0,0,0
61,37,"D",475,0,50,53,4,48,2,0,0,0,0,0,0,0,0,0,0
61,38,"D",524,0,50,53,4,48,2,0,0,0,0,0,0,0,0,0,0
61,39,"A",543,350,100,53,1,48,2,0,0,0,0,0,0,0,0,0,0
61,40,"B",557,0,100,53,2,48,2,-3,2,0,2,2,4,0,-4,1,1
61,41,"B",981,1250,100,53,2,48,2,0,0,0,0,0,0,0,0,0,0
61,42,"B",419,0,100,53,2,48,2,0,0,0,0,0,0,0,0,0,0
61,43,"A",454,0,100,53,1,48,2,0,0,0,0,0,0,0,0,0,0
61,44,"D",409,0,50,53,4,48,2,0,0,0,0,0,0,0,0,0,0
61,45,"D",380,250,50,53,4,48,2,0,0,0,0,0,0,0,0,0,0
61,46,"B",487,0,100,53,2,48,2,0,0,0,0,0,0,0,0,0,0
61,47,"A",477,250,100,53,1,48,2,0,0,0,0,0,0,0,0,0,0
61,48,"C",479,0,50,53,3,48,2,0,0,0,0,0,0,0,0,0,0
61,49,"B",496,0,100,53,2,48,2,0,0,0,0,0,0,0,0,0,0
61,50,"D",539,0,50,53,4,48,2,-3,-2,0,1,-1,4,0,2,2,1
61,51,"B",1026,0,100,53,2,48,2,0,0,0,0,0,0,0,0,0,0
61,52,"A",482,200,100,53,1,48,2,0,0,0,0,0,0,0,0,0,0
61,53,"A",518,0,100,53,1,48,2,0,0,0,0,0,0,0,0,0,0
61,54,"D",408,0,50,53,4,48,2,0,0,0,0,0,0,0,0,0,0
61,55,"C",443,50,50,53,3,48,2,0,0,0,0,0,0,0,0,0,0
61,56,"B",484,0,100,53,2,48,2,0,0,0,0,0,0,0,0,0,0
61,57,"D",444,0,50,53,4,48,2,0,0,0,0,0,0,0,0,0,0
61,58,"C",429,50,50,53,3,48,2,0,0,0,0,0,0,0,0,0,0
61,59,"A",428,300,100,53,1,48,2,0,0,0,0,0,0,0,0,0,0
61,60,"B",2594,0,100,53,2,48,2,-1,0,0,1,2,4,-4,1,2,1
61,61,"B",1179,1250,100,53,2,48,2,0,0,0,0,0,0,0,0,0,0
61,62,"B",484,0,100,53,2,48,2,0,0,0,0,0,0,0,0,0,0
61,63,"B",605,0,100,53,2,48,2,0,0,0,0,0,0,0,0,0,0
61,64,"C",485,0,50,53,3,48,2,0,0,0,0,0,0,0,0,0,0
61,65,"C",589,25,50,53,3,48,2,0,0,0,0,0,0,0,0,0,0
61,66,"C",614,75,50,53,3,48,2,0,0,0,0,0,0,0,0,0,0
61,67,"A",481,150,100,53,1,48,2,0,0,0,0,0,0,0,0,0,0
61,68,"D",673,0,50,53,4,48,2,0,0,0,0,0,0,0,0,0,0
61,69,"C",374,0,50,53,3,48,2,0,0,0,0,0,0,0,0,0,0
61,70,"C",650,0,50,53,3,48,2,0,-3,1,2,3,4,-4,-4,2,1
61,71,"C",1049,0,50,53,3,48,2,0,0,0,0,0,0,0,0,0,0
61,72,"B",575,0,100,53,2,48,2,0,0,0,0,0,0,0,0,0,0
61,73,"D",395,0,50,53,4,48,2,0,0,0,0,0,0,0,0,0,0
61,74,"C",481,25,50,53,3,48,2,0,0,0,0,0,0,0,0,0,0
61,75,"A",512,0,100,53,1,48,2,0,0,0,0,0,0,0,0,0,0
61,76,"D",571,0,50,53,4,48,2,0,0,0,0,0,0,0,0,0,0
61,77,"C",513,75,50,53,3,48,2,0,0,0,0,0,0,0,0,0,0
61,78,"B",447,0,100,53,2,48,2,0,0,0,0,0,0,0,0,0,0
61,79,"D",496,0,50,53,4,48,2,0,0,0,0,0,0,0,0,0,0
61,80,"C",570,0,50,53,3,48,2,1,-1,1,2,1,4,-4,-4,2,1
61,81,"C",2448,50,50,53,3,48,2,0,0,0,0,0,0,0,0,0,0
61,82,"A",453,0,100,53,1,48,2,0,0,0,0,0,0,0,0,0,0
61,83,"D",433,0,50,53,4,48,2,0,0,0,0,0,0,0,0,0,0
61,84,"B",999,0,100,53,2,48,2,0,0,0,0,0,0,0,0,0,0
61,85,"D",1207,0,50,53,4,48,2,0,0,0,0,0,0,0,0,0,0
61,86,"A",1130,0,100,53,1,48,2,0,0,0,0,0,0,0,0,0,0
61,87,"C",965,0,50,53,3,48,2,0,0,0,0,0,0,0,0,0,0
61,88,"D",2054,250,50,53,4,48,2,0,0,0,0,0,0,0,0,0,0
61,89,"B",2378,0,100,53,2,48,2,0,0,0,0,0,0,0,0,0,0
61,90,"C",509,0,50,53,3,48,2,2,-1,1,2,1,4,-4,-2,2,1
61,91,"C",2876,0,50,53,3,48,2,0,0,0,0,0,0,0,0,0,0
61,92,"A",726,300,100,53,1,48,2,0,0,0,0,0,0,0,0,0,0
61,93,"A",444,0,100,53,1,48,2,0,0,0,0,0,0,0,0,0,0
61,94,"C",522,50,50,53,3,48,2,0,0,0,0,0,0,0,0,0,0
61,95,"D",402,0,50,53,4,48,2,0,0,0,0,0,0,0,0,0,0
61,96,"D",2650,0,50,53,4,48,2,0,0,0,0,0,0,0,0,0,0
61,97,"C",2158,25,50,53,3,48,2,0,0,0,0,0,0,0,0,0,0
61,98,"A",503,350,100,53,1,48,2,0,0,0,0,0,0,0,0,0,0
61,99,"B",429,0,100,53,2,48,2,0,0,0,0,0,0,0,0,0,0
61,100,"D",2573,0,50,53,4,48,2,0,-2,1,2,1,4,-4,-2,2,1
62,1,"A",10117,0,100,54,1,76,3,0,0,0,0,0,0,0,0,0,0
62,2,"A",1939,0,100,54,1,76,3,0,0,0,0,0,0,0,0,0,0
62,3,"C",2047,0,50,54,3,76,3,0,0,0,0,0,0,0,0,0,0
62,4,"A",1659,150,100,54,1,76,3,0,0,0,0,0,0,0,0,0,0
62,5,"C",1079,0,50,54,3,76,3,0,0,0,0,0,0,0,0,0,0
62,6,"D",983,0,50,54,4,76,3,0,0,0,0,0,0,0,0,0,0
62,7,"B",1381,0,100,54,2,76,3,0,0,0,0,0,0,0,0,0,0
62,8,"B",897,0,100,54,2,76,3,0,0,0,0,0,0,0,0,0,0
62,9,"B",1220,0,100,54,2,76,3,0,0,0,0,0,0,0,0,0,0
62,10,"B",1062,0,100,54,2,76,3,0,2,1,1,-1,2,-1,-2,-1,1
62,11,"B",4182,0,100,54,2,76,3,0,0,0,0,0,0,0,0,0,0
62,12,"C",1157,50,50,54,3,76,3,0,0,0,0,0,0,0,0,0,0
62,13,"B",1238,0,100,54,2,76,3,0,0,0,0,0,0,0,0,0,0
62,14,"D",758,0,50,54,4,76,3,0,0,0,0,0,0,0,0,0,0
62,15,"B",586,0,100,54,2,76,3,0,0,0,0,0,0,0,0,0,0
62,16,"D",864,0,50,54,4,76,3,0,0,0,0,0,0,0,0,0,0
62,17,"B",814,0,100,54,2,76,3,0,0,0,0,0,0,0,0,0,0
62,18,"B",800,1250,100,54,2,76,3,0,0,0,0,0,0,0,0,0,0
62,19,"D",1185,0,50,54,4,76,3,0,0,0,0,0,0,0,0,0,0
62,20,"C",751,0,50,54,3,76,3,-1,-1,1,0,-2,1,-1,-2,-1,1
62,21,"D",3184,0,50,54,4,76,3,0,0,0,0,0,0,0,0,0,0
62,22,"C",935,50,50,54,3,76,3,0,0,0,0,0,0,0,0,0,0
62,23,"D",2177,0,50,54,4,76,3,0,0,0,0,0,0,0,0,0,0
62,24,"D",869,0,50,54,4,76,3,0,0,0,0,0,0,0,0,0,0
62,25,"C",835,0,50,54,3,76,3,0,0,0,0,0,0,0,0,0,0
62,26,"D",628,0,50,54,4,76,3,0,0,0,0,0,0,0,0,0,0
62,27,"D",905,0,50,54,4,76,3,0,0,0,0,0,0,0,0,0,0
62,28,"D",927,250,50,54,4,76,3,0,0,0,0,0,0,0,0,0,0
62,29,"C",1000,50,50,54,3,76,3,0,0,0,0,0,0,0,0,0,0
62,30,"D",2090,0,50,54,4,76,3,0,0,0,0,-2,1,-2,-2,0,1
62,31,"B",2019,0,100,54,2,76,3,0,0,0,0,0,0,0,0,0,0
62,32,"B",919,0,100,54,2,76,3,0,0,0,0,0,0,0,0,0,0
62,33,"C",888,0,50,54,3,76,3,0,0,0,0,0,0,0,0,0,0
62,34,"D",1369,0,50,54,4,76,3,0,0,0,0,0,0,0,0,0,0
62,35,"B",1427,0,100,54,2,76,3,0,0,0,0,0,0,0,0,0,0
62,36,"C",1420,50,50,54,3,76,3,0,0,0,0,0,0,0,0,0,0
62,37,"D",1091,0,50,54,4,76,3,0,0,0,0,0,0,0,0,0,0
62,38,"D",1806,0,50,54,4,76,3,0,0,0,0,0,0,0,0,0,0
62,39,"B",1942,0,100,54,2,76,3,0,0,0,0,0,0,0,0,0,0
62,40,"D",1391,0,50,54,4,76,3,0,2,0,0,-2,2,1,1,0,1
62,41,"D",8253,0,50,54,4,76,3,0,0,0,0,0,0,0,0,0,0
62,42,"B",1724,1250,100,54,2,76,3,0,0,0,0,0,0,0,0,0,0
62,43,"D",1396,0,50,54,4,76,3,0,0,0,0,0,0,0,0,0,0
62,44,"C",1269,50,50,54,3,76,3,0,0,0,0,0,0,0,0,0,0
62,45,"D",790,0,50,54,4,76,3,0,0,0,0,0,0,0,0,0,0
62,46,"D",772,0,50,54,4,76,3,0,0,0,0,0,0,0,0,0,0
62,47,"D",1294,250,50,54,4,76,3,0,0,0,0,0,0,0,0,0,0
62,48,"C",1058,0,50,54,3,76,3,0,0,0,0,0,0,0,0,0,0
62,49,"A",877,0,100,54,1,76,3,0,0,0,0,0,0,0,0,0,0
62,50,"A",1318,300,100,54,1,76,3,-1,-1,0,0,1,1,-1,-2,0,1
62,51,"D",1612,0,50,54,4,76,3,0,0,0,0,0,0,0,0,0,0
62,52,"C",898,25,50,54,3,76,3,0,0,0,0,0,0,0,0,0,0
62,53,"D",781,0,50,54,4,76,3,0,0,0,0,0,0,0,0,0,0
62,54,"D",820,0,50,54,4,76,3,0,0,0,0,0,0,0,0,0,0
62,55,"D",2055,0,50,54,4,76,3,0,0,0,0,0,0,0,0,0,0
62,56,"C",991,75,50,54,3,76,3,0,0,0,0,0,0,0,0,0,0
62,57,"D",1091,0,50,54,4,76,3,0,0,0,0,0,0,0,0,0,0
62,58,"D",1262,0,50,54,4,76,3,0,0,0,0,0,0,0,0,0,0
62,59,"D",1220,0,50,54,4,76,3,0,0,0,0,0,0,0,0,0,0
62,60,"D",1641,0,50,54,4,76,3,0,-1,0,1,-3,0,0,1,0,1
62,61,"D",4075,250,50,54,4,76,3,0,0,0,0,0,0,0,0,0,0
62,62,"C",1389,0,50,54,3,76,3,0,0,0,0,0,0,0,0,0,0
62,63,"C",1908,0,50,54,3,76,3,0,0,0,0,0,0,0,0,0,0
62,64,"C",1049,0,50,54,3,76,3,0,0,0,0,0,0,0,0,0,0
62,65,"C",933,25,50,54,3,76,3,0,0,0,0,0,0,0,0,0,0
62,66,"A",1152,0,100,54,1,76,3,0,0,0,0,0,0,0,0,0,0
62,67,"C",902,75,50,54,3,76,3,0,0,0,0,0,0,0,0,0,0
62,68,"A",732,200,100,54,1,76,3,0,0,0,0,0,0,0,0,0,0
62,69,"D",806,0,50,54,4,76,3,0,0,0,0,0,0,0,0,0,0
62,70,"D",906,0,50,54,4,76,3,0,0,0,0,0,-2,-1,2,0,1
62,71,"D",5597,0,50,54,4,76,3,0,0,0,0,0,0,0,0,0,0
62,72,"D",866,0,50,54,4,76,3,0,0,0,0,0,0,0,0,0,0
62,73,"A",1992,0,100,54,1,76,3,0,0,0,0,0,0,0,0,0,0
62,74,"D",2182,0,50,54,4,76,3,0,0,0,0,0,0,0,0,0,0
62,75,"D",1412,250,50,54,4,76,3,0,0,0,0,0,0,0,0,0,0
62,76,"C",1896,0,50,54,3,76,3,0,0,0,0,0,0,0,0,0,0
62,77,"C",2153,50,50,54,3,76,3,0,0,0,0,0,0,0,0,0,0
62,78,"A",1055,250,100,54,1,76,3,0,0,0,0,0,0,0,0,0,0
62,79,"C",690,0,50,54,3,76,3,0,0,0,0,0,0,0,0,0,0
62,80,"C",709,0,50,54,3,76,3,0,0,0,0,-1,-2,2,-1,0,1
62,81,"C",2865,0,50,54,3,76,3,0,0,0,0,0,0,0,0,0,0
62,82,"C",3031,50,50,54,3,76,3,0,0,0,0,0,0,0,0,0,0
62,83,"D",1237,0,50,54,4,76,3,0,0,0,0,0,0,0,0,0,0
62,84,"D",1462,0,50,54,4,76,3,0,0,0,0,0,0,0,0,0,0
62,85,"D",1381,0,50,54,4,76,3,0,0,0,0,0,0,0,0,0,0
62,86,"D",1648,0,50,54,4,76,3,0,0,0,0,0,0,0,0,0,0
62,87,"D",1776,0,50,54,4,76,3,0,0,0,0,0,0,0,0,0,0
62,88,"D",1900,0,50,54,4,76,3,0,0,0,0,0,0,0,0,0,0
62,89,"A",1504,350,100,54,1,76,3,0,0,0,0,0,0,0,0,0,0
62,90,"D",1542,0,50,54,4,76,3,-1,0,0,0,1,-2,-2,0,0,1
62,91,"C",4323,25,50,54,3,76,3,0,0,0,0,0,0,0,0,0,0
62,92,"D",1016,0,50,54,4,76,3,0,0,0,0,0,0,0,0,0,0
62,93,"D",1283,0,50,54,4,76,3,0,0,0,0,0,0,0,0,0,0
62,94,"D",1100,0,50,54,4,76,3,0,0,0,0,0,0,0,0,0,0
62,95,"D",1399,0,50,54,4,76,3,0,0,0,0,0,0,0,0,0,0
62,96,"D",2639,0,50,54,4,76,3,0,0,0,0,0,0,0,0,0,0
62,97,"D",1889,0,50,54,4,76,3,0,0,0,0,0,0,0,0,0,0
62,98,"D",12572,0,50,54,4,76,3,0,0,0,0,0,0,0,0,0,0
62,99,"D",1292,250,50,54,4,76,3,0,0,0,0,0,0,0,0,0,0
62,100,"C",914,50,50,54,3,76,3,0,0,0,0,-2,-2,0,0,0,1
63,1,"B",1655,0,100,55,2,60,3,0,0,0,0,0,0,0,0,0,0
63,2,"A",2259,0,100,55,1,60,3,0,0,0,0,0,0,0,0,0,0
63,3,"B",2408,0,100,55,2,60,3,0,0,0,0,0,0,0,0,0,0
63,4,"D",2156,0,50,55,4,60,3,0,0,0,0,0,0,0,0,0,0
63,5,"C",2374,0,50,55,3,60,3,0,0,0,0,0,0,0,0,0,0
63,6,"A",2306,0,100,55,1,60,3,0,0,0,0,0,0,0,0,0,0
63,7,"B",1858,0,100,55,2,60,3,0,0,0,0,0,0,0,0,0,0
63,8,"A",1038,150,100,55,1,60,3,0,0,0,0,0,0,0,0,0,0
63,9,"B",1559,0,100,55,2,60,3,0,0,0,0,0,0,0,0,0,0
63,10,"C",1959,0,50,55,3,60,3,-3,3,2,2,1,3,1,2,-2,1
63,11,"B",2692,0,100,55,2,60,3,0,0,0,0,0,0,0,0,0,0
63,12,"C",1643,50,50,55,3,60,3,0,0,0,0,0,0,0,0,0,0
63,13,"D",1555,0,50,55,4,60,3,0,0,0,0,0,0,0,0,0,0
63,14,"A",1020,0,100,55,1,60,3,0,0,0,0,0,0,0,0,0,0
63,15,"A",1298,300,100,55,1,60,3,0,0,0,0,0,0,0,0,0,0
63,16,"C",1173,0,50,55,3,60,3,0,0,0,0,0,0,0,0,0,0
63,17,"D",1280,0,50,55,4,60,3,0,0,0,0,0,0,0,0,0,0
63,18,"C",1857,50,50,55,3,60,3,0,0,0,0,0,0,0,0,0,0
63,19,"B",1172,0,100,55,2,60,3,0,0,0,0,0,0,0,0,0,0
63,20,"B",934,0,100,55,2,60,3,-3,3,-3,1,2,2,1,1,-1,1
63,21,"D",3442,0,50,55,4,60,3,0,0,0,0,0,0,0,0,0,0
63,22,"B",1209,0,100,55,2,60,3,0,0,0,0,0,0,0,0,0,0
63,23,"A",1245,0,100,55,1,60,3,0,0,0,0,0,0,0,0,0,0
63,24,"C",1254,0,50,55,3,60,3,0,0,0,0,0,0,0,0,0,0
63,25,"B",1243,1250,100,55,2,60,3,0,0,0,0,0,0,0,0,0,0
63,26,"D",1140,0,50,55,4,60,3,0,0,0,0,0,0,0,0,0,0
63,27,"C",1367,50,50,55,3,60,3,0,0,0,0,0,0,0,0,0,0
63,28,"D",992,0,50,55,4,60,3,0,0,0,0,0,0,0,0,0,0
63,29,"A",1024,200,100,55,1,60,3,0,0,0,0,0,0,0,0,0,0
63,30,"D",990,0,50,55,4,60,3,-3,-2,-3,3,2,3,2,2,0,1
63,31,"D",1942,0,50,55,4,60,3,0,0,0,0,0,0,0,0,0,0
63,32,"C",1007,0,50,55,3,60,3,0,0,0,0,0,0,0,0,0,0
63,33,"D",1216,0,50,55,4,60,3,0,0,0,0,0,0,0,0,0,0
63,34,"C",1114,50,50,55,3,60,3,0,0,0,0,0,0,0,0,0,0
63,35,"D",963,250,50,55,4,60,3,0,0,0,0,0,0,0,0,0,0
63,36,"A",772,0,100,55,1,60,3,0,0,0,0,0,0,0,0,0,0
63,37,"B",1479,0,100,55,2,60,3,0,0,0,0,0,0,0,0,0,0
63,38,"A",975,250,100,55,1,60,3,0,0,0,0,0,0,0,0,0,0
63,39,"B",914,0,100,55,2,60,3,0,0,0,0,0,0,0,0,0,0
63,40,"B",782,0,100,55,2,60,3,-3,2,-2,-3,2,2,2,3,0,1
63,41,"A",1763,350,100,55,1,60,3,0,0,0,0,0,0,0,0,0,0
63,42,"B",809,0,100,55,2,60,3,0,0,0,0,0,0,0,0,0,0
63,43,"B",883,1250,100,55,2,60,3,0,0,0,0,0,0,0,0,0,0
63,44,"D",900,0,50,55,4,60,3,0,0,0,0,0,0,0,0,0,0
63,45,"C",1064,50,50,55,3,60,3,0,0,0,0,0,0,0,0,0,0
63,46,"D",832,0,50,55,4,60,3,0,0,0,0,0,0,0,0,0,0
63,47,"D",817,0,50,55,4,60,3,0,0,0,0,0,0,0,0,0,0
63,48,"D",1307,0,50,55,4,60,3,0,0,0,0,0,0,0,0,0,0
63,49,"D",794,0,50,55,4,60,3,0,0,0,0,0,0,0,0,0,0
63,50,"D",1040,0,50,55,4,60,3,-2,-3,-3,2,2,3,2,1,1,1
63,51,"D",868,0,50,55,4,60,3,0,0,0,0,0,0,0,0,0,0
63,52,"A",1367,0,100,55,1,60,3,0,0,0,0,0,0,0,0,0,0
63,53,"D",965,0,50,55,4,60,3,0,0,0,0,0,0,0,0,0,0
63,54,"A",891,350,100,55,1,60,3,0,0,0,0,0,0,0,0,0,0
63,55,"D",758,0,50,55,4,60,3,0,0,0,0,0,0,0,0,0,0
63,56,"D",1047,250,50,55,4,60,3,0,0,0,0,0,0,0,0,0,0
63,57,"C",879,0,50,55,3,60,3,0,0,0,0,0,0,0,0,0,0
63,58,"C",999,25,50,55,3,60,3,0,0,0,0,0,0,0,0,0,0
63,59,"B",1000,0,100,55,2,60,3,0,0,0,0,0,0,0,0,0,0
63,60,"C",1561,75,50,55,3,60,3,-1,-1,0,-3,1,1,1,3,1,1
63,61,"C",3235,0,50,55,3,60,3,0,0,0,0,0,0,0,0,0,0
63,62,"A",757,0,100,55,1,60,3,0,0,0,0,0,0,0,0,0,0
63,63,"D",981,0,50,55,4,60,3,0,0,0,0,0,0,0,0,0,0
63,64,"C",1521,0,50,55,3,60,3,0,0,0,0,0,0,0,0,0,0
63,65,"A",810,250,100,55,1,60,3,0,0,0,0,0,0,0,0,0,0
63,66,"C",1012,0,50,55,3,60,3,0,0,0,0,0,0,0,0,0,0
63,67,"D",848,0,50,55,4,60,3,0,0,0,0,0,0,0,0,0,0
63,68,"C",1083,25,50,55,3,60,3,0,0,0,0,0,0,0,0,0,0
63,69,"B",748,0,100,55,2,60,3,0,0,0,0,0,0,0,0,0,0
63,70,"B",1089,0,100,55,2,60,3,-3,3,0,1,3,2,2,2,1,1
63,71,"B",3056,0,100,55,2,60,3,0,0,0,0,0,0,0,0,0,0
63,72,"C",1540,75,50,55,3,60,3,0,0,0,0,0,0,0,0,0,0
63,73,"B",821,0,100,55,2,60,3,0,0,0,0,0,0,0,0,0,0
63,74,"D",968,0,50,55,4,60,3,0,0,0,0,0,0,0,0,0,0
63,75,"B",1035,0,100,55,2,60,3,0,0,0,0,0,0,0,0,0,0
63,76,"B",980,1250,100,55,2,60,3,0,0,0,0,0,0,0,0,0,0
63,77,"C",943,0,50,55,3,60,3,0,0,0,0,0,0,0,0,0,0
63,78,"D",789,0,50,55,4,60,3,0,0,0,0,0,0,0,0,0,0
63,79,"C",1058,50,50,55,3,60,3,0,0,0,0,0,0,0,0,0,0
63,80,"D",870,0,50,55,4,60,3,-3,-3,1,2,2,3,2,2,2,1
63,81,"D",1972,0,50,55,4,60,3,0,0,0,0,0,0,0,0,0,0
63,82,"B",904,0,100,55,2,60,3,0,0,0,0,0,0,0,0,0,0
63,83,"B",784,0,100,55,2,60,3,0,0,0,0,0,0,0,0,0,0
63,84,"D",838,0,50,55,4,60,3,0,0,0,0,0,0,0,0,0,0
63,85,"C",783,0,50,55,3,60,3,0,0,0,0,0,0,0,0,0,0
63,86,"D",796,0,50,55,4,60,3,0,0,0,0,0,0,0,0,0,0
63,87,"A",612,200,100,55,1,60,3,0,0,0,0,0,0,0,0,0,0
63,88,"C",839,0,50,55,3,60,3,0,0,0,0,0,0,0,0,0,0
63,89,"D",864,250,50,55,4,60,3,0,0,0,0,0,0,0,0,0,0
63,90,"C",910,0,50,55,3,60,3,-3,-3,0,-3,2,3,1,3,2,1
63,91,"B",980,0,100,55,2,60,3,0,0,0,0,0,0,0,0,0,0
63,92,"B",2095,0,100,55,2,60,3,0,0,0,0,0,0,0,0,0,0
63,93,"C",907,50,50,55,3,60,3,0,0,0,0,0,0,0,0,0,0
63,94,"D",795,0,50,55,4,60,3,0,0,0,0,0,0,0,0,0,0
63,95,"D",1604,0,50,55,4,60,3,0,0,0,0,0,0,0,0,0,0
63,96,"D",1516,0,50,55,4,60,3,0,0,0,0,0,0,0,0,0,0
63,97,"D",1485,0,50,55,4,60,3,0,0,0,0,0,0,0,0,0,0
63,98,"D",1398,0,50,55,4,60,3,0,0,0,0,0,0,0,0,0,0
63,99,"D",1095,250,50,55,4,60,3,0,0,0,0,0,0,0,0,0,0
63,100,"C",675,25,50,55,3,60,3,-3,-3,0,-3,3,3,1,2,2,1
64,1,"C",14810,0,50,56,3,40,1,0,0,0,0,0,0,0,0,0,0
64,2,"B",2155,0,100,56,2,40,1,0,0,0,0,0,0,0,0,0,0
64,3,"D",1700,0,50,56,4,40,1,0,0,0,0,0,0,0,0,0,0
64,4,"A",2458,0,100,56,1,40,1,0,0,0,0,0,0,0,0,0,0
64,5,"B",1054,0,100,56,2,40,1,0,0,0,0,0,0,0,0,0,0
64,6,"D",2569,0,50,56,4,40,1,0,0,0,0,0,0,0,0,0,0
64,7,"A",701,0,100,56,1,40,1,0,0,0,0,0,0,0,0,0,0
64,8,"B",7066,0,100,56,2,40,1,0,0,0,0,0,0,0,0,0,0
64,9,"C",1507,0,50,56,3,40,1,0,0,0,0,0,0,0,0,0,0
64,10,"D",2394,0,50,56,4,40,1,0,0,1,3,-1,-1,1,0,1,1
64,11,"A",757,150,100,56,1,40,1,0,0,0,0,0,0,0,0,0,0
64,12,"B",2613,0,100,56,2,40,1,0,0,0,0,0,0,0,0,0,0
64,13,"D",2560,0,50,56,4,40,1,0,0,0,0,0,0,0,0,0,0
64,14,"B",3237,0,100,56,2,40,1,0,0,0,0,0,0,0,0,0,0
64,15,"C",1606,50,50,56,3,40,1,0,0,0,0,0,0,0,0,0,0
64,16,"A",2855,0,100,56,1,40,1,0,0,0,0,0,0,0,0,0,0
64,17,"D",2803,0,50,56,4,40,1,0,0,0,0,0,0,0,0,0,0
64,18,"B",2775,0,100,56,2,40,1,0,0,0,0,0,0,0,0,0,0
64,19,"B",3099,0,100,56,2,40,1,0,0,0,0,0,0,0,0,0,0
64,20,"A",718,300,100,56,1,40,1,-1,0,0,2,0,2,0,0,0,1
64,21,"B",3385,0,100,56,2,40,1,0,0,0,0,0,0,0,0,0,0
64,22,"D",2995,0,50,56,4,40,1,0,0,0,0,0,0,0,0,0,0
64,23,"A",6131,0,100,56,1,40,1,0,0,0,0,0,0,0,0,0,0
64,24,"A",2793,200,100,56,1,40,1,0,0,0,0,0,0,0,0,0,0
64,25,"B",947,1250,100,56,2,40,1,0,0,0,0,0,0,0,0,0,0
64,26,"D",593,0,50,56,4,40,1,0,0,0,0,0,0,0,0,0,0
64,27,"D",1347,0,50,56,4,40,1,0,0,0,0,0,0,0,0,0,0
64,28,"C",585,0,50,56,3,40,1,0,0,0,0,0,0,0,0,0,0
64,29,"A",1615,0,100,56,1,40,1,0,0,0,0,0,0,0,0,0,0
64,30,"A",707,250,100,56,1,40,1,0,-3,0,2,0,0,1,0,0,1
64,31,"D",6845,0,50,56,4,40,1,0,0,0,0,0,0,0,0,0,0
64,32,"B",1823,0,100,56,2,40,1,0,0,0,0,0,0,0,0,0,0
64,33,"A",1206,350,100,56,1,40,1,0,0,0,0,0,0,0,0,0,0
64,34,"B",3206,0,100,56,2,40,1,0,0,0,0,0,0,0,0,0,0
64,35,"C",1107,50,50,56,3,40,1,0,0,0,0,0,0,0,0,0,0
64,36,"D",1544,250,50,56,4,40,1,0,0,0,0,0,0,0,0,0,0
64,37,"A",841,0,100,56,1,40,1,0,0,0,0,0,0,0,0,0,0
64,38,"B",530,0,100,56,2,40,1,0,0,0,0,0,0,0,0,0,0
64,39,"C",1277,0,50,56,3,40,1,0,0,0,0,0,0,0,0,0,0
64,40,"C",1941,50,50,56,3,40,1,-4,-4,0,3,2,0,0,1,-1,1
64,41,"D",2707,0,50,56,4,40,1,0,0,0,0,0,0,0,0,0,0
64,42,"B",697,0,100,56,2,40,1,0,0,0,0,0,0,0,0,0,0
64,43,"C",674,0,50,56,3,40,1,0,0,0,0,0,0,0,0,0,0
64,44,"B",1012,1250,100,56,2,40,1,0,0,0,0,0,0,0,0,0,0
64,45,"A",896,350,100,56,1,40,1,0,0,0,0,0,0,0,0,0,0
64,46,"D",731,0,50,56,4,40,1,0,0,0,0,0,0,0,0,0,0
64,47,"C",553,50,50,56,3,40,1,0,0,0,0,0,0,0,0,0,0
64,48,"D",1622,0,50,56,4,40,1,0,0,0,0,0,0,0,0,0,0
64,49,"A",685,0,100,56,1,40,1,0,0,0,0,0,0,0,0,0,0
64,50,"C",1301,50,50,56,3,40,1,0,-4,0,4,2,-2,0,2,0,1
64,51,"A",4012,250,100,56,1,40,1,0,0,0,0,0,0,0,0,0,0
64,52,"B",776,0,100,56,2,40,1,0,0,0,0,0,0,0,0,0,0
64,53,"D",564,0,50,56,4,40,1,0,0,0,0,0,0,0,0,0,0
64,54,"C",681,0,50,56,3,40,1,0,0,0,0,0,0,0,0,0,0
64,55,"A",495,200,100,56,1,40,1,0,0,0,0,0,0,0,0,0,0
64,56,"B",578,0,100,56,2,40,1,0,0,0,0,0,0,0,0,0,0
64,57,"B",597,0,100,56,2,40,1,0,0,0,0,0,0,0,0,0,0
64,58,"B",629,0,100,56,2,40,1,0,0,0,0,0,0,0,0,0,0
64,59,"B",1952,0,100,56,2,40,1,0,0,0,0,0,0,0,0,0,0
64,60,"B",879,0,100,56,2,40,1,-4,3,1,3,2,3,1,0,-1,1
64,61,"A",1078,0,100,56,1,40,1,0,0,0,0,0,0,0,0,0,0
64,62,"A",612,300,100,56,1,40,1,0,0,0,0,0,0,0,0,0,0
64,63,"C",3423,25,50,56,3,40,1,0,0,0,0,0,0,0,0,0,0
64,64,"A",645,150,100,56,1,40,1,0,0,0,0,0,0,0,0,0,0
64,65,"D",1014,0,50,56,4,40,1,0,0,0,0,0,0,0,0,0,0
64,66,"B",521,1250,100,56,2,40,1,0,0,0,0,0,0,0,0,0,0
64,67,"C",466,75,50,56,3,40,1,0,0,0,0,0,0,0,0,0,0
64,68,"A",463,0,100,56,1,40,1,0,0,0,0,0,0,0,0,0,0
64,69,"A",1845,0,100,56,1,40,1,0,0,0,0,0,0,0,0,0,0
64,70,"B",534,0,100,56,2,40,1,2,-4,0,3,0,2,2,3,-2,1
64,71,"B",834,0,100,56,2,40,1,0,0,0,0,0,0,0,0,0,0
64,72,"C",571,0,50,56,3,40,1,0,0,0,0,0,0,0,0,0,0
64,73,"A",806,0,100,56,1,40,1,0,0,0,0,0,0,0,0,0,0
64,74,"A",558,300,100,56,1,40,1,0,0,0,0,0,0,0,0,0,0
64,75,"C",1230,0,50,56,3,40,1,0,0,0,0,0,0,0,0,0,0
64,76,"B",508,0,100,56,2,40,1,0,0,0,0,0,0,0,0,0,0
64,77,"D",714,0,50,56,4,40,1,0,0,0,0,0,0,0,0,0,0
64,78,"C",546,0,50,56,3,40,1,0,0,0,0,0,0,0,0,0,0
64,79,"A",608,0,100,56,1,40,1,0,0,0,0,0,0,0,0,0,0
64,80,"B",592,0,100,56,2,40,1,0,0,0,2,-1,0,0,0,0,1
64,81,"D",1430,0,50,56,4,40,1,0,0,0,0,0,0,0,0,0,0
64,82,"A",786,350,100,56,1,40,1,0,0,0,0,0,0,0,0,0,0
64,83,"C",2040,25,50,56,3,40,1,0,0,0,0,0,0,0,0,0,0
64,84,"C",497,75,50,56,3,40,1,0,0,0,0,0,0,0,0,0,0
64,85,"C",953,0,50,56,3,40,1,0,0,0,0,0,0,0,0,0,0
64,86,"B",892,0,100,56,2,40,1,0,0,0,0,0,0,0,0,0,0
64,87,"B",1407,0,100,56,2,40,1,0,0,0,0,0,0,0,0,0,0
64,88,"B",1600,0,100,56,2,40,1,0,0,0,0,0,0,0,0,0,0
64,89,"B",2299,0,100,56,2,40,1,0,0,0,0,0,0,0,0,0,0
64,90,"A",722,0,100,56,1,40,1,-1,1,1,0,-1,2,-1,0,-1,1
64,91,"A",1607,200,100,56,1,40,1,0,0,0,0,0,0,0,0,0,0
64,92,"C",707,50,50,56,3,40,1,0,0,0,0,0,0,0,0,0,0
64,93,"B",689,0,100,56,2,40,1,0,0,0,0,0,0,0,0,0,0
64,94,"D",918,0,50,56,4,40,1,0,0,0,0,0,0,0,0,0,0
64,95,"B",599,0,100,56,2,40,1,0,0,0,0,0,0,0,0,0,0
64,96,"B",586,1250,100,56,2,40,1,0,0,0,0,0,0,0,0,0,0
64,97,"B",1024,0,100,56,2,40,1,0,0,0,0,0,0,0,0,0,0
64,98,"C",790,0,50,56,3,40,1,0,0,0,0,0,0,0,0,0,0
64,99,"D",747,0,50,56,4,40,1,0,0,0,0,0,0,0,0,0,0
64,100,"A",681,250,100,56,1,40,1,2,0,0,1,2,-1,1,0,-1,1
65,1,"B",410,0,100,57,2,61,3,0,0,0,0,0,0,0,0,0,0
65,2,"D",925,0,50,57,4,61,3,0,0,0,0,0,0,0,0,0,0
65,3,"C",573,0,50,57,3,61,3,0,0,0,0,0,0,0,0,0,0
65,4,"A",568,0,100,57,1,61,3,0,0,0,0,0,0,0,0,0,0
65,5,"B",675,0,100,57,2,61,3,0,0,0,0,0,0,0,0,0,0
65,6,"D",622,0,50,57,4,61,3,0,0,0,0,0,0,0,0,0,0
65,7,"C",654,0,50,57,3,61,3,0,0,0,0,0,0,0,0,0,0
65,8,"A",457,0,100,57,1,61,3,0,0,0,0,0,0,0,0,0,0
65,9,"B",821,0,100,57,2,61,3,0,0,0,0,0,0,0,0,0,0
65,10,"D",560,0,50,57,4,61,3,3,3,1,2,2,2,2,2,-3,1
65,11,"B",943,0,100,57,2,61,3,0,0,0,0,0,0,0,0,0,0
65,12,"D",469,0,50,57,4,61,3,0,0,0,0,0,0,0,0,0,0
65,13,"C",562,50,50,57,3,61,3,0,0,0,0,0,0,0,0,0,0
65,14,"A",477,150,100,57,1,61,3,0,0,0,0,0,0,0,0,0,0
65,15,"B",619,0,100,57,2,61,3,0,0,0,0,0,0,0,0,0,0
65,16,"D",526,0,50,57,4,61,3,0,0,0,0,0,0,0,0,0,0
65,17,"B",575,0,100,57,2,61,3,0,0,0,0,0,0,0,0,0,0
65,18,"C",641,0,50,57,3,61,3,0,0,0,0,0,0,0,0,0,0
65,19,"B",540,0,100,57,2,61,3,0,0,0,0,0,0,0,0,0,0
65,20,"A",656,0,100,57,1,61,3,0,4,2,2,3,2,2,2,-3,1
65,21,"B",1049,0,100,57,2,61,3,0,0,0,0,0,0,0,0,0,0
65,22,"A",474,300,100,57,1,61,3,0,0,0,0,0,0,0,0,0,0
65,23,"C",581,50,50,57,3,61,3,0,0,0,0,0,0,0,0,0,0
65,24,"D",576,0,50,57,4,61,3,0,0,0,0,0,0,0,0,0,0
65,25,"B",555,1250,100,57,2,61,3,0,0,0,0,0,0,0,0,0,0
65,26,"D",515,0,50,57,4,61,3,0,0,0,0,0,0,0,0,0,0
65,27,"D",572,0,50,57,4,61,3,0,0,0,0,0,0,0,0,0,0
65,28,"B",862,0,100,57,2,61,3,0,0,0,0,0,0,0,0,0,0
65,29,"B",556,0,100,57,2,61,3,0,0,0,0,0,0,0,0,0,0
65,30,"D",861,0,50,57,4,61,3,-1,2,0,2,1,3,1,2,-1,1
65,31,"B",245,0,100,57,2,61,3,0,0,0,0,0,0,0,0,0,0
65,32,"A",419,0,100,57,1,61,3,0,0,0,0,0,0,0,0,0,0
65,33,"D",519,250,50,57,4,61,3,0,0,0,0,0,0,0,0,0,0
65,34,"B",550,0,100,57,2,61,3,0,0,0,0,0,0,0,0,0,0
65,35,"B",652,1250,100,57,2,61,3,0,0,0,0,0,0,0,0,0,0
65,36,"D",623,0,50,57,4,61,3,0,0,0,0,0,0,0,0,0,0
65,37,"D",533,0,50,57,4,61,3,0,0,0,0,0,0,0,0,0,0
65,38,"D",491,0,50,57,4,61,3,0,0,0,0,0,0,0,0,0,0
65,39,"D",435,0,50,57,4,61,3,0,0,0,0,0,0,0,0,0,0
65,40,"D",593,0,50,57,4,61,3,-1,0,0,4,1,3,1,1,-1,1
65,41,"D",932,0,50,57,4,61,3,0,0,0,0,0,0,0,0,0,0
65,42,"D",631,0,50,57,4,61,3,0,0,0,0,0,0,0,0,0,0
65,43,"D",693,0,50,57,4,61,3,0,0,0,0,0,0,0,0,0,0
65,44,"B",456,0,100,57,2,61,3,0,0,0,0,0,0,0,0,0,0
65,45,"A",659,200,100,57,1,61,3,0,0,0,0,0,0,0,0,0,0
65,46,"B",318,0,100,57,2,61,3,0,0,0,0,0,0,0,0,0,0
65,47,"D",566,0,50,57,4,61,3,0,0,0,0,0,0,0,0,0,0
65,48,"D",1127,250,50,57,4,61,3,0,0,0,0,0,0,0,0,0,0
65,49,"C",1074,0,50,57,3,61,3,0,0,0,0,0,0,0,0,0,0
65,50,"C",512,50,50,57,3,61,3,-1,1,0,2,1,3,1,1,-1,1
65,51,"C",749,0,50,57,3,61,3,0,0,0,0,0,0,0,0,0,0
65,52,"C",905,50,50,57,3,61,3,0,0,0,0,0,0,0,0,0,0
65,53,"C",1457,50,50,57,3,61,3,0,0,0,0,0,0,0,0,0,0
65,54,"D",645,0,50,57,4,61,3,0,0,0,0,0,0,0,0,0,0
65,55,"D",941,0,50,57,4,61,3,0,0,0,0,0,0,0,0,0,0
65,56,"C",859,0,50,57,3,61,3,0,0,0,0,0,0,0,0,0,0
65,57,"A",510,0,100,57,1,61,3,0,0,0,0,0,0,0,0,0,0
65,58,"D",535,0,50,57,4,61,3,0,0,0,0,0,0,0,0,0,0
65,59,"C",674,25,50,57,3,61,3,0,0,0,0,0,0,0,0,0,0
65,60,"C",631,75,50,57,3,61,3,-1,0,1,3,1,2,1,1,-1,1
65,61,"B",1585,0,100,57,2,61,3,0,0,0,0,0,0,0,0,0,0
65,62,"D",519,0,50,57,4,61,3,0,0,0,0,0,0,0,0,0,0
65,63,"C",592,0,50,57,3,61,3,0,0,0,0,0,0,0,0,0,0
65,64,"A",1550,250,100,57,1,61,3,0,0,0,0,0,0,0,0,0,0
65,65,"C",623,0,50,57,3,61,3,0,0,0,0,0,0,0,0,0,0
65,66,"D",542,0,50,57,4,61,3,0,0,0,0,0,0,0,0,0,0
65,67,"B",605,0,100,57,2,61,3,0,0,0,0,0,0,0,0,0,0
65,68,"D",765,0,50,57,4,61,3,0,0,0,0,0,0,0,0,0,0
65,69,"C",694,0,50,57,3,61,3,0,0,0,0,0,0,0,0,0,0
65,70,"A",811,350,100,57,1,61,3,-1,1,2,2,1,1,1,1,-2,1
65,71,"B",427,0,100,57,2,61,3,0,0,0,0,0,0,0,0,0,0
65,72,"D",672,0,50,57,4,61,3,0,0,0,0,0,0,0,0,0,0
65,73,"C",617,25,50,57,3,61,3,0,0,0,0,0,0,0,0,0,0
65,74,"A",540,0,100,57,1,61,3,0,0,0,0,0,0,0,0,0,0
65,75,"B",423,0,100,57,2,61,3,0,0,0,0,0,0,0,0,0,0
65,76,"D",501,0,50,57,4,61,3,0,0,0,0,0,0,0,0,0,0
65,77,"C",623,75,50,57,3,61,3,0,0,0,0,0,0,0,0,0,0
65,78,"A",456,350,100,57,1,61,3,0,0,0,0,0,0,0,0,0,0
65,79,"C",595,0,50,57,3,61,3,0,0,0,0,0,0,0,0,0,0
65,80,"D",780,250,50,57,4,61,3,0,2,0,0,1,1,1,1,-2,1
65,81,"B",1395,1250,100,57,2,61,3,0,0,0,0,0,0,0,0,0,0
65,82,"D",567,0,50,57,4,61,3,0,0,0,0,0,0,0,0,0,0
65,83,"C",623,50,50,57,3,61,3,0,0,0,0,0,0,0,0,0,0
65,84,"A",501,0,100,57,1,61,3,0,0,0,0,0,0,0,0,0,0
65,85,"D",523,0,50,57,4,61,3,0,0,0,0,0,0,0,0,0,0
65,86,"C",656,0,50,57,3,61,3,0,0,0,0,0,0,0,0,0,0
65,87,"D",705,0,50,57,4,61,3,0,0,0,0,0,0,0,0,0,0
65,88,"C",614,0,50,57,3,61,3,0,0,0,0,0,0,0,0,0,0
65,89,"D",657,0,50,57,4,61,3,0,0,0,0,0,0,0,0,0,0
65,90,"C",735,0,50,57,3,61,3,0,-1,1,1,2,3,1,1,-1,1
65,91,"B",488,0,100,57,2,61,3,0,0,0,0,0,0,0,0,0,0
65,92,"D",1403,0,50,57,4,61,3,0,0,0,0,0,0,0,0,0,0
65,93,"C",505,50,50,57,3,61,3,0,0,0,0,0,0,0,0,0,0
65,94,"A",529,250,100,57,1,61,3,0,0,0,0,0,0,0,0,0,0
65,95,"D",644,250,50,57,4,61,3,0,0,0,0,0,0,0,0,0,0
65,96,"C",557,25,50,57,3,61,3,0,0,0,0,0,0,0,0,0,0
65,97,"C",630,50,50,57,3,61,3,0,0,0,0,0,0,0,0,0,0
65,98,"B",488,0,100,57,2,61,3,0,0,0,0,0,0,0,0,0,0
65,99,"A",318,200,100,57,1,61,3,0,0,0,0,0,0,0,0,0,0
65,100,"B",654,0,100,57,2,61,3,0,0,0,0,3,3,2,2,-1,1
66,1,"B",2407,0,100,58,2,41,1,0,0,0,0,0,0,0,0,0,0
66,2,"A",1133,0,100,58,1,41,1,0,0,0,0,0,0,0,0,0,0
66,3,"C",984,0,50,58,3,41,1,0,0,0,0,0,0,0,0,0,0
66,4,"C",519,0,50,58,3,41,1,0,0,0,0,0,0,0,0,0,0
66,5,"B",863,0,100,58,2,41,1,0,0,0,0,0,0,0,0,0,0
66,6,"B",671,0,100,58,2,41,1,0,0,0,0,0,0,0,0,0,0
66,7,"A",613,0,100,58,1,41,1,0,0,0,0,0,0,0,0,0,0
66,8,"C",1752,50,50,58,3,41,1,0,0,0,0,0,0,0,0,0,0
66,9,"C",1406,0,50,58,3,41,1,0,0,0,0,0,0,0,0,0,0
66,10,"B",495,0,100,58,2,41,1,2,3,1,0,1,3,1,0,1,1
66,11,"B",2036,0,100,58,2,41,1,0,0,0,0,0,0,0,0,0,0
66,12,"D",648,0,50,58,4,41,1,0,0,0,0,0,0,0,0,0,0
66,13,"B",535,0,100,58,2,41,1,0,0,0,0,0,0,0,0,0,0
66,14,"B",491,0,100,58,2,41,1,0,0,0,0,0,0,0,0,0,0
66,15,"B",478,0,100,58,2,41,1,0,0,0,0,0,0,0,0,0,0
66,16,"B",409,1250,100,58,2,41,1,0,0,0,0,0,0,0,0,0,0
66,17,"B",493,0,100,58,2,41,1,0,0,0,0,0,0,0,0,0,0
66,18,"B",719,0,100,58,2,41,1,0,0,0,0,0,0,0,0,0,0
66,19,"B",511,0,100,58,2,41,1,0,0,0,0,0,0,0,0,0,0
66,20,"B",555,0,100,58,2,41,1,1,2,1,1,-2,4,1,-2,0,1
66,21,"C",3216,50,50,58,3,41,1,0,0,0,0,0,0,0,0,0,0
66,22,"D",659,0,50,58,4,41,1,0,0,0,0,0,0,0,0,0,0
66,23,"D",566,0,50,58,4,41,1,0,0,0,0,0,0,0,0,0,0
66,24,"A",551,150,100,58,1,41,1,0,0,0,0,0,0,0,0,0,0
66,25,"A",528,0,100,58,1,41,1,0,0,0,0,0,0,0,0,0,0
66,26,"C",558,0,50,58,3,41,1,0,0,0,0,0,0,0,0,0,0
66,27,"B",2384,1250,100,58,2,41,1,0,0,0,0,0,0,0,0,0,0
66,28,"B",975,0,100,58,2,41,1,0,0,0,0,0,0,0,0,0,0
66,29,"B",650,0,100,58,2,41,1,0,0,0,0,0,0,0,0,0,0
66,30,"B",1032,0,100,58,2,41,1,1,3,0,1,1,4,-2,-3,2,1
66,31,"B",1141,0,100,58,2,41,1,0,0,0,0,0,0,0,0,0,0
66,32,"A",478,300,100,58,1,41,1,0,0,0,0,0,0,0,0,0,0
66,33,"A",631,0,100,58,1,41,1,0,0,0,0,0,0,0,0,0,0
66,34,"A",453,200,100,58,1,41,1,0,0,0,0,0,0,0,0,0,0
66,35,"A",503,0,100,58,1,41,1,0,0,0,0,0,0,0,0,0,0
66,36,"A",469,250,100,58,1,41,1,0,0,0,0,0,0,0,0,0,0
66,37,"C",875,50,50,58,3,41,1,0,0,0,0,0,0,0,0,0,0
66,38,"C",523,0,50,58,3,41,1,0,0,0,0,0,0,0,0,0,0
66,39,"C",523,50,50,58,3,41,1,0,0,0,0,0,0,0,0,0,0
66,40,"C",436,50,50,58,3,41,1,-1,-3,0,0,2,4,-3,0,1,1
66,41,"C",2916,0,50,58,3,41,1,0,0,0,0,0,0,0,0,0,0
66,42,"D",590,0,50,58,4,41,1,0,0,0,0,0,0,0,0,0,0
66,43,"D",492,0,50,58,4,41,1,0,0,0,0,0,0,0,0,0,0
66,44,"D",614,0,50,58,4,41,1,0,0,0,0,0,0,0,0,0,0
66,45,"D",681,0,50,58,4,41,1,0,0,0,0,0,0,0,0,0,0
66,46,"D",463,0,50,58,4,41,1,0,0,0,0,0,0,0,0,0,0
66,47,"D",621,0,50,58,4,41,1,0,0,0,0,0,0,0,0,0,0
66,48,"C",542,25,50,58,3,41,1,0,0,0,0,0,0,0,0,0,0
66,49,"C",435,75,50,58,3,41,1,0,0,0,0,0,0,0,0,0,0
66,50,"C",595,0,50,58,3,41,1,-1,-3,1,1,2,4,-1,-4,-1,1
66,51,"A",1098,350,100,58,1,41,1,0,0,0,0,0,0,0,0,0,0
66,52,"A",558,0,100,58,1,41,1,0,0,0,0,0,0,0,0,0,0
66,53,"A",579,350,100,58,1,41,1,0,0,0,0,0,0,0,0,0,0
66,54,"A",462,0,100,58,1,41,1,0,0,0,0,0,0,0,0,0,0
66,55,"A",492,250,100,58,1,41,1,0,0,0,0,0,0,0,0,0,0
66,56,"C",615,0,50,58,3,41,1,0,0,0,0,0,0,0,0,0,0
66,57,"C",565,0,50,58,3,41,1,0,0,0,0,0,0,0,0,0,0
66,58,"C",567,25,50,58,3,41,1,0,0,0,0,0,0,0,0,0,0
66,59,"D",587,250,50,58,4,41,1,0,0,0,0,0,0,0,0,0,0
66,60,"D",768,0,50,58,4,41,1,-3,-2,1,-2,3,1,-2,2,1,1
66,61,"B",629,0,100,58,2,41,1,0,0,0,0,0,0,0,0,0,0
66,62,"B",490,0,100,58,2,41,1,0,0,0,0,0,0,0,0,0,0
66,63,"B",680,1250,100,58,2,41,1,0,0,0,0,0,0,0,0,0,0
66,64,"B",473,0,100,58,2,41,1,0,0,0,0,0,0,0,0,0,0
66,65,"B",454,0,100,58,2,41,1,0,0,0,0,0,0,0,0,0,0
66,66,"B",506,0,100,58,2,41,1,0,0,0,0,0,0,0,0,0,0
66,67,"B",527,0,100,58,2,41,1,0,0,0,0,0,0,0,0,0,0
66,68,"D",890,0,50,58,4,41,1,0,0,0,0,0,0,0,0,0,0
66,69,"C",781,75,50,58,3,41,1,0,0,0,0,0,0,0,0,0,0
66,70,"A",601,200,100,58,1,41,1,-1,-1,1,0,2,2,-3,-3,0,1
66,71,"D",1983,0,50,58,4,41,1,0,0,0,0,0,0,0,0,0,0
66,72,"C",488,0,50,58,3,41,1,0,0,0,0,0,0,0,0,0,0
66,73,"A",627,0,100,58,1,41,1,0,0,0,0,0,0,0,0,0,0
66,74,"A",553,300,100,58,1,41,1,0,0,0,0,0,0,0,0,0,0
66,75,"A",446,150,100,58,1,41,1,0,0,0,0,0,0,0,0,0,0
66,76,"A",559,0,100,58,1,41,1,0,0,0,0,0,0,0,0,0,0
66,77,"B",471,0,100,58,2,41,1,0,0,0,0,0,0,0,0,0,0
66,78,"D",1664,0,50,58,4,41,1,0,0,0,0,0,0,0,0,0,0
66,79,"C",677,50,50,58,3,41,1,0,0,0,0,0,0,0,0,0,0
66,80,"C",518,0,50,58,3,41,1,-2,0,-2,1,3,3,1,-4,1,1
66,81,"B",1198,0,100,58,2,41,1,0,0,0,0,0,0,0,0,0,0
66,82,"C",553,0,50,58,3,41,1,0,0,0,0,0,0,0,0,0,0
66,83,"D",495,0,50,58,4,41,1,0,0,0,0,0,0,0,0,0,0
66,84,"A",570,0,100,58,1,41,1,0,0,0,0,0,0,0,0,0,0
66,85,"B",533,0,100,58,2,41,1,0,0,0,0,0,0,0,0,0,0
66,86,"C",1728,0,50,58,3,41,1,0,0,0,0,0,0,0,0,0,0
66,87,"B",404,0,100,58,2,41,1,0,0,0,0,0,0,0,0,0,0
66,88,"A",700,0,100,58,1,41,1,0,0,0,0,0,0,0,0,0,0
66,89,"D",470,0,50,58,4,41,1,0,0,0,0,0,0,0,0,0,0
66,90,"D",786,0,50,58,4,41,1,0,1,1,2,2,4,-1,-4,1,1
66,91,"B",1006,0,100,58,2,41,1,0,0,0,0,0,0,0,0,0,0
66,92,"A",650,300,100,58,1,41,1,0,0,0,0,0,0,0,0,0,0
66,93,"C",461,50,50,58,3,41,1,0,0,0,0,0,0,0,0,0,0
66,94,"B",415,0,100,58,2,41,1,0,0,0,0,0,0,0,0,0,0
66,95,"B",971,1250,100,58,2,41,1,0,0,0,0,0,0,0,0,0,0
66,96,"B",438,0,100,58,2,41,1,0,0,0,0,0,0,0,0,0,0
66,97,"B",534,0,100,58,2,41,1,0,0,0,0,0,0,0,0,0,0
66,98,"B",562,0,100,58,2,41,1,0,0,0,0,0,0,0,0,0,0
66,99,"B",449,0,100,58,2,41,1,0,0,0,0,0,0,0,0,0,0
66,100,"B",485,0,100,58,2,41,1,-1,1,0,1,2,4,2,-4,0,1
67,1,"C",5754,0,50,59,3,61,3,0,0,0,0,0,0,0,0,0,0
67,2,"D",1677,0,50,59,4,61,3,0,0,0,0,0,0,0,0,0,0
67,3,"B",1109,0,100,59,2,61,3,0,0,0,0,0,0,0,0,0,0
67,4,"A",1523,0,100,59,1,61,3,0,0,0,0,0,0,0,0,0,0
67,5,"C",831,0,50,59,3,61,3,0,0,0,0,0,0,0,0,0,0
67,6,"D",1239,0,50,59,4,61,3,0,0,0,0,0,0,0,0,0,0
67,7,"B",903,0,100,59,2,61,3,0,0,0,0,0,0,0,0,0,0
67,8,"A",1061,0,100,59,1,61,3,0,0,0,0,0,0,0,0,0,0
67,9,"B",1387,0,100,59,2,61,3,0,0,0,0,0,0,0,0,0,0
67,10,"C",1924,50,50,59,3,61,3,2,3,0,2,-1,2,1,1,-3,1
67,11,"B",1432,0,100,59,2,61,3,0,0,0,0,0,0,0,0,0,0
67,12,"A",1543,150,100,59,1,61,3,0,0,0,0,0,0,0,0,0,0
67,13,"B",1028,0,100,59,2,61,3,0,0,0,0,0,0,0,0,0,0
67,14,"C",1181,0,50,59,3,61,3,0,0,0,0,0,0,0,0,0,0
67,15,"D",1256,0,50,59,4,61,3,0,0,0,0,0,0,0,0,0,0
67,16,"B",988,0,100,59,2,61,3,0,0,0,0,0,0,0,0,0,0
67,17,"B",1228,0,100,59,2,61,3,0,0,0,0,0,0,0,0,0,0
67,18,"B",1314,0,100,59,2,61,3,0,0,0,0,0,0,0,0,0,0
67,19,"B",1683,1250,100,59,2,61,3,0,0,0,0,0,0,0,0,0,0
67,20,"C",1180,50,50,59,3,61,3,0,-1,0,0,1,3,1,1,-2,1
67,21,"B",1841,0,100,59,2,61,3,0,0,0,0,0,0,0,0,0,0
67,22,"A",960,0,100,59,1,61,3,0,0,0,0,0,0,0,0,0,0
67,23,"A",1736,300,100,59,1,61,3,0,0,0,0,0,0,0,0,0,0
67,24,"C",560,0,50,59,3,61,3,0,0,0,0,0,0,0,0,0,0
67,25,"D",862,0,50,59,4,61,3,0,0,0,0,0,0,0,0,0,0
67,26,"B",655,0,100,59,2,61,3,0,0,0,0,0,0,0,0,0,0
67,27,"C",1077,50,50,59,3,61,3,0,0,0,0,0,0,0,0,0,0
67,28,"A",886,0,100,59,1,61,3,0,0,0,0,0,0,0,0,0,0
67,29,"B",1342,0,100,59,2,61,3,0,0,0,0,0,0,0,0,0,0
67,30,"D",1020,0,50,59,4,61,3,0,0,0,1,2,1,1,1,-1,1
67,31,"B",1475,0,100,59,2,61,3,0,0,0,0,0,0,0,0,0,0
67,32,"C",1086,0,50,59,3,61,3,0,0,0,0,0,0,0,0,0,0
67,33,"B",1018,1250,100,59,2,61,3,0,0,0,0,0,0,0,0,0,0
67,34,"A",829,200,100,59,1,61,3,0,0,0,0,0,0,0,0,0,0
67,35,"D",1631,0,50,59,4,61,3,0,0,0,0,0,0,0,0,0,0
67,36,"B",619,0,100,59,2,61,3,0,0,0,0,0,0,0,0,0,0
67,37,"C",582,50,50,59,3,61,3,0,0,0,0,0,0,0,0,0,0
67,38,"D",4207,0,50,59,4,61,3,0,0,0,0,0,0,0,0,0,0
67,39,"A",1437,0,100,59,1,61,3,0,0,0,0,0,0,0,0,0,0
67,40,"C",1100,50,50,59,3,61,3,0,-3,-2,0,0,3,0,0,0,1
67,41,"B",1043,0,100,59,2,61,3,0,0,0,0,0,0,0,0,0,0
67,42,"D",583,0,50,59,4,61,3,0,0,0,0,0,0,0,0,0,0
67,43,"C",2694,0,50,59,3,61,3,0,0,0,0,0,0,0,0,0,0
67,44,"A",696,250,100,59,1,61,3,0,0,0,0,0,0,0,0,0,0
67,45,"D",753,0,50,59,4,61,3,0,0,0,0,0,0,0,0,0,0
67,46,"C",1015,25,50,59,3,61,3,0,0,0,0,0,0,0,0,0,0
67,47,"D",553,250,50,59,4,61,3,0,0,0,0,0,0,0,0,0,0
67,48,"A",714,350,100,59,1,61,3,0,0,0,0,0,0,0,0,0,0
67,49,"C",1442,75,50,59,3,61,3,0,0,0,0,0,0,0,0,0,0
67,50,"D",1755,0,50,59,4,61,3,-2,-2,-1,-2,3,0,1,3,2,1
67,51,"B",2662,0,100,59,2,61,3,0,0,0,0,0,0,0,0,0,0
67,52,"C",1707,0,50,59,3,61,3,0,0,0,0,0,0,0,0,0,0
67,53,"D",602,0,50,59,4,61,3,0,0,0,0,0,0,0,0,0,0
67,54,"C",1237,0,50,59,3,61,3,0,0,0,0,0,0,0,0,0,0
67,55,"C",2073,0,50,59,3,61,3,0,0,0,0,0,0,0,0,0,0
67,56,"D",1134,0,50,59,4,61,3,0,0,0,0,0,0,0,0,0,0
67,57,"D",938,0,50,59,4,61,3,0,0,0,0,0,0,0,0,0,0
67,58,"C",629,25,50,59,3,61,3,0,0,0,0,0,0,0,0,0,0
67,59,"D",854,0,50,59,4,61,3,0,0,0,0,0,0,0,0,0,0
67,60,"D",1088,0,50,59,4,61,3,0,1,1,3,0,0,0,1,0,1
67,61,"C",2861,75,50,59,3,61,3,0,0,0,0,0,0,0,0,0,0
67,62,"B",732,0,100,59,2,61,3,0,0,0,0,0,0,0,0,0,0
67,63,"D",775,0,50,59,4,61,3,0,0,0,0,0,0,0,0,0,0
67,64,"A",1009,0,100,59,1,61,3,0,0,0,0,0,0,0,0,0,0
67,65,"D",885,0,50,59,4,61,3,0,0,0,0,0,0,0,0,0,0
67,66,"C",782,0,50,59,3,61,3,0,0,0,0,0,0,0,0,0,0
67,67,"D",772,0,50,59,4,61,3,0,0,0,0,0,0,0,0,0,0
67,68,"C",2126,50,50,59,3,61,3,0,0,0,0,0,0,0,0,0,0
67,69,"D",626,250,50,59,4,61,3,0,0,0,0,0,0,0,0,0,0
67,70,"A",600,350,100,59,1,61,3,-3,1,-1,-2,1,1,1,1,1,1
67,71,"B",542,0,100,59,2,61,3,0,0,0,0,0,0,0,0,0,0
67,72,"C",596,0,50,59,3,61,3,0,0,0,0,0,0,0,0,0,0
67,73,"A",797,0,100,59,1,61,3,0,0,0,0,0,0,0,0,0,0
67,74,"D",621,0,50,59,4,61,3,0,0,0,0,0,0,0,0,0,0
67,75,"A",592,250,100,59,1,61,3,0,0,0,0,0,0,0,0,0,0
67,76,"C",1099,0,50,59,3,61,3,0,0,0,0,0,0,0,0,0,0
67,77,"B",1047,0,100,59,2,61,3,0,0,0,0,0,0,0,0,0,0
67,78,"D",1110,0,50,59,4,61,3,0,0,0,0,0,0,0,0,0,0
67,79,"D",757,0,50,59,4,61,3,0,0,0,0,0,0,0,0,0,0
67,80,"D",760,0,50,59,4,61,3,0,1,1,1,1,1,-1,1,0,1
67,81,"B",1350,1250,100,59,2,61,3,0,0,0,0,0,0,0,0,0,0
67,82,"C",714,0,50,59,3,61,3,0,0,0,0,0,0,0,0,0,0
67,83,"D",775,0,50,59,4,61,3,0,0,0,0,0,0,0,0,0,0
67,84,"D",1482,0,50,59,4,61,3,0,0,0,0,0,0,0,0,0,0
67,85,"A",611,200,100,59,1,61,3,0,0,0,0,0,0,0,0,0,0
67,86,"A",1071,0,100,59,1,61,3,0,0,0,0,0,0,0,0,0,0
67,87,"A",585,300,100,59,1,61,3,0,0,0,0,0,0,0,0,0,0
67,88,"D",1034,0,50,59,4,61,3,0,0,0,0,0,0,0,0,0,0
67,89,"D",840,0,50,59,4,61,3,0,0,0,0,0,0,0,0,0,0
67,90,"D",864,250,50,59,4,61,3,-2,-3,0,-2,2,3,0,2,0,1
67,91,"D",2908,0,50,59,4,61,3,0,0,0,0,0,0,0,0,0,0
67,92,"C",1195,50,50,59,3,61,3,0,0,0,0,0,0,0,0,0,0
67,93,"D",830,0,50,59,4,61,3,0,0,0,0,0,0,0,0,0,0
67,94,"A",6743,150,100,59,1,61,3,0,0,0,0,0,0,0,0,0,0
67,95,"D",1319,0,50,59,4,61,3,0,0,0,0,0,0,0,0,0,0
67,96,"C",1063,25,50,59,3,61,3,0,0,0,0,0,0,0,0,0,0
67,97,"D",736,0,50,59,4,61,3,0,0,0,0,0,0,0,0,0,0
67,98,"D",4198,0,50,59,4,61,3,0,0,0,0,0,0,0,0,0,0
67,99,"C",2384,50,50,59,3,61,3,0,0,0,0,0,0,0,0,0,0
67,100,"D",1326,250,50,59,4,61,3,-2,-2,-1,-1,2,2,1,1,1,1
68,1,"C",2335,0,50,60,3,57,2,0,0,0,0,0,0,0,0,0,0
68,2,"A",3129,0,100,60,1,57,2,0,0,0,0,0,0,0,0,0,0
68,3,"D",1669,0,50,60,4,57,2,0,0,0,0,0,0,0,0,0,0
68,4,"A",1621,0,100,60,1,57,2,0,0,0,0,0,0,0,0,0,0
68,5,"A",1230,150,100,60,1,57,2,0,0,0,0,0,0,0,0,0,0
68,6,"D",1620,0,50,60,4,57,2,0,0,0,0,0,0,0,0,0,0
68,7,"C",1099,0,50,60,3,57,2,0,0,0,0,0,0,0,0,0,0
68,8,"B",2125,0,100,60,2,57,2,0,0,0,0,0,0,0,0,0,0
68,9,"D",1356,0,50,60,4,57,2,0,0,0,0,0,0,0,0,0,0
68,10,"C",2133,50,50,60,3,57,2,-2,3,3,3,3,2,1,2,1,1
68,11,"D",1246,0,50,60,4,57,2,0,0,0,0,0,0,0,0,0,0
68,12,"C",1517,0,50,60,3,57,2,0,0,0,0,0,0,0,0,0,0
68,13,"B",1678,0,100,60,2,57,2,0,0,0,0,0,0,0,0,0,0
68,14,"D",2135,0,50,60,4,57,2,0,0,0,0,0,0,0,0,0,0
68,15,"C",1250,50,50,60,3,57,2,0,0,0,0,0,0,0,0,0,0
68,16,"D",2189,0,50,60,4,57,2,0,0,0,0,0,0,0,0,0,0
68,17,"B",1518,0,100,60,2,57,2,0,0,0,0,0,0,0,0,0,0
68,18,"B",1543,0,100,60,2,57,2,0,0,0,0,0,0,0,0,0,0
68,19,"D",1661,0,50,60,4,57,2,0,0,0,0,0,0,0,0,0,0
68,20,"D",1777,0,50,60,4,57,2,-1,3,-3,3,1,3,3,3,1,1
68,21,"D",1912,0,50,60,4,57,2,0,0,0,0,0,0,0,0,0,0
68,22,"D",1894,250,50,60,4,57,2,0,0,0,0,0,0,0,0,0,0
68,23,"B",1373,0,100,60,2,57,2,0,0,0,0,0,0,0,0,0,0
68,24,"B",1679,0,100,60,2,57,2,0,0,0,0,0,0,0,0,0,0
68,25,"A",2088,0,100,60,1,57,2,0,0,0,0,0,0,0,0,0,0
68,26,"C",2564,0,50,60,3,57,2,0,0,0,0,0,0,0,0,0,0
68,27,"A",2374,300,100,60,1,57,2,0,0,0,0,0,0,0,0,0,0
68,28,"B",1201,0,100,60,2,57,2,0,0,0,0,0,0,0,0,0,0
68,29,"B",2354,0,100,60,2,57,2,0,0,0,0,0,0,0,0,0,0
68,30,"B",2017,1250,100,60,2,57,2,3,-3,-3,0,1,4,1,-2,2,1
68,31,"D",1396,0,50,60,4,57,2,0,0,0,0,0,0,0,0,0,0
68,32,"C",1271,50,50,60,3,57,2,0,0,0,0,0,0,0,0,0,0
68,33,"A",2039,0,100,60,1,57,2,0,0,0,0,0,0,0,0,0,0
68,34,"D",1304,0,50,60,4,57,2,0,0,0,0,0,0,0,0,0,0
68,35,"D",1079,0,50,60,4,57,2,0,0,0,0,0,0,0,0,0,0
68,36,"A",1455,200,100,60,1,57,2,0,0,0,0,0,0,0,0,0,0
68,37,"D",1122,0,50,60,4,57,2,0,0,0,0,0,0,0,0,0,0
68,38,"D",1189,0,50,60,4,57,2,0,0,0,0,0,0,0,0,0,0
68,39,"B",2700,0,100,60,2,57,2,0,0,0,0,0,0,0,0,0,0
68,40,"B",1599,0,100,60,2,57,2,0,3,0,-3,-2,1,0,2,2,1
68,41,"C",1084,0,50,60,3,57,2,0,0,0,0,0,0,0,0,0,0
68,42,"D",1819,0,50,60,4,57,2,0,0,0,0,0,0,0,0,0,0
68,43,"A",1351,0,100,60,1,57,2,0,0,0,0,0,0,0,0,0,0
68,44,"B",1568,0,100,60,2,57,2,0,0,0,0,0,0,0,0,0,0
68,45,"A",1508,250,100,60,1,57,2,0,0,0,0,0,0,0,0,0,0
68,46,"B",1409,0,100,60,2,57,2,0,0,0,0,0,0,0,0,0,0
68,47,"D",1461,0,50,60,4,57,2,0,0,0,0,0,0,0,0,0,0
68,48,"B",1304,1250,100,60,2,57,2,0,0,0,0,0,0,0,0,0,0
68,49,"D",927,0,50,60,4,57,2,0,0,0,0,0,0,0,0,0,0
68,50,"C",2086,50,50,60,3,57,2,-3,-3,0,3,2,4,-1,1,3,1
68,51,"D",1773,0,50,60,4,57,2,0,0,0,0,0,0,0,0,0,0
68,52,"C",1382,50,50,60,3,57,2,0,0,0,0,0,0,0,0,0,0
68,53,"D",916,250,50,60,4,57,2,0,0,0,0,0,0,0,0,0,0
68,54,"A",877,350,100,60,1,57,2,0,0,0,0,0,0,0,0,0,0
68,55,"B",1344,0,100,60,2,57,2,0,0,0,0,0,0,0,0,0,0
68,56,"B",782,0,100,60,2,57,2,0,0,0,0,0,0,0,0,0,0
68,57,"B",980,0,100,60,2,57,2,0,0,0,0,0,0,0,0,0,0
68,58,"C",1184,0,50,60,3,57,2,0,0,0,0,0,0,0,0,0,0
68,59,"C",1102,25,50,60,3,57,2,0,0,0,0,0,0,0,0,0,0
68,60,"B",1926,0,100,60,2,57,2,0,0,-1,-1,1,4,1,1,3,1
68,61,"C",2957,75,50,60,3,57,2,0,0,0,0,0,0,0,0,0,0
68,62,"D",1198,0,50,60,4,57,2,0,0,0,0,0,0,0,0,0,0
68,63,"A",910,0,100,60,1,57,2,0,0,0,0,0,0,0,0,0,0
68,64,"B",1951,0,100,60,2,57,2,0,0,0,0,0,0,0,0,0,0
68,65,"D",2502,0,50,60,4,57,2,0,0,0,0,0,0,0,0,0,0
68,66,"D",1091,0,50,60,4,57,2,0,0,0,0,0,0,0,0,0,0
68,67,"A",3183,350,100,60,1,57,2,0,0,0,0,0,0,0,0,0,0
68,68,"D",1153,0,50,60,4,57,2,0,0,0,0,0,0,0,0,0,0
68,69,"B",961,0,100,60,2,57,2,0,0,0,0,0,0,0,0,0,0
68,70,"D",1209,0,50,60,4,57,2,-3,0,-1,2,2,2,1,2,2,1
68,71,"B",2008,1250,100,60,2,57,2,0,0,0,0,0,0,0,0,0,0
68,72,"A",1637,0,100,60,1,57,2,0,0,0,0,0,0,0,0,0,0
68,73,"D",1766,0,50,60,4,57,2,0,0,0,0,0,0,0,0,0,0
68,74,"D",1096,0,50,60,4,57,2,0,0,0,0,0,0,0,0,0,0
68,75,"C",1211,0,50,60,3,57,2,0,0,0,0,0,0,0,0,0,0
68,76,"C",1190,0,50,60,3,57,2,0,0,0,0,0,0,0,0,0,0
68,77,"A",1732,250,100,60,1,57,2,0,0,0,0,0,0,0,0,0,0
68,78,"C",1352,0,50,60,3,57,2,0,0,0,0,0,0,0,0,0,0
68,79,"D",1208,0,50,60,4,57,2,0,0,0,0,0,0,0,0,0,0
68,80,"D",1299,250,50,60,4,57,2,-3,-3,3,-3,2,4,2,2,3,1
68,81,"A",1148,200,100,60,1,57,2,0,0,0,0,0,0,0,0,0,0
68,82,"C",1052,25,50,60,3,57,2,0,0,0,0,0,0,0,0,0,0
68,83,"D",1079,0,50,60,4,57,2,0,0,0,0,0,0,0,0,0,0
68,84,"D",1224,0,50,60,4,57,2,0,0,0,0,0,0,0,0,0,0
68,85,"D",1318,0,50,60,4,57,2,0,0,0,0,0,0,0,0,0,0
68,86,"A",3038,0,100,60,1,57,2,0,0,0,0,0,0,0,0,0,0
68,87,"C",1248,75,50,60,3,57,2,0,0,0,0,0,0,0,0,0,0
68,88,"A",913,300,100,60,1,57,2,0,0,0,0,0,0,0,0,0,0
68,89,"D",2191,0,50,60,4,57,2,0,0,0,0,0,0,0,0,0,0
68,90,"D",1052,0,50,60,4,57,2,-3,0,-3,3,2,3,1,1,3,1
68,91,"C",1013,0,50,60,3,57,2,0,0,0,0,0,0,0,0,0,0
68,92,"A",1531,150,100,60,1,57,2,0,0,0,0,0,0,0,0,0,0
68,93,"D",1007,250,50,60,4,57,2,0,0,0,0,0,0,0,0,0,0
68,94,"C",872,50,50,60,3,57,2,0,0,0,0,0,0,0,0,0,0
68,95,"B",773,0,100,60,2,57,2,0,0,0,0,0,0,0,0,0,0
68,96,"C",920,0,50,60,3,57,2,0,0,0,0,0,0,0,0,0,0
68,97,"C",777,0,50,60,3,57,2,0,0,0,0,0,0,0,0,0,0
68,98,"A",1906,0,100,60,1,57,2,0,0,0,0,0,0,0,0,0,0
68,99,"A",1375,0,100,60,1,57,2,0,0,0,0,0,0,0,0,0,0
68,100,"B",931,0,100,60,2,57,2,-2,2,0,1,0,1,0,0,2,1
69,1,"A",1417,0,100,61,1,38,1,0,0,0,0,0,0,0,0,0,0
69,2,"B",1417,0,100,61,2,38,1,0,0,0,0,0,0,0,0,0,0
69,3,"C",1541,0,50,61,3,38,1,0,0,0,0,0,0,0,0,0,0
69,4,"D",1675,0,50,61,4,38,1,0,0,0,0,0,0,0,0,0,0
69,5,"B",1924,0,100,61,2,38,1,0,0,0,0,0,0,0,0,0,0
69,6,"A",804,0,100,61,1,38,1,0,0,0,0,0,0,0,0,0,0
69,7,"D",936,0,50,61,4,38,1,0,0,0,0,0,0,0,0,0,0
69,8,"C",883,0,50,61,3,38,1,0,0,0,0,0,0,0,0,0,0
69,9,"C",1380,50,50,61,3,38,1,0,0,0,0,0,0,0,0,0,0
69,10,"B",1766,0,100,61,2,38,1,3,3,-1,0,4,3,1,-2,-3,1
69,11,"C",1301,0,50,61,3,38,1,0,0,0,0,0,0,0,0,0,0
69,12,"B",907,0,100,61,2,38,1,0,0,0,0,0,0,0,0,0,0
69,13,"A",796,150,100,61,1,38,1,0,0,0,0,0,0,0,0,0,0
69,14,"D",1060,0,50,61,4,38,1,0,0,0,0,0,0,0,0,0,0
69,15,"B",663,0,100,61,2,38,1,0,0,0,0,0,0,0,0,0,0
69,16,"C",965,50,50,61,3,38,1,0,0,0,0,0,0,0,0,0,0
69,17,"A",1542,0,100,61,1,38,1,0,0,0,0,0,0,0,0,0,0
69,18,"D",900,0,50,61,4,38,1,0,0,0,0,0,0,0,0,0,0
69,19,"A",1406,300,100,61,1,38,1,0,0,0,0,0,0,0,0,0,0
69,20,"B",983,0,100,61,2,38,1,-3,3,-1,3,2,0,-1,0,-2,1
69,21,"C",823,0,50,61,3,38,1,0,0,0,0,0,0,0,0,0,0
69,22,"D",704,0,50,61,4,38,1,0,0,0,0,0,0,0,0,0,0
69,23,"A",750,0,100,61,1,38,1,0,0,0,0,0,0,0,0,0,0
69,24,"B",436,0,100,61,2,38,1,0,0,0,0,0,0,0,0,0,0
69,25,"D",439,0,50,61,4,38,1,0,0,0,0,0,0,0,0,0,0
69,26,"C",1300,50,50,61,3,38,1,0,0,0,0,0,0,0,0,0,0
69,27,"A",784,200,100,61,1,38,1,0,0,0,0,0,0,0,0,0,0
69,28,"B",830,0,100,61,2,38,1,0,0,0,0,0,0,0,0,0,0
69,29,"A",1060,0,100,61,1,38,1,0,0,0,0,0,0,0,0,0,0
69,30,"A",1289,250,100,61,1,38,1,-4,3,3,4,-4,-1,0,-4,-1,1
69,31,"A",1700,350,100,61,1,38,1,0,0,0,0,0,0,0,0,0,0
69,32,"B",967,1250,100,61,2,38,1,0,0,0,0,0,0,0,0,0,0
69,33,"D",802,0,50,61,4,38,1,0,0,0,0,0,0,0,0,0,0
69,34,"C",467,0,50,61,3,38,1,0,0,0,0,0,0,0,0,0,0
69,35,"B",905,0,100,61,2,38,1,0,0,0,0,0,0,0,0,0,0
69,36,"D",918,0,50,61,4,38,1,0,0,0,0,0,0,0,0,0,0
69,37,"A",881,0,100,61,1,38,1,0,0,0,0,0,0,0,0,0,0
69,38,"B",615,0,100,61,2,38,1,0,0,0,0,0,0,0,0,0,0
69,39,"C",840,50,50,61,3,38,1,0,0,0,0,0,0,0,0,0,0
69,40,"B",544,0,100,61,2,38,1,-3,-4,0,3,1,4,-2,-1,-1,1
69,41,"D",2420,0,50,61,4,38,1,0,0,0,0,0,0,0,0,0,0
69,42,"B",415,0,100,61,2,38,1,0,0,0,0,0,0,0,0,0,0
69,43,"A",483,350,100,61,1,38,1,0,0,0,0,0,0,0,0,0,0
69,44,"C",419,50,50,61,3,38,1,0,0,0,0,0,0,0,0,0,0
69,45,"A",401,0,100,61,1,38,1,0,0,0,0,0,0,0,0,0,0
69,46,"B",370,1250,100,61,2,38,1,0,0,0,0,0,0,0,0,0,0
69,47,"A",380,250,100,61,1,38,1,0,0,0,0,0,0,0,0,0,0
69,48,"C",519,0,50,61,3,38,1,0,0,0,0,0,0,0,0,0,0
69,49,"D",448,250,50,61,4,38,1,0,0,0,0,0,0,0,0,0,0
69,50,"B",443,0,100,61,2,38,1,-3,-4,-4,-3,-1,4,0,2,0,1
69,51,"D",1980,0,50,61,4,38,1,0,0,0,0,0,0,0,0,0,0
69,52,"B",451,0,100,61,2,38,1,0,0,0,0,0,0,0,0,0,0
69,53,"A",398,200,100,61,1,38,1,0,0,0,0,0,0,0,0,0,0
69,54,"B",501,0,100,61,2,38,1,0,0,0,0,0,0,0,0,0,0
69,55,"B",401,0,100,61,2,38,1,0,0,0,0,0,0,0,0,0,0
69,56,"B",393,0,100,61,2,38,1,0,0,0,0,0,0,0,0,0,0
69,57,"B",367,0,100,61,2,38,1,0,0,0,0,0,0,0,0,0,0
69,58,"B",449,1250,100,61,2,38,1,0,0,0,0,0,0,0,0,0,0
69,59,"B",442,0,100,61,2,38,1,0,0,0,0,0,0,0,0,0,0
69,60,"B",794,0,100,61,2,38,1,3,0,3,3,-1,-4,-1,-1,0,1
69,61,"B",783,0,100,61,2,38,1,0,0,0,0,0,0,0,0,0,0
69,62,"A",805,0,100,61,1,38,1,0,0,0,0,0,0,0,0,0,0
69,63,"D",461,0,50,61,4,38,1,0,0,0,0,0,0,0,0,0,0
69,64,"B",401,0,100,61,2,38,1,0,0,0,0,0,0,0,0,0,0
69,65,"A",440,300,100,61,1,38,1,0,0,0,0,0,0,0,0,0,0
69,66,"C",417,25,50,61,3,38,1,0,0,0,0,0,0,0,0,0,0
69,67,"B",500,0,100,61,2,38,1,0,0,0,0,0,0,0,0,0,0
69,68,"D",383,0,50,61,4,38,1,0,0,0,0,0,0,0,0,0,0
69,69,"A",1420,150,100,61,1,38,1,0,0,0,0,0,0,0,0,0,0
69,70,"C",1186,75,50,61,3,38,1,-3,-1,-3,0,-4,-2,-1,-3,0,1
69,71,"A",1787,0,100,61,1,38,1,0,0,0,0,0,0,0,0,0,0
69,72,"D",530,0,50,61,4,38,1,0,0,0,0,0,0,0,0,0,0
69,73,"B",432,0,100,61,2,38,1,0,0,0,0,0,0,0,0,0,0
69,74,"D",336,0,50,61,4,38,1,0,0,0,0,0,0,0,0,0,0
69,75,"C",427,0,50,61,3,38,1,0,0,0,0,0,0,0,0,0,0
69,76,"B",576,0,100,61,2,38,1,0,0,0,0,0,0,0,0,0,0
69,77,"B",756,0,100,61,2,38,1,0,0,0,0,0,0,0,0,0,0
69,78,"B",535,0,100,61,2,38,1,0,0,0,0,0,0,0,0,0,0
69,79,"A",762,0,100,61,1,38,1,0,0,0,0,0,0,0,0,0,0
69,80,"B",1354,0,100,61,2,38,1,1,3,0,3,0,3,0,-1,-1,1
69,81,"A",1502,0,100,61,1,38,1,0,0,0,0,0,0,0,0,0,0
69,82,"B",356,1250,100,61,2,38,1,0,0,0,0,0,0,0,0,0,0
69,83,"C",427,0,50,61,3,38,1,0,0,0,0,0,0,0,0,0,0
69,84,"D",521,0,50,61,4,38,1,0,0,0,0,0,0,0,0,0,0
69,85,"B",506,0,100,61,2,38,1,0,0,0,0,0,0,0,0,0,0
69,86,"A",472,300,100,61,1,38,1,0,0,0,0,0,0,0,0,0,0
69,87,"D",1186,0,50,61,4,38,1,0,0,0,0,0,0,0,0,0,0
69,88,"C",512,0,50,61,3,38,1,0,0,0,0,0,0,0,0,0,0
69,89,"C",1382,25,50,61,3,38,1,0,0,0,0,0,0,0,0,0,0
69,90,"B",1276,0,100,61,2,38,1,-4,-2,0,2,1,1,-4,-1,0,1
69,91,"B",456,0,100,61,2,38,1,0,0,0,0,0,0,0,0,0,0
69,92,"A",932,0,100,61,1,38,1,0,0,0,0,0,0,0,0,0,0
69,93,"D",751,0,50,61,4,38,1,0,0,0,0,0,0,0,0,0,0
69,94,"C",383,75,50,61,3,38,1,0,0,0,0,0,0,0,0,0,0
69,95,"B",461,0,100,61,2,38,1,0,0,0,0,0,0,0,0,0,0
69,96,"A",520,350,100,61,1,38,1,0,0,0,0,0,0,0,0,0,0
69,97,"D",400,0,50,61,4,38,1,0,0,0,0,0,0,0,0,0,0
69,98,"C",1320,0,50,61,3,38,1,0,0,0,0,0,0,0,0,0,0
69,99,"B",908,0,100,61,2,38,1,0,0,0,0,0,0,0,0,0,0
69,100,"A",722,0,100,61,1,38,1,-3,3,-1,4,1,1,-1,-3,-1,1
70,1,"A",2397,0,100,62,1,68,3,0,0,0,0,0,0,0,0,0,0
70,2,"D",1076,0,50,62,4,68,3,0,0,0,0,0,0,0,0,0,0
70,3,"A",2196,0,100,62,1,68,3,0,0,0,0,0,0,0,0,0,0
70,4,"C",784,0,50,62,3,68,3,0,0,0,0,0,0,0,0,0,0
70,5,"B",1742,0,100,62,2,68,3,0,0,0,0,0,0,0,0,0,0
70,6,"B",804,0,100,62,2,68,3,0,0,0,0,0,0,0,0,0,0
70,7,"A",1804,150,100,62,1,68,3,0,0,0,0,0,0,0,0,0,0
70,8,"B",1845,0,100,62,2,68,3,0,0,0,0,0,0,0,0,0,0
70,9,"B",1081,0,100,62,2,68,3,0,0,0,0,0,0,0,0,0,0
70,10,"B",2306,0,100,62,2,68,3,-1,2,1,1,-1,-1,-2,-2,-2,1
70,11,"B",2149,0,100,62,2,68,3,0,0,0,0,0,0,0,0,0,0
70,12,"C",2385,0,50,62,3,68,3,0,0,0,0,0,0,0,0,0,0
70,13,"B",1304,0,100,62,2,68,3,0,0,0,0,0,0,0,0,0,0
70,14,"B",1977,0,100,62,2,68,3,0,0,0,0,0,0,0,0,0,0
70,15,"D",1755,0,50,62,4,68,3,0,0,0,0,0,0,0,0,0,0
70,16,"B",1157,1250,100,62,2,68,3,0,0,0,0,0,0,0,0,0,0
70,17,"C",1021,50,50,62,3,68,3,0,0,0,0,0,0,0,0,0,0
70,18,"D",1795,0,50,62,4,68,3,0,0,0,0,0,0,0,0,0,0
70,19,"D",1187,0,50,62,4,68,3,0,0,0,0,0,0,0,0,0,0
70,20,"A",2378,0,100,62,1,68,3,0,-1,1,1,1,1,-1,0,-2,1
70,21,"A",2396,300,100,62,1,68,3,0,0,0,0,0,0,0,0,0,0
70,22,"D",917,0,50,62,4,68,3,0,0,0,0,0,0,0,0,0,0
70,23,"D",1622,0,50,62,4,68,3,0,0,0,0,0,0,0,0,0,0
70,24,"C",990,0,50,62,3,68,3,0,0,0,0,0,0,0,0,0,0
70,25,"D",972,0,50,62,4,68,3,0,0,0,0,0,0,0,0,0,0
70,26,"D",1671,0,50,62,4,68,3,0,0,0,0,0,0,0,0,0,0
70,27,"D",1246,0,50,62,4,68,3,0,0,0,0,0,0,0,0,0,0
70,28,"C",1574,50,50,62,3,68,3,0,0,0,0,0,0,0,0,0,0
70,29,"D",1433,250,50,62,4,68,3,0,0,0,0,0,0,0,0,0,0
70,30,"B",2960,0,100,62,2,68,3,0,0,0,-1,-1,1,-2,0,-2,1
70,31,"C",3251,0,50,62,3,68,3,0,0,0,0,0,0,0,0,0,0
70,32,"D",3097,0,50,62,4,68,3,0,0,0,0,0,0,0,0,0,0
70,33,"C",1584,50,50,62,3,68,3,0,0,0,0,0,0,0,0,0,0
70,34,"A",1982,0,100,62,1,68,3,0,0,0,0,0,0,0,0,0,0
70,35,"C",1556,0,50,62,3,68,3,0,0,0,0,0,0,0,0,0,0
70,36,"D",2564,0,50,62,4,68,3,0,0,0,0,0,0,0,0,0,0
70,37,"B",1385,0,100,62,2,68,3,0,0,0,0,0,0,0,0,0,0
70,38,"C",1103,50,50,62,3,68,3,0,0,0,0,0,0,0,0,0,0
70,39,"D",1292,0,50,62,4,68,3,0,0,0,0,0,0,0,0,0,0
70,40,"D",1407,0,50,62,4,68,3,0,0,0,1,2,1,-1,-1,-3,1
70,41,"A",3537,200,100,62,1,68,3,0,0,0,0,0,0,0,0,0,0
70,42,"D",1533,0,50,62,4,68,3,0,0,0,0,0,0,0,0,0,0
70,43,"B",1188,0,100,62,2,68,3,0,0,0,0,0,0,0,0,0,0
70,44,"C",1190,50,50,62,3,68,3,0,0,0,0,0,0,0,0,0,0
70,45,"D",1132,0,50,62,4,68,3,0,0,0,0,0,0,0,0,0,0
70,46,"D",1824,0,50,62,4,68,3,0,0,0,0,0,0,0,0,0,0
70,47,"A",1270,0,100,62,1,68,3,0,0,0,0,0,0,0,0,0,0
70,48,"D",1625,0,50,62,4,68,3,0,0,0,0,0,0,0,0,0,0
70,49,"D",1455,0,50,62,4,68,3,0,0,0,0,0,0,0,0,0,0
70,50,"A",891,250,100,62,1,68,3,-1,0,0,1,0,1,-2,-2,-2,1
70,51,"A",3102,350,100,62,1,68,3,0,0,0,0,0,0,0,0,0,0
70,52,"B",1429,0,100,62,2,68,3,0,0,0,0,0,0,0,0,0,0
70,53,"D",1202,250,50,62,4,68,3,0,0,0,0,0,0,0,0,0,0
70,54,"B",971,1250,100,62,2,68,3,0,0,0,0,0,0,0,0,0,0
70,55,"D",854,0,50,62,4,68,3,0,0,0,0,0,0,0,0,0,0
70,56,"D",1162,0,50,62,4,68,3,0,0,0,0,0,0,0,0,0,0
70,57,"A",1620,0,100,62,1,68,3,0,0,0,0,0,0,0,0,0,0
70,58,"D",901,0,50,62,4,68,3,0,0,0,0,0,0,0,0,0,0
70,59,"D",1435,0,50,62,4,68,3,0,0,0,0,0,0,0,0,0,0
70,60,"C",2068,0,50,62,3,68,3,-1,0,0,-1,0,1,-3,1,-2,1
70,61,"D",2268,0,50,62,4,68,3,0,0,0,0,0,0,0,0,0,0
70,62,"C",2514,25,50,62,3,68,3,0,0,0,0,0,0,0,0,0,0
70,63,"D",1432,0,50,62,4,68,3,0,0,0,0,0,0,0,0,0,0
70,64,"C",1313,75,50,62,3,68,3,0,0,0,0,0,0,0,0,0,0
70,65,"C",882,0,50,62,3,68,3,0,0,0,0,0,0,0,0,0,0
70,66,"C",930,0,50,62,3,68,3,0,0,0,0,0,0,0,0,0,0
70,67,"C",1461,0,50,62,3,68,3,0,0,0,0,0,0,0,0,0,0
70,68,"D",1340,0,50,62,4,68,3,0,0,0,0,0,0,0,0,0,0
70,69,"D",1309,0,50,62,4,68,3,0,0,0,0,0,0,0,0,0,0
70,70,"B",1445,0,100,62,2,68,3,0,0,0,0,2,2,-1,1,-2,1
70,71,"D",2276,250,50,62,4,68,3,0,0,0,0,0,0,0,0,0,0
70,72,"C",1102,25,50,62,3,68,3,0,0,0,0,0,0,0,0,0,0
70,73,"C",820,75,50,62,3,68,3,0,0,0,0,0,0,0,0,0,0
70,74,"B",782,0,100,62,2,68,3,0,0,0,0,0,0,0,0,0,0
70,75,"C",1244,0,50,62,3,68,3,0,0,0,0,0,0,0,0,0,0
70,76,"C",965,50,50,62,3,68,3,0,0,0,0,0,0,0,0,0,0
70,77,"D",1182,0,50,62,4,68,3,0,0,0,0,0,0,0,0,0,0
70,78,"D",1251,0,50,62,4,68,3,0,0,0,0,0,0,0,0,0,0
70,79,"A",1937,350,100,62,1,68,3,0,0,0,0,0,0,0,0,0,0
70,80,"D",952,0,50,62,4,68,3,-1,0,1,0,1,2,-2,1,-2,1
70,81,"B",3097,0,100,62,2,68,3,0,0,0,0,0,0,0,0,0,0
70,82,"C",1302,0,50,62,3,68,3,0,0,0,0,0,0,0,0,0,0
70,83,"C",1220,0,50,62,3,68,3,0,0,0,0,0,0,0,0,0,0
70,84,"B",1278,0,100,62,2,68,3,0,0,0,0,0,0,0,0,0,0
70,85,"C",1018,0,50,62,3,68,3,0,0,0,0,0,0,0,0,0,0
70,86,"D",968,0,50,62,4,68,3,0,0,0,0,0,0,0,0,0,0
70,87,"C",1267,50,50,62,3,68,3,0,0,0,0,0,0,0,0,0,0
70,88,"C",1073,25,50,62,3,68,3,0,0,0,0,0,0,0,0,0,0
70,89,"C",783,50,50,62,3,68,3,0,0,0,0,0,0,0,0,0,0
70,90,"B",1296,0,100,62,2,68,3,-2,1,2,0,0,1,-2,1,-2,1
70,91,"C",1932,0,50,62,3,68,3,0,0,0,0,0,0,0,0,0,0
70,92,"D",1416,0,50,62,4,68,3,0,0,0,0,0,0,0,0,0,0
70,93,"C",1307,0,50,62,3,68,3,0,0,0,0,0,0,0,0,0,0
70,94,"C",961,75,50,62,3,68,3,0,0,0,0,0,0,0,0,0,0
70,95,"C",937,50,50,62,3,68,3,0,0,0,0,0,0,0,0,0,0
70,96,"B",1381,0,100,62,2,68,3,0,0,0,0,0,0,0,0,0,0
70,97,"C",797,0,50,62,3,68,3,0,0,0,0,0,0,0,0,0,0
70,98,"C",1462,0,50,62,3,68,3,0,0,0,0,0,0,0,0,0,0
70,99,"D",1156,250,50,62,4,68,3,0,0,0,0,0,0,0,0,0,0
70,100,"C",1213,0,50,62,3,68,3,-1,1,1,-1,-1,1,-2,1,-2,1
71,1,"C",2339,0,50,63,3,72,3,0,0,0,0,0,0,0,0,0,0
71,2,"D",1788,0,50,63,4,72,3,0,0,0,0,0,0,0,0,0,0
71,3,"D",914,0,50,63,4,72,3,0,0,0,0,0,0,0,0,0,0
71,4,"D",1731,0,50,63,4,72,3,0,0,0,0,0,0,0,0,0,0
71,5,"C",2239,0,50,63,3,72,3,0,0,0,0,0,0,0,0,0,0
71,6,"D",679,0,50,63,4,72,3,0,0,0,0,0,0,0,0,0,0
71,7,"D",5362,0,50,63,4,72,3,0,0,0,0,0,0,0,0,0,0
71,8,"D",880,0,50,63,4,72,3,0,0,0,0,0,0,0,0,0,0
71,9,"B",1216,0,100,63,2,72,3,0,0,0,0,0,0,0,0,0,0
71,10,"A",899,0,100,63,1,72,3,3,3,1,1,3,3,-2,-2,-1,1
71,11,"B",2374,0,100,63,2,72,3,0,0,0,0,0,0,0,0,0,0
71,12,"A",501,0,100,63,1,72,3,0,0,0,0,0,0,0,0,0,0
71,13,"B",796,0,100,63,2,72,3,0,0,0,0,0,0,0,0,0,0
71,14,"D",2981,0,50,63,4,72,3,0,0,0,0,0,0,0,0,0,0
71,15,"B",452,0,100,63,2,72,3,0,0,0,0,0,0,0,0,0,0
71,16,"B",986,0,100,63,2,72,3,0,0,0,0,0,0,0,0,0,0
71,17,"B",839,0,100,63,2,72,3,0,0,0,0,0,0,0,0,0,0
71,18,"B",784,0,100,63,2,72,3,0,0,0,0,0,0,0,0,0,0
71,19,"A",542,150,100,63,1,72,3,0,0,0,0,0,0,0,0,0,0
71,20,"B",788,0,100,63,2,72,3,-4,4,1,3,4,3,-2,-2,0,1
71,21,"B",3077,1250,100,63,2,72,3,0,0,0,0,0,0,0,0,0,0
71,22,"C",2946,50,50,63,3,72,3,0,0,0,0,0,0,0,0,0,0
71,23,"D",4968,0,50,63,4,72,3,0,0,0,0,0,0,0,0,0,0
71,24,"D",669,0,50,63,4,72,3,0,0,0,0,0,0,0,0,0,0
71,25,"D",667,250,50,63,4,72,3,0,0,0,0,0,0,0,0,0,0
71,26,"A",6112,0,100,63,1,72,3,0,0,0,0,0,0,0,0,0,0
71,27,"A",909,300,100,63,1,72,3,0,0,0,0,0,0,0,0,0,0
71,28,"D",15569,0,50,63,4,72,3,0,0,0,0,0,0,0,0,0,0
71,29,"D",8713,0,50,63,4,72,3,0,0,0,0,0,0,0,0,0,0
71,30,"B",8941,0,100,63,2,72,3,0,0,-2,-2,0,4,2,2,2,1
71,31,"B",2155,0,100,63,2,72,3,0,0,0,0,0,0,0,0,0,0
71,32,"B",666,0,100,63,2,72,3,0,0,0,0,0,0,0,0,0,0
71,33,"B",752,0,100,63,2,72,3,0,0,0,0,0,0,0,0,0,0
71,34,"B",469,1250,100,63,2,72,3,0,0,0,0,0,0,0,0,0,0
71,35,"D",4563,0,50,63,4,72,3,0,0,0,0,0,0,0,0,0,0
71,36,"D",3309,0,50,63,4,72,3,0,0,0,0,0,0,0,0,0,0
71,37,"D",539,0,50,63,4,72,3,0,0,0,0,0,0,0,0,0,0
71,38,"D",822,0,50,63,4,72,3,0,0,0,0,0,0,0,0,0,0
71,39,"D",1156,0,50,63,4,72,3,0,0,0,0,0,0,0,0,0,0
71,40,"D",821,0,50,63,4,72,3,-2,-3,-1,2,1,4,-1,0,2,1
71,41,"D",1697,0,50,63,4,72,3,0,0,0,0,0,0,0,0,0,0
71,42,"D",570,250,50,63,4,72,3,0,0,0,0,0,0,0,0,0,0
71,43,"D",16396,0,50,63,4,72,3,0,0,0,0,0,0,0,0,0,0
71,44,"A",4097,0,100,63,1,72,3,0,0,0,0,0,0,0,0,0,0
71,45,"A",878,200,100,63,1,72,3,0,0,0,0,0,0,0,0,0,0
71,46,"A",941,0,100,63,1,72,3,0,0,0,0,0,0,0,0,0,0
71,47,"A",460,250,100,63,1,72,3,0,0,0,0,0,0,0,0,0,0
71,48,"C",3284,0,50,63,3,72,3,0,0,0,0,0,0,0,0,0,0
71,49,"C",790,50,50,63,3,72,3,0,0,0,0,0,0,0,0,0,0
71,50,"C",508,0,50,63,3,72,3,-3,-4,0,-2,1,3,0,2,2,1
71,51,"C",2790,50,50,63,3,72,3,0,0,0,0,0,0,0,0,0,0
71,52,"B",3329,0,100,63,2,72,3,0,0,0,0,0,0,0,0,0,0
71,53,"B",798,0,100,63,2,72,3,0,0,0,0,0,0,0,0,0,0
71,54,"B",1358,0,100,63,2,72,3,0,0,0,0,0,0,0,0,0,0
71,55,"B",1026,0,100,63,2,72,3,0,0,0,0,0,0,0,0,0,0
71,56,"C",767,0,50,63,3,72,3,0,0,0,0,0,0,0,0,0,0
71,57,"C",743,50,50,63,3,72,3,0,0,0,0,0,0,0,0,0,0
71,58,"B",3360,0,100,63,2,72,3,0,0,0,0,0,0,0,0,0,0
71,59,"C",613,50,50,63,3,72,3,0,0,0,0,0,0,0,0,0,0
71,60,"C",863,0,50,63,3,72,3,0,0,2,-2,0,4,0,1,3,1
71,61,"C",3829,25,50,63,3,72,3,0,0,0,0,0,0,0,0,0,0
71,62,"C",852,75,50,63,3,72,3,0,0,0,0,0,0,0,0,0,0
71,63,"C",536,0,50,63,3,72,3,0,0,0,0,0,0,0,0,0,0
71,64,"C",460,0,50,63,3,72,3,0,0,0,0,0,0,0,0,0,0
71,65,"C",1104,0,50,63,3,72,3,0,0,0,0,0,0,0,0,0,0
71,66,"C",734,25,50,63,3,72,3,0,0,0,0,0,0,0,0,0,0
71,67,"C",633,75,50,63,3,72,3,0,0,0,0,0,0,0,0,0,0
71,68,"C",662,0,50,63,3,72,3,0,0,0,0,0,0,0,0,0,0
71,69,"C",775,50,50,63,3,72,3,0,0,0,0,0,0,0,0,0,0
71,70,"C",682,0,50,63,3,72,3,0,0,3,-1,0,4,1,0,2,1
71,71,"C",731,0,50,63,3,72,3,0,0,0,0,0,0,0,0,0,0
71,72,"C",550,0,50,63,3,72,3,0,0,0,0,0,0,0,0,0,0
71,73,"C",891,50,50,63,3,72,3,0,0,0,0,0,0,0,0,0,0
71,74,"C",630,25,50,63,3,72,3,0,0,0,0,0,0,0,0,0,0
71,75,"C",559,50,50,63,3,72,3,0,0,0,0,0,0,0,0,0,0
71,76,"C",640,0,50,63,3,72,3,0,0,0,0,0,0,0,0,0,0
71,77,"C",839,0,50,63,3,72,3,0,0,0,0,0,0,0,0,0,0
71,78,"C",744,75,50,63,3,72,3,0,0,0,0,0,0,0,0,0,0
71,79,"C",702,50,50,63,3,72,3,0,0,0,0,0,0,0,0,0,0
71,80,"C",438,0,50,63,3,72,3,0,0,4,0,0,4,-1,0,0,1
71,81,"C",1403,0,50,63,3,72,3,0,0,0,0,0,0,0,0,0,0
71,82,"C",521,0,50,63,3,72,3,0,0,0,0,0,0,0,0,0,0
71,83,"C",513,25,50,63,3,72,3,0,0,0,0,0,0,0,0,0,0
71,84,"C",583,25,50,63,3,72,3,0,0,0,0,0,0,0,0,0,0
71,85,"C",480,0,50,63,3,72,3,0,0,0,0,0,0,0,0,0,0
71,86,"C",663,75,50,63,3,72,3,0,0,0,0,0,0,0,0,0,0
71,87,"C",573,0,50,63,3,72,3,0,0,0,0,0,0,0,0,0,0
71,88,"C",592,50,50,63,3,72,3,0,0,0,0,0,0,0,0,0,0
71,89,"C",519,75,50,63,3,72,3,0,0,0,0,0,0,0,0,0,0
71,90,"C",929,0,50,63,3,72,3,0,0,4,0,0,0,2,0,-2,1
71,91,"C",950,0,50,63,3,72,3,0,0,0,0,0,0,0,0,0,0
71,92,"C",694,50,50,63,3,72,3,0,0,0,0,0,0,0,0,0,0
71,93,"C",545,0,50,63,3,72,3,0,0,0,0,0,0,0,0,0,0
71,94,"C",783,50,50,63,3,72,3,0,0,0,0,0,0,0,0,0,0
71,95,"C",461,0,50,63,3,72,3,0,0,0,0,0,0,0,0,0,0
71,96,"C",848,50,50,63,3,72,3,0,0,0,0,0,0,0,0,0,0
71,97,"C",601,0,50,63,3,72,3,0,0,0,0,0,0,0,0,0,0
71,98,"C",560,50,50,63,3,72,3,0,0,0,0,0,0,0,0,0,0
71,99,"C",1033,50,50,63,3,72,3,0,0,0,0,0,0,0,0,0,0
71,100,"C",506,0,50,63,3,72,3,0,0,4,0,0,0,3,0,-4,1
171,1,"A",2204,0,100,64,1,39,1,0,0,0,0,0,0,0,0,0,0
171,2,"D",3925,0,50,64,4,39,1,0,0,0,0,0,0,0,0,0,0
171,3,"B",2126,0,100,64,2,39,1,0,0,0,0,0,0,0,0,0,0
171,4,"C",1663,0,50,64,3,39,1,0,0,0,0,0,0,0,0,0,0
171,5,"D",1632,0,50,64,4,39,1,0,0,0,0,0,0,0,0,0,0
171,6,"B",969,0,100,64,2,39,1,0,0,0,0,0,0,0,0,0,0
171,7,"B",2180,0,100,64,2,39,1,0,0,0,0,0,0,0,0,0,0
171,8,"A",1688,0,100,64,1,39,1,0,0,0,0,0,0,0,0,0,0
171,9,"C",731,0,50,64,3,39,1,0,0,0,0,0,0,0,0,0,0
171,10,"D",1655,0,50,64,4,39,1,0,2,2,3,-3,2,2,3,-3,1
171,11,"A",1127,150,100,64,1,39,1,0,0,0,0,0,0,0,0,0,0
171,12,"D",932,0,50,64,4,39,1,0,0,0,0,0,0,0,0,0,0
171,13,"B",751,0,100,64,2,39,1,0,0,0,0,0,0,0,0,0,0
171,14,"C",965,50,50,64,3,39,1,0,0,0,0,0,0,0,0,0,0
171,15,"D",513,0,50,64,4,39,1,0,0,0,0,0,0,0,0,0,0
171,16,"B",1215,0,100,64,2,39,1,0,0,0,0,0,0,0,0,0,0
171,17,"D",881,0,50,64,4,39,1,0,0,0,0,0,0,0,0,0,0
171,18,"B",946,0,100,64,2,39,1,0,0,0,0,0,0,0,0,0,0
171,19,"B",800,0,100,64,2,39,1,0,0,0,0,0,0,0,0,0,0
171,20,"D",763,0,50,64,4,39,1,-3,3,-3,1,2,3,4,1,-2,1
171,21,"A",2332,0,100,64,1,39,1,0,0,0,0,0,0,0,0,0,0
171,22,"C",733,0,50,64,3,39,1,0,0,0,0,0,0,0,0,0,0
171,23,"A",454,300,100,64,1,39,1,0,0,0,0,0,0,0,0,0,0
171,24,"B",826,0,100,64,2,39,1,0,0,0,0,0,0,0,0,0,0
171,25,"D",680,0,50,64,4,39,1,0,0,0,0,0,0,0,0,0,0
171,26,"A",681,0,100,64,1,39,1,0,0,0,0,0,0,0,0,0,0
171,27,"C",564,50,50,64,3,39,1,0,0,0,0,0,0,0,0,0,0
171,28,"A",1141,200,100,64,1,39,1,0,0,0,0,0,0,0,0,0,0
171,29,"D",783,0,50,64,4,39,1,0,0,0,0,0,0,0,0,0,0
171,30,"A",789,0,100,64,1,39,1,0,0,0,0,0,-2,-2,0,-4,1
171,31,"B",4692,1250,100,64,2,39,1,0,0,0,0,0,0,0,0,0,0
171,32,"D",625,250,50,64,4,39,1,0,0,0,0,0,0,0,0,0,0
171,33,"A",663,250,100,64,1,39,1,0,0,0,0,0,0,0,0,0,0
171,34,"B",480,0,100,64,2,39,1,0,0,0,0,0,0,0,0,0,0
171,35,"D",672,0,50,64,4,39,1,0,0,0,0,0,0,0,0,0,0
171,36,"A",1229,350,100,64,1,39,1,0,0,0,0,0,0,0,0,0,0
171,37,"B",707,0,100,64,2,39,1,0,0,0,0,0,0,0,0,0,0
171,38,"B",1042,0,100,64,2,39,1,0,0,0,0,0,0,0,0,0,0
171,39,"B",1213,0,100,64,2,39,1,0,0,0,0,0,0,0,0,0,0
171,40,"B",1095,1250,100,64,2,39,1,0,-3,0,0,0,4,1,0,-1,1
171,41,"D",523,0,50,64,4,39,1,0,0,0,0,0,0,0,0,0,0
171,42,"A",654,0,100,64,1,39,1,0,0,0,0,0,0,0,0,0,0
171,43,"B",744,0,100,64,2,39,1,0,0,0,0,0,0,0,0,0,0
171,44,"C",1038,0,50,64,3,39,1,0,0,0,0,0,0,0,0,0,0
171,45,"A",855,350,100,64,1,39,1,0,0,0,0,0,0,0,0,0,0
171,46,"A",1515,0,100,64,1,39,1,0,0,0,0,0,0,0,0,0,0
171,47,"A",1044,250,100,64,1,39,1,0,0,0,0,0,0,0,0,0,0
171,48,"A",259,200,100,64,1,39,1,0,0,0,0,0,0,0,0,0,0
171,49,"D",686,0,50,64,4,39,1,0,0,0,0,0,0,0,0,0,0
171,50,"B",711,0,100,64,2,39,1,-3,1,0,0,3,2,-3,0,-1,1
171,51,"D",896,0,50,64,4,39,1,0,0,0,0,0,0,0,0,0,0
171,52,"B",747,0,100,64,2,39,1,0,0,0,0,0,0,0,0,0,0
171,53,"C",833,50,50,64,3,39,1,0,0,0,0,0,0,0,0,0,0
171,54,"B",338,0,100,64,2,39,1,0,0,0,0,0,0,0,0,0,0
171,55,"B",2404,0,100,64,2,39,1,0,0,0,0,0,0,0,0,0,0
171,56,"D",862,0,50,64,4,39,1,0,0,0,0,0,0,0,0,0,0
171,57,"B",932,0,100,64,2,39,1,0,0,0,0,0,0,0,0,0,0
171,58,"B",1143,1250,100,64,2,39,1,0,0,0,0,0,0,0,0,0,0
171,59,"D",1965,0,50,64,4,39,1,0,0,0,0,0,0,0,0,0,0
171,60,"D",1085,0,50,64,4,39,1,-1,-3,0,3,1,4,1,4,0,1
171,61,"A",2319,0,100,64,1,39,1,0,0,0,0,0,0,0,0,0,0
171,62,"A",783,300,100,64,1,39,1,0,0,0,0,0,0,0,0,0,0
171,63,"D",573,0,50,64,4,39,1,0,0,0,0,0,0,0,0,0,0
171,64,"B",795,0,100,64,2,39,1,0,0,0,0,0,0,0,0,0,0
171,65,"C",812,0,50,64,3,39,1,0,0,0,0,0,0,0,0,0,0
171,66,"D",810,0,50,64,4,39,1,0,0,0,0,0,0,0,0,0,0
171,67,"B",703,0,100,64,2,39,1,0,0,0,0,0,0,0,0,0,0
171,68,"B",845,0,100,64,2,39,1,0,0,0,0,0,0,0,0,0,0
171,69,"C",574,50,50,64,3,39,1,0,0,0,0,0,0,0,0,0,0
171,70,"B",873,0,100,64,2,39,1,-3,2,2,2,2,1,2,2,0,1
171,71,"A",1604,150,100,64,1,39,1,0,0,0,0,0,0,0,0,0,0
171,72,"D",467,250,50,64,4,39,1,0,0,0,0,0,0,0,0,0,0
171,73,"D",467,0,50,64,4,39,1,0,0,0,0,0,0,0,0,0,0
171,74,"B",1112,0,100,64,2,39,1,0,0,0,0,0,0,0,0,0,0
171,75,"C",582,50,50,64,3,39,1,0,0,0,0,0,0,0,0,0,0
171,76,"B",732,0,100,64,2,39,1,0,0,0,0,0,0,0,0,0,0
171,77,"B",719,0,100,64,2,39,1,0,0,0,0,0,0,0,0,0,0
171,78,"D",827,0,50,64,4,39,1,0,0,0,0,0,0,0,0,0,0
171,79,"B",778,0,100,64,2,39,1,0,0,0,0,0,0,0,0,0,0
171,80,"B",798,0,100,64,2,39,1,-3,3,0,0,3,4,2,0,0,1
171,81,"D",1120,0,50,64,4,39,1,0,0,0,0,0,0,0,0,0,0
171,82,"B",461,0,100,64,2,39,1,0,0,0,0,0,0,0,0,0,0
171,83,"B",862,1250,100,64,2,39,1,0,0,0,0,0,0,0,0,0,0
171,84,"B",764,0,100,64,2,39,1,0,0,0,0,0,0,0,0,0,0
171,85,"D",740,0,50,64,4,39,1,0,0,0,0,0,0,0,0,0,0
171,86,"B",825,0,100,64,2,39,1,0,0,0,0,0,0,0,0,0,0
171,87,"D",994,0,50,64,4,39,1,0,0,0,0,0,0,0,0,0,0
171,88,"B",728,0,100,64,2,39,1,0,0,0,0,0,0,0,0,0,0
171,89,"D",611,0,50,64,4,39,1,0,0,0,0,0,0,0,0,0,0
171,90,"B",831,0,100,64,2,39,1,0,3,0,3,-4,4,-4,4,1,1
171,91,"A",248,0,100,64,1,39,1,0,0,0,0,0,0,0,0,0,0
171,92,"C",611,0,50,64,3,39,1,0,0,0,0,0,0,0,0,0,0
171,93,"A",774,0,100,64,1,39,1,0,0,0,0,0,0,0,0,0,0
171,94,"C",851,25,50,64,3,39,1,0,0,0,0,0,0,0,0,0,0
171,95,"A",1327,0,100,64,1,39,1,0,0,0,0,0,0,0,0,0,0
171,96,"B",456,0,100,64,2,39,1,0,0,0,0,0,0,0,0,0,0
171,97,"D",763,0,50,64,4,39,1,0,0,0,0,0,0,0,0,0,0
171,98,"B",571,0,100,64,2,39,1,0,0,0,0,0,0,0,0,0,0
171,99,"A",654,300,100,64,1,39,1,0,0,0,0,0,0,0,0,0,0
171,100,"B",1649,0,100,64,2,39,1,-1,2,0,2,1,1,-2,1,0,1
