"id","anticip_scr","outcome_scr","Trial"
1,0.0238348860239427,0.042820217236998,1
1,0.00198371812875358,0.000567910869414101,2
1,0.00151838630017417,0.000766396091075697,3
1,0.000182463511006601,0.000210793515809335,4
1,0.000235344545,0.000216594656135458,5
1,0.000270847597511177,0.00030267693123138,6
1,0.00709792046592366,0.0040208812523658,7
1,0.000726515894055375,0.00176443664418327,8
1,0.00268298114397059,0.00202962163789841,9
1,0.000507454368082192,0.000299653894795613,10
1,0.00132233234837607,0.000357694653856859,11
1,0.000381907867299145,0.000315485776792453,12
1,0.000641836761741071,0.000310900868594217,13
1,0.000400246633236364,0.000484251028247012,14
1,0.000114708109491803,0.000274713064153386,15
1,0.000166159912573402,0.00149945273389831,16
1,0.000292719004739677,0.000186924818857994,17
1,0.00018206300036,0.000208021030973188,18
1,0.000279874342289157,0.000128607686474104,19
1,0.000124506556651652,0.000280391485447316,20
1,0.000629634172386635,0.000281336233758724,21
1,0.000662983213556701,0.00173203046960159,22
1,0.000784985396075036,0.00022235185583499,23
1,0.000137445690630915,0.000185169903210369,24
1,0.000318934393311037,0.000156198193409543,25
1,0.000102558542724196,0.00108609159679245,26
1,0.000289795695971731,0.000500471881145418,27
1,0.000137370729884298,0.000183318766583665,28
1,8.10341012345679e-05,0.000348306839533267,29
1,0.0002499836123297,0.000408465543456175,30
1,0.000638768077298851,0.000188767513784861,31
1,0.000218900908305085,0.000301708034131082,32
1,0.000395106790245098,0.000165848559032901,33
1,0.000123748211572438,0.000217744203118173,34
1,0.000356340241320755,0.000295189304252988,35
1,0.00110634581197694,0.000969494166971202,36
1,0.00020606120740625,0.00014277633190239,37
1,0.000673869874709898,0.000792134446673287,38
1,0.000358185253358396,0.000413473577649402,39
1,0.000710920889562399,0.00093792031448858,40
1,0.00134052755776371,0.00461544096670308,41
1,0.000658951946560345,0.00130618065332671,42
1,0.00168201078646248,0.000488273684561753,43
1,0.000200653064397993,0.000390101566908549,44
1,0.00091316463641196,0.00297463468761668,45
1,0.00108271899847765,0.000159378296421471,46
1,9.36919880994671e-05,0.000405426273399602,47
1,0.000391822046503704,0.000336516022549801,48
1,0.000247770145272727,0.000292026981215139,49
1,0.00175157009665722,0.000258130917435388,50
1,0.000465706922772277,0.00162833821595229,51
1,0.000107805175616667,0.00014070080693148,52
1,0.000236275868407461,0.000540464769582505,53
1,0.000151901947649007,0.00014990860686255,54
1,0.00050297416041847,0.00041879182945328,55
1,0.000143351327236181,0.000408664588588469,56
1,0.000253282467025723,0.000607271598545817,57
1,0.000133110826226415,0.00011537775374502,58
1,0.000110484782338569,0.00105727223113546,59
1,0.000132285584758497,0.000283572821719682,60
1,0.00016746271957162,0.0005303727832572,61
1,0.000182870067296786,0.00131217857511928,62
1,0.000816928461827411,0.000715555274806356,63
1,0.000145403032671353,0.0001622304812749,64
1,0.000263517071487179,0.000383081625437376,65
1,0.000151297019909366,0.00036828985936255,66
1,0.000170449476917058,0.000403937661942231,67
1,0.000175725386337209,9.90536456673307e-05,68
1,0.000169775736884735,0.000148083226819085,69
1,9.0585946619965e-05,0.000199244942659363,70
1,0.000217912940037129,0.000141440743071571,71
1,0.000119243861762918,0.000174239767962114,72
1,0.000371995470211268,0.000201907473914343,73
1,0.000149859284117647,0.000130197821133201,74
1,0.000115398425231023,0.000133609263037849,75
1,0.00016078934141136,0.000141913118344965,76
1,0.000231362551185841,0.000130113284800797,77
1,0.00019255396061157,0.00098200489187251,78
1,0.000250258554968944,0.000127530105457256,79
1,0.000189499251844784,0.000538077214781312,80
1,0.000274549318820404,0.000704841177087475,81
1,0.00018931685955516,0.000436788344143426,82
1,0.000649966422092257,0.000215060603658052,83
1,0.000193961663110307,0.000172778459900398,84
1,0.000692164152727273,0.00139856688199203,85
1,0.000258977368370968,0.000271531014970179,86
1,0.000282295215794521,0.000202661732539841,87
1,0.00021985479379562,0.000410787156782869,88
1,0.00114176796359066,0.00178963017486056,89
1,0.000361711662289157,0.000722648879541833,90
1,0.00019421165965798,0.000346083832310757,91
1,0.000535013815,0.000188599322154916,92
1,0.000155286890423573,0.000218598040717131,93
1,0.000765187199479675,0.000913903913227408,94
1,0.000537059628963964,0.000276873231153082,95
1,0.000890518091902516,0.000136509267914598,96
1,0.000268642854401349,0.000157864075039841,97
1,0.000107313348471761,0.00136731416021847,98
1,0.00283990883723906,0.00109409184151093,99
1,0.000299668293333333,0.000378075906331007,100
3,0.0339153187882625,0.00836842057253479,1
3,0.0153972989091653,0.0159715962676143,2
3,0.00197051072489796,0.000711179358715706,3
3,0.00179233195232929,0.00145147427702191,4
3,0.000465949713583916,0.000603750800158888,5
3,0.00159996810379747,0.000771652564003984,6
3,0.0014078209329877,0.00128091913346918,7
3,0.00401716158868421,0.000624005591281033,8
3,0.00353163314558233,0.000881285062131474,9
3,0.000608856940740741,0.00585346011811133,10
3,0.0101544695049938,0.0124750713077137,11
3,0.0139623766941653,0.00284376949372393,12
3,0.000407197437833656,0.0109460008050797,13
3,0.0179472543201296,0.0012315740117992,14
3,0.000459978750304182,0.00211305377429423,15
3,0.00037321000524,0.00159092240271372,16
3,0.00252211709213333,0.00139620637318725,17
3,0.000193971880457256,0.000662572563389662,18
3,0.00219127226840551,0.00172976597902584,19
3,0.000360180482007366,0.000776218333946322,20
3,0.000293388042317627,0.000403703874790837,21
3,0.0122596119148962,0.00344999966486594,22
3,0.0130307817849222,0.00198114303629113,23
3,0.000302795893020258,0.0114339856401789,24
3,0.000708203932149533,0.00135024594750497,25
3,0.000746362267709924,0.000751884422908367,26
3,0.000991204181956947,0.000388898763604767,27
3,0.00066066321275,0.00419223715091633,28
3,0.000549809393083942,0.000461151429255467,29
3,0.00102744549144304,0.000596257106829026,30
3,0.00273685812892272,0.00241332920985045,31
3,0.0029509503804078,0.00219886014491559,32
3,0.0114568330230755,0.00506056156884692,33
3,0.00781425470307002,0.00180536744500497,34
3,0.000820867065361217,0.000906584592462612,35
3,0.00100177470434615,0.000240669036792829,36
3,0.000347195719844358,0.00706451078948361,37
3,0.00134557793522863,0.000497878506928429,38
3,0.000416217082752809,0.000817668005587649,39
3,0.00020014469500994,0.0006412537783714,40
3,0.00193175729135747,0.0152267563906561,41
3,0.0216997673067643,0.00373923274630586,42
3,0.00143673859425891,0.000407875516145418,43
3,0.0174536421326504,0.00280654686188247,44
3,0.00107010305986,0.00118545150378486,45
3,0.000506842022273568,0.000273825338874502,46
3,0.000300627373806818,0.000384041131370407,47
3,0.0017453332476779,0.00814981066705179,48
3,0.0100836218570812,0.0150593912702191,49
3,0.00118442564854281,0.00289100862433267,50
3,0.00895899607160622,0.00911154771924528,51
3,0.0161706807224444,0.000779811716962151,52
3,0.00149482601378571,0.00291953496664343,53
3,0.00867569831943074,0.00616405536214498,54
3,0.000671234708994197,0.00460027559949203,55
3,0.00040079279158,0.000803856065388446,56
3,0.00213975807933682,0.000786491286570577,57
3,0.00104861995497164,0.000391335154492032,58
3,0.000259365396673347,0.000381255328834661,59
3,0.00131398175121157,0.000443404262574553,60
3,0.0149420327590926,0.0020602600116501,61
3,0.00250512016003711,0.0133270262864741,62
3,0.00393890745066414,0.00560176919085487,63
3,0.00370089510651032,0.00169471146925447,64
3,0.00269333690105263,0.00136201696805777,65
3,0.00206061120078153,0.000222381983057769,66
3,0.000579854493346303,0.00156876043857853,67
3,0.00925254787085271,0.00206468028967197,68
3,0.000251311005656371,0.00326572134129482,69
3,0.000996908209964222,0.0013021017915507,70
3,0.0141241159102015,0.00731041301818272,71
3,0.0332282349075217,0.00977897323962151,72
3,0.00218023212245935,0.00127796215209742,73
3,0.00572519004036364,0.00559768619256972,74
3,0.0026924253341896,0.0102034096961715,75
3,0.00107211530079932,0.00231080773769613,76
3,0.0047681366252,0.0029709212972012,77
3,0.00101327159395604,0.00268638396032869,78
3,0.00190408160613971,0.000805679016075697,79
3,0.00228916139575488,0.000342491787743539,80
3,0.0142983994981127,0.00579209334740814,81
3,0.00989547859011345,0.000959728489541833,82
3,0.0107144271594981,0.00280786863571571,83
3,0.00143553378195122,0.000723878629611554,84
3,0.000736035920552486,0.015888547202006,85
3,0.0680077887131972,0.0404193204953586,86
3,0.00384802263659229,0.00178105875176471,87
3,0.00473126307669941,0.00584612588050797,88
3,0.000475237172666667,0.00045226713438247,89
3,0.00220817802766038,0.000717108265243297,90
3,0.0244117979081597,0.00381351602306163,91
3,0.00050034152837037,0.00275290174762661,92
3,0.00267791771585603,0.00513537441482107,93
3,0.00176791522384615,0.00196723917016932,94
3,0.000375110909712092,0.000720944286848907,95
3,0.00186515921665302,0.00432684465735586,96
3,0.000811151964552846,0.00318478608523904,97
3,0.000285776938355049,0.000350896085633101,98
3,0.00783486030570681,0.00985959487437934,99
3,0.000422670451537002,0.000556373316374502,100
4,0.00316907724344961,0.00114970266408549,1
4,0.000673791728093588,0.00174759281166998,2
4,0.000410684323002364,0.00368011046404786,3
4,0.00114782632735185,0.000841300372989076,4
4,0.00127586731846591,0.00362995216707171,5
4,0.00164065351751389,0.00870163953447865,6
4,0.0248433828246967,0.00559106908572565,7
4,0.00279373916896926,0.00177951500819721,8
4,0.000611903508194444,0.0170451225345962,9
4,0.00394231727081374,0.00588372751466203,10
4,0.00114759780796848,0.00691960760855015,11
4,0.00322042743344144,0.00141408264270916,12
4,0.000648919360375671,0.00156427881506972,13
4,0.000964835583740741,0.00108587895784861,14
4,0.000541123836421725,0.000658742804343936,15
4,0.00213244294880071,0.00141988858798211,16
4,0.00110082986600925,0.00218078399806773,17
4,0.000667087902008879,0.00326038420604187,18
4,0.000854576041762653,0.000707576836266137,19
4,0.000329863942140288,0.000796112698677932,20
4,0.000628923543954802,0.000541455748677932,21
4,0.000591890525743119,0.000840734246573705,22
4,0.000459397629891008,0.00173149421319721,23
4,0.00116171083795956,0.0003513449212749,24
4,0.000735849862407407,0.000751698157978088,25
4,0.000371829549391576,0.00470787903476143,26
4,0.000551374523948598,0.00287564015591633,27
4,0.00277883908476768,0.000638741041994018,28
4,0.000518582949696395,0.00130489164276892,29
4,0.000402804488336347,0.000253433831236291,30
4,0.000573060715892116,0.000932159672027833,31
4,0.000951030686770428,0.00104618507351594,32
4,0.000730097565009671,0.00165077586966203,33
4,0.000819360530457875,0.000984171912296223,34
4,0.00126737593206166,0.000917439150218471,35
4,0.000475751974405594,0.000250509270438684,36
4,0.000409681000138169,0.00396655496573705,37
4,0.00186691380903846,0.000613504679642503,38
4,0.00154800342583774,0.00249174075099602,39
4,0.00437321517202443,0.00141595162927291,40
4,0.0048110029107931,0.00118974115088645,41
4,0.00412033938457232,0.000586718011371769,42
4,0.000256879789659091,0.000585712815104686,43
4,0.000414968845543645,0.00113963054261952,44
4,0.00103009773869707,0.000606874452659363,45
4,0.000217347845761246,0.000374525285796813,46
4,0.000176750287824561,0.000418715353359841,47
4,0.000364288065337302,0.00117699473698207,48
4,0.000385145806528662,0.00199787994685204,49
4,0.00078756757965338,0.000449994249561753,50
4,0.00098735357994941,0.00208784376996016,51
4,0.000676117981386322,0.000379215224662028,52
4,0.00106103556909894,0.00145762669417331,53
4,0.00231114626301954,0.000846381343705179,54
4,0.00122240144662142,0.00403119677739821,55
4,0.000807828666011561,0.000930275324015905,56
4,0.000673235477202925,0.000419030224399206,57
4,0.000292212296112084,0.000563762000069721,58
4,0.00123427713706021,0.000390883499115308,59
4,0.000606650566189736,0.000392765789282869,60
4,0.000306371422350699,0.000404503649701195,61
4,0.00127220708299257,0.000567728628585657,62
4,0.000588593689514238,0.000317010959055666,63
4,0.0002080010272,0.00170072326282869,64
4,0.00016710406223114,0.000371942570148957,65
4,0.000341951711919386,0.000567165222539841,66
4,0.000271487004359375,0.00234782143026892,67
4,0.00153999838639209,0.000676608535433699,68
4,0.000319554198667883,0.000280060134093626,69
4,0.000166844033016949,0.000537807553369781,70
4,0.000771234857001255,0.0011477990285757,71
4,0.000417659618061225,0.000527089528699106,72
4,0.000472962005880218,0.000359354062793241,73
4,0.00228172909953822,0.00586038790894632,74
4,0.000935385969740484,0.000361252856838966,75
4,0.000598972995008913,0.00200270177089374,76
4,0.000257290008039568,0.00121823836916501,77
4,0.00291935017576389,0.00159383641020916,78
4,0.000303883585277778,0.000225231291300894,79
4,0.000297397345948856,0.000358960628528827,80
4,0.00021958085349734,0.000345745344662028,81
4,0.000380147859953198,0.000282125213817097,82
4,0.000189273879209226,0.000373418356752731,83
4,0.000561236126709957,0.000330122004193227,84
4,0.000237140303218954,0.000222809488043694,85
4,0.000189002578754325,0.00113040393365442,86
4,0.000399355511815181,0.000243563749312749,87
4,0.000301612190078864,0.00042210577888335,88
4,0.000103617328723724,0.000233679003446215,89
4,0.000393153764358209,0.000199486526888668,90
4,0.000508025912163309,0.00047337390142006,91
4,0.00981163099134848,0.00852160051375746,92
4,0.000566170805518207,0.000903203954383698,93
4,0.000596145561638177,0.0046864349247012,94
4,0.000673748649630282,0.000552828295153923,95
4,0.000218637737088816,0.00109317247909633,96
4,0.00100064180547138,0.0069232003518345,97
4,0.00309031646325547,0.000750143867229084,98
4,0.008936185939967,0.00490258139916932,99
4,0.00042118124523511,0.0027861152248008,100
5,0.0374510314209386,0.0205604491692354,1
5,0.0177578543248097,0.0111902574445717,2
5,0.0192420604126667,0.0483131035423635,3
5,0.0194430834658219,0.00924264905913347,4
5,0.0279119479954073,0.0187751846933765,5
5,0.0023598439808985,0.0195329405918471,6
5,0.00605178087248855,0.00619904703946322,7
5,0.00596819595846834,0.0142149420883101,8
5,0.0350393179679437,0.0289597124681873,9
5,0.00524951851030651,0.00877403547190855,10
5,0.00339649783519542,0.0127468882644334,11
5,0.0158410066844694,0.0137250756981132,12
5,0.0143137756923019,0.00797508238307769,13
5,0.0408865264953979,0.010427477303575,14
5,0.00998453703444625,0.0627300688844323,15
5,0.013819617209763,0.00645135595767928,16
5,0.014629772820201,0.0431784968500896,17
5,0.00671338625553571,0.0311519079753128,18
5,0.0386975877784097,0.019816568682251,19
5,0.0124981575003329,0.0200981403161569,20
5,0.0107174191918436,0.0679818149350745,21
5,0.0382550769689041,0.0164231698573559,22
5,0.00726463357968595,0.0244851529329891,23
5,0.04662093541953,0.0481217647378187,24
5,0.0658445233834426,0.0223493003297415,25
5,0.0217632448370805,0.0202722148637488,26
5,0.0372307581727145,0.061246893211992,27
5,0.0127644639631369,0.00238829265112215,28
5,0.0107762799844609,0.00613638929018924,29
5,0.00713871764712305,0.0412426007264641,30
5,0.00799337934891791,0.0585427956978088,31
5,0.01541431242875,0.0170390522729084,32
5,0.0131235392642495,0.0118987580011765,33
5,0.0237235314633147,0.0237343314394439,34
5,0.0205026609482149,0.0411216598517032,35
5,0.0185023676931698,0.0374596308635259,36
5,0.010427607878455,0.0536468418633865,37
5,0.0170472903661888,0.0432674030433996,38
5,0.0202528755171429,0.0214959176835948,39
5,0.00378861672365891,0.0285548391504482,40
5,0.015866707558042,0.0308420739120319,41
5,0.0261180664514067,0.0479550227206163,42
5,0.0323870715055508,0.0313361733003187,43
5,0.0157970710773333,0.00860191853015952,44
5,0.00284991298934477,0.0274188794493439,45
5,0.00883303818989601,0.0127085941217629,46
5,0.00138684896075214,0.0134771960912413,47
5,0.0257607538448162,0.0187977250379681,48
5,0.002071251887177,0.0241128127877557,49
5,0.00775543968163174,0.0253240118058292,50
5,0.00527884614781879,0.0492426549264215,51
5,0.0181864747105584,0.0075202316559285,52
5,0.0504495414645954,0.0385621381877359,53
5,0.00980343776856698,0.00639578067113546,54
5,0.0564336228019324,0.0609931400443625,55
5,0.0134538121947917,0.0309427367686395,56
5,0.037661168056107,0.0402461979669192,57
5,0.00324175524183857,0.0111536657810757,58
5,0.00239686859784844,0.00282869596319721,59
5,0.00883194621252187,0.0163990224846215,60
5,0.00464028628948565,0.0162863393891749,61
5,0.00308162939354926,0.021426638539741,62
5,0.0113638914664548,0.00533769847874155,63
5,0.00766771429477509,0.00529268221630219,64
5,0.0109587467055224,0.0201704311632669,65
5,0.0108157089076948,0.00794720177212724,66
5,0.00230528292216524,0.00724591359891326,67
5,0.00125203503001252,0.0192914159133002,68
5,0.03701623642241,0.0158132471168421,69
5,0.0299847805487887,0.00571831801878728,70
5,0.00199845510678309,0.029564793575996,71
5,0.0161368043317825,0.0238810029340538,72
5,0.0111637261085853,0.0178818502985799,73
5,0.0107510168446902,0.00640089770898406,74
5,0.0147402340057509,0.00887733150438928,75
5,0.0205524099298913,0.00736121080466135,76
5,0.0528680589792164,0.00827971659155378,77
5,0.00108406768462295,0.0174366308383698,78
5,0.0495970776130337,0.0299056667365902,79
5,0.0139225179877836,0.0231676023838446,80
5,0.0411981664543686,0.0197908052881356,81
5,0.0390691058985738,0.0257003219327817,82
5,0.0147885667845817,0.0540045626836952,83
5,0.00562981466813765,0.00303555226911531,84
5,0.00753738192721966,0.0140556739483068,85
5,0.00349994549416799,0.0145684238319483,86
5,0.0140878950728,0.0115549315698312,87
5,0.0567211247405164,0.0290977759850598,88
5,0.0219984456984303,0.0378829800652584,89
5,0.0684426609952381,0.0409957233460956,90
5,0.00426852807359322,0.0425061735031673,91
5,0.0625155671949804,0.0558853648499701,92
5,0.0144021579136062,0.00893444365337649,93
5,0.00383452503653985,0.00753809835828685,94
5,0.00363505482089506,0.00986030416285998,95
5,0.0375295092668896,0.0198262952347956,96
5,0.00438165363924217,0.0268657550177137,97
5,0.0201853105059507,0.0230760382421535,98
5,0.00551450070831746,0.00327086753712016,99
5,0.00160798815228618,0.00249217735341974,100
6,0.00934408194931004,0.0112319661173188,1
6,0.0105890207805987,0.0139145784866633,2
6,0.00322882702620755,0.0195499050523857,3
6,0.00169241581754941,0.000675488076673287,4
6,0.000820316960129151,0.00130825418582669,5
6,0.00219239508129159,0.000521842868697813,6
6,0.000192757540973451,0.000520284604701789,7
6,0.000454998483254545,0.00024165383001992,8
6,0.00269439779429412,0.00074845889445663,9
6,0.000227361609827255,0.000178215086503984,10
6,0.00108871710386628,0.00119210609632207,11
6,0.000461324568622642,0.000218469802196819,12
6,0.000168680637438795,0.000287782095886454,13
6,0.000303760532769486,0.00016730103747012,14
6,0.000168730238146067,0.000433566629850598,15
6,0.000267748343952802,0.000956963891135458,16
6,0.0302606085115123,0.00771064815166004,17
6,0.00136487446613383,0.00166404926409136,18
6,0.000415004109985935,0.000197304164950298,19
6,0.000152611327119741,0.00117042440036743,20
6,0.0136670546399782,0.0261125472296813,21
6,0.00287559894459357,0.000936111037713718,22
6,0.000571940989092593,0.00126705321536853,23
6,0.00518818445509579,0.0102544570161867,24
6,0.0250676402522664,0.00927107358661355,25
6,0.00170216091532819,0.000950713564960159,26
6,0.0013932545970123,0.0304075418803178,27
6,0.00595049008465779,0.00145822478171315,28
6,0.000505911849207547,0.00185314556464606,29
6,0.00902823989621554,0.00124652560581511,30
6,0.0279753807179671,0.0209462754883948,31
6,0.00241919008055363,0.00357080137257968,32
6,0.000960589022446184,0.000644454091459782,33
6,0.000446030351338432,0.00110862405121514,34
6,0.000720513048562992,0.000412198203247012,35
6,0.00336228809174812,0.00122036874926494,36
6,0.000447615112242647,0.0105540299067729,37
6,0.0195974012241577,0.00542259488675944,38
6,0.00214312830320826,0.000474314379292829,39
6,0.000462171184419411,0.0170211450287052,40
6,0.000717521992350487,0.000904107690675944,41
6,0.000175411172937626,0.000760589757179742,42
6,0.00644070512178503,0.00331873541213147,43
6,0.00049699899168,0.0015908538282008,44
6,0.00201490580587549,0.00159963031474677,45
6,0.000932349189141324,0.000537783320328032,46
6,0.000544213905928571,0.00139757559813121,47
6,0.000814815577713249,0.00345658065200199,48
6,0.0109730451677041,0.00287667363444334,49
6,0.0312041274184615,0.0265575251059023,50
6,0.00192367325472581,0.0219702624882406,51
6,0.00230823765095941,0.00326058997646414,52
6,0.000596484049595376,0.00362220222465139,53
6,0.00447473076131532,0.0071597788876992,54
6,0.000876426908410596,0.00295194421188247,55
6,0.0121385386848263,0.0205310285749402,56
6,0.00572147802782689,0.00409019583543738,57
6,0.000625329846391382,0.000315289623366534,58
6,0.00144844610899117,0.00135183744234297,59
6,0.000360036989126712,0.00578692995956132,60
6,0.000843783030508941,0.020777805963996,61
6,0.0257411050414338,0.00248569497086481,62
6,0.00911348261190019,0.0199822329544886,63
6,0.0299955362092456,0.00544665796648406,64
6,0.00624122957581784,0.00274964765647468,65
6,0.0296909542414839,0.0109878413948858,66
6,0.00381096889512015,0.000990450923505976,67
6,0.00149936280780583,0.000566594575541211,68
6,0.00327697778596078,0.00136764929467131,69
6,0.000248710849901381,0.0169536019743028,70
6,0.00491720454759509,0.00701023283434394,71
6,0.00162460495789394,0.0117010920164741,72
6,0.00564406682905009,0.00141744203811753,73
6,0.00072348409923345,0.000683801282569721,74
6,0.000813580347799401,0.000934794393200795,75
6,0.00136777595572797,0.000368157915586481,76
6,0.00210581153549618,0.0101956867024056,77
6,0.000559264082672897,0.00293984649447316,78
6,0.000761406271212121,0.000350619534642147,79
6,0.00065701483285906,0.000726342020139442,80
6,0.00162238424137601,0.00770948706436255,81
6,0.0010531773684392,0.000372986407577268,82
6,0.0053401736794306,0.00259851799554672,83
6,0.000138686766856649,0.00854016213631579,84
6,0.00900304628494208,0.024542632790757,85
6,0.0196826758936884,0.00255530906216135,86
6,0.00131317279697297,0.00137956853586653,87
6,0.00147115594145631,0.00114944420151936,88
6,0.000239914014321705,0.00113694318783515,89
6,0.00741405590962602,0.0326786547572266,90
6,0.0284429161411913,0.0108698342451494,91
6,0.00163463093886018,0.00727253440308151,92
6,0.00303857720888288,0.00445855075707753,93
6,0.00216148523450877,0.0264529036603476,94
6,0.00543375762663551,0.0116767748474602,95
6,0.00130941450632075,0.00186195124802187,96
6,0.000684046064707031,0.00311092407287276,97
6,0.00234667893207436,0.00483116676891434,98
6,0.00130553504261596,0.00137715349093626,99
6,0.00185552409744444,0.000453065019671642,100
7,0.0103572003622571,0.00711107260460239,1
7,0.00580209220661562,0.00214878629626243,2
7,0.00330173715747148,0.00585350303945219,3
7,0.00176888431963211,0.000528218104790837,4
7,0.000434347918032258,0.0111893293557001,5
7,0.00184900130673704,0.00100210342192231,6
7,0.00129966655327744,0.00406481114260956,7
7,0.00253005669104502,0.000433396942191235,8
7,0.000399028582663399,0.000522729714522863,9
7,0.000550651491731844,0.00907797737799801,10
7,0.00956339636418827,0.024783569431998,11
7,0.0037525201898513,0.00191745481984111,12
7,0.001212602623327,0.000754483233138034,13
7,0.000691532271463878,0.000936822088167331,14
7,0.00252999878996805,0.00219444232835494,15
7,0.00145631454985444,0.00228792890491054,16
7,0.00247394861323689,0.00155466465704885,17
7,0.00193971414836457,0.000616804504675972,18
7,0.000828387746201413,0.000886623703316733,19
7,0.000538078727595156,0.00255882772648406,20
7,0.00210815876750296,0.00647686491838133,21
7,0.00465760730823308,0.00257355485333664,22
7,0.00268327304293907,0.000780899408210736,23
7,0.00106419498653137,0.00391169374715139,24
7,0.00280650000313933,0.0164481008183714,25
7,0.00580695481266284,0.00163754850115308,26
7,0.000831910550110294,0.00946597908350598,27
7,0.00326818828867698,0.00387720693768924,28
7,0.000978528370018762,0.00108986608707171,29
7,0.000628920442134251,0.00301094058582669,30
7,0.00277755868843119,0.00167178754294935,31
7,0.000601583207041198,0.00043703102526839,32
7,0.000495438599172794,0.000625717585362463,33
7,0.000336268072095915,0.000392742587936191,34
7,0.00180681746811321,0.00103822501982107,35
7,0.000509735100087413,0.000432813432868526,36
7,0.000513906845100182,0.00478643135781529,37
7,0.00107131212901852,0.00199115048726912,38
7,0.000379429921245847,0.000912402877858566,39
7,0.000963415881322835,0.00109450327890438,40
7,0.00501994409962006,0.00884934367548163,41
7,0.00282818877030411,0.0026479844645328,42
7,0.00078018800825603,0.00897032644681275,43
7,0.00949641666980287,0.010677374104512,44
7,0.00113565249550984,0.00157234047110558,45
7,0.00430160847193182,0.0070360686487749,46
7,0.0015410667751,0.0100117344152087,47
7,0.00174428583329508,0.00190217072719124,48
7,0.000831774691853513,0.011301451977012,49
7,0.00206901002797178,0.00398600961889662,50
7,0.0153662468091351,0.0207647340021912,51
7,0.0250087684144752,0.00844471593603586,52
7,0.00410816016848263,0.0147548323346614,53
7,0.0308125568395197,0.0161157517930785,54
7,0.00893029509164602,0.0055332303164243,55
7,0.00819806746288676,0.0434126655152789,56
7,0.0253010108941818,0.022210438516998,57
7,0.0273450967360635,0.00607190484889332,58
7,0.0174514133136529,0.00947978615825697,59
7,0.016127123094419,0.0321758745031778,60
7,0.0274699441635121,0.00653545407247515,61
7,0.0165842454372864,0.0116500983810956,62
7,0.0019646224416451,0.0254543980104076,63
7,0.00499454026701627,0.00540014027024851,64
7,0.025832260966175,0.0507512313642105,65
7,0.0210032242613645,0.00258117835960159,66
7,0.000866565195788497,0.0375078310981972,67
7,0.00837528498875,0.00323407402704885,68
7,0.00106835433303605,0.00178790211312127,69
7,0.00345349436290976,0.0433892347127932,70
7,0.0375301581601266,0.0206162891776862,71
7,0.000883987101370558,0.00227087000087475,72
7,0.0330067812848399,0.0101399762559761,73
7,0.0129736030009894,0.0114600589777932,74
7,0.0347301600366384,0.0500702209114257,75
7,0.0699627565377532,0.0638275986656064,76
7,0.02432447163875,0.017031541932251,77
7,0.0034130354735085,0.0120783698264044,78
7,0.00219090021877358,0.0142048180985402,79
7,0.00226682884200358,0.0398089050447913,80
7,0.0134934817852459,0.10973838383332,81
7,0.0147754758583333,0.0015702375493837,82
7,0.00414931730947368,0.00399970722820079,83
7,0.00132858895804154,0.0130964908964945,84
7,0.0300596638808185,0.00420151551519442,85
7,0.00160835810586371,0.0190901890066302,86
7,0.0113421194807428,0.0149439217361914,87
7,0.0286243144373835,0.00757921879258964,88
7,0.00480913514498127,0.0606555497167729,89
7,0.086286011942603,0.0741355780828685,90
7,0.0367096762981662,0.0167027163018272,91
7,0.000834228162757353,0.00144630073932406,92
7,0.00242093698550186,0.00425905967306163,93
7,0.00184351986530651,0.00259392082594836,94
7,0.00353211599176024,0.0145306849801096,95
7,0.00188666000373887,0.00109290042200795,96
7,0.00081297387486819,0.00341518246264414,97
7,0.00146176440018047,0.00258000784865404,98
7,0.00153438446573557,0.0079102629313745,99
7,0.00150229487007782,0.0216443077457299,100
8,0.00587505046483907,0.00646727291637177,1
8,0.00046966915459,0.000193283591075697,2
8,0.000152482645940594,0.000579528687529881,3
8,0.000514891498940678,0.000268232462151394,4
8,0.000207821177416107,0.000231002975884462,5
8,0.000380678221558442,0.000461612146314741,6
8,0.00023673888725,0.000191562642496016,7
8,0.000174112876106195,0.000867045667838645,8
8,0.000121135056173633,0.000213907507768924,9
8,0.000172685392593801,0.000193276498707753,10
8,0.000140478166345029,0.00020776386060576,11
8,0.000220481615562914,0.000125687077368421,12
8,0.000225108036187291,0.000322430108296813,13
8,0.000178370157321131,0.000156689521598808,14
8,0.000173908980937997,0.000246684271205179,15
8,0.000347853562437811,0.000202648010737052,16
8,0.000261615961451356,0.000203250738924303,17
8,0.000290361584764228,0.000286450413628231,18
8,0.00018777019426146,0.00026478936305169,19
8,0.000127706367524752,0.000162012141085657,20
8,0.000150973252459971,0.000334747700606362,21
8,0.000196017145568761,0.000248458341832669,22
8,0.000348383970473773,0.000242447380526316,23
8,0.000193575808693548,0.000225034140498504,24
8,0.000253273278071672,0.000446891826560636,25
8,0.000100172880076103,0.000165807347360558,26
8,0.000122281336276596,0.000167994389086395,27
8,0.000215117510314685,0.000185464738848064,28
8,0.000193067620174419,0.000164247489551793,29
8,9.68111547067039e-05,0.000214342820854022,30
8,0.000435189405067466,0.000199230942472582,31
8,0.00018456820312069,8.84769757795432e-05,32
8,0.000220207112845528,0.00017308870111332,33
8,0.000373719046521739,0.000175470998238569,34
8,0.000138439577524752,0.000311895632385686,35
8,0.000648847901329011,0.000352719077076693,36
8,0.000105306294266212,0.000473546526005976,37
8,0.000267844925737439,0.000384136865772682,38
8,0.000860147030676328,0.000406300813435948,39
8,0.000152703988862069,0.000231944066047666,40
8,0.000243259129654018,0.000164898558645418,41
8,0.00029262599085209,0.000188306681464143,42
8,0.000123053728924915,0.000210816569870518,43
8,0.000155019148945687,0.00019401924749004,44
8,0.000115259617781513,0.000263705636989033,45
8,0.000246592203713873,0.000616732839473684,46
8,0.000199218203561404,0.000131130644289133,47
8,0.00010060219251932,0.00010360325084493,48
8,0.000105059738287113,9.93056011553785e-05,49
8,0.000141332683642173,0.000104038483091451,50
8,0.000283994569704301,0.000184718138894422,51
8,9.62487948096886e-05,0.000117877543972195,52
8,0.000178831885769231,0.000212674958300199,53
8,0.000154068215570033,0.000156338021698113,54
8,0.000281032473385965,0.000306692445759682,55
8,0.000225428139154519,0.000205227198604187,56
8,0.000113276661774286,0.000388977228202582,57
8,8.18668913073005e-05,0.000315284161195219,58
8,0.000235461953680124,0.000433159977236581,59
8,0.000109119113291536,0.000350130452798805,60
8,0.000427950714937388,7.13628948606574e-05,61
8,0.000148841429137056,0.00013779752939424,62
8,0.000107940204109397,0.000193504173938185,63
8,0.000120151290566372,0.000193199356405164,64
8,0.000159906889792028,0.000176246812385686,65
8,0.000277097400671756,0.000206357371062562,66
8,0.000551626843888889,0.000145036333131213,67
8,0.000205090087304217,0.000211044147259186,68
8,0.000213006779222973,0.000244034678396414,69
8,0.000193514211909233,0.000182578117435388,70
8,0.00044128899433121,0.000678973952144985,71
8,0.000173008966037099,0.000195751186262425,72
8,0.00012106018880137,0.000171013250864811,73
8,0.000155809752517986,0.000161370637047714,74
8,0.000124429162922849,0.000183769490458167,75
8,0.000630322236861314,0.000128782188683948,76
8,0.000216849125381944,0.0001164516212749,77
8,0.000213861447170139,0.000206474060784508,78
8,0.000295563610016807,0.000232413439521912,79
8,0.000249490003770992,0.000290977744985104,80
8,0.000135153088734491,0.000119793652549801,81
8,0.000356410395091164,0.000314908468027888,82
8,0.000110587167975779,0.00013236480888668,83
8,0.000166977204412651,0.000193210812413108,84
8,0.000239509708788871,0.000315257016434955,85
8,0.000943974300596394,0.000298554001281033,86
8,0.000193554687951389,0.000363958133247012,87
8,0.000121039222132565,0.000386762088954183,88
8,0.000290514318272109,0.000424956724087475,89
8,0.00261769496385378,0.000207010987337986,90
8,0.00022137986546875,0.000155628999820538,91
8,0.000201201714448463,0.00159665767320755,92
8,0.00114281069669767,0.000225352254448858,93
8,0.000262706598014797,0.000585121282612163,94
8,0.000834979598354002,0.00141289716096614,95
8,0.00424154676017656,0.000303104214160874,96
8,0.000214660951769231,0.000498273720159363,97
8,8.5698035623987e-05,0.000820294458047809,98
8,0.000221582218960396,0.000179754842091633,99
8,0.000201259760904685,0.000375772978369781,100
9,0.0444292189973668,0.0387119146914712,1
9,0.0099779704231992,0.0497130445538645,2
9,0.0339682015725313,0.0733009756213519,3
9,0.00327416732520918,0.0352974456966833,4
9,0.00727223178607553,0.00971060781111554,5
9,0.00233420101837004,0.0084490510409841,6
9,0.00117619373407913,0.0219401484426195,7
9,0.00379822633860714,0.016533079923755,8
9,0.00265520280456897,0.0199034359848355,9
9,0.00285741881409262,0.0059808777971173,10
9,0.0100830750830906,0.019114672442999,11
9,0.00114909664971805,0.00152010567496524,12
9,0.000376771489396887,0.00133305984498012,13
9,0.000282382084902597,0.00688032871756703,14
9,0.000504111231977107,0.00665620056072565,15
9,0.00577397237760181,0.0362063956659484,16
9,0.00358796038996429,0.00355156539315737,17
9,0.000429134706940397,0.0268201429369124,18
9,0.00384159407686371,0.020910825405996,19
9,0.0111430214316614,0.026531566637261,20
9,0.00490386032643631,0.00779225668690855,21
9,0.00397045919722496,0.00902093464389442,22
9,0.0209135249142294,0.00874641294125498,23
9,0.0010461756302443,0.000347820611782869,24
9,0.000298769346666667,0.0296028208954916,25
9,0.00422435940598706,0.0131610195920518,26
9,0.00178139013169202,0.0180807290933797,27
9,0.00257014666033123,0.0138142377982622,28
9,0.00229989505186964,0.0139613783352291,29
9,0.00261557056387821,0.0390839891818924,30
9,0.00590048757946265,0.0496060630168626,31
9,0.00595634642480962,0.0202401531101793,32
9,0.0036328326110757,0.0148575023998504,33
9,0.00221478088292,0.00186416998500497,34
9,0.00144197150559761,0.00322715435339623,35
9,0.000462595036893788,0.00208021687227318,36
9,0.0008001460675,0.00588146526917577,37
9,0.00460767055355738,0.00367827161763709,38
9,0.000388069855268199,0.0317935990469682,39
9,0.00433653975216599,0.000929829224810757,40
9,0.011293960998418,0.0249228056930318,41
9,0.0122047929076351,0.00234177300413759,42
9,0.00309421930740741,0.0395876684930716,43
9,0.00367882175168932,0.00466039980077689,44
9,0.000389376951437008,0.00870038151189243,45
9,0.000877838713208138,0.0116735066035992,46
9,0.00111871041980237,0.0328844932191551,47
9,0.0083965937959919,0.0114498168076096,48
9,0.00238331631984064,0.0361641605088944,49
9,0.00465856116396728,0.0403435665655666,50
9,0.0313060695233152,0.0410326197948907,51
9,0.00567391354649087,0.00121244533713718,52
9,0.000308476750032733,0.00363210676133069,53
9,0.00844895492144269,0.000740626184220457,54
9,0.000261462107651822,0.000605193236752988,55
9,0.00124908483363817,0.00139335550558648,56
9,0.0195394459678311,0.000876697750029881,57
9,9.64349904423077e-05,0.000504833991005976,58
9,0.000529326947153996,0.000313044065806773,59
9,0.00035385628665996,0.000181983899275074,60
9,0.0013051098961178,0.0102404185475797,61
9,0.00097315940377907,0.00206378695050696,62
9,0.000389050859450102,0.000401480525308765,63
9,0.00131364014698381,0.00209090662419323,64
9,0.000291665208015564,0.00013739295417495,65
9,0.000167684319264151,0.000332811216603774,66
9,0.000210656406666667,0.00173795403113546,67
9,0.0308697555336255,0.0109826197733898,68
9,0.00105521003576772,0.000201379865044687,69
9,0.000175469054056225,0.000247656342306163,70
9,0.000831443181428571,0.00194909225387674,71
9,0.000192852810445736,0.00081673633836147,72
9,0.00259085957113852,0.000140530374260179,73
9,0.000164709585203095,0.00017768159501992,74
9,0.00019268160530888,0.000303643960288845,75
9,0.000144751470546559,0.00016631641331007,76
9,0.000159895162938856,0.000189152043659023,77
9,0.000161423174175824,0.0190699565715339,78
9,0.00159365293893333,0.000286394906762948,79
9,0.000219258376930147,0.000142260373416087,80
9,0.00035372374636194,0.000215857029383698,81
9,0.000226346892126866,0.000187238616540755,82
9,0.000341227449305556,0.000144760923892751,83
9,0.00021050140125969,0.000267120433220676,84
9,0.00249176309207317,0.00893195419261216,85
9,0.0049355168799241,0.000810300364045726,86
9,0.00149518726829485,0.00110324215922465,87
9,0.00141985845299296,0.00191454085295229,88
9,0.000656991991539924,0.000618282280269192,89
9,0.000860509822300195,0.000856918206523904,90
9,0.00114552268830325,0.000795328654107677,91
9,0.000458045493453094,0.000136962259116187,92
9,0.000194427801563126,0.000495154329003984,93
9,0.0003389695399,0.000143720605397614,94
9,0.00010508701135214,0.000271410270427435,95
9,0.000767740351019231,0.00147767766456262,96
9,0.00064184119758483,0.000179325224314115,97
9,0.000310027071776417,0.000197703934870518,98
9,0.000275086453622351,0.000113853724830677,99
9,0.00012077910802682,0.000569129258946322,100
10,0.00824140598305556,0.0134577825884095,1
10,0.0153110867961373,0.0324474897596813,2
10,0.0176350972651355,0.0157629774346918,3
10,0.00827677982629456,0.0138630942152087,4
10,0.00799804330891667,0.00419229982578947,5
10,0.00529912664044929,0.00627341443433267,6
10,0.000997244444078212,0.000870074093936382,7
10,0.00674072148916503,0.020539659784502,8
10,0.00873617753191832,0.00148483744232303,9
10,0.00503179286454545,0.00199441528580677,10
10,0.00265140915273759,0.0231294321575149,11
10,0.00206103272293467,0.0129418533721912,12
10,0.016636456442978,0.00168868826202582,13
10,0.00192341067860585,0.00668209128489044,14
10,0.00171080458858844,0.00712599146811321,15
10,0.0214308498443451,0.00705081414239325,16
10,0.00203907645355346,0.00326308305741807,17
10,0.00918676527335866,0.00986256041156064,18
10,0.00259567734832496,0.0217059485332505,19
10,0.00860349269320532,0.00525269400545817,20
10,0.0117682221998954,0.0058913228303988,21
10,0.00175027797150087,0.0142743473943426,22
10,0.00424145588742475,0.0179149678531873,23
10,0.025112405812371,0.0168608215459263,24
10,0.0120730151625947,0.0133522260848008,25
10,0.00840360815799325,0.0152665245656673,26
10,0.0236458117298758,0.025118997941708,27
10,0.00149952061605686,0.0200931068783217,28
10,0.0204237638907323,0.0124157808956306,29
10,0.0247733003032937,0.0128544644725498,30
10,0.00363708078068966,0.015556819865998,31
10,0.00322990351385294,0.00157931770759682,32
10,0.0140338074791061,0.00187793381256461,33
10,0.0304970089860632,0.00430717540778884,34
10,0.00140680097733229,0.0119787283517032,35
10,0.00867957523992647,0.0163651339143227,36
10,0.0205215023826485,0.00139882181655412,37
10,0.00428946325968801,0.00121971175716135,38
10,0.00519962548390681,0.00722993547306082,39
10,0.0059598465694859,0.00249267686936255,40
10,0.0230943990575087,0.0175956679116534,41
10,0.0120451550880652,0.00457202089673307,42
10,0.00774601690472393,0.00279644650662363,43
10,0.00130501748821372,0.00195830461851446,44
10,0.00114469144591216,0.00720492158970209,45
10,0.0144377575319883,0.00766848509587649,46
10,0.00553949857446429,0.00736602324651394,47
10,0.00801261097322183,0.0111970133305882,48
10,0.00474012567872694,0.0191503636995916,49
10,0.0113557380375323,0.0108295986541509,50
10,0.0211398694603277,0.0269108125396819,51
10,0.00840382406619211,0.0116905785456802,52
10,0.00850219129823529,0.00297672356003984,53
10,0.000826372091574586,0.00457448266327706,54
10,0.00483114942211849,0.00172793611991027,55
10,0.0243893989438151,0.0420930884672908,56
10,0.00714667256210425,0.00179787942673307,57
10,0.00306709683569686,0.0118540735890936,58
10,0.0336838758293333,0.0131839730422068,59
10,0.00286916644796648,0.00888618366575547,60
10,0.0208730982475184,0.0118412894662326,61
10,0.00153937620154783,0.00716902370033797,62
10,0.00251570036455814,0.0036006171889165,63
10,0.00759272429184692,0.00666377252016882,64
10,0.00143470632655652,0.00362463435138171,65
10,0.00724654630984273,0.0147397345364542,66
10,0.0134232202045283,0.00374410908111221,67
10,0.0195376689836842,0.0191934573365045,68
10,0.0324873017242011,0.0128375615642231,69
10,0.0266666735248925,0.00693554296675972,70
10,0.00462944439929722,0.01002560276286,71
10,0.00335188323777202,0.0208358923985159,72
10,0.018059417416728,0.0203953990228714,73
10,0.046223319621585,0.00734723541016882,74
10,0.00248746028049689,0.00962410516917577,75
10,0.0259593870637455,0.00646282612079681,76
10,0.0225476584232582,0.00233933976861554,77
10,0.0685888718083029,0.0137535062433764,78
10,0.00461998182283478,0.0115985529751292,79
10,0.00280462730617647,0.00349309916040755,80
10,0.00198990088251596,0.00975675230601787,81
10,0.0161341519993046,0.00737354537960278,82
10,0.00840481791601877,0.0181240123986282,83
10,0.0339808583584444,0.0210030746005169,84
10,0.00575976157694794,0.00103285834348953,85
10,0.0027561778112963,0.00398441724665339,86
10,0.00485784125552711,0.00661104236925299,87
10,0.0235681372374944,0.00488566153942346,88
10,0.0107898513247744,0.0312783108129681,89
10,0.0197083109012635,0.0281269175848759,90
10,0.0283940096042432,0.0360195465218489,91
10,0.0217336676296995,0.0028435468743837,92
10,0.00669305405129815,0.0264976943797913,93
10,0.00130992341692424,0.00597109519508946,94
10,0.000925787157344828,0.00435380673949203,95
10,0.00507485818334426,0.030790233688143,96
10,0.0152742492457581,0.00756955385127237,97
10,0.0103549267519456,0.0107559605536056,98
10,0.000952957907910686,0.0182116327291235,99
10,0.0111322925616169,0.00263787896803181,100
11,0.023705621835664,0.023343481127992,1
11,0.00475020075723433,0.00127266972429711,2
11,0.00378229598352308,0.00694933960446872,3
11,0.0115749139237306,0.00216864582614158,4
11,0.000347578022382496,0.001361992629334,5
11,0.000137601106138614,0.00298622513526892,6
11,0.0110765963578322,0.00177554055864542,7
11,0.00322806469401305,0.00164178679253479,8
11,0.00197884717797364,0.00820399063406561,9
11,0.0013103237141806,0.00264652176442672,10
11,0.00224829777214748,0.000479266237872763,11
11,0.000752771703523957,0.00114119027894737,12
11,0.000770117597352556,0.001698308305249,13
11,0.00485786465814985,0.00284749728713147,14
11,0.00543697269188618,0.0024950576230288,15
11,0.00207268122595645,0.000969804227689243,16
11,0.000441995800243205,0.000488677226772908,17
11,0.00136264999688752,0.00516209067468127,18
11,0.0032389065815415,0.00523788809394632,19
11,0.00081540559878125,0.00337110040135458,20
11,0.0022568510783905,0.0076662259108143,21
11,0.00586742520089744,0.00399617721291833,22
11,0.000547575709881557,0.0194296964052187,23
11,0.00441589677284034,0.00474241198625498,24
11,0.00111317178718887,0.000633010008575697,25
11,0.00119984013819165,0.00220101277202582,26
11,0.00812163470356467,0.00646865321977137,27
11,0.00192606702297078,0.000708663362619522,28
11,0.00124804045555743,0.00407525417888446,29
11,0.00410828104265077,0.00532097337119284,30
11,0.0128407885393216,0.00436899107341609,31
11,0.0022870141554697,0.0301142899776961,32
11,0.00210872793236715,0.0361546865896624,33
11,0.0250945250501194,0.00366074541551346,34
11,0.0152062816908171,0.0138679001788036,35
11,0.00221902528506239,0.0168963675169881,36
11,0.00757040901529813,0.00754922970956175,37
11,0.00548874429450082,0.0149867905136554,38
11,0.0256922772338294,0.00507549183839482,39
11,0.0096727141577265,0.00228892792361554,40
11,0.00846879530439946,0.00725345911511928,41
11,0.00529385707863782,0.00443650396316052,42
11,0.00240859085426288,0.00903921295666999,43
11,0.0199877351679747,0.00392113778017928,44
11,0.00556671964827815,0.00653778767835984,45
11,0.0026367285150655,0.00132184871426018,46
11,0.0172358543235197,0.050054404624761,47
11,0.0277622561271835,0.00609081000714995,48
11,0.00302140325376491,0.0122307595101795,49
11,0.00400062153501683,0.00344337853261431,50
11,0.00473290957215303,0.00327971494429423,51
11,0.00100656467349376,0.00193065389004965,52
11,0.000967891789012158,0.00149821318569583,53
11,0.000643392653310225,0.00748381571197617,54
11,0.0313463680854623,0.00593430402325697,55
11,0.016064962428557,0.010628594692433,56
11,0.0057066409438,0.0564659206008367,57
11,0.0247532839073514,0.0220425203004076,58
11,0.0578873499369061,0.0523154783075472,59
11,0.0144872251490694,0.00512341754271102,60
11,0.014991260684882,0.0103508284062165,61
11,0.00355221852844248,0.00322823933487537,62
11,0.00233803000542254,0.000953987779691235,63
11,0.0130068794702604,0.0327505560462761,64
11,0.0274071781354701,0.0165986137206362,65
11,0.00244302881506003,0.002226787427428,66
11,0.00344982468591985,0.0498076811250896,67
11,0.0691037122357597,0.020862005932495,68
11,0.0323185852494563,0.0155510415202483,69
11,0.00720244967494737,0.00427108984214357,70
11,0.0595873345550416,0.0084811268125498,71
11,0.00857427346854093,0.0105730119780957,72
11,0.00808245047837209,0.0072845894259761,73
11,0.00681962437870427,0.0109028814116932,74
11,0.0450703428974912,0.0306204479434562,75
11,0.00605024528847751,0.0233048000596311,76
11,0.0035032541264511,0.0034863614237674,77
11,0.0365784821574574,0.0400756478876541,78
11,0.0143207200884127,0.0102409221114457,79
11,0.0234426993304138,0.0048759614846574,80
11,0.0600338432112166,0.00446128818177756,81
11,0.00151177796216783,0.0100161948589772,82
11,0.00191651042801471,0.000526996813974104,83
11,0.000798408160440141,0.00412074169096326,84
11,0.0218811578166786,0.0227402074569223,85
11,0.00626166699812937,0.0458957265936056,86
11,0.0224530834927866,0.0439806751143968,87
11,0.00626278371250951,0.0067078834404985,88
11,0.00380547338746218,0.00244136141206381,89
11,0.00322204368361386,0.000962002429721116,90
11,0.0300221408408305,0.00392136560138171,91
11,0.00232241047240157,0.00190132374098606,92
11,0.00888246257123311,0.00189655991655035,93
11,0.00276208364848696,0.0315484428877833,94
11,0.00691975350511864,0.00271013548883466,95
11,0.0117232687771908,0.00134047885219464,96
11,0.00461505124927171,0.00599095243366534,97
11,0.000771714018893939,0.00101359882832175,98
11,0.00302832803917365,0.00275174712078451,99
11,0.00747146981993548,0.002627310951857,100
12,0.0357053011052871,0.0095089098654175,1
12,0.0232996245344034,0.0141427590237986,2
12,0.0126505003909119,0.00615798765906561,3
12,0.00604048723812772,0.00852556511279881,4
12,0.0101200163739912,0.00719977485260179,5
12,0.00293721669719395,0.00365742851852883,6
12,0.00474215518528,0.00545299155723932,7
12,0.00384137872325617,0.00325625527907371,8
12,0.00529737641439349,0.00479093240630586,9
12,0.00070207356071066,0.00164640800305859,10
12,0.00482576041618792,0.00128540255007952,11
12,0.000961234391772358,0.00166670808606753,12
12,0.000394642720457413,0.00268034683570717,13
12,0.00279809192184094,0.00475353076676938,14
12,0.000450509513325843,0.00207697403079681,15
12,0.000441233227319728,0.00140737930813307,16
12,0.000319111170170543,0.000564658679810757,17
12,0.000200564297349618,0.000410161617208748,18
12,0.000519299078301887,0.000911409786035857,19
12,0.000324899150068376,0.00020649137101291,20
12,0.00200373955314815,0.000715773540707171,21
12,0.000346088998203883,0.000304875106530815,22
12,0.000285200850228873,0.000719440719353877,23
12,0.000393754741537291,0.00150787917568588,24
12,0.000573187214842767,0.000390360370288845,25
12,0.000545686967639257,0.000443123113803376,26
12,0.000205069127397882,0.000297123340996016,27
12,0.000208516288422497,0.000321113874752988,28
12,0.000299216966194969,0.000279507885799404,29
12,0.000356259017946128,0.000580411388964143,30
12,0.000962371472208398,0.000766263924363817,31
12,0.000628898189350453,0.000537926712151394,32
12,0.000362390605921205,0.00891770981836978,33
12,0.0039188617905418,0.00139303187428287,34
12,0.000631212861792169,0.00195214569344622,35
12,0.000406905867134052,0.00041400199748008,36
12,0.00141125555309392,0.00100887750903674,37
12,9.8750315975039e-05,0.00201673992438247,38
12,0.000784087698409405,0.00111694221810757,39
12,0.00116974731461436,0.00291326099571003,40
12,0.00177699898568289,0.00100214355522863,41
12,0.000961237878849558,0.00154506521911531,42
12,0.000489875134200278,0.000538194289821251,43
12,0.000414438350090772,0.00164559509322709,44
12,0.000488148946425648,0.0017532204799502,45
12,0.00113203782679138,0.0002320526662251,46
12,0.000205833882671429,0.000178065061693227,47
12,0.000238116746568266,0.00202841345567031,48
12,0.00280874686103311,0.000446141112589641,49
12,0.000268021833510791,0.000257195321271102,50
12,0.00125152065472023,0.00047679159063745,51
12,0.000302188758382353,0.000616329395695825,52
12,0.000164640232809587,0.000443539617355865,53
12,0.000942734853316151,0.000354369407397807,54
12,0.000167655182009569,0.000197022594785643,55
12,0.000815457034468803,0.000566575182485089,56
12,0.000236298843565891,0.000200594106620278,57
12,0.000212254518303571,0.000214198297706058,58
12,0.000236980509710807,0.000249015321590457,59
12,0.000251412038262911,0.00104351041154916,60
12,0.000796117296923077,0.000503540974264414,61
12,0.000240108863674121,0.000395722259093626,62
12,0.000208463702303226,0.000175180541598606,63
12,0.000533481832848576,0.000176479138035892,64
12,0.000374132725432526,0.000272401105902293,65
12,0.000254580351346445,0.00028025082560757,66
12,0.000147924953281734,0.00104852891578685,67
12,0.000552198552,0.00101890320356504,68
12,0.000333995817917889,0.000819062176520875,69
12,0.000226446525285714,0.000316690576633466,70
12,0.00310947316170306,0.00100442435629593,71
12,0.000745722616948905,0.00050048703664008,72
12,0.000152185417511737,0.00298967878328032,73
12,0.00122165243838449,0.000342574048182721,74
12,0.000278590804244713,0.000366481939611554,75
12,0.00011154314275,0.000302618049790837,76
12,0.00029051637200299,0.00154396720666335,77
12,0.000919636238121387,0.000311876879562624,78
12,0.000779956918540462,0.00233899002696215,79
12,0.000282275231753681,0.000241129610398406,80
12,0.00472382495181692,0.000588520409910626,81
12,0.000329489303663866,0.000297319922003988,82
12,0.000382495284921403,0.000348639966015936,83
12,0.000106386302908243,0.000319424986360917,84
12,0.000327548681029836,0.000448977607147117,85
12,0.000263172684950331,0.000345037544041708,86
12,0.000201080964090909,0.000340433474428997,87
12,0.000267050732156863,0.00203354428767627,88
12,0.00118743498211286,0.00078407128333002,89
12,0.000306163386946108,0.00828460189624502,90
12,0.0159116537553094,0.0103030674970518,91
12,0.00175472128470588,0.00379160814690478,92
12,0.000607988522578462,0.000564232059294935,93
12,0.00033504127676129,0.000537990807308076,94
12,0.00157847959238724,0.00431286397747012,95
12,0.00139206170871795,0.00176446891162351,96
12,0.000768724996882793,0.000472671432241036,97
12,0.000401358154838323,0.000394318662778884,98
12,0.000403231324388889,0.000436464207908367,99
12,0.000369735037606383,0.00596018925405567,100
13,0.000753835235386313,0.000493963198558648,1
13,0.000309697029562576,0.000335783413240279,2
13,0.000310108255817694,0.000585013583846919,3
13,0.000558392795836013,0.00028712566555334,4
13,0.000213100203456376,0.000399765126206554,5
13,0.000581257770390492,0.00032436069248008,6
13,0.000460508719351032,0.000436812733595618,7
13,0.000199936014870466,0.000336069229063745,8
13,0.000394135849429967,0.000316185540089731,9
13,0.000156703976363636,0.000224332179322709,10
13,0.000299525829332616,0.000250772808480636,11
13,0.000285729580017794,0.000260938362137177,12
13,0.000259089424925865,0.000161149439493545,13
13,0.000101385531203209,0.000106976885799404,14
13,8.18343590630975e-05,0.000131056101003976,15
13,9.20473759369527e-05,0.000116656430527888,16
13,0.000116374599038737,0.000110619510646123,17
13,0.000158242693859348,0.00012239378408143,18
13,0.000164189482419872,9.41158041733068e-05,19
13,0.000123125121683333,0.000158391261787488,20
13,0.000156391949939394,0.000126823234681909,21
13,0.000199688214028777,0.000206601687107356,22
13,0.000252274178011869,0.000285365797616683,23
13,0.000280663078817802,0.000148272162047714,24
13,0.000197077393201094,0.000226785412669323,25
13,0.00017134152317037,0.000219817738788481,26
13,0.000100348782321981,0.000154353414103586,27
13,0.000227542556307922,0.000262584305805169,28
13,0.000175949322790698,0.000157434273419483,29
13,8.82999167285383e-05,9.33409250298805e-05,30
13,0.000112064630756501,0.000147379091822709,31
13,0.000188790908894009,0.000118937115816733,32
13,0.000102535732782738,0.000164360126683267,33
13,9.8349577984e-05,0.000124081418575697,34
13,0.000662421231033386,0.000650788145318725,35
13,0.000205353394287902,0.000147730957703777,36
13,9.14961897670807e-05,0.00010950420219342,37
13,9.79087681375839e-05,9.68350776195219e-05,38
13,0.000137264223441683,0.00020328998497012,39
13,0.000121842179151414,0.000132396815239044,40
13,0.000114135310507983,0.00012667213859841,41
13,0.000177404756043689,0.00015593060436255,42
13,0.000232521550369181,0.000127432986385303,43
13,0.00010588919404908,0.000114674640148957,44
13,0.000106697349519231,0.000115967495308765,45
13,9.63201260561056e-05,0.000241834636464143,46
13,9.32222263649852e-05,9.57544636789631e-05,47
13,0.000110260976730769,0.000188623393783515,48
13,0.000114768951254181,0.000111379336033797,49
13,0.000123555171227437,0.000183954804200596,50
13,0.000181967380429688,0.000264066548419483,51
13,0.000146726191741835,0.000252482935657371,52
13,0.000406682249708333,0.000134401464750996,53
13,0.00018181365233631,0.000156039408245264,54
13,0.000125294136496164,0.000127540068787276,55
13,0.000123537753757669,0.000188988444359484,56
13,0.000177427027809278,0.000252946930757727,57
13,0.000175073681640028,0.000132873818197211,58
13,0.000107711537048666,0.000238157038017928,59
13,0.000109895162775453,0.000122784514123506,60
13,0.000168848121935484,0.000218838740079681,61
13,0.00134706894805361,0.00071540708917495,62
13,0.000353116546973518,0.000452193001708044,63
13,0.000771064546137931,0.00127604491534861,64
13,0.000442739650075529,0.000419170931202783,65
13,0.000357613746992806,0.000217570429294935,66
13,0.000228812853840426,0.000245061139086395,67
13,0.000171088345646154,0.000175040056017875,68
13,0.00027368907026087,0.000321501047427717,69
13,0.000133181855368567,0.000197334271838966,70
13,0.000134866734626209,0.000148758325677291,71
13,0.000114455439819005,0.000103312385154536,72
13,6.7879716295082e-05,0.00021026767055666,73
13,0.000202398865369458,0.000161507875169323,74
13,0.000102205039826087,0.000294997711802789,75
13,0.000253559736198347,0.000153347728565737,76
13,0.000141757110814941,0.000207106010737052,77
13,9.57335129901961e-05,0.000199731413090728,78
13,9.87914202527646e-05,9.98481288545817e-05,79
13,0.000154184308664547,0.000106841199651394,80
13,0.000205121348868472,0.000133061249741551,81
13,9.29673865899281e-05,0.000235423741608739,82
13,0.00016094916950677,0.000125186657517448,83
13,0.000106536037709438,0.000140527237614314,84
13,0.000141837141278195,0.000181982100836653,85
13,0.000904364665660211,0.000251807780776892,86
13,0.000159407039636577,0.00022577359002988,87
13,8.8372554266118e-05,0.000203982316226415,88
13,0.00013642437146145,0.000257467600199203,89
13,9.42548850425733e-05,0.000144369144501992,90
13,0.000152968060931507,9.93609999105368e-05,91
13,8.15480121571238e-05,8.64968472492552e-05,92
13,0.000106415216398046,0.000178961898743769,93
13,9.17633081867388e-05,0.000121881371655035,94
13,0.000165575789051186,0.000149168098351539,95
13,0.00021300667257468,0.0001021442767428,96
13,0.000110278247586319,0.000105530363489066,97
13,0.000174768002239382,0.000108167965308765,98
13,0.000184495763591731,0.000136776494095427,99
13,9.4011164909688e-05,0.000120518938518887,100
14,0.0385413857755687,0.0379321033264151,1
14,0.0488670261540035,0.0723427327688745,2
14,0.00930874377248214,0.0552397272778984,3
14,0.0403000908324769,0.0207404771419741,4
14,0.066685278775953,0.0262173106897709,5
14,0.0346952341487335,0.00143216897422311,6
14,0.0616821199846189,0.00375733611295817,7
14,0.00668661329433473,0.0275014005821648,8
14,0.0178864674263356,0.064642115641753,9
14,0.00134001011250172,0.00703734456265408,10
14,0.0011398593296727,0.00232756549563059,11
14,0.00176531819935167,0.00784476323628486,12
14,0.00878753330213062,0.0145837085446315,13
14,0.00154039113361702,0.0165022245265905,14
14,0.00169923611916316,0.0424307616538546,15
14,0.00746482615168325,0.00108537916907278,16
14,0.000523186483322328,0.0371678956893426,17
14,0.0634605980354333,0.0102953103989871,18
14,0.00132326480403315,0.00101099557166335,19
14,0.00407527602504274,0.0226875335925621,20
14,0.010973177193181,0.00531913818374502,21
14,0.0287633676450199,0.00818818545011928,22
14,0.00420401216165939,0.00301580192232604,23
14,0.00141325458502769,0.0273446488296813,24
14,0.00222175150983753,0.0543209299761056,25
14,0.0344772006964341,0.00516645183537773,26
14,0.00387683421244804,0.0404401857025723,27
14,0.0789080468301157,0.0071413638910757,28
14,0.0026668861782152,0.00933622437992056,29
14,0.000952376679869707,0.0131471401566899,30
14,0.00262060768758475,0.00508368914529295,31
14,0.000687803105427252,0.0320395607500497,32
14,0.00553672234520493,0.0403386370322962,33
14,0.0126133767414252,0.0487519894493837,34
14,0.00282445637154854,0.0510807870785482,35
14,0.0608716309917845,0.0768780403403884,36
14,0.00824151042299104,0.0455175952902789,37
14,0.0326090895702655,0.00532208235937376,38
14,0.000660562866096738,0.00491482863999004,39
14,0.00117747349524934,0.00202849602787488,40
14,0.00182298055699248,0.0043401407188745,41
14,0.00407155886677705,0.00821322760018887,42
14,0.0437478813123783,0.0250717645692155,43
14,0.00148073317209816,0.0226312154475199,44
14,0.0025835025724876,0.00200173873957129,45
14,0.00375239147760153,0.00485187180230387,46
14,0.0144015811476519,0.0597933213642273,47
14,0.0102521329320277,0.00445000272404382,48
14,0.00156790049094135,0.00455201191535394,49
14,0.00192037551418953,0.00517312961326044,50
14,0.00123852309266034,0.00870025589292949,51
14,0.00213101083920904,0.0483858727221116,52
14,0.00352488992497207,0.00142742311697813,53
14,0.00577896627833061,0.00416302857968128,54
14,0.00101985741290537,0.0262938624854437,55
14,0.0257863455412425,0.0109102068261668,56
14,0.00172882725076511,0.000756989982288557,57
14,0.00148155563238849,0.000599051888798411,58
14,0.000343396503604119,0.00194094142648111,59
14,0.000954132480714286,0.0105530880859443,60
14,0.0611578246772447,0.0118961693694632,61
14,0.00523274954921053,0.0612660919849203,62
14,0.0102717545839641,0.00376106393814556,63
14,0.00168080890605263,0.000864932964023904,64
14,0.0110827067155929,0.0189247338881574,65
14,0.00176788130910463,0.0130879736665139,66
14,0.00932150805324503,0.00601307966202191,67
14,0.0016007545425311,0.00303589598031872,68
14,0.000576386511391437,0.00240690545931275,69
14,0.000704252336844444,0.0539852865824402,70
14,0.00486170327446557,0.00108754036012948,71
14,0.000486087675647546,0.000789857285094716,72
14,0.000243825584046069,0.000277102059830677,73
14,0.000238241603255069,0.00167876430931412,74
14,0.000259473615149957,0.000503712369442231,75
14,0.000290741874671717,0.0011404385187749,76
14,0.000724973033666841,0.00238246249129482,77
14,0.00285630640444092,0.000411904659322709,78
14,0.00200987038004,0.000254227602599602,79
14,0.000662906916346998,0.0228318522383499,80
14,0.00108480023542332,0.0125614607825746,81
14,0.000496933803081571,0.00135641901700199,82
14,0.0021996989367292,0.00103111456421315,83
14,0.000318419953793325,0.000963632013445879,84
14,0.000222717130014025,0.000989115179265144,85
14,0.000693571675519931,0.0157541545029482,86
14,0.00101695652078927,0.00212006587683897,87
14,0.00086461136297318,0.00255006585415339,88
14,0.00251104743445463,0.00400760260663347,89
14,0.000534359823224432,0.0277721561133665,90
14,0.000392896818,0.000277512055737052,91
14,0.000239456501447587,0.00082960432458171,92
14,0.0198273589888222,0.0424332098752092,93
14,0.0382318108731186,0.00205482214577689,94
14,0.000946083812948187,0.0154841875549156,95
14,0.00503874589571153,0.0276383410698608,96
14,0.0027025557746187,0.00161034943352532,97
14,0.00175179193879908,0.00329315877508964,98
14,0.0268609001145505,0.00261272018250996,99
14,0.000414831934761062,0.0273771024303476,100
15,0.314907174733155,0.129348908228608,1
15,0.113115911729898,0.0431905292237376,2
15,0.0410524770611163,0.0174420234036779,3
15,0.0324483463555629,0.00211654728184263,4
15,0.00811253337158182,0.00709539369793825,5
15,0.00363824907324373,0.00316322961401394,6
15,0.00696007399122772,0.00197059507374502,7
15,0.0304438291397453,0.0396532480619861,8
15,0.0796414188042963,0.0137480887487078,9
15,0.0399462116912644,0.0072392576289573,10
15,0.0406393629651669,0.0171812592370904,11
15,0.00144063922981891,0.00088315714251992,12
15,0.00591916900797853,0.00397400908233068,13
15,0.00196490863462417,0.00393651915236056,14
15,0.00515698411382591,0.000889117942340637,15
15,0.0022675313378876,0.110795742332264,16
15,0.0298503217425528,0.0316694985575299,17
15,0.020308551864542,0.00449094927606753,18
15,0.0133797306396893,0.0112503728684347,19
15,0.0352173468226195,0.0812822196628287,20
15,0.0924487138360649,0.092602055663257,21
15,0.0131136619283666,0.0258629512486197,22
15,0.106549377651573,0.0052844179558325,23
15,0.000696429016383764,0.00457403322714143,24
15,0.000411868455129376,0.00372953800031778,25
15,0.143525186611923,0.0224058608795418,26
15,0.118891430903815,0.0176554235296315,27
15,0.0013439987950738,0.00273709767497018,28
15,0.00197394847707143,0.157209005036064,29
15,0.0109824854734867,0.00127880329123629,30
15,0.0102261967706773,0.00625619368723932,31
15,0.0108866890373284,0.00616849559116302,32
15,0.000679149866494067,0.00147947481387836,33
15,0.00164121679185792,0.08503330378286,34
15,0.00683644153694084,0.00408405078057597,35
15,0.00267457457746881,0.00254391600883698,36
15,0.000722404835386534,0.00809673267210159,37
15,0.00745448809049875,0.0325301914823757,38
15,0.00235529698522604,0.00125226050899302,39
15,0.015375327620987,0.00434873259136581,40
15,0.00726223674528685,0.0169396150972112,41
15,0.0227152325763268,0.0337397263052291,42
15,0.0376662474941944,0.00326533838559761,43
15,0.00720995150974419,0.0026183327398709,44
15,0.00125070780880597,0.00351647166813745,45
15,0.0188236827023171,0.00671347191310757,46
15,0.0013091391337594,0.00855895069451837,47
15,0.0012071934399308,0.000717699654496511,48
15,0.000598086841764706,0.000446988701266201,49
15,0.000255920761735395,0.000232111752465209,50
15,0.0215015531984696,0.0119690377551494,51
15,0.00397499479228782,0.00177511491073779,52
15,0.00207164928673981,0.0830163783801494,53
15,0.0558305704230258,0.00567776364900398,54
15,0.000984841245609284,0.000754802262584493,55
15,0.00374934221392015,0.00194991421721946,56
15,0.00154097079917733,0.00943557767228088,57
15,0.0408153020168971,0.00366186777193227,58
15,0.00112152265975285,0.00155268750234064,59
15,0.000249625186649573,0.00845510406671968,60
15,0.00714435526587978,0.00594441491815737,61
15,0.022061546219758,0.00704409713043825,62
15,0.00940280071846914,0.0134518891183765,63
15,0.00385119313482966,0.000439583720428287,64
15,0.000405136930234114,0.000568100701752988,65
15,0.000387389972948207,0.00377707706227092,66
15,0.000815941322128713,0.00131884877881356,67
15,0.00063478905011583,0.00151808539805777,68
15,0.00415501568240659,0.00696908728379345,69
15,0.000984862634878209,0.000358914388091451,70
15,0.0158508967374895,0.0800353337739821,71
15,0.00727581100968566,0.00180610523890438,72
15,0.00145299073960227,0.00486528822740778,73
15,0.00236337126982036,0.00413507803995015,74
15,0.00300281013685764,0.00612570339641434,75
15,0.00547593976736031,0.0335719279208739,76
15,0.000722465228503118,0.000407677888401192,77
15,0.00079150776454219,0.00555299432289841,78
15,0.00251357629291071,0.0032431102111665,79
15,0.00550731588517241,0.0152815532096922,80
15,0.00409287857039036,0.000950889545161034,81
15,0.000448269999714286,0.0042090233594334,82
15,0.0116986413771098,0.00764003701157371,83
15,0.000782665717623574,0.00905176585055777,84
15,0.00101699239427495,0.000596015514701195,85
15,0.000487876983268859,0.000808560988974104,86
15,0.00173456401175775,0.000718226415707171,87
15,0.000333647686081871,0.00133318980815737,88
15,0.00698509790671218,0.00108152179693227,89
15,0.000455819409065207,0.00267309011915591,90
15,0.0148065466183893,0.022749411708002,91
15,0.00240277579365613,0.00338587616804586,92
15,0.00111879442650435,0.000701446501370407,93
15,0.000690849900391791,0.000925304719342629,94
15,0.0172967608413696,0.0195326811156064,95
15,0.0522587280181699,0.00327667031665343,96
15,0.00260452027032313,0.00271278606926368,97
15,0.00112953032377377,0.00196060449067594,98
15,0.00110917098681319,0.000712635500945274,99
15,0.000430252532914508,0.00108013484110338,100
16,0.00862615367054482,0.012064999065747,1
16,0.00579070147589333,0.00204336172804781,2
16,0.000480389503155007,0.00135370727414101,3
16,0.00124953288216641,0.000518948750249004,4
16,0.00465210399467466,0.000496424339272183,5
16,0.00118739483332011,0.000425297331052632,6
16,0.000148621971680395,0.000329794871799205,7
16,0.000909174639058824,0.00116392385862823,8
16,0.000987568225399061,0.000226953737805362,9
16,0.00032282462012963,0.000173402711618669,10
16,0.000161507964085447,0.000528498430894632,11
16,0.000287452186231156,0.00029237114195825,12
16,0.000566482239231951,0.00123806883912351,13
16,0.00649221507281192,0.00217266710295817,14
16,0.000316247066603416,0.00262688420329681,15
16,0.00057044397790566,0.00087334082,16
16,0.000306489402895204,0.000122068021583665,17
16,0.000514355926108007,0.000391771416663357,18
16,0.000398418997061947,0.000271917073635458,19
16,0.000315451056206294,0.000200861473088381,20
16,0.000162918319929886,0.000220627516494024,21
16,0.000150698118184991,0.000195364970498008,22
16,0.000226877467154882,0.000214204017455268,23
16,0.000240262567513135,0.000176102214332669,24
16,0.000232188447103718,0.000181084763614697,25
16,0.000263955556420233,0.000322817255697211,26
16,0.000212569102806324,0.000190250749314115,27
16,0.000236854713464567,0.000181683169741551,28
16,0.000209521458057143,0.000192157743456175,29
16,0.000100270658886861,0.000176418409053785,30
16,0.000174462308236659,0.000186521011520875,31
16,0.000226278710448833,9.29648816202783e-05,32
16,0.000166065506493739,0.000291556927609562,33
16,0.00022846923028626,0.000154282380705065,34
16,0.000113405677368421,0.000117862401578947,35
16,0.000165682756196429,0.000168823708406374,36
16,0.000190703368882883,0.000166405067788845,37
16,0.000118761578667917,0.00015225223375498,38
16,0.000224615572629032,0.000189687993982125,39
16,0.000141698690462329,0.000243891705298805,40
16,0.00013170388512766,0.000156983392413108,41
16,0.000145024280711679,0.000169036313018868,42
16,0.000245412641969981,0.000162066021782869,43
16,0.000109200131813187,0.000116750083813307,44
16,0.000144713205583174,0.000104633898065803,45
16,0.000185529982728843,0.000117201592542373,46
16,0.000129989761852518,0.000215897757765641,47
16,7.9197954486692e-05,8.81576353486056e-05,48
16,0.000180953698117647,0.000125545663466135,49
16,0.000207480290729367,0.00012953276372167,50
16,9.5324084018595e-05,0.000145343653862959,51
16,6.11729320560748e-05,0.000109950432780536,52
16,8.38159970930233e-05,0.000183579879543198,53
16,0.000125901088707965,0.000150047253456175,54
16,0.000128800832351816,0.000149557664264414,55
16,0.000166371146046967,0.000101070165531281,56
16,0.00013633998117757,0.000151253147100298,57
16,8.36790729795918e-05,0.000113932322286282,58
16,8.49519455555556e-05,0.000114803950188679,59
16,9.77735197864078e-05,0.000181763465049801,60
16,0.000175714103311938,0.000134864464811133,61
16,0.00011115025391635,0.000121871555129482,62
16,0.000150425150740038,0.000122750797070506,63
16,7.47424448031496e-05,0.000117253153515936,64
16,0.000133840520914179,0.000140417261175299,65
16,8.89614675095057e-05,0.000140536945866534,66
16,0.000174414635277778,0.000164724269096326,67
16,0.000143651802205607,0.000297453870655412,68
16,9.81269893554328e-05,0.000164539200476663,69
16,0.000138805663211447,0.000146413406782869,70
16,0.000251350803087248,0.000116398241703187,71
16,0.000115078815089928,9.95017024254473e-05,72
16,0.000105985467626459,0.000294791947276342,73
16,0.000242883458824663,0.000378787170666004,74
16,9.1219187385159e-05,0.000137206451789264,75
16,0.000121731711620626,0.00013094654222988,76
16,0.000123512232992228,0.000169180256593843,77
16,0.000154022341197917,0.000145123241623506,78
16,0.000176789131487759,0.000145946068119522,79
16,7.94786894522968e-05,0.000128197945239044,80
16,0.00034309736008658,0.000116260762611718,81
16,0.000108196728309609,0.000114197736802789,82
16,9.19582552815534e-05,0.000101696017719124,83
16,9.20730759171598e-05,0.000119790756460618,84
16,0.000112313727650376,0.000104820737080437,85
16,0.00010281199011215,0.00012431644193837,86
16,0.000137687270252708,9.16286642204568e-05,87
16,0.000136357109396411,0.000167650982711023,88
16,0.000113655907944954,0.000108661182081673,89
16,0.00010522578290566,0.000106250039364449,90
16,0.000127894511928687,0.000114243790337637,91
16,7.24684017192982e-05,0.000117912375248509,92
16,0.000145806312108317,0.000108728683047809,93
16,8.2792260310219e-05,0.000185240527902585,94
16,0.000141378508529412,9.87418038844622e-05,95
16,0.000113276709166667,0.00016000077774578,96
16,0.00012061902716763,0.000124194203976143,97
16,0.0001005756071537,0.000105717284975174,98
16,9.43416441412214e-05,0.000110343392681231,99
16,0.000213097228386831,0.000141500272246521,100
18,0.0294825277119469,0.0192885101714542,1
18,0.0169407912511194,0.0356697404533068,2
18,0.0193388348032614,0.00964971648186693,3
18,0.018136128362549,0.0323496469419323,4
18,0.0144541067056606,0.0174730173130487,5
18,0.0224235868857041,0.046266064449007,6
18,0.00480169402234043,0.00964569128472691,7
18,0.0104526772525074,0.0143073962405567,8
18,0.00218112069944528,0.0120161792921813,9
18,0.00610873097523193,0.0034737765613745,10
18,0.00111661758398936,0.00651594112794821,11
18,0.00548334705332398,0.00123694457109344,12
18,0.00165203608157274,0.0104985715824052,13
18,0.000891288002857143,0.00127304867805169,14
18,0.00159936670914617,0.00148537190096614,15
18,0.000389861384213417,0.00202725708317331,16
18,0.000387625688,0.00157374329909633,17
18,0.000933210894294294,0.00279359007766402,18
18,0.00123595961662139,0.00203653856439364,19
18,0.000534255333479789,0.000404667663747515,20
18,0.00104545843976331,0.00118877102779324,21
18,0.001064155588096,0.000237161168222443,22
18,0.00357165392147826,0.00072699146551142,23
18,0.000301999510706371,0.000883360993952334,24
18,0.000240033422038328,0.000315188558065803,25
18,0.00183798842865497,0.000730649348844621,26
18,0.000354154007107558,0.0008958543112251,27
18,0.00015859458303438,0.000363471534541833,28
18,0.000590392482491639,0.000273051832878486,29
18,0.000418176513015873,0.000212775826196624,30
18,0.000242143047079365,0.000213651279860419,31
18,0.00044827623277972,0.00132652610844091,32
18,0.000414025375622837,0.000393632150278884,33
18,0.000176274870666667,0.00167320845153923,34
18,0.000499314658568773,0.000837500866196624,35
18,0.000169384115471698,0.00075794747694141,36
18,0.000792229597104,0.000453627627559761,37
18,0.000195310745914742,0.00140242838314741,38
18,0.000196564396962025,0.000520098863436255,39
18,0.000115561917664975,0.00111911426550696,40
18,0.000194341771838134,0.00282173999262948,41
18,0.000310954994647651,0.000393496016683217,42
18,0.000152340296628849,0.000472343722780536,43
18,0.000126421370547504,0.000368859212264151,44
18,0.000295020070827465,0.000484348963934263,45
18,0.000585197641530782,0.000518099914845464,46
18,0.00101060706311307,0.000425953674511952,47
18,0.000228409642879581,0.000897329741550696,48
18,0.000172292554544139,0.000185798348027888,49
18,0.000567110442095532,0.00056046556139165,50
18,0.000145311670468498,0.000860056561613546,51
18,0.000171967528794466,0.000199711664647468,52
18,0.000494428188897893,0.000857588287856431,53
18,0.000193852825933544,0.00214410922275348,54
18,0.000357813898175047,0.000645097623936382,55
18,0.000234576227646077,0.000183346123638171,56
18,0.000171741794876374,0.000431379174601594,57
18,0.000403626863009174,0.000883583065896414,58
18,0.000392721773485916,0.000538874146494024,59
18,0.000367571043721311,0.00115952923703777,60
18,0.000475584090065898,0.000337168340059583,61
18,0.000236742600183486,0.000791820933296813,62
18,0.00019492509957115,0.000248513948709037,63
18,0.00026312148335,0.000962684974880478,64
18,0.000100732525114068,0.000260401530039841,65
18,0.0022987755396904,0.000775525279810757,66
18,0.000136517002128122,0.000555426922214498,67
18,0.000142594782758037,0.000719393052820258,68
18,8.88743012132353e-05,0.000342784698217131,69
18,0.000135531612456418,0.000652432898290258,70
18,0.00154406266792752,0.000199107120179283,71
18,0.000240190186023166,0.000331373945438247,72
18,0.000145816352108963,0.000763123335448207,73
18,0.000181051706038961,0.00100588231337649,74
18,0.00133586252001637,0.000318534137400398,75
18,0.000695202787814992,0.000683821397574553,76
18,0.00639126197987414,0.00441023771182271,77
18,0.000244301453867562,0.000437809936047666,78
18,0.00216032234040469,0.00314448273383848,79
18,0.0023732139463233,0.00198888553780877,80
18,0.00247145509336601,0.00181173754740814,81
18,0.000424308725690955,0.000327563459453823,82
18,0.000198350077445614,0.000206154141789264,83
18,0.000232348121629503,0.000383444290309831,84
18,0.000465880824475874,0.000164640138306773,85
18,0.0012183381781685,0.000911680049890765,86
18,0.0019141077291129,0.000185653090408367,87
18,0.000144497638188976,0.000185245670239044,88
18,0.00039046858585693,0.000802149143098312,89
18,0.000429597229592875,0.000661816005964215,90
18,0.000139144964034003,0.000333733564363817,91
18,0.000151329407147766,0.00120136687177291,92
18,0.000335854011641791,0.000948408655214357,93
18,0.000814482753187006,0.000952189892031873,94
18,0.00145837298761141,0.00140761717323705,95
18,0.00194370072908789,0.000334442247574553,96
18,0.00379232452104563,0.00129535209832008,97
18,0.000243135573629344,0.000588432371653386,98
18,0.000329059871566038,0.000838167554045726,99
18,0.000982991968,0.00194427089537388,100
19,0.0306676223212144,0.00929942595595829,1
19,0.00335479686476238,0.00105549881709742,2
19,0.000337549089136,0.00132408994041833,3
19,0.00122548724110012,0.000423525459364449,4
19,0.007376872623654,0.000282915220526316,5
19,0.000876571526817473,0.00122975110597208,6
19,0.000664166506685962,0.00278356928800797,7
19,0.000299882347579511,0.000456496857778884,8
19,0.000384689576394928,0.000419296852818725,9
19,0.0101129090883806,0.00282439481382704,10
19,0.00706253210550201,0.00988810720558765,11
19,0.0003615320753125,0.000695320497539841,12
19,0.00253946059385787,0.00224221670723829,13
19,0.000170625055510511,0.00022620662499006,14
19,0.00022380088250457,0.000189040520956175,15
19,0.0123616782821681,0.00940097619161355,16
19,0.00059372477268997,0.000460151825308765,17
19,0.00243031956095188,0.00172423908191658,18
19,0.000175510987632399,0.000207526560029821,19
19,0.00043198252640884,0.000570932593290258,20
19,0.00665112193350973,0.00371337180688933,21
19,0.000749395856013072,0.000347846728212512,22
19,0.000151456327360308,0.00123771871571996,23
19,0.00044675713016684,0.000383571074097707,24
19,0.000352213841297209,0.000214499285228628,25
19,0.000771418193264463,0.000494415469112662,26
19,0.000254347174035874,0.000286919672450199,27
19,0.000504761904533333,0.000793327587196819,28
19,0.000275161981201479,0.000223322885926295,29
19,0.000190802156967985,0.000196279233575697,30
19,0.00485342554896889,0.00531617727983118,31
19,0.000839758281736695,0.00176915458095618,32
19,0.0128054710948323,0.00268112215341633,33
19,0.000911261561321045,0.000516546150836653,34
19,0.00025196219476834,0.00231530816856574,35
19,0.00400371852419065,0.00256027675484608,36
19,0.00374649509006462,0.000615104853416087,37
19,0.000669340187408492,0.00305128266430708,38
19,0.000503771004796905,0.000177731354270109,39
19,0.000120344254224599,0.000166405918784861,40
19,0.00882430514900362,0.012543255982505,41
19,0.0120526132468276,0.00124028752185885,42
19,0.000278164300134357,0.000911441011414343,43
19,0.000311906860298742,0.0229173841043496,44
19,0.00215566639100132,0.00149146507494036,45
19,0.00137366899809437,0.000483669350665343,46
19,0.000789312034902913,0.00205246140184891,47
19,0.000477177762362385,0.000909234552739044,48
19,0.000299298151278928,0.000239232144820717,49
19,0.000319876638832487,0.000297307590816733,50
19,0.00357716918765317,0.00354218933415753,51
19,0.0178834651622549,0.0034175694434761,52
19,0.000902215079634434,0.000381764814536391,53
19,0.000453843601170732,0.000598000183723932,54
19,0.00112020123030872,0.00124556708691849,55
19,0.000278937698984674,0.00169028300902584,56
19,0.0012027645451763,0.00895956131132207,57
19,0.00101220847654917,0.00032608759624502,58
19,0.000268670036393443,0.00169143109277336,59
19,0.00145593275892144,0.0140297390615454,60
19,0.0162348027322129,0.010486627489741,61
19,0.00474338640017401,0.000501781803827038,62
19,0.00166212084380137,0.00985241367191235,63
19,0.0230238223335209,0.00325757879230309,64
19,0.000428949034265487,0.00371449013582669,65
19,0.000967935150630975,0.0039922089394334,66
19,0.00127322837721022,0.00887166404694223,67
19,0.00102853722073077,0.00659248747491036,68
19,0.0179520090254592,0.0268794790488048,69
19,0.0037545028024498,0.00848198837821535,70
19,0.00532625857876534,0.00134894259158367,71
19,0.01635866423494,0.00254321138686197,72
19,0.00464645212292079,0.00034056187997009,73
19,0.0077866683314654,0.0278313006133267,74
19,0.00738055759749763,0.000834265947037773,75
19,0.000410807892783357,0.0108746150429751,76
19,0.00209699077686275,0.000703021610438247,77
19,0.000480000143118447,0.000744479336783865,78
19,0.000980250089206049,0.00614167898259363,79
19,0.000784470573328221,0.00172353435207378,80
19,0.0138744432222591,0.0034216492247012,81
19,0.00186339200717341,0.000234744633101392,82
19,0.00143705038207439,0.00334699965747012,83
19,0.00363934416612849,0.00337780078180735,84
19,0.000165635010406977,0.00736852035681909,85
19,0.0115560153510909,0.00820440581187251,86
19,0.0013782834608199,0.00588744031111554,87
19,0.0140600559128773,0.0137183840223904,88
19,0.00564840842007705,0.000887422941032771,89
19,0.00114907676767637,0.00234572761451837,90
19,0.00747086896614994,0.0011545309172012,91
19,0.000851068190242537,0.00622134214431275,92
19,0.0078822927503235,0.00602477600931275,93
19,0.0169404913120755,0.00173407706386296,94
19,0.000264865631434071,0.00669067635284294,95
19,0.000766593525660699,0.0016847003419861,96
19,0.0119955110811164,0.00603934504803785,97
19,0.000511928803862434,0.000993031448976143,98
19,0.000346385392493228,0.00554602365967697,99
19,0.00397205158190909,0.000552541780744786,100
20,0.0344737725997062,0.0114724234575845,1
20,0.00644805163486699,0.00636865681149402,2
20,0.000559926962247956,0.00959492804335657,3
20,0.0136286592401631,0.00581721841018887,4
20,0.000281605878698315,0.000933330275019881,5
20,0.00526566296935279,0.000690776074073137,6
20,0.000502191414605911,0.00210399576604582,7
20,0.00172852858139896,0.00615712690229084,8
20,0.000562780290145798,0.000631608013688933,9
20,0.000308868828747253,0.000355182153948156,10
20,0.00149268571762143,0.00119732175229622,11
20,0.000261340639646465,0.000261960563057769,12
20,0.000432414121224189,0.000333585998316733,13
20,0.000167024690265957,0.000469369381588878,14
20,0.000150339055487805,0.000238801808057769,15
20,0.000265462501258621,0.00159822909371769,16
20,0.000371011015947441,0.000667071518827038,17
20,0.00040896420357473,0.000986070787208375,18
20,0.000228640768112875,0.00118491972093347,19
20,0.000601117211565836,0.000530751443087649,20
20,0.000679557905071429,0.000431351538167331,21
20,0.000175368362486486,0.000350159918466135,22
20,0.000335437870674956,0.000374536255388446,23
20,0.000576726723957655,0.000466774771733068,24
20,0.000141444855459272,0.000256034196344622,25
20,0.000425678620305603,0.000348373904771372,26
20,0.000169734663488,0.000525354150099602,27
20,0.000257593778284024,0.000557091157161355,28
20,0.000170217297027523,0.000347295754025845,29
20,0.000308851360808383,0.00190836958328685,30
20,0.00387901617335922,0.00119813449031778,31
20,0.000430839676993769,0.000364649724816286,32
20,0.000513547978280142,0.00358479626806759,33
20,0.00368672462392537,0.00205875067286142,34
20,0.000358323120138614,0.000931818264681275,35
20,0.00225892919168539,0.00645327292072782,36
20,0.00351203834864811,0.00413073785214712,37
20,0.00592305325529183,0.00260454879656405,38
20,0.000346844846836555,0.000243877772025819,39
20,0.000711365320556586,0.000472964627798805,40
20,0.00781194234665928,0.0105361755148608,41
20,0.00134794198110738,0.000586807468227092,42
20,0.000825740332171157,0.00112028763563745,43
20,0.00341574341407468,0.00277373776650398,44
20,0.000508165283962585,0.0015442278805169,45
20,0.000244798348373702,0.000226399245994036,46
20,0.000648273338416834,0.00249053767038845,47
20,0.000368032819625468,0.000621619541553785,48
20,0.000522898562537879,0.00108800506969216,49
20,0.000201325976738794,0.00165621754075472,50
20,0.0026349602700251,0.00253495953021869,51
20,0.000388041112328125,0.000281862731593625,52
20,0.000179779431752768,0.000571565537485089,53
20,0.000334103587243816,0.0042701316037749,54
20,0.00893686756262726,0.00348797706825697,55
20,0.0072787363099689,0.00111016077177291,56
20,0.000509653338157576,0.00027508816190239,57
20,0.000241705512284123,0.000188664623635458,58
20,0.000141229395993641,0.00235835424015905,59
20,0.00058410321209507,0.000605224010786853,60
20,0.00918671761287704,0.010149375133496,61
20,0.00280191780085075,0.0022936135626494,62
20,0.000200886741281619,0.000245777774274354,63
20,0.000368099677279029,0.0341982282788634,64
20,0.00218520554395076,0.00272694032931275,65
20,0.00273311562847147,0.00292492650633201,66
20,0.00045964552208413,0.003525036882251,67
20,0.00644947216779715,0.0022930977581655,68
20,0.000655864584388985,0.00354779088792622,69
20,0.000484025466283784,0.000355215501045817,70
20,0.011117213915004,0.0157865581857555,71
20,0.000516781522767296,0.00245404380153082,72
20,0.000575241635362035,0.00174434847840637,73
20,0.000373220475828652,0.000260940125896414,74
20,0.000169654652662722,0.000395952082968127,75
20,0.000634722234928358,0.000613930382452642,76
20,0.00603612886682138,0.00239724460957256,77
20,0.000594752712871928,0.000634004680159521,78
20,0.000162838993809524,0.000182379100873883,79
20,0.000161407531607629,0.000226733449312749,80
20,0.00811183490422518,0.0266438594011531,81
20,0.00194815602070201,0.000981188556186693,82
20,0.000709442016929239,0.000815459081035857,83
20,0.00407012208646209,0.0131007994821614,84
20,0.00159422132951965,0.00158781490387289,85
20,0.000228609853313609,0.00581550646775571,86
20,0.000644179295560676,0.00106089834733799,87
20,0.00284729816772222,0.000903161667110228,88
20,0.00185348675222222,0.00147465313352941,89
20,0.00532255005304615,0.000780297878687873,90
20,0.011959149238115,0.016059013460427,91
20,0.00159347547447735,0.00190546845791833,92
20,0.0359512351131599,0.0112446039840678,93
20,0.001079653513775,0.000801209634900398,94
20,0.00519872281291874,0.00132419686414343,95
20,0.000295809931801653,0.0084811533273008,96
20,0.00177296624616788,0.00196398832364449,97
20,0.001078573665625,0.00074468389314741,98
20,0.00022761354551676,0.000859533660109344,99
20,0.00108320731827883,0.000437406243535857,100
21,0.00512561320816804,0.00802530316472167,1
21,0.00251829172512974,0.00599127076888446,2
21,0.000962523764755319,0.000975888138071571,3
21,0.000235231723461909,0.00018205157999004,4
21,0.000450258021118124,0.0001875983937749,5
21,0.000230054422656073,0.000167121071033797,6
21,0.000186245815612999,0.000166028829950199,7
21,0.000227337872027439,0.000156329367898406,8
21,0.000160977503991254,0.000200587228077689,9
21,0.00241830436663158,0.0043658855750497,10
21,0.00284165350863686,0.00276732556191849,11
21,0.000464700480276625,0.000224285009472112,12
21,0.000185836254064748,0.000964647002335984,13
21,0.00037169278687157,0.000180806609795432,14
21,0.00013762088962963,0.000611864320218688,15
21,0.00033283805279846,0.00122873657461155,16
21,0.00187670006324096,0.000230719098974104,17
21,0.000247519821193866,0.00141963964217131,18
21,0.000124764344670588,0.000370076416988072,19
21,0.000177145111335505,0.00180975102785288,20
21,0.0015804231985061,0.000145609709612326,21
21,0.000250742702041467,0.000289872765488048,22
21,0.000305702652073298,0.00102988177850598,23
21,0.00171228789122538,0.000947821094675972,24
21,0.000172710928696187,0.000206679929850598,25
21,0.000225090734395604,0.000641662814304175,26
21,0.00158338129279539,0.000472362205852443,27
21,0.00155292099677098,0.00540153084184891,28
21,0.00117288543085217,0.0010380051322167,29
21,0.000541933408031716,0.000174387654840637,30
21,0.000361972970338059,0.000374982726252485,31
21,0.000119113785817091,0.000697360956025896,32
21,0.00630091193380952,0.00177970298176938,33
21,0.00100506359837461,0.000234937339661017,34
21,0.000352161931297193,0.00568941788037736,35
21,0.00400637883731298,0.000202140725143992,36
21,0.000182530428916667,0.000315448433356574,37
21,0.0001827829882375,0.000165421508356574,38
21,0.000302658115378788,0.000334828467430279,39
21,0.000144244349557823,0.000191456655776892,40
21,0.000788246967157143,0.000627348475994036,41
21,0.000614310367036474,0.000837863353793446,42
21,0.000442531111671123,0.000822335293001988,43
21,0.000681360124338336,0.000106232552749004,44
21,0.000146659558029445,0.000437938905119522,45
21,0.000131027981521164,0.000326506982125124,46
21,0.000141634277379095,0.000857308885994036,47
21,0.000374879972946058,0.00014943716062749,48
21,0.000237036719855596,0.00041418721747012,49
21,0.000365615157723157,0.000121715126221336,50
21,0.00188409204231061,0.000715202531262425,51
21,0.000147877338390805,0.000272731516912351,52
21,0.000171126875068627,0.000770050682770606,53
21,0.000823222366613195,0.000442947005856574,54
21,0.000456863932546512,0.000516495716759443,55
21,0.000209069582346457,0.00024871148999006,56
21,0.000579249436373802,0.000355220766623506,57
21,0.000153980585060533,0.000369927929581673,58
21,0.00015284183113942,0.000467155439800598,59
21,9.77331978192534e-05,0.000543075106444223,60
21,0.00150479571831056,0.00033132815245283,61
21,0.000173575502651822,0.00113749874545817,62
21,0.000169772553685637,0.000132998374761431,63
21,0.000187819494555113,0.00113670033587885,64
21,0.00162732132028812,0.000314758490575968,65
21,0.000668759338476357,0.000225209206673307,66
21,0.00012608258968599,0.000266401223141153,67
21,0.00411401641715347,0.00133513400208375,68
21,0.000250216743359288,0.000321717161205179,69
21,0.000374380167408542,0.000143271484349553,70
21,0.000316396368193384,0.00547069990328685,71
21,0.00586741392884615,0.000189689382542373,72
21,0.000253640221884253,0.000103068100427435,73
21,0.000631504479649533,0.00103657561840119,74
21,0.000293261565523329,0.000175019427739044,75
21,0.000120328869244713,0.000227509546005976,76
21,0.000168418019043716,0.000100707535779543,77
21,9.96967846798781e-05,0.000114337028635458,78
21,0.000141764751927374,0.000149311344473161,79
21,8.31202341761827e-05,0.000107231244985045,80
21,0.000191129176131045,0.00141374636526839,81
21,0.00791705123311475,0.000718348922862823,82
21,9.27676746634615e-05,0.000112878789621137,83
21,0.00011982517519403,0.000126322276411531,84
21,0.000448530755071633,0.000350885261404382,85
21,0.000136364284917526,0.000207521640357498,86
21,0.00054144205914787,0.000274947720667331,87
21,0.000278825642833724,0.000254074155884692,88
21,0.000345309390044593,0.000133338340148957,89
21,0.000146369210936687,0.000421945291578947,90
21,0.000204446745119183,0.000258091218685259,91
21,0.000462516205897143,0.000172556852938247,92
21,0.000161395609638554,0.000111558859492032,93
21,0.00011032626316,0.000502235073180915,94
21,0.000143133223375092,0.000332242845343968,95
21,0.000203139408581699,0.00038070788774578,96
21,0.00165686229722543,0.000196641837368421,97
21,0.000751070065452539,0.000268037113675299,98
21,0.000167757294694864,0.00017400942694141,99
21,0.000193945465214286,0.000315819742798805,100
22,0.0213419935044405,0.00509548195115538,1
22,0.00323235462484536,0.00164810725251491,2
22,0.000288699936844396,0.000528777213894422,3
22,0.000594611809231754,0.00063499482083499,4
22,0.000661865144203954,0.00456640423798211,5
22,0.0258608589539135,0.00915968380208167,6
22,0.00330541454037829,0.00438426854423307,7
22,0.00427473522252774,0.000358388741252485,8
22,0.0124883695812873,0.00314276782966135,9
22,0.000651455069223417,0.000258063274661355,10
22,0.0105910768077001,0.00100656220734856,11
22,0.000438111328548602,0.000194655140239044,12
22,0.00172271424017143,0.00209068636870518,13
22,0.000174828972141968,0.00088644643437251,14
22,0.000170598947513661,0.000252139372323734,15
22,0.00175479832285271,0.000727125121643426,16
22,0.000404703667584135,0.000588547332141434,17
22,0.00120281928373955,0.00157984400723658,18
22,0.0112850870955666,0.00316376068523904,19
22,0.00195650351658872,0.0137619426809633,20
22,0.000542714290656799,0.000436339415417495,21
22,0.000273663927394422,0.000174615765735586,22
22,0.00181696597749322,0.00444711999400199,23
22,0.000693687010416667,0.00183960142394422,24
22,0.000236706718158348,0.000156964386733068,25
22,0.000246413057017291,0.00599181301283151,26
22,0.0140831815664043,0.00645392585962151,27
22,0.0158960918713462,0.0156073565534661,28
22,0.00266524040436848,0.000651174671072493,29
22,0.00209075539344121,0.00917631351827038,30
22,0.00085936111345337,0.000690081450924453,31
22,0.00320989479118295,0.000254525139383698,32
22,0.00544770876262113,0.0028581123512251,33
22,0.0224363565606751,0.0111692353273386,34
22,0.0261091312771954,0.0123986198704686,35
22,0.00402500023525826,0.0270403332665637,36
22,0.0056822832578002,0.000908059692017893,37
22,0.00034355619358631,0.00020635935166004,38
22,0.000259557356370262,0.000262069957589641,39
22,0.000167721092552239,0.000255394631782869,40
22,0.00566780130578947,0.000656887878648111,41
22,0.00853394068348653,0.0108839838739165,42
22,0.0113651287780063,0.0152403656153777,43
22,0.00885737634909528,0.0238891018252187,44
22,0.00331498573719647,0.00252332044944223,45
22,0.0226268643229289,0.00673038922631474,46
22,0.0197875137913101,0.013753187961346,47
22,0.00590210577412147,0.00109105602122266,48
22,0.00204664870959951,0.0100918562796813,49
22,0.0287803608282749,0.0109661491418191,50
22,0.000414679153436989,0.000256075694900398,51
22,0.000150363372189055,0.000432441284780876,52
22,0.000204043859539376,0.000169564411165339,53
22,0.000354686663637621,0.00247900342265936,54
22,0.00224676350284337,0.00773884877870518,55
22,0.00142338464607903,0.00098820469061569,56
22,0.000872092788017789,0.000204520531125498,57
22,0.00509690843271676,0.00554426695726912,58
22,0.000207339174245661,0.000168563031085657,59
22,0.0173495821353996,0.0139214136400797,60
22,0.00548546393716351,0.00557313919350895,61
22,0.00267064219259851,0.000192304435368526,62
22,0.000233786111761364,0.000173509484163347,63
22,0.000375869995446072,0.000798771106166832,64
22,0.000243281845097765,0.00146935239900596,65
22,0.0021503889600882,0.0114000158386355,66
22,0.000623292860652432,0.000478051038157371,67
22,0.000197640691764706,0.000177021878484546,68
22,0.000160289260157895,0.000200276021510934,69
22,0.000193968312168874,0.000367244568609732,70
22,0.000819598215121317,0.00128863764874502,71
22,0.000924883360215924,0.000414395289810568,72
22,0.000140661591606607,0.000106591174652087,73
22,0.000106245085870871,0.000937277958639523,74
22,0.000120715036987952,0.00038966862885344,75
22,0.000392644397930464,0.000143797476350947,76
22,0.00210146151278207,0.000966602567117296,77
22,0.000719676174212272,0.000640007487709163,78
22,0.000268025199023384,9.92418576564052e-05,79
22,0.000150880227135231,0.000132596522460159,80
22,0.00022781512705365,0.000165141756174777,81
22,0.000142613146992288,0.000107933807735849,82
22,0.000169148792409794,0.000110563561385842,83
22,9.11759748796148e-05,9.48776230976096e-05,84
22,0.000143849260497573,0.000190085820209163,85
22,0.000149604259811321,0.000166885343310139,86
22,0.000128794828642473,0.000134636239223108,87
22,0.000169778589907121,0.00010304995884347,88
22,0.000138288788158295,0.000153054495816733,89
22,0.000152109197751825,0.000115470367408143,90
22,0.000139083097929334,0.000290397328280318,91
22,0.0007292993774125,8.85055969391825e-05,92
22,0.000147972172123386,0.000101557586411531,93
22,0.000243569248606061,0.000449614556972112,94
22,0.000166110055936953,0.000116380129183267,95
22,0.000181121526081918,8.87127410536779e-05,96
22,0.000360498739956522,0.000658340272414343,97
22,0.000143976982352941,0.000260367952041833,98
22,0.000290731981414141,0.000476238049383698,99
22,0.00033954191125,0.000222413917457627,100
24,0.0172004926363165,0.00858141811785288,1
24,0.0165436377708475,0.0135277141207171,2
24,0.0216215574757407,0.0180661478058466,3
24,0.0109196397617626,0.00219651391758689,4
24,0.000629550758361582,0.0241213553099004,5
24,0.00509512998794872,0.0211566397882072,6
24,0.00411958780845258,0.00980566325136454,7
24,0.00437571577296937,0.0087549142397716,8
24,0.00142417836234375,0.000205222665388446,9
24,0.000191452498270945,0.0296269908177291,10
24,0.00194201055543828,0.000502302838031809,11
24,0.00044606362373494,0.00705014467038845,12
24,0.00214363067814691,0.00353614511902681,13
24,0.00819415741098901,0.000815942969453823,14
24,0.000153959329592199,0.000253057088232373,15
24,0.0149864745552579,0.0134751390042829,16
24,0.00297748318303665,0.000512034941510934,17
24,0.000911143463098107,0.001668381865,18
24,0.00694433346916667,0.000819925153697813,19
24,0.000671112567602862,0.0508562323749156,20
24,0.00890392419589205,0.0267981665187078,21
24,0.00292337605061417,0.000829173151215139,22
24,0.000865654163471503,0.0586083715363745,23
24,0.00797679950849829,0.0236587568301193,24
24,0.00424117485889085,0.023205236789492,25
24,0.0414757510513205,0.0508523423983865,26
24,0.0194183732751535,0.0125519326737288,27
24,0.0104003698762191,0.0416252589648509,28
24,0.0642687870420139,0.049603370057012,29
24,0.036677497149326,0.0380684407587849,30
24,0.00350379113019036,0.00205504738688867,31
24,0.00240725115340774,0.00516786094742032,32
24,0.00863914945618045,0.0355015420304183,33
24,0.00981923852052239,0.0125611909722034,34
24,0.0371481577606004,0.00414538691375498,35
24,0.025328510324732,0.00402177747869522,36
24,0.000294768722898032,0.000451363117942346,37
24,0.0154646062965336,0.00114410772776564,38
24,0.000287939022263056,0.00198644413111554,39
24,0.00692771860963964,0.0169999778932371,40
24,0.000298156779121622,0.00112088468458788,41
24,0.00898555508907057,0.0101406930069712,42
24,0.00153514223943662,0.00815228772968127,43
24,0.00210455234794224,0.00495098915924453,44
24,0.00138680832587629,0.0146041155016932,45
24,0.00343177505739677,0.0236130516833598,46
24,0.00367928733173765,0.00953800943161355,47
24,0.00169405617776173,0.0246482929321215,48
24,0.0122347872363167,0.0292509074940954,49
24,0.00879878817375654,0.0138104251854374,50
24,0.000510275167103321,0.0197984176819541,51
24,0.00227543459669504,0.00811241717640159,52
24,0.00127348938132743,0.00743173426295817,53
24,0.0052676853151087,0.0225627792724801,54
24,0.0028227243606383,0.0107462297285259,55
24,0.00140733086378289,0.000711934904750996,56
24,0.000535903949546926,0.0182838307317378,57
24,0.00548946683969314,0.00778608005804586,58
24,0.0309172476294755,0.0228419244626243,59
24,0.00377586986295495,0.000482621733098312,60
24,0.00674643448692547,0.0130553202621869,61
24,0.00225610035504554,0.00560396734820717,62
24,0.00197508265077409,0.0242507574133665,63
24,0.012017788651383,0.0161749237466402,64
24,0.00247257387665714,0.0182855887896922,65
24,0.00214116709313056,0.01788505300571,66
24,0.00213071712579509,0.0122071503583499,67
24,0.00195393103770578,0.0157251944432406,68
24,0.00482845762057456,0.0117332649641633,69
24,0.00170878575292617,0.00465424262432406,70
24,0.00683986600282322,0.0115308856676839,71
24,0.000402750584061931,0.00330880019584906,72
24,0.0196449777229683,0.00835948890085657,73
24,0.0302775262326412,0.00764972083575547,74
24,0.000457457968363636,0.0281942084508739,75
24,0.0051101540931793,0.000472551864766634,76
24,0.000496748060259366,0.00121874824966135,77
24,0.000580227483859471,0.000743242323645418,78
24,0.000544634552747415,0.00180208348686255,79
24,0.00572145881998314,0.00345725892624628,80
24,0.00657204665452275,0.0121213282857256,81
24,0.00223725376776353,0.000468729093138034,82
24,0.001896956784,0.00790935987497012,83
24,0.00100931367369983,0.00203739413905379,84
24,0.00047061067914378,0.00980863475536246,85
24,0.00952890066508748,0.0190173804280279,86
24,0.00243466880808824,0.00318211342493519,87
24,0.000506182644909091,0.00923846129663022,88
24,0.0270413588386483,0.0124835376319762,89
24,0.013553676201,0.00381155714752988,90
24,0.00235802316625296,0.00906663045331673,91
24,0.017610141131721,0.00619855221693227,92
24,0.00383555643511513,0.000644185032958167,93
24,0.0017828613418251,0.0321477310129324,94
24,0.00372293464226415,0.00123914897673287,95
24,0.000297731705995086,0.000459162336474104,96
24,0.000400693831672131,0.00146028598199402,97
24,0.00135469638820542,0.00122359257498008,98
24,0.00286499166916566,0.00165737638083749,99
24,0.000519736396418919,0.0138328680010626,100
26,0.0046072163615534,0.0050205153936753,1
26,0.000742797255111421,0.00120843651487052,2
26,0.000204405981989967,0.000920499848286853,3
26,0.00229627160152344,0.00124370018132207,4
26,0.000798135050591716,0.000591947508565737,5
26,0.00100789149982394,0.00146076658113208,6
26,0.000681874626520376,0.00105500027115538,7
26,0.00113315560168627,0.000639308650468127,8
26,0.00253591495550584,0.00147536737815293,9
26,0.00150047922486443,0.000466289215084409,10
26,0.000513639858085106,0.000434662834247258,11
26,0.000830454157722603,0.000931033498077689,12
26,0.00137081069184109,0.00184487821172311,13
26,0.000186416451666667,0.000778461983505462,14
26,0.00104581489514793,0.000837402688125623,15
26,0.00159546586866667,0.00201646670320717,16
26,0.000328641208764706,0.000714154748683948,17
26,0.00043870686218254,0.00096019282886341,18
26,0.000202608589244186,0.00271855358641509,19
26,0.00177022841970315,0.00102313694238285,20
26,0.0017520659926025,0.00145893349054835,21
26,0.00184692761555118,0.00280526009518887,22
26,0.00611384981113537,0.00300233671440358,23
26,0.000610856146205608,0.000251915031294821,24
26,0.000760405175389222,0.000402005507884806,25
26,0.000487047479902534,0.00139858526456262,26
26,0.000636211454762846,0.000972371930576541,27
26,0.00134107356593688,0.00154259095216135,28
26,0.000354312547607477,0.000956361842952286,29
26,0.000565404618827038,0.000596216223366435,30
26,0.00259384194427844,0.00157947212058648,31
26,0.00186177242996377,0.000474405495620655,32
26,0.000231087106872587,0.000379478027984111,33
26,0.00147806653436823,0.000741429184468719,34
26,0.00127363127757813,0.000350175411344621,35
26,0.00185813751053571,0.00219034742137041,36
26,0.000432724379570895,0.0005378457637251,37
26,0.000215672161240458,0.000480596640169323,38
26,0.000145359522610294,0.000598470656842629,39
26,0.000244138091759082,0.000564296485776892,40
26,0.000646409783266219,0.000439422460218688,41
26,0.000325124259058488,0.000229023188558648,42
26,0.000249752103390476,0.000269111585337972,43
26,0.000846324608128655,0.000468179917450199,44
26,0.000385110250316574,0.000188820200347567,45
26,0.000178696539827586,0.000718992669045726,46
26,0.000257949058697318,0.000735699005966135,47
26,0.000246442906594912,0.00025627516915507,48
26,0.000819989440425139,0.00133308417017928,49
26,0.00243676956556522,0.0004172649016286,50
26,0.000435049369833948,0.000245357179521436,51
26,0.000201488938303393,0.000462098183695219,52
26,0.000218656889341085,0.000309755846769384,53
26,0.00114908054674419,0.000650367509512922,54
26,0.0027241513847619,0.00122518033057769,55
26,0.000638140175119048,0.000365625055986056,56
26,0.000131492918813264,0.000393146026035857,57
26,0.000468231266050096,0.000226675885034757,58
26,0.000707053638605578,0.00076710423997012,59
26,0.000299164137779961,0.000227773187201195,60
26,0.000825769588419301,0.0021683981287749,61
26,0.000296501455731463,0.000765604455403789,62
26,0.000323881150744467,0.000464800179085487,63
26,0.000758638173121272,0.00095750407490566,64
26,0.000684877779216495,0.00114898651586653,65
26,0.00118101426202041,0.000786218613026812,66
26,0.00500475427292398,0.0018559034774578,67
26,0.000702396097714286,0.00055741898444666,68
26,0.00064835452390625,0.000955323028217131,69
26,0.000622267707659963,0.000379681125398406,70
26,0.000676782407335702,0.000586980067181275,71
26,0.00138605925413084,0.0024584045794831,72
26,0.000365052301,0.00131295354350947,73
26,0.000280928540639098,0.00339793311469591,74
26,0.00725223274613636,0.00121807723047809,75
26,0.00036828894037037,0.00099646611526839,76
26,0.00602693859500931,0.00178769874008973,77
26,0.000393839486191275,0.000674723222282026,78
26,0.00133507473206349,0.00298178161280318,79
26,0.000235570902436823,0.000760937417537239,80
26,0.000552551809037037,0.000404202962659363,81
26,0.000335814137981308,0.000196020213584906,82
26,0.000883660533333333,0.00101579033316733,83
26,0.00104360378359551,0.000619133985924453,84
26,0.000311185880056926,0.000271752613932473,85
26,0.00270587605731844,0.00117241817149402,86
26,0.00025518823148289,0.000213202910956175,87
26,0.000749303154440299,0.000981006074292829,88
26,0.000771351488196721,0.000415135073486056,89
26,0.000151416128601533,0.000358245910468127,90
26,0.00251932416455081,0.000657750579841112,91
26,0.000743041104904348,0.000174387418848064,92
26,0.000245644270135397,0.000265957009810757,93
26,0.000310411285362035,0.000323390816911619,94
26,0.000367669607348928,0.000263156998944223,95
26,0.00017804516811245,0.000746390748396414,96
26,0.000903196431885714,0.000781679967231076,97
26,0.00031721572596929,0.00106545330081673,98
26,0.000929946938,0.00043658282245283,99
26,0.000436861579378641,0.000219999171789264,100
27,0.0149693869476863,0.0215201696112151,1
27,0.0104169410035682,0.0132767343266733,2
27,0.003671074197744,0.00404489031142006,3
27,0.00629474263396552,0.00556308936833996,4
27,0.00336496094083744,0.0129409534714343,5
27,0.0244513487562387,0.0228688516432171,6
27,0.0209519639280685,0.00766214078075547,7
27,0.0409435937856193,0.0217197354846918,8
27,0.0315495079587645,0.0244474455389761,9
27,0.0178531041461343,0.0109982971517694,10
27,0.00172471031153285,0.010852042593161,11
27,0.0204180299158192,0.0286312537510359,12
27,0.00591603154394402,0.0176045358551992,13
27,0.0146220513963919,0.0153539449448805,14
27,0.00449940836538588,0.00166964750585657,15
27,0.00820367996076208,0.00849655868710867,16
27,0.00602218870067416,0.00241639936150099,17
27,0.00728497111138196,0.0153945037710159,18
27,0.00530755215802632,0.00122734217640516,19
27,0.000606440380758621,0.0172582104223734,20
27,0.00351835571178571,0.0136250012529681,21
27,0.0212301475187097,0.0245820887866534,22
27,0.0152694941848972,0.00701902301392644,23
27,0.00362886701790076,0.00465589156999006,24
27,0.00446743823597792,0.0176102503944588,25
27,0.00407083265365714,0.0092851969835259,26
27,0.0122171312851439,0.00805855691207171,27
27,0.00152332766469274,0.00876384153333996,28
27,0.00315986085966667,0.00305088144885344,29
27,0.00150205352944637,0.00605436535063809,30
27,0.00943186745403604,0.018544700079651,31
27,0.00505548031378788,0.0167777845998608,32
27,0.026959248178346,0.00547664100554121,33
27,0.00332099210005236,0.00943232466670308,34
27,0.0097243219398308,0.0125675370477191,35
27,0.00508072847576786,0.00424959370354582,36
27,0.00267139071216963,0.00459517187715139,37
27,0.00350532277952849,0.00505859609549801,38
27,0.00263425540644689,0.00876182389355578,39
27,0.0178531303489655,0.00365445009130219,40
27,0.00149603153714063,0.0170597338388282,41
27,0.0372774882445503,0.0256832777193738,42
27,0.00891409764432584,0.0119276347697809,43
27,0.0404522076448438,0.00754147219981132,44
27,0.00303203145091379,0.0201444069198808,45
27,0.0225636340642029,0.00710776045998006,46
27,0.00651756903296923,0.0147179323206461,47
27,0.0116916800377201,0.0111429022533698,48
27,0.00453188646364929,0.0041231073898008,49
27,0.0130010347362105,0.0152322313756773,50
27,0.0246314906696944,0.00860809398149402,51
27,0.0084539110794165,0.0167043551736355,52
27,0.0042145203649505,0.00641983941255976,53
27,0.0104199306855364,0.0210358042227805,54
27,0.0179025276381901,0.0121407673570588,55
27,0.00412921533003339,0.0100901892706561,56
27,0.0183636351875136,0.00925266340229622,57
27,0.00327549217981293,0.0245275445908251,58
27,0.0140075450028923,0.011222956554985,59
27,0.00255727810198413,0.0206854105431872,60
27,0.00119491030391517,0.00130826957956132,61
27,0.00330724206908621,0.00249594211469712,62
27,0.00185264176388998,0.0068451258713247,63
27,0.00272990003814815,0.00735878335037773,64
27,0.00422477399555556,0.0113539830226022,65
27,0.0118602662986396,0.0170991515308466,66
27,0.0144452057304114,0.00913036181371769,67
27,0.00169813038585455,0.00162965345846461,68
27,0.0012546778960424,0.00487104056748754,69
27,0.00837800650114603,0.0377544575661653,70
27,0.00720318407128609,0.0216819510420378,71
27,0.0060713469123301,0.00496987006287984,72
27,0.00662707584686907,0.0156239151049006,73
27,0.00542251478987319,0.0053076283342999,74
27,0.00570322349325434,0.0125087314866302,75
27,0.0019411348348855,0.0207328780251494,76
27,0.00690616468775093,0.0396961102017378,77
27,0.00847359923054307,0.00411846019957299,78
27,0.00159296253963391,0.0079495193677855,79
27,0.0104916441608633,0.0158505807362165,80
27,0.00429604527534228,0.00375470519433267,81
27,0.040755603688811,0.0134279807231375,82
27,0.00273466682642857,0.0141614091816135,83
27,0.00747362499327684,0.00376050933649402,84
27,0.00162655718382716,0.0107051313729791,85
27,0.012985739800289,0.00956592378199603,86
27,0.00380280600654189,0.0202075370822112,87
27,0.0700994983201932,0.0205481674409633,88
27,0.00601887765122411,0.0115720782371116,89
27,0.0168654865481274,0.0154242120341112,90
27,0.00747190110923077,0.0156985911430517,91
27,0.0251467579724818,0.0152578312736879,92
27,0.00578899163759191,0.0051848917349503,93
27,0.00363923244400771,0.00698119755540755,94
27,0.00512656522943149,0.00508853554307079,95
27,0.00286599635101933,0.00463171490421891,96
27,0.00304892289858377,0.00175989382901296,97
27,0.011813685618981,0.018990337290757,98
27,0.00497986865767628,0.00139478783744024,99
27,0.00355822164984076,0.0222242119115789,100
29,0.0379211349504447,0.0440119334685204,1
29,0.0272165761505797,0.0342177490799402,2
29,0.0122577355607609,0.0177394668173805,3
29,0.00604173644144598,0.023386149833996,4
29,0.00199731529847682,0.00742665978224104,5
29,0.000851528140605296,0.0179841149770904,6
29,0.0147343245739529,0.00645334167432969,7
29,0.00190742049975558,0.00291999949201195,8
29,0.0101484933564474,0.016251642104004,9
29,0.00815333572844396,0.0323858679692056,10
29,0.0207201456162198,0.0151848080322046,11
29,0.0462168001615452,0.0199612406841077,12
29,0.00439774361159735,0.00159132406849602,13
29,0.000566073538687636,0.00575485334304781,14
29,0.000917321627441286,0.000247508913964143,15
29,0.00212223904235103,0.00533056894928287,16
29,0.00113982677857883,0.0281314338543669,17
29,0.0183078995085139,0.030029263870994,18
29,0.00795811121359886,0.000832662407795432,19
29,0.000314251325954693,0.0150946285396819,20
29,0.00173029545810598,0.0123185954328529,21
29,0.00372651443827411,0.0264251661955313,22
29,0.0206235178049388,0.024650285205328,23
29,0.0131878333579879,0.00256153966784294,24
29,0.00082777344633871,0.00116785682534791,25
29,0.00120206339824561,0.000964587931294821,26
29,0.00167385585534805,0.0423680413134064,27
29,0.0158748157198214,0.00467232828695219,28
29,0.000424708019986283,0.0175466506398012,29
29,0.00143084561326945,0.0175114779327011,30
29,0.00509310854628074,0.000850332984207378,31
29,0.000484031702289157,0.00664560796945382,32
29,0.00909966364174957,0.0363581227158765,33
29,0.0188867139028594,0.00205335335830189,34
29,0.0381902011405157,0.0192099424606157,35
29,0.0109783364365408,0.00689018912962227,36
29,0.0110035907956383,0.0485777324062761,37
29,0.00946613172413793,0.0388111909362624,38
29,0.00928718421307918,0.0430130645036653,39
29,0.00396030730530778,0.000934186249930279,40
29,0.0178511401135218,0.0208094432593028,41
29,0.00240741081419703,0.0244059758952234,42
29,0.00436828035585404,0.0142521894667527,43
29,0.00247504153112847,0.003979341987167,44
29,0.000992835406836903,0.00914544630469591,45
29,0.0234616885792941,0.0491618604855578,46
29,0.00808076197802385,0.00790814621636544,47
29,0.00356038755123967,0.00451608184650398,48
29,0.000256361825790274,0.00171207373918489,49
29,0.000978051096704225,0.00880301687383466,50
29,0.0280405570312511,0.0086292300090239,51
29,0.000945377254548673,0.00175701908478088,52
29,0.0286911731664426,0.0156325573883002,53
29,0.00935979232502825,0.0101600282219085,54
29,0.0102993590698783,0.0319189617170407,55
29,0.0121442806196769,0.00248040176008964,56
29,0.0361393855413058,0.0192754641962165,57
29,0.00596004288551829,0.0208809163048506,58
29,0.0166138603047167,0.0168913190076892,59
29,0.000993451582681883,0.00975852439388446,60
29,0.00272005448687637,0.00495362927989033,61
29,0.00393211477877027,0.00101463053045862,62
29,0.00139568262869338,0.0110569271581076,63
29,0.00293418907013865,0.024468407927994,64
29,0.000977478525946399,0.00356822049337649,65
29,0.00809515745121451,0.00716005510979084,66
29,0.00171655852842011,0.00714924742247012,67
29,0.00251860230679595,0.00292841371472112,68
29,0.00072797471547619,0.0108601486597219,69
29,0.000899598432248858,0.0072377791777855,70
29,0.0196202386990252,0.0177814930647714,71
29,0.00573257606571174,0.0132835368792928,72
29,0.000546500195151515,0.00478072358165503,73
29,0.000920019677271268,0.0136432749109434,74
29,0.00215728148740458,0.0136766332546322,75
29,0.000936807542138614,0.00495585541026919,76
29,0.00113176643035117,0.00345190888028827,77
29,0.00108160625811594,0.00743584981130089,78
29,0.0058729073323756,0.0115813910315109,79
29,0.000497859860605381,0.00599942752478088,80
29,0.0215682351547959,0.0100872781125697,81
29,0.00148598179785061,0.00732189374371514,82
29,0.001921275640701,0.0193225577623008,83
29,0.00301135002610018,0.000451081648351539,84
29,0.000460637733939394,0.00553139546326044,85
29,0.000744588265670628,0.0174846493988347,86
29,0.000580322424658902,0.00468722085677932,87
29,0.000802185409915254,0.0207844706120378,88
29,0.00240642874920065,0.0473415032815454,89
29,0.00231823231543403,0.000716218824677689,90
29,0.00142956789980645,0.000423710116242545,91
29,0.000213738464373928,0.000736256459322034,92
29,0.000623728081089965,0.000268740186302187,93
29,0.000166954119044118,0.00857553742002982,94
29,0.00503947059207581,0.00134664918071571,95
29,0.000212828991542461,0.00342143895086481,96
29,0.000594779284023809,0.0157527177154283,97
29,0.0106585434895009,0.00531858373625125,98
29,0.00519854620893805,0.00224556314775571,99
29,0.000262988669214403,0.0102637657088235,100
30,0.00119358548082777,0.00117507481283865,1
30,0.000496306113850494,0.000590688944890656,2
30,0.000994145323359639,0.000980434908548708,3
30,0.00173573117342342,0.000816310084105368,4
30,0.00203036224243976,0.00188364068552343,5
30,0.00117395913237726,0.000802673604512922,6
30,0.00151171577458961,0.000206213083762948,7
30,0.00163887088771812,0.00199195566395418,8
30,0.00258537909036755,0.00128333692915507,9
30,0.00122927711860077,0.00186952216845618,10
30,0.000565986147522581,0.000292908828827038,11
30,0.000419360400429305,0.0012363111779661,12
30,0.000541687619391172,0.000207834411341948,13
30,0.000370137684169125,0.000185468654900398,14
30,0.000330883471639344,0.0022098814988247,15
30,0.000312885447114625,0.000290233578125623,16
30,0.000248374006360976,0.000318151689821251,17
30,0.000283057548444056,0.000338519928083416,18
30,0.000105167787619048,0.000400496910328685,19
30,0.00162563923164835,0.00241340423665339,20
30,0.000545484343486056,0.000352490549272908,21
30,0.00575460632643512,0.00115562886744024,22
30,0.000307238953111111,0.000668175798490566,23
30,0.00579877870230203,0.00125536760535253,24
30,0.000608361532707692,0.000424348809145978,25
30,0.000789682579620253,0.000802598871593625,26
30,0.000410671982168561,0.00591866414556773,27
30,0.000430741022136389,0.00442811572580677,28
30,0.00258916025897727,0.00412254715595617,29
30,0.000383842551113778,0.00149916879708044,30
30,0.00289399431061709,0.000657889632276342,31
30,0.00063663275875,0.00036352790814741,32
30,0.00051877473016129,0.00170100718476096,33
30,0.000297454346396917,0.00463106815799404,34
30,0.000404616069089595,0.000281146723714002,35
30,0.000259152621932256,0.00550464040816103,36
30,0.00395631093717544,0.00398587941656405,37
30,0.00139614444073129,0.000549568356305859,38
30,0.000962800302982172,0.0113721350959661,39
30,0.0093819367805,0.00152357953658367,40
30,0.00101440554277452,0.0215819006193439,41
30,0.000653744713881736,0.0137032515903082,42
30,0.00235050678821648,0.010836922537998,43
30,0.00132538682248311,0.00114212083183267,44
30,0.000559446561270417,0.0114597956494538,45
30,0.0378136049050332,0.0023741563566004,46
30,0.00026694967212592,0.0343599347839143,47
30,0.00109856779697567,0.0265443072987065,48
30,0.0170217237375769,0.000797254040179283,49
30,0.00109452495254703,0.0739775996696315,50
30,0.000686771021273148,0.00358816763613546,51
30,0.00280323241239332,0.00189080817972195,52
30,0.000968649137992958,0.000668957704292829,53
30,0.00291260932094656,0.00267325077828203,54
30,0.0014133649804712,0.00158619955379482,55
30,0.00252655311658762,0.00220652523314058,56
30,0.000256055734464286,0.000768064410199203,57
30,0.000230556114129264,0.00018108081887338,58
30,0.000186493886584507,0.0278066149570518,59
30,0.00142782584034806,0.000757909699193227,60
30,0.000324516252115385,0.00173345738815109,61
30,0.0109788570811124,0.00420645645431275,62
30,0.00166546851826215,0.0071546975424502,63
30,0.00105915761351201,0.00239374163705179,64
30,0.000648151279873765,0.034629951357855,65
30,0.00279102852660839,0.00109804922504469,66
30,0.00355304249528327,0.00699429826546177,67
30,0.00607011091017143,0.00890975621924303,68
30,0.00110529991163445,0.000352416041151936,69
30,0.000863900314708223,0.00530300118963111,70
30,0.00237905016557087,0.0016471727573008,71
30,0.00285646149625969,0.00198757538660359,72
30,0.000603617130149254,0.000769171302952286,73
30,0.00124228043661597,0.00233861248702891,74
30,0.00528652910198257,0.00417616709001994,75
30,0.00749322430846442,0.00476779043116534,76
30,0.000559396220381125,0.000416806049850895,77
30,0.00082679740980198,0.00343787643053785,78
30,0.00036461530068323,0.0360442931538905,79
30,0.00564881458822123,0.000548036015129482,80
30,0.0412577936623087,0.00124502353274081,81
30,0.0128752387308596,0.0135535222663609,82
30,0.000297666822363636,0.010408599060249,83
30,0.0209506341660714,0.00254980612515905,84
30,0.00195798532991228,0.000986664458083416,85
30,0.000420270034086022,0.000450509685179283,86
30,0.000431101691906977,0.00252780747252988,87
30,0.0118930322920195,0.013781489347241,88
30,0.0158473596331281,0.013056517877002,89
30,0.0155421243232601,0.00285790294999006,90
30,0.000347917813780161,0.00509847573227634,91
30,0.00102156316634276,0.0055095590869712,92
30,0.00102467027230769,0.00884356089429711,93
30,0.00101528994037773,0.000259375762730884,94
30,0.00877746005213855,0.0449944633248858,95
30,0.0482267030027724,0.0084723105575498,96
30,0.000550432200121951,0.00272652611582505,97
30,0.000978117733234266,0.0129463594290566,98
30,0.000416793181118761,0.0721651079500797,99
30,0.00658338031903553,0.000915221170497018,100
31,0.000771236308064516,0.000152691922144985,1
31,0.000630367139711864,9.31231654121152e-05,2
31,0.000115739704547009,0.000110036938152929,3
31,0.000101149537971831,0.000801829372662014,4
31,0.0001538566309,0.000244014076812314,5
31,0.00139945974162205,0.000161242097942346,6
31,9.04200680985915e-05,0.000172934769720837,7
31,9.75622064525994e-05,0.000652057113952334,8
31,0.00125046896673214,0.000143204683525896,9
31,0.000335098972758621,0.000106454010775348,10
31,0.000152545738410915,0.000368976200836653,11
31,7.19580171176471e-05,0.000110992879501496,12
31,0.000152939047895717,0.000372319666013917,13
31,0.000374453882258065,7.65422816186693e-05,14
31,0.000183928491239669,0.000448510876782869,15
31,0.00106752893206544,0.000352479899023904,16
31,9.69475144117647e-05,0.000367031506216485,17
31,0.000516966815056899,0.000156219857798805,18
31,0.000223502473037838,0.00046920067632572,19
31,0.000433138526519959,0.00120609425263419,20
31,0.00344100681905388,0.000200930997161355,21
31,8.8982465978456e-05,0.00012015191873506,22
31,0.000121184926477462,0.000405455340357498,23
31,0.00064500724484375,0.000249493674282869,24
31,0.00036268780152431,0.00145417050642147,25
31,0.00167749670790099,0.000891283934735793,26
31,0.000646122981306043,0.000111077473007968,27
31,0.000103237136208897,0.000689099240656064,28
31,0.00186275011129915,0.000230820658565737,29
31,0.000154826139580292,0.0004185390467428,30
31,0.000356982792326284,0.000130389510457256,31
31,0.00193419773986408,0.0039340879986753,32
31,0.00065994802270751,0.000372870225882353,33
31,0.000113760936510319,0.000160508914302789,34
31,0.000361246278729927,0.000738760264322709,35
31,0.000792964494451962,0.00210436589989044,36
31,0.0009826593805,0.000137314923793446,37
31,0.000112524666031746,0.000771874047219464,38
31,0.00110151925567568,0.000757712847166998,39
31,0.00011294495180758,0.00417183819768924,40
31,0.000790735815325497,0.00023077772889662,41
31,0.000173891560068966,0.000664179788310139,42
31,0.00103930560994455,0.000156171306603586,43
31,9.31905717850288e-05,0.00111585901817729,44
31,0.00248564339003976,0.000147944799741036,45
31,9.64634134757119e-05,0.00014365199777336,46
31,0.000515786570037772,0.000150846863416335,47
31,0.000163081910795287,0.00282091670183714,48
31,0.00028890345003937,0.000381729471006979,49
31,0.00111133928627572,0.00161868454445663,50
31,0.000253956150819328,0.000937113871424303,51
31,0.000803684734007937,0.00233135873364905,52
31,0.00468891956395445,0.000907475096673307,53
31,0.000182555809175476,0.000500630018667992,54
31,0.000791096535092937,0.000585025554463221,55
31,0.000174559253355408,0.000948055961171797,56
31,0.00019871613,0.00127341943882669,57
31,0.000661718891605585,0.00021746648971173,58
31,0.000683490612996255,0.00164479493473579,59
31,0.000131533104982752,0.00136353061060757,60
31,0.000685272760094659,0.00162750050576961,61
31,0.000167775433655706,8.99432086454183e-05,62
31,0.000136077423791701,0.000894861404093625,63
31,0.000109229599352696,0.000470002979511952,64
31,0.00103990612329736,0.000127115082818725,65
31,0.000318973413285158,0.000306015060268924,66
31,0.00015683803221329,0.000457051175772682,67
31,0.000133692023094677,0.000716975256909272,68
31,0.00127920820364626,0.000131217167733598,69
31,0.000351920295386266,0.000879526397689243,70
31,0.000783806687730812,0.000109077736613546,71
31,0.000147979235728571,0.000271138580328032,72
31,0.000243774625036063,0.00101282648312749,73
31,0.00251837713061269,0.0015972853277988,74
31,0.000204981794616751,0.000502350202739044,75
31,0.000461051532693798,0.000288706536908549,76
31,0.000150267585208389,0.00331396673038845,77
31,0.00289054658947566,0.000235436155129482,78
31,0.000180032648655431,0.00710032059601788,79
31,0.000379310894270463,0.000159244884910537,80
31,0.000196634154886364,0.000202601449892644,81
31,0.000172944561118421,0.0048606721659761,82
31,0.000147585416920078,0.00110213949305859,83
31,0.00423613197940171,0.000173004598897716,84
31,0.000171540084741676,0.000372485706271186,85
31,0.000303099675388773,0.00641225673897308,86
31,0.000242681089455165,0.0001719500016286,87
31,0.00010933770285793,0.000111939568381331,88
31,0.000100228551910448,0.000128659666085657,89
31,0.000143334093959705,0.00022117261326713,90
31,0.000244156479379699,0.000327428563028798,91
31,9.5990849929078e-05,0.000118862137398213,92
31,0.00012937619415493,0.000457048414403579,93
31,0.0004048599923125,0.00273051279544821,94
31,0.00035820355238477,0.000219471840298211,95
31,0.000109193774964495,0.000611717788177291,96
31,0.000153524916863034,0.00101132845654419,97
31,0.00333461132933333,0.00363156098344588,98
31,0.000569319039267596,0.00815542496778885,99
31,0.000981487990602007,0.000309052489621137,100
32,0.0137530140978247,0.0137406743447714,1
32,0.017787624501469,0.0129429884600397,2
32,0.0177318321351227,0.0131632561997211,3
32,0.00322197294833841,0.00723525599403789,4
32,0.00630835136911023,0.0149819755318887,5
32,0.00742648850352896,0.00130801619276171,6
32,0.00322254850713043,0.000623412265765408,7
32,0.000530457386032211,0.00512774242999004,8
32,0.00603951266989051,0.0011099941605683,9
32,0.000328886095986038,0.000295910101036889,10
32,0.00297554750309613,0.00240038224752485,11
32,0.00177686192923077,0.00725251537671315,12
32,0.00224933064126285,0.00302950476753984,13
32,0.00103237915018018,0.0146341959896514,14
32,0.00356180939867792,0.00033039131333001,15
32,0.000486852772436149,0.00628266137587649,16
32,0.00570939798134122,0.0208869603226693,17
32,0.00922789342571429,0.00983739949188679,18
32,0.0022345740722561,0.00167672029591857,19
32,0.000465166552330827,0.00307848430915507,20
32,0.00339413599851598,0.00428544274584906,21
32,0.0185604026028846,0.0187674321246673,22
32,0.00420792834988072,0.00568896519646475,23
32,0.00373169009658397,0.0183237897062761,24
32,0.00388677103337278,0.000686392495488048,25
32,0.000295953939048387,0.000179806527616683,26
32,0.000246844142489879,0.000520886463227092,27
32,0.0003971671976,0.00901333060112326,28
32,0.00167792118392491,0.00361465466075472,29
32,0.00066875345693032,0.0170739391749153,30
32,0.0124129382022782,0.0203894337653426,31
32,0.00341841047662745,0.00328897634803785,32
32,0.00175266537470859,0.00211279131301887,33
32,0.000346891094146825,0.000725444010308765,34
32,0.00586152410977381,0.0200757800657994,35
32,0.00201607013040491,0.020524145550996,36
32,0.00509692544597222,0.0167461836421912,37
32,0.00338347892467487,0.012432652426713,38
32,0.0116917860356641,0.0156496041339442,39
32,0.00271959130284424,0.0105959080973579,40
32,0.0112922243995165,0.00801541073483615,41
32,0.00144409711321008,0.00428118594482072,42
32,0.00434308542071313,0.00149533833924678,43
32,0.000392130779982014,0.00102517529761431,44
32,0.000450422713891993,0.000240414741772908,45
32,0.00156666824207221,0.00123220980385458,46
32,0.00328296973659537,0.00271224833811565,47
32,0.00259224123959701,0.000952719472326044,48
32,0.00121296047735878,0.0053720249383714,49
32,0.000903979836109155,0.00371791295859562,50
32,0.00369191056759285,0.0259291482569292,51
32,0.0177499840693864,0.00582325374898305,52
32,0.00125156454350093,0.00939630087798211,53
32,0.0142083956821087,0.00540875950623635,54
32,0.00110340003225657,0.000732264690894632,55
32,0.000818258590226537,0.00203850977207547,56
32,0.0010831475748,0.0012412313749851,57
32,0.00262437513205374,0.00288929844284861,58
32,0.000551412340796117,0.000359439752181275,59
32,0.000186966999812606,0.0141502299409661,60
32,0.000667705071524823,0.00183191054304781,61
32,0.000249834275341959,0.00573293389594433,62
32,0.00119470187876712,0.00025742441836147,63
32,0.000345247219654404,0.00865189309003984,64
32,0.00117052015982524,0.000822187608525896,65
32,0.000292415305517857,0.00639871136430983,66
32,0.00390932568320717,0.00240290650879482,67
32,0.000201517031358268,0.00133570647077458,68
32,0.0138531341517561,0.00880517556690169,69
32,0.0126329917017153,0.01274029352833,70
32,0.00421924951016854,0.00188305939081673,71
32,0.0281462083584893,0.0109376987996819,72
32,0.00179881384745826,0.000344704707151394,73
32,0.000121006575640625,0.000357520357307079,74
32,0.000127556782190923,0.00654064948310824,75
32,0.00468232079578125,0.0131519870156474,76
32,0.0051252075929845,0.00107493490872763,77
32,0.000228111044357006,0.00672805130369522,78
32,0.00388258068635417,0.0131588938729283,79
32,0.00516030418315341,0.0139909330326096,80
32,0.00056744921011925,0.00706832116154382,81
32,0.0138572466325347,0.00384088538910359,82
32,0.00197305910986254,0.0133074156976992,83
32,0.027941552454026,0.00888822938005976,84
32,0.0013639762406625,0.00357008465920319,85
32,0.00076812464162963,0.000962649504492032,86
32,0.00730772929036842,0.0273732981685259,87
32,0.0288566931847399,0.00436905020517378,88
32,0.000929454496198934,0.00538149213112326,89
32,0.00358410857035398,0.0142170013323932,90
32,0.00681433370550276,0.0166553400011829,91
32,0.0016891593454519,0.00107675856808765,92
32,0.000557110906478873,0.0124601703228798,93
32,0.00714002870518771,0.00370842338595214,94
32,0.00176604969825603,0.00139886741525424,95
32,0.000907554207807692,0.0114769973939841,96
32,0.00234273288909804,0.000320185836410768,97
32,0.000837606562012072,0.000407079364123506,98
32,0.0132840302957706,0.010091205124741,99
32,0.013565874741354,0.00176271752228628,100
34,0.0233654035429077,0.0233459474588668,1
34,0.0094366442784323,0.000862501131608739,2
34,0.000225166131505376,0.000820286355298805,3
34,0.00443219787208937,0.00480199818151936,4
34,0.00101203354713851,0.0233930441735558,5
34,0.00185272306429553,0.000639702956131605,6
34,0.000500242967714749,0.000466560078528827,7
34,0.00119660662286908,0.000304394132290837,8
34,0.000272443656343154,0.000266090973575697,9
34,0.0329577895206162,0.00594723160791833,10
34,0.00405199342384496,0.000538231242313803,11
34,0.000209792023909348,0.000711539885139442,12
34,0.000731601186798561,0.0137916837075372,13
34,0.000497037563868739,0.0103207273437649,14
34,0.00573450854358182,0.00908359888538845,15
34,0.000897731913820663,0.00146567466840119,16
34,0.000267382617486535,0.000358045133884462,17
34,0.000953883041867924,0.000927906231747766,18
34,0.000385661778521127,0.000292024588964143,19
34,0.000468216173361921,0.00030738211590864,20
34,0.00116653522132939,0.00169677608994036,21
34,0.000504516915253683,0.000490640778595618,22
34,0.000265115120213144,0.00039909666886341,23
34,0.000183599363967093,0.000726082193010967,24
34,0.00512458249023466,0.000338635164666002,25
34,0.000165218007252747,0.000760305747455268,26
34,0.000113508286728814,0.000295475862991027,27
34,0.000292207083962264,0.000612545932899702,28
34,0.0010455606675,0.000232779147596822,29
34,0.000164451181019108,0.000200409655229084,30
34,0.00433801405323322,0.000506673136077458,31
34,0.00158587282460821,0.00434772731796813,32
34,0.000195700294322344,0.00031364510310757,33
34,0.000209953766375405,0.00585383657892644,34
34,0.0254936192441681,0.00683481263085657,35
34,0.000664392664206081,0.00652856257237575,36
34,0.00279718294353591,0.0114294405228898,37
34,0.000343342890442177,0.000415231077666336,38
34,0.000492054069809028,0.000280854102729084,39
34,0.000317268217001733,0.000280093540737787,40
34,0.000410828008661234,0.00200593553984064,41
34,0.0015353102393838,0.000563473119143426,42
34,0.000585844611710526,0.000175806972081673,43
34,0.000197475277324627,0.000346440536177932,44
34,0.000268785545018727,0.000223422174193227,45
34,0.00162408241086735,0.00114411034538767,46
34,0.000463565195168539,0.00113938671923535,47
34,0.000216272348701068,0.000141132261525424,48
34,0.000165385472289348,0.000259476745169323,49
34,0.000317409224205934,0.000384437644790837,50
34,0.00055157825093207,0.00178729561758449,51
34,0.00103802649202465,0.00215376381479084,52
34,0.000516518718345196,0.000377366301583665,53
34,0.000544867447593688,0.000358409780847458,54
34,0.000321617328181818,0.000172121390567729,55
34,0.000130641939389587,0.000337090476789631,56
34,0.000167805605851979,0.00014759741309761,57
34,0.00029500021342246,0.00556276584977069,58
34,0.00129292832751799,0.00720377690241311,59
34,0.000880321830155945,0.000658797962470119,60
34,0.00682775614406213,0.01190082408834,61
34,0.0238044988495126,0.0314600786417875,62
34,0.00176808894620155,0.0217054028377137,63
34,0.0400525678669909,0.00849947337043738,64
34,0.0126626278675815,0.0169408051553923,65
34,0.00374347827781528,0.000608554396380857,66
34,0.007110120335,0.0103490004048262,67
34,0.00179648149777143,0.000391229915129225,68
34,0.000385981631472172,0.000794690310756972,69
34,0.000544844519644195,0.000269758058460775,70
34,0.00402668687476603,0.0401301503833664,71
34,0.0111392573054291,0.00340701241611167,72
34,0.000510332926315789,0.000443096475178926,73
34,0.000243809646519435,0.000694919303296813,74
34,0.00271838028645522,0.0117787377309037,75
34,0.00333343417111722,0.00471402363865538,76
34,0.00156334130652336,0.000487318083565737,77
34,0.000268976161492537,0.0259683937681773,78
34,0.00246683480605825,0.000387386601792829,79
34,0.0265240531750588,0.0163259127925,80
34,0.0110368436594171,0.0125397252668986,81
34,0.0543178983273622,0.0263069951108865,82
34,0.0014763495257404,0.000611636537181275,83
34,0.000274202045493716,0.000167849316474104,84
34,0.000593598652667984,0.00354191732730884,85
34,0.000958869843207921,0.000181167634850895,86
34,0.000253751037405303,0.000197214345936255,87
34,0.000193859288350694,0.00194920050898312,88
34,0.00447674885375,0.00749709125039841,89
34,0.00114980387093023,0.000518208019106256,90
34,0.0198800321154545,0.0125913556059123,91
34,0.000402943403881064,0.000954222307813121,92
34,0.000798978786857143,0.00019733502873506,93
34,0.000173825221017403,0.000414239115459245,94
34,0.000779179188159057,0.000196610243027888,95
34,0.00024263486145283,0.000139245820039761,96
34,0.000333441553371212,0.000405723432961117,97
34,0.000293109031472172,0.000195352919324727,98
34,0.000396183664010791,0.000423370509680957,99
34,0.000238640979789474,0.000866778450558325,100
35,0.0497881845548099,0.0469700294930219,1
35,0.0471643264824273,0.0454499189783797,2
35,0.0812598688768519,0.0138179146623904,3
35,0.006646710519081,0.0570281545436842,4
35,0.0160658625731224,0.0744196607005964,5
35,0.00940375077347826,0.0478299527937537,6
35,0.0204597868980707,0.068956959660658,7
35,0.0613551261250438,0.0534009829389631,8
35,0.00639711546159021,0.025643961654741,9
35,0.0036381742670743,0.0135283572701494,10
35,0.035394220436922,0.0173039778790367,11
35,0.000869972728231173,0.0156127246400896,12
35,0.0024304495679932,0.0099191150963853,13
35,0.00171631642573129,0.017525622908496,14
35,0.00819877671355207,0.000918426454970119,15
35,0.00330653575238351,0.00518509613697813,16
35,0.00256065251496753,0.0107404483944622,17
35,0.0102219179746326,0.00704765437470179,18
35,0.000731952723590463,0.0061243275846574,19
35,0.0152638073862538,0.00516944634291253,20
35,0.0175386554517187,0.00848310047063555,21
35,0.000898352779464286,0.0195862186208367,22
35,0.00173505285186287,0.00401780182384462,23
35,0.00131553433919225,0.00135003615576693,24
35,0.000552434743305785,0.0190272105063147,25
35,0.00386372814446128,0.0184960704161454,26
35,0.00254949893321608,0.00331734501528884,27
35,0.000908536702159265,0.00213771630232072,28
35,0.00588233575409556,0.000809231211520875,29
35,0.000323144305136437,0.00289044259482107,30
35,0.0231936739148925,0.0128231447756673,31
35,0.0287654825722347,0.00347157157717131,32
35,0.00178518818736048,0.00163651010889772,33
35,0.000533328297098151,0.0203676313768489,34
35,0.00423235451667797,0.000571219451653386,35
35,0.000743423646540212,0.00164506565202393,36
35,0.000695593008984238,0.015339640778674,37
35,0.0336077306357355,0.00458444284920319,38
35,0.000806836556940063,0.000533864281215139,39
35,0.000473946161145455,0.011554257566004,40
35,0.0177567739370778,0.0550902574529821,41
35,0.0138658347963158,0.000961002907768924,42
35,0.000545458417600644,0.000963715150069582,43
35,0.00176830452636943,0.000650390868538767,44
35,0.0012749039214511,0.000430895426256207,45
35,0.000523413417064057,0.00105400753287849,46
35,0.00192019709659452,0.0280417937196215,47
35,0.00322638082416667,0.00894060356895314,48
35,0.0012513121129,0.00240486043276068,49
35,0.000705333812738095,0.000400712889026812,50
35,0.0128566836858069,0.0715193480375547,51
35,0.0248517079846634,0.00167170720050696,52
35,0.000632181320483619,0.000524805514597815,53
35,0.000945341725230769,0.000633356543511952,54
35,0.0151950221870113,0.00214936059868526,55
35,0.000687708305877342,0.001843461097749,56
35,0.000777820493366013,0.000980371611115538,57
35,0.000569382767005917,0.000436663970687936,58
35,0.000470086360240137,0.000441620102644135,59
35,0.000332201581299094,0.000267961649960239,60
35,0.000839898326978233,0.000850507963777336,61
35,0.000273622185779661,0.000271856262021912,62
35,0.000132104778887015,0.00034172802223658,63
35,0.000254002290778146,0.000569964276304781,64
35,0.000416236419419152,0.000211921127644135,65
35,0.000206727887319933,0.00021241050915507,66
35,0.000194808980053286,0.000149141117330677,67
35,0.000269826744949833,0.000430625739880478,68
35,0.000261992112144809,0.000132853491300894,69
35,9.03051556120827e-05,0.000139838742818725,70
35,0.00296706815701439,0.00550433883554672,71
35,0.000297796619071804,0.000404375277290837,72
35,0.000477705238688245,0.00169491029972112,73
35,0.00421896202518717,0.00173545227004965,74
35,0.00192981643164577,0.000585533019145978,75
35,0.000169856742445194,0.000255539471623506,76
35,0.000356595440603448,0.00223620381323734,77
35,0.000236137712249561,0.000229224818615538,78
35,0.000227909341216216,0.000294694593057769,79
35,0.000326354378791045,0.000163799618894422,80
35,0.000901637846415363,0.000164922508306773,81
35,0.000143541099601276,0.000145692164521912,82
35,0.000135501055633562,0.000517080666037736,83
35,0.000164278873256956,0.000828819014770916,84
35,0.000357899127332123,0.000649310693435948,85
35,0.00377756920791741,0.00147686255507968,86
35,9.60342512387792e-05,0.000162264954393638,87
35,0.000503987155318792,0.000936755715322741,88
35,0.000197053982612613,0.000118958190258964,89
35,0.000180062243327338,0.000276865666395233,90
35,0.00729970853732644,0.0032901824,91
35,0.000185421174852941,0.00140535868251992,92
35,0.024734915375581,0.00147438581557769,93
35,0.000580826413021347,0.000362469657818725,94
35,0.000338491214777397,0.00112705350709163,95
35,0.000456226362429752,0.00134298731407371,96
35,0.00394510417417132,0.00216972842781872,97
35,0.000157524379744898,0.0143479870224628,98
35,0.00463478480821038,0.00124843695131082,99
35,0.000552907797937985,0.000297375345498008,100
36,0.0390063080211081,0.00722280745791253,1
36,0.000271866073580247,0.000170723889561753,2
36,0.000194381088575419,0.000169231456523904,3
36,0.000142255223594864,0.000151599285497018,4
36,0.000131243884783237,0.000133985764622266,5
36,0.000112434396508689,0.000127845853545817,6
36,0.000140446161109726,0.000117511746942231,7
36,0.0011544274032948,0.00146770475398608,8
36,9.63890785339506e-05,0.000170682090567729,9
36,0.000107907866205534,0.000183739956057597,10
36,0.00379303774192638,0.00121123564752988,11
36,0.000153779837952756,0.000266381831202783,12
36,0.000242126828376511,0.000573160505149402,13
36,0.000650931559052454,0.00206550136642147,14
36,0.00051251643652648,0.000145311898535857,15
36,0.000457128762513587,0.000182039235219123,16
36,0.000170451550843061,0.000117200276772908,17
36,0.000123034413303065,0.000229027767878486,18
36,0.000279125266412742,0.000385690342552135,19
36,0.000481360565878489,0.000629293368470705,20
36,0.000134491265604915,0.000124457922908367,21
36,0.000143825238535774,8.8647078187251e-05,22
36,8.32768167764298e-05,0.000698083140148957,23
36,0.000285941407083333,0.000358684689631474,24
36,0.000103016305529412,0.00236042976177932,25
36,0.000277922024826568,0.000133565333695219,26
36,9.88349988311688e-05,0.000548551263648111,27
36,0.00199661416160211,0.000318389372370518,28
36,9.42466637345133e-05,9.25074576294821e-05,29
36,0.000421975240549708,0.000223303858709037,30
36,0.000393491350476569,0.000125629186858847,31
36,9.28777476498801e-05,0.000153487011523904,32
36,0.00010864493322453,9.90365781411531e-05,33
36,0.000101315314932735,0.000349530813296813,34
36,0.000237163570347551,0.000552117866583665,35
36,0.000107795047109005,0.000701567325164506,36
36,0.000466694958641975,0.000109663953141153,37
36,0.000179113712352459,0.000378687837616683,38
36,0.000625649735161049,0.000456081175786853,39
36,0.00104071521926194,0.000203120280159363,40
36,0.000103758328398058,0.000247696957450199,41
36,0.00018770336175641,0.000782408107017893,42
36,0.00203261936616747,0.000288460063974104,43
36,0.000345335615691203,0.000639965178894422,44
36,0.000165591280206349,8.75166101693227e-05,45
36,9.66845370391061e-05,0.000113221043071571,46
36,9.2428494683053e-05,0.000212832206071785,47
36,0.00142447492794721,0.000256071798655379,48
36,0.000130823835167224,0.00101394293479125,49
36,0.000111532521479769,0.000126362966992032,50
36,9.5421914528e-05,0.000113178420496524,51
36,0.000891825981428571,0.000315029388444666,52
36,0.00155724272961826,0.000648244839840637,53
36,0.000729832121131542,0.00113310995082505,54
36,0.000504839986459732,0.000387079025547809,55
36,0.00113641656723438,0.000509479716241276,56
36,0.00749923462320586,0.00195112868831673,57
36,0.000611773583136691,0.000441557155839126,58
36,0.000238400498458015,0.0118848824179225,59
36,0.0184218889461374,0.00514102965148554,60
36,0.000187699084567442,0.000790416722296223,61
36,0.000310855830266393,0.000497318664447761,62
36,0.000325393667988253,0.000855125887996012,63
36,0.0129925250208138,0.0108668035711355,64
36,0.000861744385843858,0.000209405473157895,65
36,0.00167299161144177,0.00208904886384462,66
36,0.000731001554363853,0.000904412943574975,67
36,0.000724784145523156,0.000409601357848606,68
36,0.00016478048771028,0.000127404678479125,69
36,0.000650388545974235,0.00745500496911531,70
36,0.000403711328097043,0.000819883220298805,71
36,0.000644693163630017,0.00249797901749004,72
36,0.000613582058421927,0.00498927588857853,73
36,0.000346578269654941,0.0193636631477137,74
36,0.0390131824158663,0.0150270912247709,75
36,0.0303256042744541,0.00094017732195825,76
36,0.000562131103746313,0.000265546460089731,77
36,0.00133375317857923,0.00308786638046813,78
36,0.0453457291402033,0.00495545512138446,79
36,0.00128781846833552,0.00548870074672311,80
36,0.000332432279033113,0.000318773875517928,81
36,0.000828340698685801,0.00465970513309761,82
36,0.0112521818579383,0.00886980875026892,83
36,0.000432772992093863,0.00023344255083499,84
36,0.000432705670337209,0.000216856193187251,85
36,0.00078052720468543,0.000199457958063555,86
36,0.000279073111792453,0.000196851329611554,87
36,0.00151793664391097,0.0265801238678153,88
36,0.029290070063135,0.0289784732513208,89
36,0.00137983090017751,0.00193864485,90
36,0.000194975923741379,0.000205463807946162,91
36,0.000138160241516755,0.000306599539332004,92
36,0.00179813813765823,0.000364264029581673,93
36,0.00696508869949653,0.00513293675444334,94
36,0.000293381651238095,0.00164440768250249,95
36,0.0001579613822,0.00017281164944334,96
36,0.000238018992288786,0.000248344554452191,97
36,0.000177317476769759,0.000164022606533865,98
36,0.000158830010697248,0.000124560884153386,99
36,0.000189246832884334,0.000123536721573705,100
37,0.00517525602222222,0.00273302743246521,1
37,0.0011647053610184,0.00239729511448858,2
37,0.00112188506457772,0.00340659364055611,3
37,0.00114926147180251,0.000950785080974155,4
37,0.00199676574022394,0.00166229338459782,5
37,0.000620643442207268,0.00318263415520875,6
37,0.00393465071655647,0.000570103350069721,7
37,0.000400453649847645,0.00319865465356504,8
37,0.00431461578753049,0.00544047692771912,9
37,0.00687474649609375,0.00118742433816733,10
37,0.0028582823620132,0.00305195060085487,11
37,0.00113322866865337,0.00476014916988048,12
37,0.00124747116251067,0.00135511348956262,13
37,0.000452970515533643,0.00477908124678926,14
37,0.000621797548724545,0.00045100750360835,15
37,0.000201272003164269,0.00212603618559642,16
37,0.00128877572721293,0.00215106660118526,17
37,0.00236435181265543,0.00256730399047714,18
37,0.000977164735211831,0.0037881757602988,19
37,0.000389837685617978,0.00733990577170804,20
37,0.00288985724621577,0.0035039398824327,21
37,0.000734151216903648,0.0119328610496713,22
37,0.00233562162908451,0.00301834587184891,23
37,0.00332040638115694,0.00290501602135189,24
37,0.00466648791634146,0.00198426953675273,25
37,0.00289945867991822,0.00993649280064741,26
37,0.000623043599673055,0.00370018051985104,27
37,0.00801294294564725,0.00050267042312749,28
37,0.0103350461502102,0.0150981079966833,29
37,0.00688163695066986,0.01192510891333,30
37,0.00796618152419444,0.00483498419710159,31
37,0.000733529882065663,0.000550151387639442,32
37,0.00172773007467089,0.00190560091594433,33
37,0.000246516629802956,0.000750592903784861,34
37,0.000952515641097708,0.00286993965403579,35
37,0.0025888419869688,0.00285329167993028,36
37,0.000695472607248183,0.000955533183067729,37
37,0.000601033476942004,0.000755787597517378,38
37,0.000288711663768755,0.000451763704511952,39
37,0.000427394705870968,0.00288431976580517,40
37,0.00466172520047065,0.0133309776364343,41
37,0.0120636450192839,0.00210514420501992,42
37,0.002420824583391,0.00219189908213505,43
37,0.000323708269043977,0.00209024793641434,44
37,0.000484537965,0.000390816219940239,45
37,0.00106409222010817,0.00389428722723108,46
37,0.000332228009260628,0.00198374953201789,47
37,0.00287639290017483,0.00312748370786282,48
37,0.00277663739314164,0.00102079232548805,49
37,0.00273024901295374,0.00579570017788845,50
37,0.010159480887223,0.0143177040116135,51
37,0.00994523755603175,0.00101541059100598,52
37,0.0224724827199457,0.0245238452243868,53
37,0.00420746058383973,0.000783353224393638,54
37,0.00266587639380895,0.00631875053211155,55
37,0.00037630682717757,0.000288517847696127,56
37,0.000263075064803922,0.0149578309645527,57
37,0.00255670423579654,0.00247859215194223,58
37,0.000298005090828331,0.00123629258227634,59
37,0.000262454638069498,0.000274751052662014,60
37,0.00557407500593708,0.00948754582800199,61
37,0.0007822305126062,0.000544243534771372,62
37,0.000578486894858757,0.00101287935853586,63
37,0.00483518220463108,0.0195766485278728,64
37,0.0158678096381081,0.00219986123213147,65
37,0.000434010037165775,0.0123783772428429,66
37,0.0314030303990724,0.0126557872540837,67
37,0.0282587755493211,0.022932585733745,68
37,0.0215798493296207,0.00998548792407371,69
37,0.00946714489451765,0.000782529054252988,70
37,0.00606241751020608,0.00258727450241036,71
37,0.00764313085619403,0.00376056625353586,72
37,0.00106117888378766,0.00124514316719124,73
37,0.000401809941223242,0.000214677803389831,74
37,0.000283923278839836,0.000274181350059761,75
37,0.000217712780862069,0.000208258868466135,76
37,0.000558663816078098,0.000654880482986083,77
37,0.000857720549543726,0.00936217507422046,78
37,0.00658695069471579,0.000729864290816733,79
37,0.021337443786975,0.0113079020361853,80
37,0.0059697518397189,0.00386795996,81
37,0.0127691125368269,0.0326448756146062,82
37,0.0134375157957681,0.0139851352566135,83
37,0.0214388062622024,0.0259863399600398,84
37,0.025900487195007,0.0208597128080179,85
37,0.0313715993348811,0.0237752849931976,86
37,0.0223496321058954,0.019885380102572,87
37,0.00547698642675248,0.00582457614718127,88
37,0.004902968537375,0.0065501612408143,89
37,0.0158878602305707,0.0182149345686155,90
37,0.0102859599682888,0.0211460311042048,91
37,0.00146074916086364,0.00996289312891434,92
37,0.00149268783736842,0.00778354929630478,93
37,0.00304962222096931,0.0130325719380658,94
37,0.00898456808963357,0.00938593427069721,95
37,0.00114384322915952,0.000468801694237288,96
37,0.000850107164217252,0.00131756727332004,97
37,0.00734073038106061,0.00166119252840637,98
37,0.000435258150809793,0.000638854427410359,99
37,0.00608974576145283,0.00286984422352883,100
39,0.00972100097962963,0.0100916364431312,1
39,0.00912326944706022,0.00175552547571996,2
39,0.0124659094567001,0.00639959819541833,3
39,0.0122141226497269,0.0155277703848455,4
39,0.0152759664574596,0.0155793172379642,5
39,0.0103609054112686,0.0136740115491725,6
39,0.0188656302066746,0.0181009333262562,7
39,0.00862576333278034,0.0139652659038285,8
39,0.00220588031473475,0.0105820945592323,9
39,0.00645468599458065,0.00653807879046813,10
39,0.00187498376797082,0.00310122921237339,11
39,0.00172114099354278,0.00152380949723932,12
39,0.00334575046548461,0.0102851814194821,13
39,0.0186074384952725,0.0122268735298406,14
39,0.00597543298788282,0.00299352396486594,15
39,0.000502516595831556,0.00440251416517928,16
39,0.00912924185319149,0.0100635678993127,17
39,0.00440884966863892,0.00489793458188867,18
39,0.000741620554613003,0.0108163502089343,19
39,0.00991702113585432,0.00710951181076693,20
39,0.0121967428035774,0.00837601374872763,21
39,0.0141103967586404,0.0147831893561515,22
39,0.00296748679546039,0.00315332569292829,23
39,0.000846216638602846,0.00671942064499006,24
39,0.000938758240056899,0.00860242054542373,25
39,0.00248391782947368,0.000894003423904383,26
39,0.000807893952973451,0.00322037780006958,27
39,0.00265238524823088,0.00706368330487587,28
39,0.0183784233957776,0.0111913188022443,29
39,0.00284037951170404,0.00750403535863952,30
39,0.0157414499368958,0.0120701635602087,31
39,0.00312343429647674,0.00309592920031809,32
39,0.0169112315422581,0.00451130787291833,33
39,0.00489575747901775,0.0131442048232271,34
39,0.00653320441260989,0.0148392743961117,35
39,0.0125710262564659,0.00447620442035857,36
39,0.00057602941173058,0.000406418309692155,37
39,0.000867808711417817,0.00423433310782869,38
39,0.00336015010018132,0.00193456886577954,39
39,0.000314996857110694,0.00713545869311067,40
39,0.00680650668429047,0.0135852890688282,41
39,0.00566677638017724,0.0151081249202689,42
39,0.0117898686001302,0.0153422258410359,43
39,0.00867655389125951,0.000632520939184891,44
39,0.000636595189176647,0.0198019748020577,45
39,0.015399782820793,0.016871707538506,46
39,0.0115479323283755,0.0204275444744422,47
39,0.0152035988914949,0.0222689740185089,48
39,0.00268893829154176,0.00734538633374502,49
39,0.00331961817416468,0.00722978836481076,50
39,0.00606183675210909,0.0127752342096127,51
39,0.00799351108524625,0.00379530856695328,52
39,0.00104418296449591,0.00659871730735793,53
39,0.00330720453351454,0.0128953926152087,54
39,0.00596513898598174,0.0106057504165938,55
39,0.00569727140995708,0.00529628443596211,56
39,0.00127232227640642,0.0119637689048108,57
39,0.00226912654533828,0.00866171943047714,58
39,0.00209469520879518,0.00885417742954183,59
39,0.00276189172682161,0.0170542000522939,60
39,0.00848789386003799,0.00797841782421471,61
39,0.0016283733308701,0.0135200039160818,62
39,0.00690753984676435,0.00733115039782652,63
39,0.0062205260752657,0.0168267774160857,64
39,0.00353948354339806,0.00778802868625498,65
39,0.00220443015670175,0.00689963495473684,66
39,0.00109824203730882,0.00728241867438247,67
39,0.00606782852972534,0.000789526139621514,68
39,0.000300721431433054,0.00249479946361829,69
39,0.000246132990136799,0.00642781454845924,70
39,0.00626098530414201,0.0113284489255169,71
39,0.00158455192841907,0.00528672395316052,72
39,0.00115384018901351,0.00736512770249255,73
39,0.00091446125556,0.00888029283109562,74
39,0.0083626634871486,0.00106037552839126,75
39,0.000887475811801676,0.00709929710255214,76
39,0.00062302389594086,0.00532178783705179,77
39,0.000747185541223404,0.00502086487036743,78
39,0.00402715977431479,0.0101151799612948,79
39,0.00182861415351572,0.00743663946111554,80
39,0.0128625138704237,0.00213850033376365,81
39,0.0107077505123391,0.0065940432525996,82
39,0.00160463926557592,0.0038031026014995,83
39,0.000501629943207792,0.00847932092126494,84
39,0.00144062207015911,0.0130814173723691,85
39,0.00292016642615894,0.000936467202838645,86
39,0.000340478850365714,0.000407792517161355,87
39,0.000336841633984962,0.00115403523734064,88
39,0.0119116874186297,0.00833058954088381,89
39,0.0110092946313394,0.00263724332703078,90
39,0.0138382885636738,0.0111208849140578,91
39,0.000812335644,0.000587871204626122,92
39,0.000381644957860825,0.000922693979133466,93
39,0.000160845473242894,0.00725246374358566,94
39,0.0137206022159201,0.0061014158550996,95
39,0.00440356264258481,0.0185411460437251,96
39,0.0216829817419796,0.00188051353508441,97
39,0.000697449195637394,0.000402668733824701,98
39,0.000494880522578445,0.00446147095641434,99
39,0.000701234198806647,0.000242821728976143,100
40,0.0691785525688749,0.0802633616362624,1
40,0.0562406930384821,0.118576704619123,2
40,0.0204055291087199,0.180844256439482,3
40,0.0345385197924242,0.0135464790546062,4
40,0.00169341631687591,0.0069618376987749,5
40,0.0323003183272683,0.0381304958104573,6
40,0.00124537072399467,0.0847980770520755,7
40,0.0169425695359133,0.00246241627410359,8
40,0.00079987139358042,0.00306469161436255,9
40,0.0705637552585561,0.017780664295508,10
40,0.00667585248448613,0.0519601390868191,11
40,0.00782204676353045,0.00565769792827038,12
40,0.0269757773099699,0.0871505259624255,13
40,0.00361233204895652,0.0696553352977291,14
40,0.0211384135513131,0.00219577974912351,15
40,0.0212572138321951,0.120027569105442,16
40,0.0112769299744376,0.00660944953032803,17
40,0.0415616116624904,0.00519278202110228,18
40,0.0166683704589837,0.130398761257032,19
40,0.0279678953210041,0.0886844999798207,20
40,0.0243646332616398,0.122421201348108,21
40,0.012986566296039,0.128567489827783,22
40,0.0239202348649025,0.10021564970008,23
40,0.0074307517976361,0.0173579869650795,24
40,0.00653577710456359,0.0184393272683068,25
40,0.0380138972104433,0.00916165999266932,26
40,0.00145813457085242,0.09365896130001,27
40,0.0571451558278849,0.0150206775199801,28
40,0.00258710189561453,0.0045865608085259,29
40,0.00462985951022305,0.0158681170432373,30
40,0.00170605574459909,0.0424522675052988,31
40,0.0131265883834286,0.0115294190100598,32
40,0.00105368720071895,0.00629377445422046,33
40,0.00273098359471281,0.0196759556242502,34
40,0.00485759694701724,0.0933688595614499,35
40,0.0147839121434951,0.00202258967422465,36
40,0.000607991685800654,0.00486985696408549,37
40,0.0014678573133677,0.0169455635224553,38
40,0.00246193521269103,0.000550057075064548,39
40,0.00052817820937299,0.0112015825805666,40
40,0.0405654915260613,0.036162808931173,41
40,0.010842975284399,0.0199367285127789,42
40,0.00125419486,0.00655404874286142,43
40,0.00198111775751572,0.0121700545673088,44
40,0.00186741228846535,0.00101669523042829,45
40,0.101130299057085,0.0343289793698406,46
40,0.00424980809023687,0.00273482456538845,47
40,0.000618041170473773,0.0077691639215239,48
40,0.0622272163833448,0.0882753305049203,49
40,0.00358076852670471,0.00586986810454274,50
40,0.0176753532309209,0.00440634815686879,51
40,0.00507103129759848,0.00324085563213147,52
40,0.0162384294704088,0.00796268350096613,53
40,0.0049036115766723,0.0584548231415538,54
40,0.0619760988700329,0.00862387175826044,55
40,0.00100123267185185,0.00273330329368787,56
40,0.0011798907371405,0.0217588137568725,57
40,0.00520056587289428,0.100899673819084,58
40,0.00676503544097521,0.193266849152843,59
40,0.0664947712197044,0.0173090323252187,60
40,0.0125160031407305,0.0617948686145418,61
40,0.0153710296466731,0.00234325648563745,62
40,0.00414967776982379,0.00461914573863546,63
40,0.0039097914445975,0.0137429253214215,64
40,0.0988337226821376,0.015323497142261,65
40,0.124071030594916,0.0180067267764641,66
40,0.0174220647858319,0.0209048069699206,67
40,0.000686175334933726,0.00479118422646123,68
40,0.00661014728577883,0.00871061056227634,69
40,0.0407699847130986,0.00730278636582505,70
40,0.00891948805977492,0.0111087165484247,71
40,0.019431102663114,0.0222205558802582,72
40,0.00436540430237337,0.00696467888851594,73
40,0.0235503874275255,0.0343571893835558,74
40,0.00188699424645358,0.0074838701641675,75
40,0.00177958641943902,0.0361468567467726,76
40,0.0777614894300692,0.105139422216912,77
40,0.160946383669125,0.0691865335282306,78
40,0.00329333341080925,0.00678275496838133,79
40,0.00126700769718966,0.00436749741967131,80
40,0.00755854360154144,0.0315584298410537,81
40,0.0134254182980969,0.026506381454493,82
40,0.0340566083551252,0.00425866397951341,83
40,0.00176165204128307,0.00143036678695134,84
40,0.00394505281951872,0.0276223973930815,85
40,0.0544596722841308,0.0121105856428657,86
40,0.00700122495220199,0.00798112357771144,87
40,0.00119420367578199,0.00519522831364542,88
40,0.000970884186656201,0.024646106466829,89
40,0.129488155651392,0.0144511167215155,90
40,0.0235558593609319,0.0229476506108765,91
40,0.0664360683123616,0.0290485273367729,92
40,0.00745849147295105,0.0490045029658689,93
40,0.00710998409706731,0.00452431337609562,94
40,0.00469081365116041,0.0346198858043098,95
40,0.00441578286325707,0.00259862717423459,96
40,0.050491617427209,0.023448514384004,97
40,0.0640933218168873,0.0180602515521614,98
40,0.00374019028741071,0.0501757038764507,99
40,0.00456261271504348,0.00631997603708748,100
42,0.0165607811847959,0.0233083658590457,1
42,0.00455443033089202,0.00192686784758728,2
42,0.00554571826263333,0.00203230070571599,3
42,0.00057813965354101,0.000262231457357869,4
42,0.000197961419746515,0.000548497771350598,5
42,0.000162387372140168,0.000134050176355478,6
42,0.000152685790903817,0.000624717715974104,7
42,0.000551260790486824,0.000180498404025299,8
42,0.000197007257003377,0.000153869365315438,9
42,0.00018556977620436,0.000274855394240757,10
42,0.000460837960554282,0.000348472741366799,11
42,0.000153477643244364,0.000131520116671912,12
42,0.000118272701327307,0.000204102167081511,13
42,0.000889883045305069,0.000186956826535458,14
42,0.000135915317870642,0.000534009907400996,15
42,0.000155321236575243,0.000143476406759145,16
42,0.000113510399891442,0.000154723228466733,17
42,0.000129767623284571,0.000148376848653639,18
42,0.000134067931817791,0.000127708479892032,19
42,0.000286852852287688,0.000311556004079125,20
42,0.000198581392130712,0.00035971293975249,21
42,0.000123289009883552,0.000266228103109183,22
42,0.00030509276142638,0.000175663700027833,23
42,0.000115888481098132,0.000114364668272709,24
42,0.000119948939667647,0.000124577652520676,25
42,0.000150866937480822,0.000153455372069566,26
42,0.000135467332384779,0.000140647180963147,27
42,0.00020878377154471,0.000431786949188986,28
42,0.000833352032464594,0.000143362602615339,29
42,0.000135490128156585,0.000432793754694062,30
42,0.000861933437713544,0.000670100643039841,31
42,0.000562660918726979,0.000495482182572493,32
42,0.000523822699769142,0.000139533119345382,33
42,0.000253387248955975,0.000204837882234263,34
42,0.000206230702173333,0.00014463792711494,35
42,0.000270184615837542,0.000236396564591857,36
42,0.000141048297689227,0.000284856006309533,37
42,0.000201407977007603,0.000221650856783515,38
42,0.00051914707071506,0.000171948562990321,39
42,0.000116418840794646,9.64729353401795e-05,40
42,0.0180809729900781,0.00536424242980219,41
42,0.000818170510721498,0.000724862923127706,42
42,0.00304324851923614,0.00625595161561938,43
42,0.00054437633158569,0.000508002874754121,44
42,0.000421720584357634,0.000221620812642684,45
42,0.000298833248315697,0.0107316835919772,46
42,0.00732881363964331,0.000517370328725919,47
42,0.00087629364762127,0.00302803744005865,48
42,0.00054893940836398,0.00312431045907371,49
42,0.000395489546502545,0.000252744400570328,50
42,0.00503134855694352,0.0108031212071575,51
42,0.00210645179443144,0.00520381327895214,52
42,0.0149324436304078,0.0203133608619861,53
42,0.017867930312649,0.00195555746662661,54
42,0.00586868127486432,0.000640948894867131,55
42,0.00231548523258258,0.00577402019720936,56
42,0.000798537817097318,0.00061343130639165,57
42,0.000414387821139918,0.000160780394737849,58
42,0.000232401104603979,0.000282103161448853,59
42,0.000286247047649645,0.00148504822456961,60
42,0.000910599069057741,0.00594341149376394,61
42,0.000719705688936982,0.00293128535226912,62
42,0.0118746368981899,0.00520511994888634,63
42,0.0259163519608585,0.00813248480881952,64
42,0.000593109260445984,0.000989645274905578,65
42,0.00254665570813297,0.00646310882045825,66
42,0.0384479113123075,0.00210246803923821,67
42,0.00287681782334547,0.00439783343615852,68
42,0.000185459857177813,0.00035203816427495,69
42,0.000382080929420128,0.000850967469137475,70
42,0.0013034861288684,0.000488630822195817,71
42,0.000763697858883195,0.000463917847918967,72
42,0.00288861727212605,0.00835846565714143,73
42,0.00160817341739021,0.000547365639215936,74
42,0.000754027591544629,0.000633159504499006,75
42,0.000154674199891312,0.000365741046166137,76
42,0.00155943367087352,0.0239252750077207,77
42,0.0015972738988553,0.000711779634824327,78
42,0.00111468861617441,0.00038450267974488,79
42,0.00366217484936549,0.0048250556399741,80
42,0.002037699527248,0.00286499171097873,81
42,0.00138215818049809,0.00210753391896521,82
42,0.0014609512534966,0.00155878717410948,83
42,0.0140711912556662,0.0022872506320245,84
42,0.00145624174667155,0.00138058744058688,85
42,0.000540400871917696,0.00101839946440119,86
42,0.00225495088271656,0.000650781458982125,87
42,0.000197049929869218,0.000578089782532266,88
42,0.000768535642989986,0.00540051354264135,89
42,0.00541008230552507,0.0147904918153141,90
42,0.00182046796708871,0.00142796949433002,91
42,0.000259220267334066,0.00440925458563178,92
42,0.0204540190598148,0.00112132218168785,93
42,0.0003344443035,0.000354956846810934,94
42,0.000468175778325387,0.00491092231545882,95
42,0.00247631766412161,0.0125952995652782,96
42,0.00999245753034223,0.000902233458486653,97
42,0.00668443858045438,0.00480629083651193,98
42,0.0122822034093398,0.00968548571598008,99
42,0.0170482526219928,0.00173167189039623,100
43,0.00668958668322293,0.0148388992396262,1
43,0.0153152901818308,0.00195320088894841,2
43,0.00621957496623032,0.00268326103039641,3
43,0.000752506607445993,0.000749685797097012,4
43,0.000374867940123457,0.00042003750879841,5
43,0.000266552507701153,0.000234657448593549,6
43,0.000179265929134094,0.000652415796718445,7
43,0.000199082581558464,0.000117591319681673,8
43,0.000135414288438333,0.000259872982403972,9
43,0.000509953968698884,0.000269728454606375,10
43,0.00715881555524693,0.000402807104164612,11
43,0.000213139480952446,0.000937529402161458,12
43,0.000234106372295203,0.00968357568891186,13
43,0.00368492748466563,0.0012688221342449,14
43,0.000225337817602657,0.000142213873247458,15
43,0.000522393536489761,0.00235632226580897,16
43,0.00407420657358445,0.00160711079121514,17
43,0.0124099417909431,0.00314101093042207,18
43,0.00103240405868324,0.000451444606103685,19
43,0.000158945362624851,0.000296430662972393,20
43,0.00387280263602602,0.00206431660950228,21
43,0.00176802047013559,0.000486330663268626,22
43,0.000605653504803625,0.000238015327818127,23
43,0.000957003596692169,0.000270847432471813,24
43,0.000155313023683065,0.000612615781564143,25
43,0.000768339031647259,0.000191749668832532,26
43,0.000311412269209612,0.00105176362605916,27
43,0.000152827238639932,0.00087326919163853,28
43,0.000176202930992542,0.000351266624345974,29
43,0.000121965003897683,0.000898639854078764,30
43,0.000788524431654174,0.000779408161803187,31
43,0.000168356031681788,0.000154791115902689,32
43,0.000196248226159082,0.000161326990089033,33
43,0.000174912098563232,0.000152769053421912,34
43,0.00011402328884,0.000305592972519364,35
43,0.000524161780234532,0.000179668079697416,36
43,0.000224517456493778,0.000158247562086056,37
43,0.000136595376230769,0.000192372814861753,38
43,0.000140466959779885,0.000210870701751889,39
43,0.000270328841352399,0.000174517302381132,40
43,0.000183251555099843,0.00088310146378509,41
43,0.000654176657173152,0.000662511160773705,42
43,0.000909063204285953,0.00119888345832271,43
43,0.00235466113945585,0.00057698599159285,44
43,0.000146512487131579,0.000129868608306243,45
43,0.00010551046844564,0.00142963882575876,46
43,0.000715118406748534,0.000381321852800199,47
43,0.000204634399663113,0.000269038447868526,48
43,0.000250262271128571,0.000200254859120717,49
43,0.000209807503755423,0.000403848189569093,50
43,0.00441960082504151,0.00320655310780957,51
43,0.00324183897134814,0.00187474092037131,52
43,0.00281332320965055,0.000761375510344124,53
43,0.00203794971123151,0.000841375079989631,54
43,0.000147764814114008,0.000849597001530815,55
43,0.000679330196819115,0.000217767483991262,56
43,0.000252976003634948,0.000128172608264151,57
43,0.000130919546014141,0.000372480122902483,58
43,0.000553860029665746,0.000346215451332671,59
43,0.000110242780938559,0.00187438895609166,60
43,0.000399916522190178,0.000869872814925697,61
43,0.00537128991847349,0.00144682202014598,62
43,0.000211334094268022,0.000104858587097012,63
43,0.000107681055448857,0.000149403611355511,64
43,0.000205322129414042,0.000150325042887984,65
43,0.000110425555395833,0.000115642267533865,66
43,0.000132702076789062,0.00170510418567031,67
43,0.000369066500626527,0.000591235753586554,68
43,0.00157716739656289,0.000221542261757869,69
43,9.6916194589272e-05,0.000355687742769881,70
43,0.0017488329472347,0.00340155841532425,71
43,0.00168539557053346,0.0019919845191494,72
43,0.00101567982469109,0.000606260116991063,73
43,0.000104241044478035,0.000145791532939781,74
43,0.000232517628478685,0.000120427284270319,75
43,0.000136216632384939,0.000103484631914343,76
43,0.000366528538688057,0.000200360620769124,77
43,0.00037501594196174,0.000116645726015889,78
43,0.000180707378901639,0.000127856325887786,79
43,0.000122044908037563,0.000271043405303181,80
43,0.000302167617236168,0.00041705053517994,81
43,0.000248380476574414,0.000130023653787238,82
43,0.000113741343995408,0.000114618437681909,83
43,0.000137955831483421,0.00013725864480239,84
43,0.000167324892805797,0.00017429403890864,85
43,9.00981921431034e-05,0.000763812530556175,86
43,0.000308653020463946,9.75167882300994e-05,87
43,0.000214708109519751,0.000554326833946414,88
43,0.000854367687294896,0.00021779194329988,89
43,0.000174398322112583,0.000100309263384462,90
43,0.000309245461402754,0.00012135794713496,91
43,0.00019967987852029,0.000109427594620278,92
43,0.000101110796720609,0.000131445617189442,93
43,0.000142305514482799,0.000173108580382251,94
43,0.000221357793283988,0.000142293407070518,95
43,0.000109162291370011,0.000136856173889542,96
43,7.25872079178063e-05,0.000137620739220319,97
43,8.30937580431933e-05,0.000134747040562038,98
43,0.000121993956941778,0.000492320438241013,99
43,9.4150570935e-05,0.000198097128689176,100
44,0.00153922551054545,0.0013051305456992,1
44,0.000804580394577649,0.000559326000076839,2
44,0.00017348495054947,0.000226875147746215,3
44,0.000121079244703839,0.000802299434536779,4
44,0.00115103068148567,0.000779446354171797,5
44,0.000576893016490909,0.000723226690681555,6
44,0.000291526665906084,0.00023913620972833,7
44,0.000209772641520801,0.000600337724206175,8
44,0.00125272725047583,0.0006314370340286,9
44,0.00109861594326917,0.000238771994948606,10
44,0.000829161877422727,0.000396571652117563,11
44,0.000601016594237337,0.000727910187909761,12
44,0.000228170231018519,0.00055871360296839,13
44,0.00031918271508778,0.000467693027442032,14
44,0.000341242005721809,0.000301178312774379,15
44,0.000748820349326897,0.000505882641763247,16
44,0.000333784739770904,0.000900301659021074,17
44,0.00123926252759598,0.00074801223505828,18
44,0.000722491816486743,0.000617164257416813,19
44,0.000125001551719149,0.000123100699202331,20
44,0.000822121909750839,0.000814941076065139,21
44,0.000214608055679721,0.000983254846509761,22
44,0.00109969879002667,0.00129493331583471,23
44,0.000687067093940268,0.000657137151392629,24
44,0.000612664017633288,0.000939270383914855,25
44,0.000481428414592029,0.000649508282223108,26
44,0.000187989326935876,0.000807819157853486,27
44,0.000662999884523435,0.000462127320540995,28
44,0.000856682963091142,0.00161233991074955,29
44,0.000377922475023169,0.000860917736695817,30
44,0.000544314731232548,0.000203027029902584,31
44,0.000757566720779517,0.000374740770973506,32
44,0.000638271887471818,0.000565656660132473,33
44,0.000149554034669692,0.00064456340785169,34
44,0.000707524036827663,0.000444059200162897,35
44,0.000881181986207063,0.00091369068036753,36
44,0.000465420936478198,0.000564099612291235,37
44,0.0001908440696976,0.000493588140047159,38
44,0.000275397280755177,0.00060147786163745,39
44,0.000158031279082527,0.000398654183549602,40
44,0.000698257403267437,0.000683799989805561,41
44,0.00135537275459826,0.00129227394642383,42
44,0.000312689051521849,0.000417479400186763,43
44,0.000921235348663602,0.0012009500762748,44
44,0.00126281954160742,0.000641355411054781,45
44,0.000507094613471517,0.000849135277978728,46
44,0.000740736584407119,0.000962333892372311,47
44,0.000859181605460967,0.000585056172448719,48
44,0.00101311569302381,0.000758542849061829,49
44,0.000420721669114025,0.000497969294265507,50
44,0.000122683998759025,0.000269581947183101,51
44,0.000834882301785021,0.000800543030471713,52
44,0.000460382681276158,0.000568796652444223,53
44,0.00122015864076783,0.000964789546740515,54
44,0.000945631376217223,0.000601998739438446,55
44,0.000315238263637576,0.00100598528641235,56
44,0.000996865981960692,0.00129277934259325,57
44,0.000488677000919269,0.000909621146547396,58
44,0.000936644657297516,0.000462322992134195,59
44,0.000382364043492086,0.000708094325482423,60
44,0.000377385887246459,0.00117288382489404,61
44,0.000798849338459252,0.000692933403212749,62
44,0.00123320260633131,0.00109221441914712,63
44,0.000747940811711779,0.000877122934887338,64
44,0.000264959800879534,0.00095252531525498,65
44,0.000578697692444737,0.000622118171680677,66
44,0.000812913176468741,0.000574126048720357,67
44,0.000330218494764463,0.000272453345358923,68
44,0.000170479624776871,0.00014378386867677,69
44,0.000360587174827545,0.000187984248228486,70
44,0.00062098980109542,0.000589427271729212,71
44,0.000157351259973283,0.000614520028859443,72
44,0.000156892310652885,0.000848036120634195,73
44,0.000313018209790859,0.000478536064225646,74
44,0.000529898269360656,0.000705046459932203,75
44,0.00139596764540181,0.000417235500676494,76
44,0.000299922838540418,0.000280946016703674,77
44,0.000187816754963716,0.000745217607436255,78
44,0.000535334627515436,0.00058659133266137,79
44,0.00163400607133238,0.000583101136734064,80
44,0.000143881193125356,0.000604749337447269,81
44,0.000844405016429023,0.000723968730341235,82
44,0.000297219483125083,0.000782018290527218,83
44,0.00109611204542984,0.00153302085815805,84
44,0.000423695782655527,0.000538756276256175,85
44,0.000239294478893223,0.000709114745869562,86
44,0.000369653396757495,0.000247596727055288,87
44,0.000864109221765448,0.000654087927442231,88
44,0.000456937168066066,0.000546954859516584,89
44,0.000564574201728779,0.000771363252896414,90
44,0.000569905433312028,0.000838575454821912,91
44,0.000140454503925936,0.00111383480701192,92
44,0.000241645716316511,0.000570255462265541,93
44,0.00104485751519806,0.000693243769334553,94
44,0.000779785969319084,0.000408639205463221,95
44,0.00101736053256819,0.000229911497992254,96
44,0.000252639426390762,0.000445082640569781,97
44,0.000532249950019459,0.00070877261814741,98
44,0.000384498124048023,0.00102293222992393,99
44,0.000727276154796594,0.000466052380649303,100
45,0.0359019724763005,0.0413532589857669,1
45,0.0206583772486866,0.0413627563380318,2
45,0.0426386158809043,0.0333095470662908,3
45,0.0272123369281776,0.0436049951296016,4
45,0.0702684340140716,0.0557420846655578,5
45,0.0614682780305278,0.0313068394315905,6
45,0.0108029837518984,0.0490711556454473,7
45,0.00343020730586129,0.00680412580943147,8
45,0.0303177400603027,0.0465636370431076,9
45,0.00990065846297533,0.0250518387771252,10
45,0.0493255457662957,0.0353867620655857,11
45,0.0589864373141466,0.0582415385946016,12
45,0.0251865205820205,0.0172247380231474,13
45,0.0114398907937503,0.0120249156591574,14
45,0.00405631669548837,0.0048031150268674,15
45,0.000870262754946349,0.0151853940327776,16
45,0.00210203067309016,0.0326114560248739,17
45,0.00716885030505074,0.0467685682277785,18
45,0.0204862010345382,0.0179327788218476,19
45,0.00638913607619695,0.0385332597653386,20
45,0.0240963901606752,0.0326747033830996,21
45,0.0157832028269693,0.0688084405938185,22
45,0.0190608856029687,0.0416124510166514,23
45,0.0484530864658864,0.035052452489763,24
45,0.0512793404516692,0.0272986807304473,25
45,0.0187957398062521,0.0755964534673705,26
45,0.0497827890466667,0.0421851562920677,27
45,0.0608832964739412,0.00889918726637109,28
45,0.0268213616070423,0.0526026413491374,29
45,0.00708668841852743,0.0293208955654394,30
45,0.0189378343702886,0.045435967840853,31
45,0.0315558995521575,0.0202795786952191,32
45,0.0705799823823723,0.0116605273873519,33
45,0.0132282130187852,0.0293956979004297,34
45,0.0953893898325424,0.0635043922208327,35
45,0.0340922375946962,0.00329217391511454,36
45,0.000680671870015491,0.00485682725383506,37
45,0.0190610362671654,0.0117801126550139,38
45,0.00265590477686106,0.0425715074049355,39
45,0.010053882370037,0.00888553280853386,40
45,0.0225485353048115,0.0392616231330926,41
45,0.0136748852887268,0.0220986906265065,42
45,0.00589979350717527,0.0172394138333287,43
45,0.0119215978402487,0.046694206682336,44
45,0.0563995629195502,0.00594758460198606,45
45,0.0123887403202616,0.0517515250382207,46
45,0.039633302867214,0.0148309625529522,47
45,0.025968321456054,0.0785230741820279,48
45,0.0302618281620738,0.0279780983926235,49
45,0.0185286744651382,0.0221955195305521,50
45,0.0229497535704366,0.0338834734255865,51
45,0.0124944020776662,0.0159896781990904,52
45,0.0252661946996918,0.00636270090524502,53
45,0.0231068023407063,0.0468446530831076,54
45,0.00961226311467748,0.044554828753256,55
45,0.0432498586822867,0.00838441023181331,56
45,0.00848500137915125,0.0680720208119483,57
45,0.0255325711235531,0.0376484168375956,58
45,0.0194701705663773,0.0282320857382664,59
45,0.0103784014563893,0.0332211707135996,60
45,0.0534450660097815,0.0490576990533406,61
45,0.0168407006567381,0.0613429254519781,62
45,0.0104388985825545,0.055788389743681,63
45,0.0717025890552422,0.0352479697701829,64
45,0.0215501379681924,0.0470807825750916,65
45,0.0511045017043995,0.0730761742086255,66
45,0.0611337101727428,0.0379069628206899,67
45,0.0379035775085197,0.00986012778534263,68
45,0.00941488287647749,0.0244876464721703,69
45,0.00878858317883071,0.0275232884372311,70
45,0.00948920302933774,0.0240679932765596,71
45,0.00983918756010699,0.023678414959006,72
45,0.00756116326035233,0.0339528576280279,73
45,0.0154977683966452,0.0442554541075845,74
45,0.00924258908298311,0.0117009040857019,75
45,0.00308517150101307,0.0197106279197644,76
45,0.0109002805908067,0.0320126714095279,77
45,0.0304663428160729,0.0112904168677291,78
45,0.00754213231092632,0.0066255328697749,79
45,0.00916303241799468,0.0178085611605175,80
45,0.0444629120866667,0.0138142588725837,81
45,0.00861322387433234,0.0271981777443706,82
45,0.0142899177885329,0.0543421055507769,83
45,0.00929784361588832,0.0106027135517769,84
45,0.0194987909451981,0.014999687281007,85
45,0.0112187396193208,0.0041501063850012,86
45,0.0289693741373138,0.0210719759516274,87
45,0.00168999685831664,0.0415482046743585,88
45,0.0149903896991804,0.0430944219864215,89
45,0.00783415317832107,0.0214295618608262,90
45,0.0133284065759376,0.0232269558545626,91
45,0.021285914644614,0.0127080993812545,92
45,0.0144729595515094,0.0160667041890687,93
45,0.0263939459208657,0.0326528184729903,94
45,0.0845709532879021,0.0265938334582125,95
45,0.00476992957176015,0.0536605572902928,96
45,0.0326041187283302,0.0477782135302749,97
45,0.0594469178946341,0.00867349195206554,98
45,0.0017486837413229,0.0238557409781511,99
45,0.0164072900061324,0.0052690624856255,100
46,0.0441494844476963,0.0297887251830151,1
46,0.0276125704361969,0.0362175308934544,2
46,0.0260263827523131,0.0250217936468785,3
46,0.0283658485353165,0.033213916259281,4
46,0.0454430237533636,0.0217344299560874,5
46,0.0143388663889587,0.0188881659423385,6
46,0.0316222388004989,0.0208775845543217,7
46,0.0261729394635711,0.016414122559738,8
46,0.00813496656970493,0.0184011095379492,9
46,0.0179895435471658,0.00765443219070577,10
46,0.00469955593860044,0.013077829623,11
46,0.00627835135835464,0.0116032450812187,12
46,0.00820958422234072,0.00254889341653724,13
46,0.00650422881859672,0.00558121012459203,14
46,0.00255017009618293,0.000603117412118352,15
46,0.00946820753285511,0.0122338947797614,16
46,0.00822148621679333,0.00431653359882072,17
46,0.00269753104966162,0.0129884720609691,18
46,0.0183265808182355,0.00270849321983714,19
46,0.0122066035949178,0.00100987471830596,20
46,0.0201794337092067,0.00852589999349105,21
46,0.00178758172766667,0.00794217036271685,22
46,0.0412352480593351,0.0149517242605175,23
46,0.00631345640334529,0.000688716786644334,24
46,0.00580081814235889,0.000836512432221116,25
46,0.00521793032150042,0.00669394550471027,26
46,0.0140393727988149,0.000988710836294732,27
46,0.00356554174729319,0.0139066563668156,28
46,0.00289521124388387,0.001471057720428,29
46,0.00149992261881879,0.00222670932567368,30
46,0.000675386444685984,0.0123420633073505,31
46,0.0525827041641908,0.00450940551939163,32
46,0.00484828462740898,0.00110680888415657,33
46,0.000238675554869718,0.000175237164961952,34
46,0.00462478868055721,0.0118507123109116,35
46,0.0535038558972861,0.0106977026185219,36
46,0.00156679284756904,0.00286431034536809,37
46,0.000663949473551823,0.00290923669441444,38
46,0.000417271888273965,0.000279291165997617,39
46,0.000791291542611111,0.00469942825772988,40
46,0.0306888732850946,0.00219722713373486,41
46,0.000479868154369088,0.00142318728376938,42
46,0.0130561943323755,0.00263997607955025,43
46,0.0561137407016641,0.0269489023309084,44
46,0.0031184161888321,0.00141645666369911,45
46,0.00591277560632124,0.00228196863434462,46
46,0.00432286784346991,0.00459953675992048,47
46,0.0130715611282857,0.00265235113754237,48
46,0.00571263498437416,0.0106720560847062,49
46,0.0191617966596594,0.00267396671344389,50
46,0.0343660822480754,0.0308498735787107,51
46,0.00267321540866008,0.00622442617246872,52
46,0.00951569617639829,0.00103970539506195,53
46,0.00175593364752181,0.00112127744901878,54
46,0.00683006377901295,0.000418684162971514,55
46,0.000779362998313476,0.00094756985699512,56
46,0.000433766636879195,0.000701669656860777,57
46,0.000564096776385185,0.00708940200132115,58
46,0.014790801743335,0.00264775332513724,59
46,0.000591366467849275,0.00626026301867082,60
46,0.0344288050431649,0.0259304624291633,61
46,0.0113902677571601,0.0019055428953671,62
46,0.000416800238917143,0.000314225447860498,63
46,0.0204456674477517,0.00658332832040538,64
46,0.00139806192683316,0.000306694326018688,65
46,0.000198325685381505,0.0301096193737942,66
46,0.0283258476238517,0.0011345496096748,67
46,0.000315803321891228,0.000286032913383466,68
46,0.000349592739329589,0.00173562321690339,69
46,0.00205004815025938,0.00703694950352072,70
46,0.03691898077904,0.0537755961780636,71
46,0.0107270636993925,0.00113172663998506,72
46,0.000474428176312204,0.000634676474963908,73
46,0.000276470064448326,0.00414806107799523,74
46,0.00989545631242483,0.00496515919162264,75
46,0.00121766769556435,0.0476397046066495,76
46,0.0522043897012236,0.0326159135566534,77
46,0.0107617868494257,0.0155065012397435,78
46,0.0143232955403178,0.00350264359188634,79
46,0.00271875093082109,0.002257005186734,80
46,0.00346970713553805,0.00345301356297813,81
46,0.000390376470536283,0.000355616997441077,82
46,0.000624130884496189,0.00269028035573738,83
46,0.00644505836094717,0.000538152891543595,84
46,0.000775100726097087,0.001826016575649,85
46,0.00273892946966272,0.000830164905769682,86
46,0.000302098781170154,0.00864559914284926,87
46,0.0286112563820395,0.00439589785881728,88
46,0.000400518389668438,0.0115850605734215,89
46,0.0405981518893633,0.00514953482090339,90
46,0.00133301010444938,0.00539925019148361,91
46,0.0123995980829278,0.0235619433146197,92
46,0.0372940181523055,0.0198135670926952,93
46,0.0288046233300317,0.00109808147263127,94
46,0.00047848914415,0.0205714708889303,95
46,0.0483445231540299,0.00600015974334995,96
46,0.0170123987383082,0.00816284495612749,97
46,0.0016607678877506,0.000516038395560678,98
46,0.00396691648973991,0.000550429185722709,99
46,0.000433060786551399,0.00321943224434303,100
47,0.00380406624822709,0.00499499551126541,1
47,0.000956838687803902,0.000410008807662022,2
47,0.00020622308952594,0.000208237075120219,3
47,0.000226688076491566,0.000739305733466833,4
47,0.000246601520061959,0.000123111299670518,5
47,0.000128773011040402,0.000163938654676494,6
47,0.000173939592778777,0.000168879493896494,7
47,0.000139176545220649,0.000450111938732274,8
47,0.000204206912980039,0.000176031181342147,9
47,0.000130192243083039,0.000191964657448207,10
47,0.000135439982118951,0.000193939418285558,11
47,8.78199996818182e-05,0.000120181870278088,12
47,8.86163168689155e-05,0.000187252370362971,13
47,0.000101476122672426,0.000171920589722244,14
47,0.00112431197426978,0.000159445589092354,15
47,0.00113154616110841,0.000838754882658865,16
47,8.48229020480769e-05,0.000480370986198398,17
47,0.000152808760275769,0.000113176220785025,18
47,0.000115770207810313,0.00118899282028032,19
47,0.000466347342094356,0.000225034732199203,20
47,9.21084796486008e-05,0.000100433740512783,21
47,9.66851730762162e-05,0.000303371151083698,22
47,0.000204506251509756,0.000172758559828685,23
47,0.000107829567590801,0.000130222737318924,24
47,0.000115195840725066,8.86292774917248e-05,25
47,9.6272611259051e-05,0.000102547326199801,26
47,0.000121862769631387,0.00012198125120512,27
47,0.000602905078963762,0.000250496904083367,28
47,8.33910763827806e-05,0.000150169704946971,29
47,9.48310776161228e-05,0.00011150783203499,30
47,0.00011649162852693,0.000145825851930089,31
47,0.000130040749960792,0.000107157297450994,32
47,0.000114597734553994,0.000134051719454183,33
47,0.000141344886614506,0.000145583356089243,34
47,0.000120619785324397,0.000171961524696315,35
47,0.000177490456645856,0.000138692405035785,36
47,0.000123716081387337,0.000162750228981571,37
47,0.000122765802446237,0.000121404464915339,38
47,0.000121691260494959,0.000131057851336581,39
47,0.000134282738145531,0.000192213278545581,40
47,0.000142437077411128,0.00010538261934141,41
47,7.72982396787659e-05,8.82338831682224e-05,42
47,7.91118603289513e-05,0.000157923143739641,43
47,0.000123595592655676,0.000235780837013745,44
47,0.000110640934162075,0.00029962162203008,45
47,0.000245936731989338,0.00011335559549841,46
47,0.000133214873664151,0.000106799667537032,47
47,9.56058406265714e-05,0.000136898829087251,48
47,0.000116578117506218,0.000145640411050487,49
47,0.000113487308848936,0.000191718356220874,50
47,7.58981346034208e-05,0.000113752174174185,51
47,9.78397367842271e-05,9.90284226610338e-05,52
47,0.000121513634692116,0.000108716160266135,53
47,9.85382497692647e-05,0.000287856188179063,54
47,0.000486467713108926,0.000127005112993725,55
47,9.35793880475073e-05,0.000308517115003884,56
47,8.17662623095017e-05,0.000132058838883257,57
47,0.000103716369822088,0.000147039299017875,58
47,0.000161149285049691,0.000397352064516932,59
47,0.000115649186748239,0.000163005981389741,60
47,0.000162491565488856,0.000142541628287276,61
47,0.000137144082057178,0.000118049645375746,62
47,0.000124915163644612,9.20840714384861e-05,63
47,9.610851841e-05,9.35701350372881e-05,64
47,8.58854134707904e-05,0.000229194625819067,65
47,0.000163239187661356,0.00023551087872425,66
47,0.00076041078312415,0.000289845335365482,67
47,0.000113629671202564,0.000109982611846574,68
47,9.24298216648438e-05,0.000118571234932271,69
47,9.16142128320684e-05,0.000166917386461172,70
47,0.000110601303621514,0.000100284881737177,71
47,0.000108989109488707,0.000687454869288008,72
47,0.000356017414513616,0.000368506087541434,73
47,0.00135362392405463,0.000606583866255666,74
47,0.000416878649654706,0.000147193314297716,75
47,0.000151113342865443,0.00045623450165996,76
47,0.000170570280811434,0.000166641111365538,77
47,0.000136821907982972,9.78596916578265e-05,78
47,0.000124642361646718,0.000144954444140875,79
47,0.000106684217225698,0.000104359653632314,80
47,0.000243314612264245,0.000129780885500538,81
47,0.000132828791439884,9.65407758259186e-05,82
47,0.000144445476381308,0.000118387042886395,83
47,8.51014017500938e-05,0.000584863912807968,84
47,0.00014879376240885,0.000138484210381494,85
47,8.34515393271277e-05,0.000217752135696421,86
47,0.000113827877561152,0.000117018140890656,87
47,0.000161554952332616,0.000339403301486853,88
47,0.000174098745268293,0.000118485746727888,89
47,0.000156937790054723,0.000169492524894482,90
47,7.21692148082704e-05,0.000133314371534696,91
47,0.000147677673959848,7.57907369468725e-05,92
47,9.993318843233e-05,9.37766853790837e-05,93
47,0.000176586362421673,0.000286159056221336,94
47,0.000222012575164726,0.000191437648053287,95
47,0.000169512022077306,0.000108460347827092,96
47,0.000118073696926498,0.000112873477817296,97
47,9.28668046370318e-05,7.33851120661355e-05,98
47,0.000341515747424242,0.000226506006346521,99
47,0.000526199952548658,0.000401102517283698,100
48,0.000590242400682582,0.000370817333483267,1
48,0.000186607232043624,0.000379412637631579,2
48,0.000355388826178439,0.00034266245922167,3
48,0.000116847975325638,0.000210309870083559,4
48,0.000232255644652632,0.000334778397025416,5
48,0.0002235294213852,0.000636834041176892,6
48,0.00204814406845178,0.000775470192217255,7
48,0.000210162399041016,0.000165258674017769,8
48,0.000332166241144077,0.000196407178763509,9
48,0.000302826443527888,0.00228748889351982,10
48,0.000371223888846936,0.000133825746200399,11
48,0.000348721508186743,0.000646372573807371,12
48,0.000867026693395112,0.000144597619115538,13
48,0.000176960797491536,0.00368185052877092,14
48,0.0158257374599959,0.00110702850446215,15
48,0.000255718324112475,0.0011769375896994,16
48,0.000488426900339764,0.0014129509717835,17
48,0.000556072662545315,0.000832027285720638,18
48,0.00215244602849491,0.00641222476355797,19
48,0.00447799719365339,0.00100794034085179,20
48,0.000239698776732292,0.000223338713004681,21
48,0.000424914433444093,0.00172317812477687,22
48,0.00638724896726652,0.00294734272040219,23
48,0.000558622404489152,0.00175357236000556,24
48,0.000993713880375076,0.000691416241462151,25
48,0.00237417091321187,0.000351017672035956,26
48,0.000565689078750499,0.000726111754152465,27
48,0.000253552292418838,0.00033705803415872,28
48,0.00163888693151095,0.00232384997477888,29
48,0.00438214508516746,0.00239820310085394,30
48,0.000801284085947467,0.00497059769094433,31
48,0.00024361969665102,0.000215671891373585,32
48,0.000188841074941419,0.00109548462400287,33
48,0.00646712889201973,0.00152201124692261,34
48,0.00150769457344289,0.000875993565221053,35
48,0.00380708393028767,0.000832742615727634,36
48,0.0146121598050176,0.00165917487228795,37
48,0.000782280156163286,0.000327878851897012,38
48,0.000515221322287715,0.000147448139658765,39
48,0.00018799873236755,0.000208806118011332,40
48,0.00134352914553729,0.00117883378501529,41
48,0.000191632218453441,0.000295048283078287,42
48,0.000560574687865859,0.00271029743895229,43
48,0.00112213327327242,0.000352467652767331,44
48,0.0002666501038192,0.000422730857310228,45
48,0.00215700224537271,0.00328906792348509,46
48,0.00069339514449428,0.000296899979811952,47
48,0.00230620411199819,0.000198720990651312,48
48,0.000301754762879191,0.000371366554437052,49
48,0.00035748207502155,0.000254307948312351,50
48,0.000262485997741748,0.000187149401658566,51
48,0.000104885373154,0.000911552592966998,52
48,0.000241946745510878,0.000278828030485956,53
48,0.000101748451458517,0.000327275074479084,54
48,0.000274407276772794,0.00142016627205462,55
48,0.000183923039798686,0.00039221685547996,56
48,0.000216723973220884,0.000131535116075472,57
48,0.000102399752002156,0.00144450486556096,58
48,0.000970477497485769,0.00186704050265294,59
48,0.00142912558251176,0.00298694744430697,60
48,0.000340683456602421,0.00157617533706302,61
48,0.000740866783128657,0.0012945139103424,62
48,0.00023392873935012,0.000270870888550349,63
48,0.00031458845339596,0.000284526443750546,64
48,0.00471099037772437,0.00975620406871251,65
48,0.000794579164723938,0.000383403992377069,66
48,0.000561957616237365,0.00142402559423566,67
48,0.000740241335253144,0.0001805815355,68
48,0.000139199014017771,0.000455426836056574,69
48,0.000273687408104189,0.000128735725859163,70
48,0.00156163580189474,0.00133181980272195,71
48,0.00241878064637975,0.000664158044936191,72
48,0.000704489857893231,0.000147947300577038,73
48,0.000310172813008333,0.000337848434640954,74
48,0.000143712918361903,0.000310581425843396,75
48,0.0010442571515689,0.00113438420244203,76
48,0.000223935920159915,0.000529504180346959,77
48,0.000196822362242617,0.00138772216523479,78
48,0.000321378528743418,0.000553268315836653,79
48,0.000241284014658449,0.0011601014271285,80
48,0.000615539897534536,0.000173117374246215,81
48,0.00141984935555076,0.00252429531098648,82
48,0.00146925529075845,0.00641086184438745,83
48,0.000406046336997046,0.000669057657505882,84
48,0.000978215699298107,0.000649685929918173,85
48,0.001490726712,0.00189673778625382,86
48,0.00125214064852293,0.000167127694199163,87
48,0.000175158366971717,0.000253575921294422,88
48,0.00170163968754821,0.00530440829831386,89
48,0.00033886879746358,0.000243525220326096,90
48,0.000833619942090116,0.000199704178584493,91
48,0.000134626549914234,0.000189883433422112,92
48,0.000789360899442257,0.00142709141071789,93
48,0.00133520196481506,0.0010648384690006,94
48,0.000254097831960035,0.000558428071300797,95
48,0.00246613998448595,0.000303286255013704,96
48,0.000294388584646362,0.000142502636818529,97
48,0.000423948317589689,0.000524134881882026,98
48,0.00070699183005687,0.00133093042529465,99
48,0.00649141942696888,0.00194153303139841,100
49,0.0938525232761278,0.0370723472599602,1
49,0.0687060388100879,0.0784698528904076,2
49,0.0729352023964848,0.0403794820042552,3
49,0.0182463581455929,0.00347732812365234,4
49,0.0747336549813088,0.0496503444751107,5
49,0.0347195459308746,0.0126834354056283,6
49,0.00924954197787543,0.0122192134529273,7
49,0.0218739624403543,0.0254202572524095,8
49,0.0103684011593237,0.0436167610411873,9
49,0.0781529028709338,0.0322743948833347,10
49,0.00402057614271613,0.037887998705173,11
49,0.0224346339156463,0.0171734430756205,12
49,0.00633794487849899,0.0395045983525805,13
49,0.037170940561043,0.0789402266098088,14
49,0.121381090779808,0.0118145986603774,15
49,0.00912703185912161,0.020720060038012,16
49,0.00186213444311891,0.103613494388059,17
49,0.0206012198534165,0.00119056431968756,18
49,0.000352435232900745,0.019440275229663,19
49,0.00231197697223738,0.0532322764569533,20
49,0.0311593583979641,0.0049872612576336,21
49,0.0145736757495936,0.0180474473255865,22
49,0.0228069876490526,0.00405717908355706,23
49,0.00289220819085315,0.0023627374160996,24
49,0.00184766714223915,0.00278202145749156,25
49,0.000262338576857381,0.00512230501753169,26
49,0.00369433819174021,0.0136911509111312,27
49,0.074008853451636,0.0585281033044347,28
49,0.00611624638774654,0.00960160555133201,29
49,0.0455385978612952,0.00499418313479543,30
49,0.00349531170670779,0.0247066569198604,31
49,0.0361795265673021,0.00806479045024462,32
49,0.0641589208153846,0.034196920335251,33
49,0.0653218528644269,0.0611146303426044,34
49,0.00714686950895522,0.0433841108903486,35
49,0.00305662173999886,0.00127825829488481,36
49,0.000849311347149242,0.00916934788976146,37
49,0.00104516894892244,0.0736206727826872,38
49,0.127530874135248,0.0105614282371053,39
49,0.00223198122562739,0.00140270671107604,40
49,0.00445225231876167,0.0230803710183002,41
49,0.00541518964933784,0.00537212785486959,42
49,0.000479699192829091,0.00163141751368108,43
49,0.00280120475367921,0.0105221020093755,44
49,0.00138175435805614,0.00147765866269821,45
49,0.00114254453191378,0.0126711925545131,46
49,0.0326281953710197,0.0285262970490626,47
49,0.0128779663438063,0.0200930803215893,48
49,0.0623976685264847,0.037135949330996,49
49,0.00241487451931973,0.00869860820322939,50
49,0.00393822656664194,0.00776451075283847,51
49,0.000603402535976744,0.00104578199898705,52
49,0.000318883887014059,0.0138826937700982,53
49,0.081390173179479,0.037514234135144,54
49,0.00210822084430771,0.0106279231864328,55
49,0.0346899670590123,0.0137398362783972,56
49,0.0020556911041124,0.00116800366402224,57
49,0.035131322320479,0.0042484417981003,58
49,0.00381820316336122,0.0054279205792198,59
49,0.00937055403470985,0.073754603041994,60
49,0.0521195069234339,0.0510625824537069,61
49,0.00307786039407524,0.00788354136397012,62
49,0.00130389712811094,0.120923908393257,63
49,0.0660631886900803,0.0466287854448549,64
49,0.0229735287189059,0.128058347852376,65
49,0.0256509640743641,0.00327435216395229,66
49,0.00489734728363507,0.0101672196025765,67
49,0.112546261089749,0.0736001402440378,68
49,0.00963877804566679,0.00237561793412819,69
49,0.00177854082116279,0.0582991385930558,70
49,0.000491438296229001,0.0042695318113301,71
49,0.0328830527540603,0.00355831345690645,72
49,0.00082832217271499,0.0125383697241753,73
49,0.00119190016896974,0.021739961913003,74
49,0.0598883626208048,0.0233363881640478,75
49,0.0408553146298266,0.025103719157739,76
49,0.00424008684042308,0.00369811497978074,77
49,0.129559513733727,0.0178202415215869,78
49,0.0151335884259218,0.0183651366210952,79
49,0.00198171070915568,0.07533916197775,80
49,0.0210099207665093,0.00534126496611034,81
49,0.0773878783795765,0.120462883492558,82
49,0.0471803326719104,0.0119417657582762,83
49,0.00754233203548444,0.0507175474452999,84
49,0.0751614453450174,0.0909723682968566,85
49,0.224769100421825,0.099708069077994,86
49,0.0731744758940298,0.0334035828502789,87
49,0.0226872063628054,0.00682030602655809,88
49,0.0506110778466504,0.146928480070934,89
49,0.0718693313862956,0.0247781989291434,90
49,0.0457745575809978,0.166132843567932,91
49,0.0284013007931493,0.0564821240463167,92
49,0.0123281340849513,0.052807205039502,93
49,0.0582697655032643,0.00589571184969582,94
49,0.00443789671310231,0.00190843180248957,95
49,0.0123018502672423,0.05419165046766,96
49,0.0291100853865437,0.00433542961498207,97
49,0.000706558908562623,0.00308712538806554,98
49,0.00236755551605627,0.00239297446667211,99
49,0.00829787384566855,0.0023704182205488,100
50,0.0589350246890961,0.0917672258068589,1
50,0.00597300807372683,0.0144377326971809,2
50,0.0030106917210127,0.0219656298418062,3
50,0.00239262681250789,0.00557660594134363,4
50,0.0173792915124396,0.00478335322510526,5
50,0.00155369505361143,0.00643566465275273,6
50,0.000629735087082811,0.00559319919492287,7
50,0.00613366730984762,0.00464074982955674,8
50,0.00265542998417192,0.0537161302352078,9
50,0.00664295202388329,0.00813077476923138,10
50,0.00582966946266781,0.00800533850825498,11
50,0.000921026799672803,0.00673906717074975,12
50,0.000664508937099187,0.000768263796022863,13
50,0.000243571056731295,0.00186281150804306,14
50,0.000178943592061555,0.00648832135516982,15
50,0.00233613842890989,0.0313338463093596,16
50,0.00186352272398044,0.000899362590753685,17
50,0.000353275855830161,0.00621154175257567,18
50,0.001063403147875,0.0040774719754761,19
50,0.000662668133515758,0.00119055817050506,20
50,0.00221245513145217,0.00173491230745916,21
50,0.000733343763354319,0.0116038425209074,22
50,0.000575970763643713,0.00150389780309147,23
50,0.000218539084372269,0.000447272900364016,24
50,0.00133937247684657,0.00294615133759543,25
50,0.000544040659818182,0.00348321467899542,26
50,0.000806394284133816,0.00344093415197052,27
50,0.00650118511534591,0.0015781163539998,28
50,0.000779724243452077,0.0317693193051807,29
50,0.0411906792774603,0.00397823136900794,30
50,0.000730873047429882,0.00473767767740778,31
50,0.00217660275853818,0.00173141840724542,32
50,0.000276248142497238,0.015197748099753,33
50,0.00105520442443842,0.000841324030797018,34
50,0.000296968676143212,0.00293847179666173,35
50,0.000463630310702373,0.0194619605672988,36
50,0.00206611236239775,0.00110753412729163,37
50,0.000426871521783566,0.0228012914946944,38
50,0.0387874044223852,0.00229669509321292,39
50,0.000841332771254576,0.00195010838710418,40
50,0.0320043096887727,0.0354266659232052,41
50,0.00228187271853819,0.000809156358050697,42
50,0.000471409811707227,0.000906602394213944,43
50,0.0171759351142483,0.0295107308388588,44
50,0.00220972069115321,0.00141491549562211,45
50,0.0013107689105434,0.00110554968105464,46
50,0.00203486194063685,0.0436829460864874,47
50,0.00523419785177758,0.00891333120115538,48
50,0.00072738751205296,0.00332988148509582,49
50,0.0280384629491024,0.0394899928689215,50
50,0.0032653394963118,0.0141562871138779,51
50,0.00369267143621993,0.00168847406761256,52
50,0.000592371709321151,0.000567471026171797,53
50,0.000489241062288889,0.00242602670597515,54
50,0.00704455406830283,0.0112534027737908,55
50,0.00112607589731767,0.000865316572040715,56
50,0.000937878348638422,0.0370965748154565,57
50,0.00143588248874401,0.0182124130480343,58
50,0.00183828792395376,0.00568045419952207,59
50,0.00101945509742534,0.0144987257261552,60
50,0.0226462987622896,0.00735265402909571,61
50,0.0233449969035211,0.018097009395338,62
50,0.000520668959897196,0.000908604503379324,63
50,0.000625645630697738,0.000579301812974203,64
50,0.00133818079895954,0.0308423804830084,65
50,0.0159993280351314,0.0039041028009761,66
50,0.00782591347513962,0.011293162257598,67
50,0.0105674858405408,0.00667418796951639,68
50,0.000687685768036947,0.00259967296637064,69
50,0.00308011358208154,0.00099441389432572,70
50,0.101573015728875,0.0347942550242443,71
50,0.00453370815158348,0.0124813587622878,72
50,0.01987047711775,0.00845918610615785,73
50,0.0012097074662381,0.000620440536139623,74
50,0.00360374888799935,0.020384368023753,75
50,0.00140076081649178,0.00674499595111462,76
50,0.00151271433557597,0.00372658154239044,77
50,0.00662187379864177,0.00823498752488953,78
50,0.00124798326217892,0.0105101531161083,79
50,0.00122784248833841,0.000684005149429722,80
50,0.0233219008708154,0.00263413852310338,81
50,0.00126099277753688,0.00797044124031241,82
50,0.000907776723716758,0.00343418337967637,83
50,0.00617904885970119,0.000416380591025896,84
50,0.000653836003320914,0.000925213805363745,85
50,0.01886615430147,0.0282963707141594,86
50,0.00204026557657366,0.00306555879671877,87
50,0.0027555165166486,0.00332920578531505,88
50,0.00319719267214948,0.00194372429325223,89
50,0.000268112233516271,0.0107204289846129,90
50,0.0923905197455823,0.0487980320046693,91
50,0.00646145014533162,0.00280060760044068,92
50,0.00139001988691429,0.00710590696987809,93
50,0.00114611321583321,0.0332559720022771,94
50,0.00788679782323167,0.00277275426943904,95
50,0.000362675814596067,0.0148754804952151,96
50,0.0139084132641901,0.0398976715922721,97
50,0.00293956115030337,0.00119997612563009,98
50,0.000499539109732292,0.0186958830166016,99
50,0.0189442005441187,0.00100334209328759,100
51,0.121728477981379,0.0917030101428116,1
51,0.0139294703252786,0.0945214419761271,2
51,0.0646311279130687,0.0639835551418489,3
51,0.00341197556874373,0.0551802004909773,4
51,0.0115815526292829,0.0662275246423984,5
51,0.103094283314113,0.033666581659263,6
51,0.119614443358806,0.0417629307624303,7
51,0.0123931775069668,0.074428122374004,8
51,0.0268558462603435,0.0308330597794732,9
51,0.0767212145434654,0.0673412242183151,10
51,0.0231788919175216,0.00984697755414016,11
51,0.000279442100912966,0.00162965276442709,12
51,0.00114437298438562,0.00145585272063644,13
51,0.000457481414910714,0.00647977210702572,14
51,0.03665606755092,0.0458693961108639,15
51,0.0795984867318762,0.0478723555184485,16
51,0.112685039459282,0.0378532383253287,17
51,0.00201001597029982,0.000525187384723535,18
51,0.000535734840068266,0.000673702981164143,19
51,0.000850268851861754,0.00179136063926133,20
51,0.0214839266324147,0.0896646337805199,21
51,0.0582819897841246,0.0326974432644622,22
51,0.0687629625189182,0.0762812150941633,23
51,0.199585617827971,0.028100395308751,24
51,0.0625209120924751,0.0753846894621272,25
51,0.00761352728235628,0.0487613389486521,26
51,0.0396270444669738,0.10640511795154,27
51,0.049754524257037,0.0128999544081562,28
51,0.0241972947690588,0.0259242040714139,29
51,0.00122893158413807,0.033555196242728,30
51,0.00364561607125179,0.00171512695954145,31
51,0.06221393496794,0.00548185734424751,32
51,0.000276961880950738,0.000309631700011964,33
51,0.000245136265372962,0.000280113714243615,34
51,0.000395782362541702,0.00123041109923039,35
51,0.000870631927941463,0.00760414322018868,36
51,0.0010941693811007,0.00776480986183147,37
51,0.00118403100256979,0.00304661709675972,38
51,0.000466478233375439,0.00190813119064004,39
51,0.00650184148191011,0.0288411263056663,40
51,0.173095126540397,0.166010807959205,41
51,0.00438036319156969,0.00218266257038767,42
51,0.00475303332867748,0.00104330003907527,43
51,0.00105551387237176,0.00308899534286221,44
51,0.00696481783411373,0.00173087644945996,45
51,0.00150313093847364,0.0100670545922962,46
51,0.0750827218967389,0.047621805378431,47
51,0.00214071245519288,0.0101163162601548,48
51,0.045286794334881,0.0286319422170368,49
51,0.00511525106196923,0.00897031328982391,50
51,0.0573645572966151,0.0423926389353898,51
51,0.00140104471974453,0.00172662186814363,52
51,0.00405827858841325,0.0112667667774602,53
51,0.0622561397312008,0.0346779183273982,54
51,0.00139183180500588,0.0199577863638283,55
51,0.0770681770244479,0.09336657925751,56
51,0.0829282533244362,0.0732869097598966,57
51,0.0253589770122162,0.143964917202999,58
51,0.173832727049699,0.221003404217061,59
51,0.102645782162323,0.114762140263302,60
51,0.00500707197441667,0.0261827623749046,61
51,0.0533097404282446,0.0136548681973845,62
51,0.011127641658734,0.0132316087020518,63
51,0.00350553665892282,0.0013475521903714,64
51,0.0052849120925812,0.0276621847021335,65
51,0.06687001951125,0.050750372427012,66
51,0.0613100263601222,0.0459015709536255,67
51,0.00258129049045678,0.00334109171664171,68
51,0.031016333884037,0.0334900412464314,69
51,0.0183631433482227,0.00884481012384263,70
51,0.0201394631480207,0.0302933219029622,71
51,0.0098182508966372,0.0699201260722145,72
51,0.0801783381626054,0.0925632346658391,73
51,0.0602661409009524,0.0552102477164945,74
51,0.127156683570375,0.0658683091861211,75
51,0.1517462284866,0.115453493186982,76
51,0.176601441448079,0.136828781602991,77
51,0.0598665612940947,0.00807959454175865,78
51,0.0413910162152533,0.00917762655901394,79
51,0.0111611848345677,0.00387319394416056,80
51,0.0264230108841854,0.0411304954735351,81
51,0.0145868514028378,0.0342780805404767,82
51,0.0167228869689104,0.0196890871002269,83
51,0.000962987734063119,0.00232439118994482,84
51,0.00117566276532653,0.00173594545062635,85
51,0.000791527619152101,0.000682648667278884,86
51,0.016706578853476,0.0239612029824638,87
51,0.0120025400969162,0.00276087680540578,88
51,0.00331278370542722,0.0150933151579585,89
51,0.0071213409146151,0.00957868990828231,90
51,0.00669641474842449,0.01865008856832,91
51,0.00269422185420278,0.0183288382124791,92
51,0.00272718779223563,0.000899347177538845,93
51,0.0135493220588702,0.0211598160951837,94
51,0.0759926802366957,0.0534614952489503,95
51,0.0801362880599616,0.0321872986804158,96
51,0.00424961885967691,0.109251110015478,97
51,0.027534916072394,0.0113213416947908,98
51,0.00646113380779974,0.0138697709845259,99
51,0.0733191086115417,0.0123071880156574,100
52,0.0426525423675664,0.0219299575044533,1
52,0.00625284771703483,0.0444759666603555,2
52,0.00354673888551323,0.000536058691863022,3
52,0.000934069988501391,0.000961077705115339,4
52,0.000431649833513517,0.000293150789653586,5
52,0.000701824341886762,0.00293189459577789,6
52,0.00136652962722199,0.00533910275821912,7
52,0.00505948455593496,0.0020678392060753,8
52,0.000130067908541875,0.0245633646647055,9
52,0.0366113296032385,0.00257955216667597,10
52,0.0135790700508913,0.000493437917385259,11
52,0.000106016736668451,0.000347693416080578,12
52,0.000174992640688037,0.00920321280584111,13
52,0.0216464159265379,0.0071991658392759,14
52,0.00270266223146422,0.0108034375115825,15
52,0.00274214010563002,0.0104348343395276,16
52,0.0228840312185792,0.00101422606145703,17
52,0.000330356598862257,0.00383797468412863,18
52,0.0216465521679255,0.0149446911817912,19
52,0.0107640063180936,0.00580928407551315,20
52,0.00515862704692042,0.00691593672883964,21
52,0.000210438476692203,0.000416850064778991,22
52,0.00557949473592308,0.00333493189033267,23
52,0.00102952413654597,0.000266877809076494,24
52,0.000180122014268119,0.0010126117555002,25
52,0.000821250800106212,0.00379021764250378,26
52,0.0153122880225692,0.00827826817142572,27
52,0.00170904243942218,0.000788123116087388,28
52,0.00159970233853675,0.00846194054727402,29
52,0.00337360571846825,0.000473187983700996,30
52,0.000826988259066292,0.000627454975718046,31
52,0.00891756241253284,0.006224979171703,32
52,0.000445691009146517,0.000235228738763446,33
52,0.000296422383605501,0.00209525431619631,34
52,0.0132813251735771,0.000979343361624255,35
52,0.000109675729311024,0.00189720464990433,36
52,0.00179203427286667,0.000555621305942403,37
52,0.000191598117993069,0.000899135900084359,38
52,0.000955293399347534,0.00113078965192753,39
52,0.00015805021860039,0.00163057693542048,40
52,0.0085010620338299,0.00532980870994638,41
52,0.000204216673154851,0.00229818609640896,42
52,0.000537192247428858,0.00264593866509711,43
52,0.000705968722304348,0.002129034803533,44
52,0.00555481131522244,0.00481782229191235,45
52,0.0015828519295038,0.00238360866670676,46
52,0.000806138321096525,0.0010345768690996,47
52,0.000199994978452446,0.00189270999594022,48
52,0.00161374383698453,0.000477288123518426,49
52,0.000258866002960117,0.00177145421938828,50
52,0.00140800431481153,0.000220354949485089,51
52,0.000140534936109728,0.000237945595017928,52
52,0.00158834942970532,0.00443962036534696,53
52,0.00140556322364637,0.000236526972290755,54
52,0.000124382200198498,0.00202353383171559,55
52,0.00393004528327151,0.00081190658177716,56
52,0.000199640128687251,0.00707999074863638,57
52,0.0460709063156413,0.00264894030395697,58
52,0.00202791852605822,0.00118982030535857,59
52,0.000471600670918651,0.00140848540189134,60
52,0.0535892084604762,0.011309235551539,61
52,0.00415086037174501,0.0088729002036045,62
52,0.00362561082603823,0.00112290639196584,63
52,0.000254141838958456,0.000716128784476474,64
52,0.00120691840398052,0.00300913421331281,65
52,0.000276120726290215,0.00179754611286948,66
52,0.00398088877337435,0.00250030421092155,67
52,0.00113972865370119,0.0022541804607138,68
52,0.00330778548645455,0.00797408360267896,69
52,0.0202067487320862,0.00404102468746529,70
52,0.00615054457442853,0.00635135727033062,71
52,0.000256466646134242,0.0193717210877507,72
52,0.0172716113612399,0.00164199816267296,73
52,0.000741571711469565,0.00754638519972908,74
52,0.000848876005105973,0.00153468111390577,75
52,0.0137973110615924,0.0132898578273807,76
52,0.000446515246332016,0.0206914675826296,77
52,0.0419565928917787,0.00123644088914303,78
52,0.000377003335768109,0.000254885919695229,79
52,0.000443345371638,0.0110857847012882,80
52,0.00750417111312127,0.000889064282731076,81
52,0.000961949269657455,0.00127955187325343,82
52,0.00044130929046947,0.00126192860598983,83
52,0.00491541001241786,0.00966067314172323,84
52,0.000909897960570019,0.000253949172024453,85
52,0.000153771550681956,0.00217482043324104,86
52,0.00025273668504492,0.00031480988263996,87
52,0.000354320042077323,0.00217332744031221,88
52,0.0032231223397061,0.000409775511020956,89
52,0.000157771529633071,0.00251161184885239,90
52,0.0286883906691603,0.0449953520873486,91
52,0.00805710699371379,0.00115086226588845,92
52,0.00024209934631569,0.000340990631963071,93
52,0.00108919850449901,0.000484575271109046,94
52,0.000302963237959921,0.000520165112409163,95
52,0.00643025657657143,0.000789408604164243,96
52,0.000317887605689615,0.00127069554231036,97
52,0.0088550381634876,0.0137458392958216,98
52,0.0491825667964327,0.00361022363792247,99
52,0.000564424674470543,0.000244755132590864,100
53,0.00142470588628966,0.000146388180301695,1
53,0.000187078913908824,0.000130758090980777,2
53,0.000147068656071256,0.000186752677742783,3
53,0.000283457355790505,0.000165096826034558,4
53,0.000338738149677778,0.000171856381553386,5
53,0.000320381437247751,0.000109238074924131,6
53,0.000107224235507128,0.000104766011624826,7
53,9.86796100929801e-05,0.000272147392393141,8
53,8.72488856529068e-05,0.000172124215520139,9
53,9.35107033249734e-05,0.000106450263413675,10
53,0.000236547653148594,0.00028879100984004,11
53,0.000289393049396237,8.54629676297915e-05,12
53,9.48170123201192e-05,0.000155738174492565,13
53,0.000168655503334884,0.00013567288252988,14
53,6.57262690725528e-05,0.000127199655421076,15
53,0.000142177045827047,0.000123040238243227,16
53,9.58068021916168e-05,0.000169430604976167,17
53,0.000149138217068921,0.000137746111262171,18
53,0.000157344549800982,0.00016878616832241,19
53,0.000164521502362258,0.000124327578056915,20
53,0.000121137837540154,0.000152170032946123,21
53,0.00017172163463049,9.76535214347567e-05,22
53,0.000110998694601053,0.00010613486031332,23
53,0.000110923616322355,0.000489612846598808,24
53,0.000155709737437299,0.000122504624506574,25
53,0.000119180578944026,0.000205901105275472,26
53,0.000324476622155235,8.83616936766932e-05,27
53,0.000141767811529926,0.000139200442639126,28
53,0.000103021624657549,0.00011530240149004,29
53,0.000120215041537694,0.000129728157354382,30
53,0.000116398721273769,9.32521370641153e-05,31
53,7.74420927466227e-05,0.00012780441805169,32
53,0.000128409390639157,0.000417747002249851,33
53,0.000107231788648,0.000103859510815538,34
53,0.000207164331767367,0.000108961544421074,35
53,8.74314086029126e-05,0.000157980156784409,36
53,0.000568249543056087,0.000435679296494433,37
53,0.000111834804672381,0.000133186633113208,38
53,0.000372999287351535,0.00135713434878804,39
53,0.00215841124624401,0.00010418214526321,40
53,9.54146469830735e-05,0.000128381156406356,41
53,0.000148902956890899,0.000181537747012151,42
53,9.49043359864571e-05,0.000118454595803789,43
53,8.49496304615385e-05,0.000121349081602087,44
53,0.000278697573131774,0.000594479996504072,45
53,0.000137776367113161,0.000127499907954382,46
53,0.000109752347265232,9.91222275485657e-05,47
53,8.8941265600444e-05,0.000107755315986056,48
53,0.000108163194043411,0.000150130335573705,49
53,0.000862689923730867,0.000105958814163237,50
53,0.000100624429638219,0.000494002790855015,51
53,0.000373863278852183,0.00281317944998903,52
53,0.00242971005571254,0.000169015839921773,53
53,0.000123427422816761,0.000492192528133759,54
53,0.000473487316540463,9.4274444407674e-05,55
53,0.000127140573129057,0.0028775667428145,56
53,0.00181511941836344,8.65660823991155e-05,57
53,0.000139576964551917,0.000123212926601789,58
53,9.03811967819005e-05,0.0001036839226626,59
53,0.00110712677889733,0.000700172483137637,60
53,0.000255198044376409,0.000742969027963221,61
53,0.000121249587413907,0.000111640376762712,62
53,0.000102480219756375,0.000117089542982054,63
53,0.000100934047806623,0.000101924975965839,64
53,9.37567774044118e-05,0.00024815262405498,65
53,0.000161187140817251,0.000147461752434016,66
53,0.000113713495714464,0.000126687044764841,67
53,7.47741971761375e-05,0.000112989144550976,68
53,9.29345133797302e-05,0.000103016485615936,69
53,9.21188924194145e-05,0.000968692312281326,70
53,0.000103179161547933,0.000589820781911952,71
53,0.00323884348917812,0.00243480251415427,72
53,0.000123442528397145,9.89150036454183e-05,73
53,0.000158995078880948,0.000128900604972112,74
53,9.06794796910277e-05,0.000212989385052843,75
53,0.0001468908363442,0.000185959808557058,76
53,0.000167635340089992,0.000114721641394036,77
53,0.000174173377073482,0.000252367638435857,78
53,0.000176328941962991,0.000330514168318371,79
53,0.000189282200371029,0.000124077456833865,80
53,0.00017891403020418,0.000232660583026018,81
53,0.000130010469332069,0.000117588719471614,82
53,0.000101384347458951,0.000184048041898207,83
53,0.000148473180899033,0.000143134101978749,84
53,0.000209859708594154,0.000139155503400797,85
53,0.000162504070320761,0.000281571351423833,86
53,0.000367176929469763,0.000135593438774701,87
53,0.000149880050517735,0.000113320655131474,88
53,8.98112909612273e-05,0.000117226894372809,89
53,0.000158242171435364,9.24795269594433e-05,90
53,0.000163300401573146,0.000102957973857597,91
53,9.80247979874828e-05,0.000101816760794439,92
53,0.000200208473005772,0.000104648342481275,93
53,0.00015695848099888,0.000685975197391932,94
53,0.000197270850812574,0.000118643392829267,95
53,9.42523343950494e-05,0.000117772807915254,96
53,0.0001530956555921,0.000105192413520953,97
53,7.56984769946237e-05,0.000103846882860437,98
53,0.000129827313467857,0.000738099372894317,99
53,0.000230949631440198,9.17794714860558e-05,100
54,0.116306953142315,0.0477428945475288,1
54,0.0352983736397719,0.00917392388727689,2
54,0.00905994515332787,0.00258891672120717,3
54,0.000809459742014783,0.0136396547587089,4
54,0.0178815988962398,0.00807970278805179,5
54,0.00517165065813471,0.00300568226838645,6
54,0.00127706298065648,0.0215450232390807,7
54,0.0119150888173808,0.00636506592648262,8
54,0.00148238976010295,0.0111723964391181,9
54,0.00379688648515769,0.00442550481641394,10
54,0.0481426103682709,0.0059626153259851,11
54,0.0197242207225013,0.00271426866530876,12
54,0.000269872594727005,0.000328091025363579,13
54,0.000197305918777584,0.000954651804576763,14
54,0.000709776005768996,0.00219817445421869,15
54,0.000821559422882759,0.00111787823542335,16
54,0.00139107692139135,0.0234272021130271,17
54,0.00344794252931973,0.0237586834668486,18
54,0.00086918595161489,0.00043607215679165,19
54,0.000877767497208333,0.0131139965490285,20
54,0.00778350948092401,0.00547665736827964,21
54,0.00511540393344337,0.000559120413315852,22
54,0.00252440460332414,0.00794967754238745,23
54,0.000554647577581749,0.00365726459569084,24
54,0.00018205735146117,0.0385312938381746,25
54,0.00185396913748006,0.000624979947602284,26
54,0.000325078023030992,0.00519966152311559,27
54,0.000958541660768333,0.000590144419764741,28
54,0.000256421882484135,0.0194339228727706,29
54,0.00287366611266214,0.00313892906515591,30
54,0.00325359640221036,0.00022676188210497,31
54,0.00020882988452812,0.000231150366995233,32
54,0.000205430753246144,0.000129683650114911,33
54,0.000221380796696087,0.000249451214158748,34
54,0.000117283292633167,0.00102426547334074,35
54,0.00015467117377856,0.00465209137412215,36
54,0.000626489614754458,0.00225372789937448,37
54,0.000430504163281957,0.00185661043219283,38
54,0.000312299642580589,0.000459054882496524,39
54,0.000146136413356912,0.000358444100784263,40
54,0.000291113358133184,0.00206968075140814,41
54,0.000291438139999242,0.000124810713128606,42
54,0.000154752545902871,0.00835970359125896,43
54,0.000535227811533954,0.00473962400484363,44
54,0.000625966268716293,0.000132889510630387,45
54,0.000112972744465739,0.000594426457965938,46
54,0.000259110241227866,0.000316657703601912,47
54,0.000164567574339016,0.000823148854487833,48
54,0.000123156604250145,0.000571286383135259,49
54,0.00128454712944,0.00481498583369363,50
54,0.000678730660829615,0.000159224760334732,51
54,0.000236951421569928,0.000145180855755219,52
54,0.000132963658710914,0.00186435094273877,53
54,0.00051493108484975,0.000808521354709037,54
54,0.000222998891038615,0.00140564046984197,55
54,0.00168975535425714,0.00198004586023161,56
54,0.00177951850758643,0.0134430107936107,57
54,0.00107191538989503,0.000236389706057795,58
54,0.000288866549054348,0.0026783434590761,59
54,0.00635177822071895,0.01555648904704,60
54,0.00808986774457143,0.00654910528370219,61
54,0.00854958514834087,0.0544142658625299,62
54,0.00267434677272271,0.0112725157195437,63
54,0.000657149734709947,0.000256513905907669,64
54,0.00014206152002149,0.0199614484422888,65
54,0.0205309663996937,0.00744732657691372,66
54,0.00115721469494921,0.00138405152524195,67
54,0.00116382786795746,0.00223350762771375,68
54,0.00267439949762006,0.0502990268675233,69
54,0.0433662751920668,0.0491245951306574,70
54,0.0065144616278788,0.0176588236478318,71
54,0.00446171322913848,0.00400936859890697,72
54,0.0020112280461976,0.000783729329634195,73
54,0.00698856221483972,0.000757257590571769,74
54,0.00420223011935783,0.00295409385079345,75
54,0.0168775096848351,0.000940668461040755,76
54,0.00047789617842784,0.111089572147171,77
54,0.0342457869849135,0.0023039887907138,78
54,0.00173878228996764,0.0925616503394891,79
54,0.0122024676108914,0.0366207773721325,80
54,0.0192098492199509,0.0447702009226832,81
54,0.0168786747780463,0.00127171170602185,82
54,0.000992081242105263,0.000728882679876541,83
54,0.000994154602285441,0.0351294373002249,84
54,0.00610271569676154,0.0841944250022863,85
54,0.0145663109306746,0.0244261793408287,86
54,0.000932438003558451,0.0110321701001753,87
54,0.00362788344221512,0.00246523480036082,88
54,0.0135798432002616,0.0535633626737637,89
54,0.00701599413073028,0.00201084124278137,90
54,0.00332464507593181,0.077264508650137,91
54,0.00998488290506732,0.00624791230349442,92
54,0.00261421734816338,0.012540354618654,93
54,0.0015387882673991,0.00223277345460618,94
54,0.000506826620807261,0.0063094397346999,95
54,0.00124873401132836,0.00184581950260239,96
54,0.0207078619288235,0.0216302489366634,97
54,0.00346419204910582,0.0291625072383172,98
54,0.00436175114574812,0.00201798519637438,99
54,0.000738883538865353,0.00102833414192222,100
55,0.0421108641337302,0.0372293836549752,1
55,0.0131798301798211,0.0335307925069745,2
55,0.0279490731100474,0.0338970031196918,3
55,0.0265429948241398,0.0267237664438947,4
55,0.0223204801448897,0.0289333194855412,5
55,0.031775566303037,0.00753738883614243,6
55,0.00722060599628729,0.0148653663688426,7
55,0.005338059603396,0.0340706923508594,8
55,0.0389568326087649,0.0424366119158566,9
55,0.0162935248215249,0.0180282412080654,10
55,0.0238452314216054,0.0113839890320417,11
55,0.012443838696781,0.00671472132971221,12
55,0.00736099756791071,0.00543161672723625,13
55,0.00966454003022581,0.0196620612098744,14
55,0.00517092840195948,0.0134729597063956,15
55,0.00881928170696649,0.0217620072296155,16
55,0.0281671611560462,0.00895413132906534,17
55,0.00178996893351167,0.0119559021712426,18
55,0.00204669246714912,0.0144526622788088,19
55,0.00845821407815884,0.0145890221824084,20
55,0.0037054142459256,0.0322578896378566,21
55,0.00882444585077348,0.0184490101094354,22
55,0.0147073592771937,0.0199661977274916,23
55,0.0049989855132367,0.022784385571791,24
55,0.0104946828781267,0.0491314008805418,25
55,0.015231956851006,0.0189097092018207,26
55,0.00187061680403226,0.0215904931169592,27
55,0.0069112360507404,0.0288626567744964,28
55,0.00638776827610586,0.0118460901723486,29
55,0.0217274147721501,0.0159818268396099,30
55,0.0189877885189799,0.0257717309008665,31
55,0.00870420690930539,0.0186691711504215,32
55,0.00349190995142315,0.0156154016397211,33
55,0.0158662182312033,0.00894346637686255,34
55,0.0305946390306561,0.00853775855053678,35
55,0.0270465699281359,0.022736441052251,36
55,0.0031357344646382,0.001956013907499,37
55,0.00351811310718841,0.0200246974767761,38
55,0.0299904296146915,0.00461031924549175,39
55,0.00266384057668024,0.00134799282741815,40
55,0.0039256699377138,0.00167956120108381,41
55,0.00330517029884538,0.0100419680793446,42
55,0.0124945904822389,0.0165925353375916,43
55,0.00234873700279108,0.00572860243560239,44
55,0.000314522716632645,0.00906849028856958,45
55,0.00157114236913598,0.0159006980870608,46
55,0.0062683845566055,0.00180876994942231,47
55,0.000544095300025591,0.00113367707469125,48
55,0.00447130415502857,0.0213628002591076,49
55,0.0070056424061582,0.0406739263914273,50
55,0.000387117436104907,0.0227878007560775,51
55,0.00999612002689796,0.0211624301271202,52
55,0.00526389386734406,0.0294339564632604,53
55,0.0165651130693345,0.0229684630982326,54
55,0.00619528474790512,0.00764265672854314,55
55,0.0100323438454086,0.0309158006715398,56
55,0.00252016436299798,0.0202795884951461,57
55,0.0179322605458608,0.0255239841189275,58
55,0.00703627188060853,0.0171915780270289,59
55,0.00433375110152319,0.00870746507386056,60
55,0.0102051477887873,0.0442288757590258,61
55,0.00657466995597665,0.00469674715666215,62
55,0.00812877533273462,0.00950098141128614,63
55,0.00265417696934155,0.0285717777353479,64
55,0.00269857140393816,0.0167970667253121,65
55,0.0044992145419057,0.0112740625507159,66
55,0.000921646682566265,0.00928233311171272,67
55,0.00157153956206554,0.0114896753417323,68
55,0.00250790806860824,0.00148196156612373,69
55,0.00140427601772967,0.00110859313651614,70
55,0.00387119325042465,0.00993956002539044,71
55,0.017767774161502,0.0362582732611554,72
55,0.0154650674031014,0.0304580811880538,73
55,0.0146255484681285,0.0188844373687072,74
55,0.0040403313121002,0.0246127630376733,75
55,0.00253140064571486,0.0104348333617069,76
55,0.00692519551459911,0.0188334904136892,77
55,0.0138444614808211,0.010529748240141,78
55,0.00674058033423136,0.030802417515276,79
55,0.00206812285055094,0.0100393790839196,80
55,0.00433467586344276,0.00164326476162701,81
55,0.00223691706704249,0.0178026666824148,82
55,0.00414036056302147,0.0059566769788709,83
55,0.000720455699106855,0.000675306850431275,84
55,0.000298121420826876,0.00664103683554721,85
55,0.0102178236197149,0.019088864994856,86
55,0.003663418298552,0.00356766258517968,87
55,0.0516582839291446,0.00899954587770717,88
55,0.0099264134308376,0.00738459814996421,89
55,0.026973480305292,0.0187871923829264,90
55,0.00220667869053781,0.00362624325371996,91
55,0.0085961156687476,0.00357317596879123,92
55,0.000742606971492901,0.00934531251265857,93
55,0.00170712333078313,0.00764339339708566,94
55,0.00730871626244821,0.0115713911465982,95
55,0.00169047384132558,0.00658216639718967,96
55,0.0100291441522,0.0349084754758648,97
55,0.00777509163836538,0.0230553626976502,98
55,0.0051558821361784,0.00257952681765224,99
55,0.0443435890393629,0.0204016460368685,100
56,0.00812907084886815,0.01755575773028,1
56,0.0161162522697826,0.0250078415249677,2
56,0.0180750425359808,0.00954839128866733,3
56,0.00387684533579977,0.0032569883943755,4
56,0.0129129613475567,0.00506948403848475,5
56,0.0209025313401451,0.00755466942958648,6
56,0.00450368345863016,0.0118585163911758,7
56,0.0110959202531492,0.00142963757456187,8
56,0.00392937755182297,0.00587007414728064,9
56,0.00248436271136146,0.00501758020668058,10
56,0.00680221214888323,0.00122404997770447,11
56,0.00225246262164833,0.00106947724986042,12
56,0.00402927189606083,0.00769349746836941,13
56,0.00357333619658874,0.00139060436976465,14
56,0.000720225188431193,0.0113611805983223,15
56,0.00306105076675751,0.00289433830610888,16
56,0.0147646063452569,0.00294272004771064,17
56,0.000372854923459352,0.000442638393232604,18
56,0.000306802230409559,0.0005320137286333,19
56,0.000851287936058915,0.00136137438443402,20
56,0.00260637024665494,0.00156815905384307,21
56,0.000732433139381883,0.000365962511859562,22
56,0.000253373064050615,0.00319684898446096,23
56,0.00166536718635846,0.000533481795412948,24
56,0.000407207358609353,0.000399204268642629,25
56,0.00148709746313953,0.000978258566404586,26
56,0.000158008654742451,0.0173473236300451,27
56,0.0301396334367068,0.00999313889192223,28
56,0.0247688178002796,0.0076147612728143,29
56,0.00490676506237917,0.000859707387701096,30
56,0.013500607526767,0.0237173042098628,31
56,0.00541157189461481,0.00763866407160159,32
56,0.00172474982495035,0.00412590762647012,33
56,0.00336257980853115,0.00344825355373658,34
56,0.000547969394150823,0.0032785869554662,35
56,0.00120649364943745,0.00177487550663121,36
56,0.000776084304432119,0.00391709046313659,37
56,0.00167354347011953,0.00660045150112127,38
56,0.00301793228768651,0.00480721813760576,39
56,0.00116274075272969,0.000496960947851638,40
56,0.014210942131527,0.0288133321835328,41
56,0.00349253450704045,0.00228946800182545,42
56,0.00134562511811379,0.000572086793918092,43
56,0.00542757953917848,0.00378367095505621,44
56,0.00061099064916223,0.00172639040358987,45
56,0.000837682500463348,0.00919228829873188,46
56,0.00257622787132778,0.00387909373195452,47
56,0.00534982108681241,0.00365392820030877,48
56,0.000846793934297163,0.000537072894940737,49
56,0.000471305078531746,0.00747529308271769,50
56,0.00148433453370221,0.00169952852850329,51
56,0.00134105477732321,0.00140768463667992,52
56,0.000529401093792151,0.0013229779712431,53
56,0.00227399436749924,0.000902171434471897,54
56,0.000178575575875981,0.00120094791439143,55
56,0.00027689174080343,0.000467843417936789,56
56,0.00723712923054614,0.00476876628283586,57
56,0.00129626141633599,0.00484106395828785,58
56,0.00159814550508494,0.000632278504704183,59
56,0.000476764473837736,0.00212460516712016,60
56,0.000909228616476899,0.000394197529551889,61
56,0.000268265693915372,0.000313730370336382,62
56,0.0043561342232006,0.00382193572347664,63
56,0.000642762264758354,0.00655684189069309,64
56,0.00145533663984314,0.00288246042138634,65
56,0.00864836747047079,0.0025755407161791,66
56,0.00139232757585358,0.00613413966528038,67
56,0.00478615078990976,0.000846591844625447,68
56,0.000497147988174557,0.00294251759522908,69
56,0.000730500676742969,0.00241501345303695,70
56,0.000190164629522772,0.000926356068285657,71
56,0.000485099382876051,0.00208701428752988,72
56,0.000691864567496576,0.000423768890482224,73
56,0.000354345852481544,0.000506858190462959,74
56,0.000617619382488774,0.00211099677535299,75
56,0.000748175720960342,0.00020126629877674,76
56,0.000232910168408149,0.000471158788088072,77
56,0.000211980651495826,0.000218885261936842,78
56,0.000392803040849745,0.000587140984894433,79
56,0.000440172455902877,0.000297110198149482,80
56,0.00040714846476399,0.00181897623549196,81
56,0.000681759325154247,0.0100750036915243,82
56,0.000916168266715972,0.0127063013560159,83
56,0.000994911561800987,0.00187862648755015,84
56,0.00148937710011092,0.0103873711359827,85
56,0.00189276751542295,0.000571296863735956,86
56,0.000273497767374513,0.000268384745915229,87
56,0.000269245103554393,0.00142575103974612,88
56,0.000387999777456,0.000258796469227607,89
56,0.00178088900001431,0.00369029377964032,90
56,0.00278740602087886,0.000564940682675944,91
56,0.000458815029595312,0.000718218717724602,92
56,0.00102657466168644,0.000884601331456375,93
56,0.000162776695142397,0.000207745010466004,94
56,0.000180686921457554,0.000353635071534796,95
56,0.000359143040813455,0.00248769534584402,96
56,0.000512343412858949,0.00188143218831056,97
56,0.000967568260689895,0.000796840146603287,98
56,0.000493859715170588,0.00668447855972682,99
56,0.000541221402953863,0.00044285209332433,100
57,0.0437724781160897,0.0159178011526682,1
57,0.0131486816771074,0.028535307356192,2
57,0.000665418000651163,0.00155058393102781,3
57,0.00139454455393968,0.000816061771114058,4
57,0.0342627684510138,0.0072840711383008,5
57,0.000526409203457632,0.00492850547298227,6
57,0.000307671923799712,0.0061957082760246,7
57,0.00031609968233414,0.0183349563538145,8
57,0.0204557397634457,0.00556443684594223,9
57,0.000379554973444202,0.000390239873766203,10
57,0.00207781006120435,0.000302800423828103,11
57,0.00166097808026938,0.000796702796562231,12
57,0.000884525334551039,0.0010274264203287,13
57,0.00886323061434788,0.000697266722658566,14
57,0.000204923255485291,0.00203923581666151,15
57,0.00255057076087609,0.00736722288883595,16
57,0.000788043761961105,0.000235568849192223,17
57,0.000236523627559561,0.000210289420147316,18
57,0.00047788459167311,0.000357017159058225,19
57,0.000948255576898896,0.00109797666238054,20
57,0.0214515579747857,0.00166816019077114,21
57,0.000358000936118372,0.000168968521682769,22
57,0.000424856883007769,0.000747660754685942,23
57,0.0159851585972347,0.0257974813851977,24
57,0.00209928847174086,0.000418781211761431,25
57,0.000408767489568214,0.0197282177819004,26
57,0.0104527197939843,0.00638734578448069,27
57,0.000673330861496318,0.000871167014134791,28
57,0.025826048075779,0.0183888194576952,29
57,0.0149031117429974,0.000399028991008367,30
57,0.0114879672886033,0.00303008900128207,31
57,0.00142569574746618,0.00346559781852682,32
57,0.00361742607920899,0.000374303311567131,33
57,0.000490612564262383,0.000179186344032803,34
57,0.00124305258107898,0.00106626816351713,35
57,0.00160162796217614,0.000535398541212744,36
57,0.00117652135419859,0.000355506117230777,37
57,0.00116495733605018,0.0013943825337251,38
57,0.00157292508299859,0.000278601652113865,39
57,0.000642596944171703,0.0045572157826502,40
57,0.015747211440301,0.000545323353803187,41
57,0.000295184182844444,0.000304807613168924,42
57,0.000452775911816715,0.00023199600465996,43
57,0.000158435846364052,0.000272260416395829,44
57,0.000333739965365551,0.000308069832648008,45
57,0.000371182190714048,0.00394281935179423,46
57,0.0020492900474645,0.0017298307212284,47
57,0.0136907114233358,0.000494527377265936,48
57,0.000130976404830042,0.000592268196292018,49
57,0.000206623698731368,0.000143709101372908,50
57,0.0121212768737036,0.000310368551232702,51
57,0.000266550687764937,0.000322540120250169,52
57,0.0259618786085095,0.00302786236513032,53
57,0.00249945076061844,0.000471094417285089,54
57,0.000592517355622337,0.000447449300173559,55
57,0.000231151595995651,0.000451044185173386,56
57,0.000195960321054251,0.000272667397660956,57
57,0.000528483787322481,0.00194057912916534,58
57,0.000249866767134003,0.0026953465148753,59
57,0.00452277830502916,0.000391742221928827,60
57,0.0249250824339274,0.00289792025207597,61
57,0.00420321433581457,0.00311316717009732,62
57,0.000184283333028109,0.00243473327723247,63
57,0.00489145098498019,0.000200481450443297,64
57,0.000260508758064733,0.0110427548226991,65
57,0.000305677708251821,0.000785403325817271,66
57,0.000767566479108683,0.00421834262011884,67
57,0.0109326811788854,0.000966364064680218,68
57,0.000372780353702503,0.000721709813630815,69
57,0.0173460719051961,0.00439604094058167,70
57,0.0472741598646637,0.00697107298808608,71
57,0.000744059211386084,0.00041667606456574,72
57,0.00141381852167112,0.00218866313887669,73
57,0.000321204454360472,0.000367542051004582,74
57,0.0435929355408855,0.0236669835900797,75
57,0.0168746584099707,0.00120386034138147,76
57,0.0188122321717751,0.00173467409918855,77
57,0.000316541902587774,0.000337581088323108,78
57,0.00252182529627763,0.00110488099403526,79
57,0.000296498500373137,0.0002220221486001,80
57,0.012608291216857,0.000870526014125249,81
57,0.000301664570859937,0.0075480362606006,82
57,0.000413745639259589,0.000179459171760278,83
57,0.000187379444966376,0.000315924302696909,84
57,0.000290902744791594,0.00285994178099502,85
57,0.00306676313503481,0.00146968139131932,86
57,0.00746874175572857,0.00189732950593785,87
57,0.00482398419709798,0.00102473647883698,88
57,0.00034819818328053,0.000489618047395333,89
57,0.000288667096725116,0.00962505812062562,90
57,0.000634829343705503,0.00180130742466117,91
57,0.00609672214451483,0.000175385348058367,92
57,0.00147937249524175,0.000410243903216335,93
57,0.00658318774185265,0.000284302545495618,94
57,0.0021816656639169,0.00204603240428108,95
57,0.00737525498586947,0.000228733271771884,96
57,0.000209706645795733,0.000556910233357734,97
57,0.000213007632646667,0.00428546211568446,98
57,0.00459614008325039,0.000249838527098504,99
57,0.0162211576310045,0.0237622729413924,100
58,0.0396967636980621,0.0573055757264016,1
58,0.0516570006012838,0.0198416434884774,2
58,0.00193669457300418,0.00202586063659124,3
58,0.00287294655967433,0.0228252644215746,4
58,0.0107068712271483,0.0189204584552664,5
58,0.00348227282591862,0.0315385833969422,6
58,0.00562198915390543,0.0015440463681712,7
58,0.000571441204335097,0.00723891376177455,8
58,0.001063906738434,0.000484280305264515,9
58,0.00125114834232839,0.00142734781211243,10
58,0.000927119646560189,0.000413893729351514,11
58,0.00102145190627183,0.000275599451444028,12
58,0.000207046466974148,0.000785291714496223,13
58,0.000234977769834601,0.000365533571758865,14
58,0.000800151542663367,0.00022081691216501,15
58,0.000253439342548828,0.000148663975726793,16
58,0.000304783739503556,0.000299279818821193,17
58,0.000208446725378855,0.000184785788193327,18
58,0.000458303660598192,0.000370870009835657,19
58,0.000594002704268802,0.000288910976523805,20
58,0.000281685360428176,0.000122111963019662,21
58,0.000308303606147702,0.000235492397634558,22
58,0.000258400373418734,0.000133235979371952,23
58,0.000365567766608025,0.00147215158300398,24
58,0.00339738674971851,0.00362470015111056,25
58,0.00086823562847263,0.000491137182883098,26
58,0.000663221335254641,0.000196678399533068,27
58,0.000565021263350973,0.00101882009032052,28
58,0.000420965442627692,0.00129645564231976,29
58,0.000772579403401536,0.000165781323263486,30
58,0.00611688270621749,0.0126845836112883,31
58,0.00195344169664829,0.00588584054169064,32
58,0.00353867386636655,0.00110492139082112,33
58,0.00136174859781891,0.000370689054053625,34
58,0.00101231694266595,0.000243311173740159,35
58,0.000721681431198922,0.000234034005097112,36
58,0.000332305835107062,0.0010048781540198,37
58,0.0244701074927621,0.00249787702738749,38
58,0.0005243573616372,0.00602859578530976,39
58,0.00217952526775459,0.000286589487239165,40
58,0.0003853439466375,0.000340902914960874,41
58,0.000332504113808525,0.000136449360597709,42
58,0.0013348840890243,0.000808360559770378,43
58,0.00017756780733222,0.000151335763799801,44
58,0.000384283000012009,0.000290121604864442,45
58,0.000142594126991837,0.000330578205663964,46
58,0.00036147048042204,0.00125128828170243,47
58,0.000238872991976455,0.000268280189582125,48
58,0.000420444047994737,0.000319156547560775,49
58,0.00033934530123188,0.000248753905840837,50
58,0.00037337705032108,7.94965785110668e-05,51
58,0.000105636010462521,0.000193486497443769,52
58,0.000114429099725276,0.00092848875062664,53
58,0.000175187410448413,0.000106063714771003,54
58,8.7675786842355e-05,0.000229298696553823,55
58,0.000116192230180505,0.000149930061463419,56
58,7.44438997574182e-05,0.000133212114791793,57
58,0.000109687604867606,0.000264104769041907,58
58,0.00011061581259966,0.000139479808005561,59
58,0.000150490390152877,0.000120259581839143,60
58,0.00618404272165429,0.00733356606380478,61
58,0.00779343917073041,0.000646096881128586,62
58,0.00410231488405182,0.0163657921091308,63
58,0.00329330437964874,0.00120001075112251,64
58,0.00147005622843512,0.00415048326186375,65
58,0.00226889721723722,0.000405341719238469,66
58,0.000155921399301217,0.000182858710318867,67
58,0.000261815687378951,0.000157511269545114,68
58,0.000162648731987399,0.000318542203793837,69
58,0.000597470451987871,0.000245719227854582,70
58,0.000906868137940204,0.00135774672717328,71
58,0.000856630252818295,0.000283084348047012,72
58,0.000300965041148041,0.000113124977016534,73
58,0.000137672275314754,0.000419813157702669,74
58,0.000127294419930703,0.000154604060736581,75
58,0.00080331004045098,0.00066159010862251,76
58,0.000694085271883827,0.00193136233813745,77
58,0.00781349260935283,0.00899853417215508,78
58,0.00122506027268204,0.00461519707759861,79
58,0.018380009495724,0.0013099224852002,80
58,0.000358519828778153,0.00189320976592644,81
58,0.000128758245651916,0.000903550642708789,82
58,0.0274995247509683,0.0086614513368668,83
58,0.00597626588293428,0.000654476499370149,84
58,0.000512426014101484,0.000207694517327092,85
58,0.000209673031840417,0.000215492519512463,86
58,0.000214634242436018,0.00023295892292251,87
58,0.000402429589558148,0.00021606784812012,88
58,0.000201643372099882,0.000357620205048008,89
58,0.000210766488264141,0.00048025971071502,90
58,0.00015305740690785,0.000826068378908242,91
58,0.00926556470602696,0.0088606602701494,92
58,0.000473336658738139,0.00107422316348898,93
58,0.00116879473869819,0.000301389711238332,94
58,0.000420391216750062,0.00197151824465902,95
58,0.00106743394463885,0.000832819094673917,96
58,0.00171228037037177,0.000704793498298903,97
58,0.000221278760446855,0.000154090837156902,98
58,0.000128916617490498,0.000214949745454672,99
58,0.000161909799269854,0.000430337404181456,100
59,0.0498287710180999,0.0377729923429026,1
59,0.00205211132086657,0.0182514627703026,2
59,0.00709813765990431,0.00771945364910857,3
59,0.000985477416233741,0.000494483888365902,4
59,0.000972649418810386,0.00197734429546912,5
59,0.000950723254642593,0.00070912156476839,6
59,0.0013956498872087,0.00147994062054717,7
59,0.00334106178963148,0.0225771227076961,8
59,0.00242395127632806,0.00289457215282662,9
59,0.00075258946750478,0.00604255589353069,10
59,0.00394883479502428,0.0161683943571753,11
59,0.000604619885554808,0.000888407661307849,12
59,0.000494745007484341,0.00748188450345438,13
59,0.0201775575623046,0.00166116782521175,14
59,0.000630000431664125,0.000589757553216501,15
59,0.00389858315814586,0.0275696328071922,16
59,0.00192794244799902,0.00938195417634414,17
59,0.00188858108102644,0.00362448002796414,18
59,0.017619347553629,0.0160584948958439,19
59,0.00102113515105952,0.0157465179462949,20
59,0.0153518629077583,0.00793154188016481,21
59,0.031151405147315,0.0315988734211107,22
59,0.0068045212153242,0.00180089668030119,23
59,0.000693302601055019,0.000355600557630508,24
59,0.00175036626238522,0.0146644905009523,25
59,0.00717872692070692,0.00529098604258367,26
59,0.000764279266407336,0.0033440221517855,27
59,0.000623104678167921,0.000532336398578884,28
59,0.000250910820289782,0.000658563256463509,29
59,0.000591496170582206,0.000414947568796226,30
59,0.000901071105607143,0.00173888962266123,31
59,0.000782409545295697,0.00166967119543376,32
59,0.00215510419949313,0.000337080127220598,33
59,0.000168480925006218,0.000284579471605378,34
59,0.000611770599427977,0.000213289400010239,35
59,0.000258414698519923,0.000265513000675896,36
59,0.000114690466652233,0.000577709026528884,37
59,0.000705322541559208,0.00441540092473187,38
59,0.000815671978654369,0.00033824075381753,39
59,0.000553460877708269,0.000211896729555909,40
59,0.0135493590090748,0.0515350039584263,41
59,0.00427565413886185,0.000931305916621514,42
59,0.000330090302356952,0.000322855049894036,43
59,0.000283353631804444,0.0015188708051208,44
59,0.000179371888021622,0.00458977034546295,45
59,0.0143918884269341,0.00673802249697012,46
59,0.000698334258390925,0.00126233686716282,47
59,0.00306321483197756,0.000747314924363456,48
59,0.000724202034990446,0.00783424852444667,49
59,0.00266893182691527,0.000762373486030189,50
59,0.00138805042629236,0.00185504187981988,51
59,0.00168499611819342,0.00307767240574553,52
59,0.0024064570387222,0.000328733274752783,53
59,0.000221430481881132,0.00040385500414995,54
59,0.000946931329902538,0.00278343742286814,55
59,0.000468241676138811,0.000223940538480636,56
59,0.00129546799265288,0.000357714010127833,57
59,0.000557972540922662,0.000382230020359046,58
59,0.00249162496461905,0.0124149533409444,59
59,0.00305394838066895,0.0223728187578877,60
59,0.000797119386621918,0.000945682952987849,61
59,0.00532406437466286,0.00150477883152958,62
59,0.0453278825489164,0.00360649780772718,63
59,0.00213970634426738,0.000966290454048509,64
59,0.000476015768671277,0.00265253256954044,65
59,0.00981254400760913,0.000988814069424253,66
59,0.00114902131493816,0.00653568684550746,67
59,0.0143957826176048,0.00347045652449183,68
59,0.00190347647726755,0.0048573161383755,69
59,0.000344555393333256,0.00380267490383539,70
59,0.00223381896911753,0.00235049291671844,71
59,0.000977297112238803,0.00177143992646484,72
59,0.00758431338841101,0.0017469826452502,73
59,0.00094099175756797,0.00132295188545283,74
59,0.00205326542347341,0.000382474764947646,75
59,0.000634545009567825,0.0355254238270273,76
59,0.0159144630447571,0.00347773314233386,77
59,0.0006311937225123,0.000464263522495035,78
59,0.00110678836857127,0.00115272114774776,79
59,0.000671569032827828,0.00340756399037594,80
59,0.0148166472257154,0.00958513268594816,81
59,0.00193350277196417,0.00362837695052191,82
59,0.00674361048825017,0.00040778987949502,83
59,0.000772226029136678,0.00128615632021624,84
59,0.00129217472495685,0.00123576176473924,85
59,0.000871250016693633,0.000624359109839681,86
59,0.000256678110560784,0.000184752119030728,87
59,0.0002582045590939,0.000243853822563745,88
59,0.000147050861938889,0.000211447897697018,89
59,0.000711424936957929,0.000232060864909235,90
59,0.00235345498459319,0.000664918370198012,91
59,0.00199078457186629,0.0480376032822191,92
59,0.0776117662282653,0.0270187903866435,93
59,0.00369749552908689,0.0024960351102004,94
59,0.00735556498474778,0.005894747361249,95
59,0.133812049007383,0.0210058766054532,96
59,0.0042838004901576,0.00152447515109055,97
59,0.0126313399237988,0.00871667759040936,98
59,0.00297113636373333,0.0074655183859827,99
59,0.00194761577595395,0.006400588842703,100
60,0.0135740946208475,0.0131261793214252,1
60,0.0556908991781324,0.0139521082679801,2
60,0.0117928256882052,0.00439436871149143,3
60,0.00168048926500443,0.00143021174687225,4
60,0.00835375156247538,0.0010010758737423,5
60,0.000888646457959162,0.00729706023988526,6
60,0.00101569710922379,0.00254580429055586,7
60,0.00276167328804455,0.00913666496768589,8
60,0.00157362162054634,0.0050516699829712,9
60,0.000548149921771543,0.000976314827029821,10
60,0.00138151204671888,0.00458441922868441,11
60,0.0023083013822261,0.00206557803710916,12
60,0.00547811342568,0.000977806076765936,13
60,0.000325661978736138,0.000257644346520916,14
60,0.0004105615363356,0.000180882942778287,15
60,0.000407871503192638,0.000448650588622465,16
60,0.000202274322447594,0.000832062933438171,17
60,0.00113379891045597,0.00135348751845588,18
60,0.000520606109276806,0.0015956687175716,19
60,0.00157641677194503,0.00179373228997549,20
60,0.00327848069117624,0.003743381375499,21
60,0.000590139500390117,0.008062972503065,22
60,0.0243081614383684,0.012974611096002,23
60,0.00183181441531984,0.000917039001701789,24
60,0.000427041797738589,0.00420174435744831,25
60,0.00169352829076446,0.00240657745025598,26
60,0.000406623503651958,0.00192957477434742,27
60,0.0126354042840755,0.00145297035905125,28
60,0.0017186706779403,0.000584633864048406,29
60,0.000409132387669261,0.000582905785777557,30
60,0.00239204663909407,0.00356452516628195,31
60,0.000446730713872542,0.00030116429076327,32
60,0.0003971177324784,0.000836767009049402,33
60,0.000805149065040323,0.000495379387802191,34
60,0.0008568981435856,0.000358755405308838,35
60,0.000329663450224441,0.00872873872514024,36
60,0.0180427952655875,0.000937356332595845,37
60,0.00139401573712669,0.00207367013208014,38
60,0.0212425318942436,0.0191432406229907,39
60,0.00211233042920976,0.0292314248067849,40
60,0.00189025269104756,0.00179600174270239,41
60,0.00868286162691014,0.010217635245753,42
60,0.00305893516709215,0.0193002432380904,43
60,0.0200188756400553,0.00114076562384744,44
60,0.0294683742999873,0.0199751696449633,45
60,0.000764429456072435,0.0119187322447098,46
60,0.0272137209050346,0.00210552265681375,47
60,0.000335302563401818,0.0172910667276398,48
60,0.00313943953915316,0.00141463327968526,49
60,0.000957340787097,0.00120263899937315,50
60,0.00164409778463434,0.00679146718960477,51
60,0.0224214451133117,0.0175636196120341,52
60,0.00441045030001304,0.0020571562383342,53
60,0.000835365705632959,0.00139495296736653,54
60,0.0375936946586558,0.0043985013913502,55
60,0.000548480105404723,0.000588200031645129,56
60,0.000494601798581818,0.000279819021144151,57
60,0.000299578204221093,0.000980843941677966,58
60,0.0145443284777307,0.008683439936875,59
60,0.00154106868353841,0.00127784490669223,60
60,0.0123848303339656,0.0169372065130467,61
60,0.000347542955693861,0.000724938305817875,62
60,0.00114068293058755,0.0158733449872656,63
60,0.0320490482937818,0.00402820181558108,64
60,0.00271081260647416,0.0266478713203122,65
60,0.0402486551131313,0.0115562576666575,66
60,0.00114753161520898,0.000863445027272763,67
60,0.0222799445854259,0.0488361643977753,68
60,0.0097535330676569,0.0206117005592434,69
60,0.054920911383103,0.00651733218930318,70
60,0.00184021135155901,0.0439204980052584,71
60,0.0188396463874153,0.0219255318773068,72
60,0.000960521275495349,0.000853469841093042,73
60,0.0964744871902509,0.00869995059865159,74
60,0.0017508532758483,0.00153299331413201,75
60,0.000709748774722555,0.000410664950930279,76
60,0.00293846717270059,0.00302487904903774,77
60,0.000918177478889162,0.00152978754105319,78
60,0.00320075020118298,0.000416424670052087,79
60,0.000495879202914286,0.000216162093087388,80
60,0.00110449304382353,0.00650315224296859,81
60,0.0145263172287173,0.00904370536831412,82
60,0.00728513820287739,0.00582826585553685,83
60,0.00423274493272324,0.00575276231213367,84
60,0.021701561850431,0.00688491489979701,85
60,0.000948898597107746,0.00348553712551205,86
60,0.000862352484627811,0.000842405424720518,87
60,0.00230783176884549,0.00109304967508769,88
60,0.00377927062878061,0.00629301808796889,89
60,0.000343364022995167,0.000370237497354985,90
60,0.0012526698995786,0.000994430621099801,91
60,0.00176274071690503,0.0141018561226839,92
60,0.00504365518951534,0.00485139147924641,93
60,0.000729491651172074,0.0010964473813743,94
60,0.00353168007903202,0.00104536961622493,95
60,0.00693122074103128,0.000769700505641434,96
60,0.000369407090020645,0.00206192578117992,97
60,0.0117399929321012,0.00797787478172908,98
60,0.000927639917543825,0.000474178541361972,99
60,0.00143368929146337,0.00335718903990318,100
61,0.00421182680923009,0.0285548134178127,1
61,0.00473826415719956,0.00566251151609372,2
61,0.00292523809251542,0.0120759497862273,3
61,0.00208443061021152,0.00211498439834841,4
61,0.000627748684783694,0.00221735416064961,5
61,0.000381325388892126,0.00506537630941112,6
61,0.000646948927851751,0.000785562937178066,7
61,0.000431302966986248,0.00146986723358944,8
61,0.000643879388757055,0.000320141584099801,9
61,0.000492432785772841,0.00132626428388277,10
61,0.00103007528785241,0.00100081612823108,11
61,0.000514360528134908,0.000640163171829283,12
61,0.000693012937250715,0.000321768276180318,13
61,0.000224835465427711,0.000434682466560079,14
61,0.000496418929409088,0.000524413366947211,15
61,0.00133242441608835,0.00164543667927689,16
61,0.00178156442350195,0.00347457719376143,17
61,0.00206055160423692,0.00116190890938191,18
61,0.000695759357571717,0.000710725279029622,19
61,0.000103630836393962,0.000428078329129084,20
61,0.00300356540831963,0.00120033859374777,21
61,0.00400547790412286,0.00454761152054681,22
61,0.00096252951388,0.000599252732540954,23
61,0.00211217923418422,0.000702127471557669,24
61,0.0010981441444556,0.00208975512092485,25
61,0.0012872285428046,0.00315459348250725,26
61,0.0014087395670793,0.000403523137209562,27
61,0.00107987161422715,0.00173334194479422,28
61,0.0026410640241252,0.00214556974753669,29
61,0.000870109767910741,0.0026898669705745,30
61,0.000725382823530804,0.00279426805633857,31
61,0.000931617675890183,0.0010627188594761,32
61,0.00360425619061562,0.00392830998781312,33
61,0.00337238734008876,0.000963347951368588,34
61,0.0029673568830184,0.00303770027488668,35
61,0.00495996275565657,0.000600778609375372,36
61,0.00117969197053693,0.00167700258073277,37
61,0.00026411997895451,0.00125843745101193,38
61,0.00983916824674662,0.00133471698224473,39
61,0.000486483560951257,0.00111073313862243,40
61,0.00104736097393621,0.00897110835660854,41
61,0.00109142307575665,0.00235565531246177,42
61,0.00176488492183166,0.001739586806165,43
61,0.000910899318182377,0.00175641495702928,44
61,0.000131236434763485,0.000362785073941212,45
61,0.000771521030974155,0.00157648287424294,46
61,8.52940457052695e-05,0.00201100856820537,47
61,0.00092679524433247,0.000565502776760714,48
61,0.00534698027296119,0.00156045103609303,49
61,0.00449055577721089,0.0125628941034638,50
61,0.004704272158491,0.00308317536174462,51
61,0.000600508099805941,0.00122254970147682,52
61,0.00197271542392692,0.00103161823498108,53
61,0.00196398268356823,0.000876402399786484,54
61,0.000264644032373737,0.00257460046491928,55
61,0.00863518783010736,0.0115848465916197,56
61,0.00449422504107495,0.00551812465441768,57
61,0.000758649842774542,0.000914727457613719,58
61,0.00129696003045951,0.000861336763727237,59
61,0.00163510503035459,0.0129175499065408,60
61,0.000918755488501869,0.0134220064597164,61
61,0.00119091687802584,0.00742320607188977,62
61,0.000270734928137002,0.00689569506740656,63
61,0.000815999272123506,0.00199168308439742,64
61,0.000405548584206107,0.00588949631640875,65
61,0.00550201588830113,0.00270869614350398,66
61,0.00558550913889442,0.00244232191419263,67
61,0.000255049543796303,0.000506287148698728,68
61,0.00316932988724532,0.00205934737742829,69
61,0.000361078511078505,0.000594270020607577,70
61,0.00141391899174258,0.00782797972186336,71
61,0.00199627030080422,0.000349876509083865,72
61,0.000488812364319588,0.00045992949013658,73
61,0.00511282075383466,0.00339871198540957,74
61,0.00118735202543091,0.00159393475220328,75
61,0.000484792970233269,0.000600097891041749,76
61,0.00133301920831434,0.000651062165685288,77
61,0.000646581137931452,0.00295878995571412,78
61,0.000613046958786693,0.001243079188073,79
61,0.00129886727961919,0.00131998737441653,80
61,0.00748307379316648,0.00152115941240218,81
61,0.00210293609573642,0.00200817049125299,82
61,0.00112595292066463,0.00712959135627475,83
61,0.0247319053174545,0.0255224448271355,84
61,0.00174114288672145,0.00341843109912175,85
61,0.000968274809470866,0.00298539334948564,86
61,0.00429438234943706,0.00624493544312366,87
61,0.0206927124839547,0.00374948257208156,88
61,0.00413599257876141,0.00612251665343287,89
61,0.000697571190720472,0.00150500192656405,90
61,0.00981356870339715,0.00838372294304885,91
61,0.00703758954554809,0.00887127959232982,92
61,0.000760571487380567,0.00192129069138928,93
61,0.00418358486461373,0.015370249312798,94
61,0.00154592474498519,0.0026312665099349,95
61,0.0174791152677039,0.00362022217711335,96
61,0.00274377939463035,0.0363242276481713,97
61,0.00144773636122485,0.00288891857076096,98
61,0.00190715969118902,0.0147339914102096,99
61,0.000708442003656895,0.00158482857719124,100
62,0.0129175210453386,0.0234794150075406,1
62,0.0130476820808161,0.00758944019761103,2
62,0.00180554093456282,0.014172915436,3
62,0.007583466796271,0.028031118791431,4
62,0.00363449514057331,0.00101771815868725,5
62,0.00240929129967442,0.000507218749071514,6
62,0.000703599446574369,0.0014132003829162,7
62,0.000450861885774359,0.000399237503711531,8
62,0.000815612992903908,0.00243775934068719,9
62,0.0130351396311327,0.00435401441089841,10
62,0.00532362182113522,0.00466516893876932,11
62,0.000638628599791505,0.000836606190746461,12
62,0.000622465395965596,0.00021924098781753,13
62,0.00107107147354285,0.00209136560849311,14
62,0.00408213256891635,0.00294094726557211,15
62,0.00100626249856339,0.00234342777651155,16
62,0.00313196745305975,0.000449045996318327,17
62,0.000204610486009877,0.0110319749029135,18
62,0.0093375106629549,0.00131126660248147,19
62,0.000222178791166187,0.00108379383603956,20
62,0.00169060346592352,0.00191554820414955,21
62,0.000320176626569309,0.00811237391199602,22
62,0.0108760413583207,0.0142535396050159,23
62,0.0060492300179431,0.0116887855573618,24
62,0.00265348112459703,0.00511772251346056,25
62,0.00176391182351898,0.00317494772563118,26
62,0.00414713144972402,0.00267469903038367,27
62,0.00117860486694595,0.0201728386625581,28
62,0.00197343058934455,0.00543313579048554,29
62,0.00439258320982809,0.0227289278694223,30
62,0.000833964429649877,0.010517487447026,31
62,0.00169967740803729,0.00619400434924825,32
62,0.00126645746211698,0.000771440608902085,33
62,0.00203959079853402,0.00537006688336083,34
62,0.00574812023252882,0.0104311190939721,35
62,0.00363499147844551,0.0020603477311457,36
62,0.000457772479209976,0.000687942667019342,37
62,0.000584953527138331,0.00418203264069205,38
62,0.00680072307222859,0.00364827903661853,39
62,0.000936996687750509,0.00504955860055934,40
62,0.00341239309279451,0.00568099493674155,41
62,0.00124045705760506,0.0126040833000298,42
62,0.00416746353983358,0.000500574893103187,43
62,0.000364091728212727,0.00188425628335487,44
62,0.0107843387002257,0.0040740766802336,45
62,0.000466155209471429,0.000311718636930677,46
62,0.0032623041359488,0.0135837284153539,47
62,0.00266683176022366,0.000162377359552883,48
62,0.000194773776350515,0.00062774540058325,49
62,0.000461626387301943,0.0107480037295996,50
62,0.00133381122969217,0.00429076785774289,51
62,0.000659471818356655,0.000678115641560636,52
62,0.000144161391768668,0.00100277830214727,53
62,0.000875456132664912,0.000971077721557259,54
62,0.00780687944724994,0.00150251400272493,55
62,0.0010455989512101,0.00398232215676826,56
62,0.000892128230500721,0.000231857701465538,57
62,0.000626108844234043,0.000867920540461036,58
62,0.000344429458533846,0.000244201039887475,59
62,0.000675835601299864,0.00433236770896912,60
62,0.0013858755928516,0.0129623093592663,61
62,0.00125667106693567,0.00404123871145348,62
62,0.00071528169914467,0.000337275745658167,63
62,0.00044087003687013,0.00612101774694283,64
62,0.00845875576113997,0.002419118679251,65
62,0.00303680646302406,0.00808063138145915,66
62,0.00253912574534471,0.00945627315340179,67
62,0.00203356961962283,0.00999797498848304,68
62,0.00219525375581629,0.000629654467673883,69
62,0.00795827753122373,0.00281661657435936,70
62,0.000308968240825098,0.00157147616597912,71
62,0.0025739479205852,0.00382014663941235,72
62,0.000546594298321242,0.00121645389679324,73
62,0.00046677285586121,0.000237454345478884,74
62,0.000917855602268215,0.00349406549358825,75
62,0.000504716812211959,0.000141842326434995,76
62,0.000194710560123298,0.000137017188288907,77
62,0.00260965814946353,0.0108391556111736,78
62,0.00153154940660588,0.00650405111080381,79
62,0.000999258091332117,0.000631883093979543,80
62,0.000621971396821063,0.00635138008364024,81
62,0.000734306046604936,0.000796190410650099,82
62,0.000172706578169725,0.000387179155564004,83
62,0.000276256680398997,0.000397319349259821,84
62,0.000982868612612903,0.00356784246047276,85
62,0.000812780203361413,0.000259309575614697,86
62,0.000200996594081472,0.00105278428346517,87
62,0.00145958092397074,0.00897969557960239,88
62,0.000973836590962942,0.00568669222673028,89
62,0.000793357361651748,0.000224468046517331,90
62,0.000383403115932,0.00100007236235936,91
62,0.000224285191724138,0.000166434812390318,92
62,0.000144221429550226,0.000240455830716981,93
62,0.00316861458110583,0.00073365989746662,94
62,0.000402472520880554,0.00196760118259332,95
62,0.00121569714251531,0.000136855171449701,96
62,0.000173026042805612,0.000306499218869761,97
62,0.00163260740201524,0.00121488849797669,98
62,0.000214313060404962,0.00223464533766335,99
62,0.000761714524524535,0.00245998045971785,100
63,0.0166359354052174,0.0262283644946177,1
63,0.019306340890303,0.0240145332712861,2
63,0.0289014143476622,0.0192974200844522,3
63,0.0241661310720382,0.0156638005453267,4
63,0.00334639488165,0.0348725706114776,5
63,0.0113487700621684,0.0243172834412624,6
63,0.00924820673085347,0.0261890196368918,7
63,0.0531398498333801,0.0326388160099861,8
63,0.0304144294154812,0.0215552471153586,9
63,0.0151890938273922,0.00866623945281574,10
63,0.00747696951479343,0.00443384591968837,11
63,0.000974103541593733,0.000812113181120308,12
63,0.00424005484912646,0.00231040574807022,13
63,0.00188057500952475,0.00156839555930179,14
63,0.0146081834934006,0.0645847908528926,15
63,0.0348875602479219,0.0144086949389192,16
63,0.00505476173398036,0.00566069019818574,17
63,0.0128550165497244,0.04299892936571,18
63,0.00593547775917188,0.0123741112579057,19
63,0.00371367239213851,0.0342180894861214,20
63,0.02933775457784,0.0214369783952334,21
63,0.00367937400371806,0.028245405251238,22
63,0.00701244524783206,0.0380032258760676,23
63,0.00487961655515068,0.0156902186576802,24
63,0.00529157259138473,0.0540906938565849,25
63,0.0143461553746372,0.0107907839732903,26
63,0.00130406385954706,0.020478610098423,27
63,0.0372342452920861,0.015800321408139,28
63,0.00255766194706515,0.0154591285072128,29
63,0.070095987394106,0.0200607791002622,30
63,0.0168249353160782,0.00696650208096322,31
63,0.0148742771565566,0.041702975118141,32
63,0.00946628384949307,0.00131024124468685,33
63,0.0190094247079148,0.0244130223671173,34
63,0.00596663811069934,0.00501595210094479,35
63,0.00975978974705357,0.00640010930100598,36
63,0.00510449798993134,0.0278042919559064,37
63,0.0256567530712479,0.00728204264630288,38
63,0.0213845329493311,0.00436942663587475,39
63,0.0137130628581174,0.00241994388904334,40
63,0.00550279294343536,0.0181234555885045,41
63,0.00439931380343486,0.00252744241643247,42
63,0.000620562928936878,0.0251894256850914,43
63,0.0106409638657355,0.00280042751682585,44
63,0.00115708358420727,0.00697528604793128,45
63,0.00148310045905791,0.00267216699719037,46
63,0.00538341268591213,0.0193892392473644,47
63,0.00476714553668713,0.0107754756833549,48
63,0.00433639573729558,0.0114976795305432,49
63,0.00848129379891857,0.0247284980375677,50
63,0.0153973587766355,0.0495259020440496,51
63,0.0283591142757437,0.0197681943004652,52
63,0.00789854242713378,0.025735093297709,53
63,0.00631659469147089,0.0269173456597311,54
63,0.0061035154873871,0.0321597150357141,55
63,0.0137031509954146,0.0519911522448659,56
63,0.0165729392245739,0.0176386711727291,57
63,0.00332718816964356,0.00843285140276096,58
63,0.00219642965217591,0.00511361437084263,59
63,0.00104553754349721,0.0404259802866604,60
63,0.0268049677449544,0.00621048245975,61
63,0.01802508839193,0.0137822344571506,62
63,0.0196563113184876,0.0041526885878006,63
63,0.0302666173006479,0.0134108265611713,64
63,0.00143176374720176,0.0317297668432137,65
63,0.0040775761287171,0.0027608766397012,66
63,0.0109338231332812,0.0143187378161325,67
63,0.00323715677029213,0.0152732748243718,68
63,0.00311191238211223,0.00919151518009562,69
63,0.00417550873332372,0.0238669204082131,70
63,0.0776366364569322,0.0389745588866616,71
63,0.00619759585747479,0.0155678926220189,72
63,0.0648288219033159,0.0422496344033658,73
63,0.00553378025881667,0.00189777607122948,74
63,0.00438798045441847,0.0037864708655025,75
63,0.00308775792373322,0.0329898602131985,76
63,0.0101548030803232,0.00375036962142473,77
63,0.00460260528704383,0.00738813902511023,78
63,0.00170799111761392,0.0269107389684858,79
63,0.00459463524720948,0.00350874865652187,80
63,0.0242109551626454,0.0107580487540418,81
63,0.000348516633270528,0.0206492618093367,82
63,0.011095478207841,0.0382368213229578,83
63,0.012460779825324,0.0101642327759043,84
63,0.0093823608255605,0.0111143581303452,85
63,0.00204707342713982,0.0178565855382699,86
63,0.0322438425020379,0.0590372340009651,87
63,0.00980146554597561,0.00243075832468337,88
63,0.0025231153310418,0.0136024829601934,89
63,0.00262158991470782,0.00169508758861569,90
63,0.0350142184361653,0.0348053041667734,91
63,0.00458962740120145,0.0401315541765682,92
63,0.0092362219560477,0.0384401587820916,93
63,0.00904465386544014,0.00440643358631972,94
63,0.00285076764231939,0.00148523833106336,95
63,0.00145863095518618,0.00771162930738048,96
63,0.00865968192356301,0.0133268409359523,97
63,0.0179754622623942,0.0187748660783665,98
63,0.033666170937472,0.0715551041767258,99
63,0.0121060436560444,0.0548299737919285,100
64,0.00771595467303694,0.00114040740823635,1
64,0.000437786026175962,0.000595712578664044,2
64,0.000568445938683646,0.00108397559172157,3
64,0.00553825191060278,0.000297768886124131,4
64,0.000153915857202593,0.000465657290897012,5
64,0.000913582910448261,0.000194277806809562,6
64,0.00024908095766362,0.000164818912814896,7
64,0.000154893484842766,0.000166813542964449,8
64,0.000129172884158925,0.001173991195401,9
64,0.000140275378124633,0.000204445136202781,10
64,0.000133351506767446,0.000185174746488546,11
64,0.00230637151724973,0.000747479011295418,12
64,0.000348444605207407,0.000350237963514641,13
64,0.000134570079139053,0.000128181296996757,14
64,0.000102341419796149,0.00010993122291857,15
64,0.000173341159342068,0.000153899026265139,16
64,0.000894209502724095,0.000833093848067368,17
64,0.000171802901481931,0.000206406630796521,18
64,0.000140838871119298,0.00014958601441708,19
64,0.000137270806513333,0.00012332094461753,20
64,0.000198396834363333,0.000176641370583897,21
64,0.000130404624004776,0.000151932608678486,22
64,0.00156095990447214,0.00015104913335,23
64,0.000116849636028705,0.000137800343829183,24
64,0.000109549452765042,0.000177878807617928,25
64,0.000500563292362977,0.000455771907341807,26
64,0.000137586305071598,0.000150972756624701,27
64,0.000314688440480126,0.000206361396534263,28
64,7.28102879567627e-05,0.000125807451111531,29
64,0.00018419475739854,0.000175650881376494,30
64,0.00152613884540028,0.000281795734252485,31
64,0.000162709281893126,0.000132036864935637,32
64,0.000147886149288781,0.000132832376167309,33
64,0.000115206445701605,0.000122929350540259,34
64,0.000134906709809873,0.000135498827303386,35
64,0.000158279262082378,9.79072414850598e-05,36
64,0.000115341364281802,7.77587386239044e-05,37
64,0.000126234588115234,9.63357064364542e-05,38
64,9.58298333298033e-05,0.000100403936676295,39
64,0.000142845566316121,0.000132457465854582,40
64,0.000114359756804329,9.55116544558093e-05,41
64,0.000113432140081752,0.000105100932078848,42
64,0.00013066232548488,8.65710030843297e-05,43
64,0.000116693486729276,8.80481249789243e-05,44
64,0.000128979595585983,0.000119005791125964,45
64,8.81964006553345e-05,0.000126411294776295,46
64,0.000133032348675676,8.93736817053785e-05,47
64,7.88048900958329e-05,8.65609996715737e-05,48
64,0.000113420576153137,0.000242893808783499,49
64,0.000593542919793994,0.000140187841642048,50
64,0.000205905077604139,0.000105884338363944,51
64,0.000123788119482531,0.000543269943803575,52
64,8.71401515136802e-05,0.000142229493847118,53
64,0.000105200398609727,0.00011591260228994,54
64,8.3379254001901e-05,9.3009326764741e-05,55
64,0.000126556614637931,9.9155158025422e-05,56
64,0.000108884958725714,9.96823538834661e-05,57
64,0.000114694603229323,0.000239899536145124,58
64,0.00038352394076005,0.000168218498600794,59
64,0.000108475169838488,0.000125069762130717,60
64,8.77026441600644e-05,9.60558891196819e-05,61
64,9.75115253177694e-05,8.38241274262948e-05,62
64,0.000130165572042202,7.89091691672311e-05,63
64,9.63542256261194e-05,0.000117961211109235,64
64,0.000255866178663054,0.000553352392526892,65
64,9.33066050209412e-05,0.000155603381496016,66
64,0.00388222770510421,0.0022410742043988,67
64,0.000150286066583968,0.000164926292644223,68
64,0.000209444084010065,0.00012558957872572,69
64,0.000147874793908772,0.000120400872212928,70
64,0.000199355318024956,0.00064254805540996,71
64,0.000157730662169231,0.000154814067015199,72
64,0.000123499735213404,0.000159341234421869,73
64,0.000195859870051737,0.000458200269421713,74
64,0.0016248849798589,0.000856376396234503,75
64,0.000155021015629134,0.000156053672429781,76
64,0.000199481047838798,0.000107078403087972,77
64,0.000107398719411776,0.000166110799418748,78
64,0.00312298950381594,0.00195523904220676,79
64,0.00165195178133397,0.000202050022691849,80
64,0.000236541011537482,0.00036501101521002,81
64,0.000253992087740853,0.000151520717927988,82
64,0.00321922274447052,0.00548077481210757,83
64,0.000652609390891089,0.000238269458150696,84
64,0.000176782122831208,0.000131229131480258,85
64,0.000131942076657534,0.000158686426628287,86
64,0.000161676407125,8.09020023314399e-05,87
64,0.000517659569487052,0.000302404138511594,88
64,0.00115042286359793,0.000596809950409861,89
64,0.000117433740367332,0.000110270117508846,90
64,0.000137323124147455,0.000104096042425521,91
64,0.000191478196388848,0.000500610362905964,92
64,0.00108436361025414,0.000188161853493148,93
64,0.000222633853930169,0.000179786849244024,94
64,0.000129474741268061,0.000225756491033307,95
64,0.00154830068781829,0.000958729944899602,96
64,0.000139999149767594,0.000173687213337849,97
64,0.000109613133175532,0.000129439925408946,98
64,0.000163709449751799,0.000586626492766932,99
64,0.00139151913175691,0.0038168780395996,100
65,0.0018622361536127,0.00852420773078088,1
65,0.00729019385777496,0.000977027657924453,2
65,0.000395890866242802,0.000650799313378187,3
65,0.00027658281562131,0.000242923083884861,4
65,0.000524359110139926,0.000449481147555035,5
65,0.000194716077266792,0.000694077668108838,6
65,0.00121056404167561,0.000849782852498725,7
65,0.000185609236663944,0.000196629208428798,8
65,0.000957653559714035,0.000389439177150099,9
65,0.000192873696706564,0.000120503561945884,10
65,0.000157725168865657,0.00101581760212251,11
65,0.00015300367345712,0.000149348911305583,12
65,9.84379273735521e-05,0.00130780892066024,13
65,0.0012163135831328,0.000761689334200697,14
65,0.000175120072034283,0.00112052995269975,15
65,0.00225862241912829,0.000230294223839165,16
65,9.51554601808061e-05,0.000990482738215354,17
65,0.00149401389045768,0.000357561788284661,18
65,0.000198746204123791,0.000873513448657058,19
65,0.00363646467037058,0.000474151092498207,20
65,0.000153197696411818,0.000916859636510934,21
65,0.000798743073380282,0.00163485410468529,22
65,0.000445483427281303,0.00235209083344826,23
65,0.000388268511885989,0.000345240743382461,24
65,9.08155058522244e-05,0.00275418974331511,25
65,0.00103561162781094,0.000267402293601394,26
65,0.0008100171365,0.00712557700777689,27
65,0.00801294959238342,0.00909187217199004,28
65,0.00150742804600967,0.000597535600746361,29
65,0.000474471287601038,0.000845217344347515,30
65,0.00290295167467451,0.00179579950291351,31
65,0.000669723697923926,0.00020013124562721,32
65,0.000174112841152148,0.000441028791687849,33
65,0.00029784395908876,0.000138321612366634,34
65,0.000290949761049721,0.00313077975851106,35
65,0.012252341832366,0.0144232958034801,36
65,0.00981283247750391,0.000766813649212622,37
65,0.000490688218935672,0.000501997905043028,38
65,0.000333051293019473,0.000744441609556064,39
65,0.0147327648859122,0.000941670074314115,40
65,0.000637375352858347,0.000229973327255434,41
65,0.000632354678118421,0.000347547883077535,42
65,0.00168173455613162,0.000212365728521016,43
65,0.000167449816919598,0.00017103147746501,44
65,0.00686145991742565,0.011369039722292,45
65,0.000563861020816631,0.000250509635668526,46
65,0.000625509040710597,0.00141607482003439,47
65,0.00271948915175,0.000713172559212413,48
65,0.00152108686654093,0.000143018855803976,49
65,0.000115169415037485,0.00011502495971829,50
65,0.00597151194788829,0.000625868024072565,51
65,0.000282746053099148,0.00148276171721474,52
65,0.000453649271842857,0.000211996032437873,53
65,0.000795634039587851,0.000914482146512724,54
65,0.00105168521085387,0.000233810985885458,55
65,0.000110733849190311,0.000145663953344533,56
65,0.000112696205380315,0.000139147239172684,57
65,0.00147258437525359,0.000481649951779163,58
65,0.00344813451956741,0.00129354040852095,59
65,0.000315836298570677,0.000117217126275472,60
65,0.0112857277743499,0.0106741306262171,61
65,0.000956719316204322,0.000239051844908267,62
65,0.000167643589255848,0.000245558859505586,63
65,0.00956519983761313,0.00137709664218847,64
65,0.00076808103889137,0.000156184941775571,65
65,0.000118120663466148,9.59156061110668e-05,66
65,0.000421026223475332,0.000265250856904016,67
65,0.00074627559007746,0.00299628243517996,68
65,0.0017720737032789,0.0206301948367958,69
65,0.00187142821509632,0.00253668290525896,70
65,0.00499017214487984,0.00274256393732348,71
65,0.000168192248079852,0.000189917359317078,72
65,0.000357601447723872,0.000256656580339523,73
65,0.000158658323055447,0.000134532647483813,74
65,9.6698619992668e-05,0.000134834982216932,75
65,0.000177756382565613,0.00010754667429837,76
65,8.1563658073597e-05,0.000104391854999801,77
65,0.000107759854427214,0.00014746651652167,78
65,0.000144760280043048,0.000233411993651295,79
65,0.000268961579046619,0.000517662831720278,80
65,0.0010526955366269,0.00278516838817557,81
65,0.000243884558357611,0.0001120952411833,82
65,0.000130211800185122,0.000118835211064741,83
65,9.24353193418972e-05,0.000127029754388446,84
65,0.000129332458173843,0.000390397818517479,85
65,0.000143853790499254,0.000125389046229821,86
65,0.000122319180989031,0.000101733072727888,87
65,0.000280671610557656,0.000166992921716949,88
65,9.01486362690875e-05,9.64362288300994e-05,89
65,0.000131293692551892,0.000171583284052888,90
65,0.000137628285381238,0.0022268566242003,91
65,0.00422974604732329,0.00039745856447855,92
65,0.000570423834138856,0.000254039082070974,93
65,0.00019407863535375,0.000111279332031076,94
65,0.000107140848234766,0.000122498729162205,95
65,0.000103714535009478,0.000114662366223307,96
65,0.000104678534813008,0.000121614554092949,97
65,0.000461698974268986,0.0111589992902365,98
65,0.0123893625229362,0.001126390325159,99
65,0.00038388049304041,0.000174841805357371,100
66,0.0145444896903123,0.0139447588616385,1
66,0.00704482058147077,0.00121051923068845,2
66,0.000767587877269983,0.000283895923253386,3
66,0.000244610550468627,0.000577658247253041,4
66,0.000171122046265052,0.000717553783522789,5
66,0.000997355198119705,0.000766417107457597,6
66,0.000922754700153409,0.000877634221404183,7
66,0.000181499409370106,0.000173345011940814,8
66,0.000466434688644163,0.00127074233775382,9
66,0.000244421131813267,0.000268510711966365,10
66,0.00477573071682263,0.00235156469510469,11
66,0.000887742209799364,0.000332112813297734,12
66,0.000409415026963035,0.000875505003310512,13
66,0.000249660843542063,0.000625320328708964,14
66,0.000877438112288845,0.00242219967740479,15
66,0.00154924981381102,0.0047519953435663,16
66,0.00761033525096429,0.00269497914027988,17
66,0.00377384604998436,0.00401799258991882,18
66,0.00146776235557264,0.000477816433307555,19
66,0.00160119610657253,0.00558777551123932,20
66,0.00427848435528408,0.000525406848594836,21
66,0.00087300261301487,0.00534601777116501,22
66,0.0115722908405962,0.00442003562552135,23
66,0.00420143311883721,0.00106244683311341,24
66,0.000389275881227043,0.00650257439055656,25
66,0.00662397028947776,0.00589190069161569,26
66,0.00430913147889536,0.00290140291918704,27
66,0.00356389436754909,0.00366241516646614,28
66,0.00334608198244776,0.00503965356700299,29
66,0.00153902320693932,0.00287483296874841,30
66,0.000941787290198423,0.00203155630043297,31
66,0.00131622782683347,0.00198586855680378,32
66,0.00113539697290158,0.00448549297223615,33
66,0.00134272265591452,0.00333054315746434,34
66,0.00235030782513609,0.00229740065850707,35
66,0.0020197791431272,0.00188600593879324,36
66,0.00475945331367022,0.000571758681131406,37
66,0.00100641974219178,0.00166748731351063,38
66,0.00158376320554588,0.00172240091182406,39
66,0.00107347161025223,0.00242817802653048,40
66,0.00815143859721616,0.00935772691535095,41
66,0.0026895423037958,0.016022958764834,42
66,0.00655697492217421,0.00279002623060558,43
66,0.0208470736436352,0.0131351200605896,44
66,0.00638142442624207,0.00428489844264115,45
66,0.00232105429876908,0.00103592939743161,46
66,0.00177096387541399,0.00431797834428231,47
66,0.0028479388076699,0.00175002751736653,48
66,0.00646704062715992,0.00200114792556215,49
66,0.00100856774373524,0.00259847134359821,50
66,0.0127789255109056,0.00972239433914399,51
66,0.0120033496601541,0.00320154015341315,52
66,0.0132673612799847,0.00419543486054022,53
66,0.00773608525883936,0.011951330957761,54
66,0.0052239638321369,0.003025702798497,55
66,0.0030099135405644,0.00350674632807737,56
66,0.00548974849797313,0.00930551552719682,57
66,0.00437495857959004,0.00123050245526709,58
66,0.00379198977761069,0.00713990044520916,59
66,0.000772622508171429,0.00258773309457669,60
66,0.00250468081574539,0.00085654188366435,61
66,0.00513012644830754,0.00766934421452191,62
66,0.00189930809399083,0.0165698657208611,63
66,0.00571401309431098,0.00528085953010398,64
66,0.00222425714721408,0.00442673879373835,65
66,0.0033887515422568,0.00250774361720778,66
66,0.00133271759186497,0.00101326271817316,67
66,0.0154914104611058,0.00394653268988574,68
66,0.00247535558766548,0.00262310121873138,69
66,0.00455835546988213,0.0182213937253705,70
66,0.00485733974229776,0.00367867692941352,71
66,0.00707001057441667,0.00722989734142923,72
66,0.0066401620068015,0.00890910404502959,73
66,0.0139878000316667,0.00655063720287722,74
66,0.00838236299580206,0.00356424878915889,75
66,0.0037492723589323,0.00391539858969442,76
66,0.00982356480767265,0.00392863306596024,77
66,0.00339073079030499,0.00115228020538421,78
66,0.00253173717963544,0.014532972567353,79
66,0.00632968012056975,0.0155302162429472,80
66,0.00355744848266636,0.00308221523552783,81
66,0.00185592558120928,0.00103363384297117,82
66,0.000768697247897584,0.00104580579573179,83
66,0.00336192227403654,0.0020300263447986,84
66,0.00115347838922417,0.00541698723508167,85
66,0.00180525203710612,0.00128253039736853,86
66,0.00190884159014074,0.00351312300265905,87
66,0.0109494640402143,0.0023844112384916,88
66,0.0006431648393694,0.00208456042382244,89
66,0.00206183637123481,0.00130086223446375,90
66,0.00223183311221087,0.00638495820667267,91
66,0.00949510600303265,0.00156546826667321,92
66,0.00711565252346514,0.00327551157532744,93
66,0.00430005545051534,0.00199354049447071,94
66,0.000718909013388167,0.00340781864641374,95
66,0.0021606962214251,0.00288400845431275,96
66,0.00385964083832788,0.00324032376530657,97
66,0.00753879473380809,0.00348873977255697,98
66,0.00636525948131452,0.00229866078964442,99
66,0.00359935377446813,0.00259036474688032,100
67,0.0505105119078104,0.0376606664622671,1
67,0.0128021737741215,0.0156524960748327,2
67,0.0119115808132249,0.00190893625412224,3
67,0.0012943301050938,0.000876350122934294,4
67,0.00106351454072369,0.00141126215418943,5
67,0.000270788169127106,0.000200764367274104,6
67,0.000310123481865417,0.00200619201357131,7
67,0.02609728028277,0.023551348683006,8
67,0.000990067144523684,0.000402909237010956,9
67,0.000317354141290176,0.00417878977249304,10
67,0.000310803344536416,0.00236785857542187,11
67,0.000504486185238739,0.000229117947014542,12
67,0.000291845433566667,0.000170231053626044,13
67,0.000208395232804517,0.000174949683665507,14
67,0.000242407300235921,0.000186930326729692,15
67,0.000106642425057048,0.000177494051390229,16
67,0.000307220716982875,0.000140850671219522,17
67,0.000182632949004783,0.000176640023589243,18
67,0.000160768011978466,0.00145095331660175,19
67,0.0303783869310841,0.00221122319529612,20
67,0.000232303218091074,0.0360033575343042,21
67,0.00239412043558696,0.000465360468916335,22
67,0.000217271529840849,0.000167956615125646,23
67,0.000100797096755792,0.000184349446392363,24
67,0.000232423614747841,0.000124626296394018,25
67,0.000201300155319109,0.000734796219536255,26
67,0.000207594518906119,0.000184185023806175,27
67,0.000151217471528767,0.000161449326563221,28
67,0.000293378068843704,0.000167409477192829,29
67,0.000117102514962623,0.00030316568363499,30
67,0.000170425446893295,0.000546851808710159,31
67,0.00023622663429393,0.000245138422227769,32
67,0.000294442332095082,0.000562074844226216,33
67,0.00134950870998003,0.00201268763754712,34
67,0.000486361403091156,0.00563951130516004,35
67,0.000209805461009245,0.000158444511899205,36
67,0.000138157843629333,0.000833530479753141,37
67,0.00020572909718952,0.00597733556320578,38
67,0.0193548325748038,0.00112114531141739,39
67,0.000259092475932166,0.000163517929473952,40
67,0.00019636437400456,0.000271642679594439,41
67,8.12862035314176e-05,0.000167498432959384,42
67,0.000208922369809947,0.000118339197238469,43
67,0.000155099094601835,0.00262274962682704,44
67,0.00466631328279354,0.000244582471063419,45
67,0.000142105348615435,0.000122085027271116,46
67,0.000344083564837698,0.00125552035385244,47
67,0.00518203084820364,0.00186674422295514,48
67,0.000594373716480692,0.000218285735988469,49
67,0.00250795554742589,0.00027735981371504,50
67,0.000997344554823216,0.000187876156562649,51
67,0.000141525971478075,0.000234824779719721,52
67,0.000197753873647438,0.00012365154873863,53
67,0.000109998848078321,0.000112650708565438,54
67,0.000153223554189756,0.000135783184916385,55
67,0.000319601610522591,0.000530693243261554,56
67,0.000125687161964983,9.99596057523419e-05,57
67,0.000124287949789266,0.000163420675461471,58
67,0.000261710038654577,0.000105081406080876,59
67,0.000131054097189567,0.000183010648435693,60
67,0.000110029084242495,0.00135299575125199,61
67,0.00130563769024738,0.000292417510734462,62
67,0.00020292380947836,0.000101237587527291,63
67,0.000121491532730263,0.000625653737433586,64
67,9.49939404882333e-05,0.000219745998051988,65
67,0.000252307743020089,0.000135585474485199,66
67,0.000181562964434938,0.000184918198318943,67
67,0.000166745373250903,0.000387278163659622,68
67,0.00133559458260339,0.000599311876190438,69
67,0.000161960066448669,0.000603656948367928,70
67,0.000150405636555253,0.000577590599795418,71
67,0.000130622248061597,9.86181517868526e-05,72
67,0.000138104161488496,9.75210537205179e-05,73
67,0.000118151110169811,0.000278412069111133,74
67,0.000122702479665143,0.00197804107012425,75
67,0.0007319456167808,0.000697385714280238,76
67,0.000177513925600813,0.000314592607136183,77
67,0.000433715769605096,0.000433910694358888,78
67,0.000119997756564273,0.000185116188065339,79
67,8.45258632695187e-05,0.000313430535886991,80
67,0.000116719163532544,0.0063064624712998,81
67,0.0576763809601457,0.00545846304905765,82
67,0.000624900413288256,0.000349156448100695,83
67,0.000210807334537607,0.000253271555881909,84
67,0.000265386447835227,0.00604688490026022,85
67,0.00726206578476419,0.00228128111359331,86
67,0.000369402270003633,0.00385479730276978,87
67,0.000568672027399184,0.00014102385755571,88
67,0.000211873842799652,0.000114795315779641,89
67,0.000146514450580484,0.000449409187011166,90
67,0.00272937046802024,0.00735841854500398,91
67,0.000332452073245581,0.000233270860911366,92
67,0.000497607136227003,0.000177511075654183,93
67,0.00400107144132661,0.00913501989749093,94
67,0.000278490972052896,0.000159758541528731,95
67,0.000153473958186753,0.000170212519051195,96
67,0.000284765415278058,0.000622614680101892,97
67,0.000435593809976726,0.000675974780403984,98
67,0.00125530543932426,0.000206539748590837,99
67,0.000311679722644709,0.000239533102765805,100
68,0.0207339617568923,0.0246211012802224,1
68,0.0184363854223643,0.0172104918544464,2
68,0.00456973413714978,0.0115623717376421,3
68,0.000660733042129332,0.0133696041106689,4
68,0.0094662401217121,0.0501016154149026,5
68,0.0152336641942603,0.0251077106101683,6
68,0.000896437843621725,0.0049559060473853,7
68,0.00125602855310229,0.0150263516662485,8
68,0.00241068154148006,0.0014085351295239,9
68,0.000539280449563025,0.000389124190272112,10
68,0.00717184699091646,0.0144498510616392,11
68,0.00304204667840903,0.00161734570643028,12
68,0.000239736179688679,0.000414313038910558,13
68,0.000218941695807323,0.00138980216276542,14
68,0.000346048967137195,0.00254234789108725,15
68,0.000294709966565521,0.000802072739476938,16
68,0.000242993528172931,0.000223239013578984,17
68,0.000289093508726471,0.000254000493077141,18
68,0.000112295266147154,0.000335661884110824,19
68,0.000184418347212957,0.000238505789607873,20
68,0.000193253303020786,0.000199774544703078,21
68,0.000166396214324586,0.00398700852013845,22
68,0.00128630041966618,0.000289143733497908,23
68,0.000234921732031989,0.000192302498844267,24
68,0.00018083142841966,0.000185680197592032,25
68,0.000123979240760392,0.000302552435876068,26
68,0.000405142705218864,0.00182483180269672,27
68,0.000220422867349845,0.000143361702183665,28
68,0.000128245676343607,0.000160227450280716,29
68,0.000283759609493325,0.00395100060100725,30
68,0.000234139479222482,9.73434865693837e-05,31
68,0.000107337353410287,0.000249504786023857,32
68,0.000108932819177968,0.000104985409673486,33
68,0.000170635687111844,0.000160327758002792,34
68,0.00022985567506095,0.0035096791434744,35
68,0.000675907882812052,0.000213685128233606,36
68,0.00160113944839841,0.00156287602538135,37
68,9.38116211170497e-05,0.000211884593511332,38
68,0.000118422138539323,0.000173354227522584,39
68,0.000223493762162534,0.00118410052004885,40
68,0.00455674535848379,0.00975488952305964,41
68,0.0170892063168701,0.00185535073885819,42
68,0.00125993062122787,0.000559627347992135,43
68,0.00277914969690166,0.00100250909075573,44
68,0.00849841369105233,0.0237917309742736,45
68,0.00390788836243169,0.00215230473275657,46
68,0.000414461392981662,0.000257193181976143,47
68,0.000290711503191304,0.000363746886673705,48
68,0.000206836214872589,0.0055719423348495,49
68,0.0090604841104085,0.00387748156263952,50
68,0.0144670567753561,0.0128723664318183,51
68,0.00100721556282723,0.00035721329336989,52
68,0.000198795101591851,0.00415719499728267,53
68,0.000475283124804475,0.0200862017411046,54
68,0.00180290803538496,0.000503661844288645,55
68,0.000874388639966904,0.00140106805611853,56
68,0.00212829889993189,0.000968478110254076,57
68,0.000133087706991135,0.000195879184542629,58
68,0.000152201393924083,0.000180697114933665,59
68,0.000439951059624685,0.00437987151077656,60
68,0.0117818223760622,0.0100190205830936,61
68,0.0178729750943715,0.0199717176197458,62
68,0.0176438784383112,0.00407730119874479,63
68,0.0192083735382228,0.00272198679455368,64
68,0.0113481806469653,0.00159753550624482,65
68,0.0021372204253952,0.00330202377191554,66
68,0.00294382419530038,0.0117021475161484,67
68,0.00144467308645455,0.00401302198311195,68
68,0.00244132133230769,0.0148609191365578,69
68,0.0109529150217037,0.00194376664070429,70
68,0.0281458338361611,0.00873877721872095,71
68,0.00797661020470981,0.000736598325164143,72
68,0.000989507313828722,0.00600608057959046,73
68,0.00733475622521738,0.00399255016585473,74
68,0.00217892142299741,0.00254401691083749,75
68,0.0016749878034472,0.00116688881509533,76
68,0.000823273575646277,0.000813762039218128,77
68,0.000825865330148301,0.000683461259382505,78
68,0.000278754476404308,0.000296170501281514,79
68,0.000976358143595195,0.0055218614411336,80
68,0.00845544391965189,0.0010005121198498,81
68,0.000213882931658065,0.000329023811882669,82
68,0.000417776177606431,0.00075846636211255,83
68,0.000206702160947158,0.00235391539824223,84
68,0.000256365617361791,0.0160324557203858,85
68,0.000823383045965286,0.00634118129534661,86
68,0.000273740280743902,0.00175957947456177,87
68,0.00215862572855952,0.0159002124025482,88
68,0.00131529678290948,0.000343640053908838,89
68,0.000286325320452922,0.00998537954455777,90
68,0.00632963177560789,0.00434445328653386,91
68,0.000282760444726685,0.00264312757420618,92
68,0.00752542766712829,0.011174560608285,93
68,0.00133926846653448,0.00205774666351567,94
68,0.000580345184940071,0.0244268100456167,95
68,0.00367732468611085,0.000830821910781175,96
68,0.000448729644559715,0.00232589485141252,97
68,0.00210644930286912,0.00257911474106474,98
68,0.00300786448789134,0.00091144152604995,99
68,0.000441690692072061,0.000522460605081873,100
69,0.0609012370083062,0.0427291647508601,1
69,0.0299340716877054,0.00316625436919881,2
69,0.0494864434631877,0.00207611624013048,3
69,0.0473605135445447,0.00807792469189392,4
69,0.0459225425964349,0.00705153151778628,5
69,0.00382870380262187,0.0201189121774042,6
69,0.0254656534927517,0.0107854738227455,7
69,0.038050472914848,0.00502778238040169,8
69,0.0468293148648255,0.00762684191812525,9
69,0.0132013618959066,0.0362641653594836,10
69,0.00238323687410795,0.0559864073129482,11
69,0.0597859225288435,0.0410257534526305,12
69,0.00320295530251585,0.00861917548664655,13
69,0.00024147509626712,0.000507314760219483,14
69,0.00317740266706289,0.00223650238755637,15
69,0.0222786444236901,0.00617549338319762,16
69,0.0485852475206779,0.0260361616137757,17
69,0.000796571938658703,0.0139709399513653,18
69,0.0126485348072238,0.0117791442791927,19
69,0.0322801134297442,0.0340806577693764,20
69,0.00772120712715368,0.00531962034240457,21
69,0.0535898714987386,0.0205587280123207,22
69,0.0145944049789299,0.0110443792807541,23
69,0.00486513851921501,0.0023824384219506,24
69,0.073949809222404,0.00710950308592012,25
69,0.0646067194520946,0.0113739095458211,26
69,0.0306224014803772,0.0363382331356175,27
69,0.033956444789387,0.0550346019442777,28
69,0.00281703116626634,0.00133491113573466,29
69,0.0244513480899459,0.0339643454210478,30
69,0.0479990416164719,0.0345608703912086,31
69,0.003259153069701,0.000762996461068526,32
69,0.000396516083493474,0.0418102172614201,33
69,0.0449992584539679,0.0308940780838485,34
69,0.0548315829814685,0.00181391210635697,35
69,0.00638384650204441,0.0466948749596414,36
69,0.0467979573987029,0.0365485606926356,37
69,0.02982561870569,0.0174596206258232,38
69,0.0531346723622247,0.0315431146552241,39
69,0.0241619927368155,0.0039463226376742,40
69,0.0262939914572231,0.0266957713385303,41
69,0.0502313110792638,0.00645451926701312,42
69,0.00609249637782903,0.00582970723718769,43
69,0.0184490188672898,0.0091414600084493,44
69,0.0617704031340368,0.00954701005366235,45
69,0.000552682863202083,0.0156995627078645,46
69,0.0542527296787822,0.0191501158289294,47
69,0.000530369264926275,0.0101713325337378,48
69,0.0160049922012903,0.00299381362487984,49
69,0.00222529751786519,0.00317722488944343,50
69,0.0042018851066604,0.0081064529185757,51
69,0.00710454391917742,0.0708867565718725,52
69,0.0768123014735391,0.0339232367105484,53
69,0.0396422610540593,0.00322075701099304,54
69,0.00108370517068313,0.00133313344891335,55
69,0.00720013973101983,0.0034352605311708,56
69,0.0770062985361169,0.0097540334397001,57
69,0.0345443354010402,0.0105608571452757,58
69,0.0036795986453099,0.00513609861606879,59
69,0.0321368827360181,0.0357235218800498,60
69,0.0372657689639929,0.02872549486711,61
69,0.0180312988047951,0.0309810362595348,62
69,0.00451542283589558,0.00241107633913307,63
69,0.00643540581352263,0.00279604228760259,64
69,0.0365649346611964,0.0316563537557321,65
69,0.0650325082575869,0.0208235416476541,66
69,0.0573532983085771,0.00371415963102781,67
69,0.000856418916924274,0.00337718340937799,68
69,0.0220786674504493,0.0106041670281534,69
69,0.0530944302801711,0.0334729249637151,70
69,0.00877246291166623,0.0618689102973904,71
69,0.0536746206950391,0.0119088932803685,72
69,0.00195908043852687,0.00092559309482652,73
69,0.00156055891167442,0.000393935530155467,74
69,0.0452653747362561,0.00690895834113147,75
69,0.052029158381433,0.0117800397430586,76
69,0.031769099466377,0.0402580926627092,77
69,0.00994638161948738,0.00276111337583765,78
69,0.00511501943041682,0.000762820771765936,79
69,0.00923829662023338,0.0247957304008287,80
69,0.0268500462625836,0.0286573794753494,81
69,0.0037213261850566,0.00114592315088116,82
69,0.0996302489134725,0.0229147350071713,83
69,0.01088093061056,0.0168619167144382,84
69,0.0710625421792505,0.045167212026753,85
69,0.04234055017024,0.0108742943586773,86
69,0.00715720710344323,0.0194611456151175,87
69,0.0605667795296817,0.00332178296274777,88
69,0.0822160367953104,0.00833053971613247,89
69,0.00192026144441604,0.0324019521536002,90
69,0.0111365908329497,0.0257318204038966,91
69,0.0669075126990725,0.0225088302339351,92
69,0.00218652372272662,0.00482406876254523,93
69,0.000873952358869485,0.000469917148265538,94
69,0.00591567800417108,0.0111743258032016,95
69,0.00842350002153765,0.0445015494277291,96
69,0.00374231342503909,0.0237110457466205,97
69,0.0064855404409003,0.0198179035065439,98
69,0.0607181689730339,0.0103853915459463,99
69,0.00656247489346,0.00426179917608367,100
70,0.00402194362925385,0.0154101034173628,1
70,0.00255964453652412,0.00584829601119721,2
70,0.000492307647054514,0.00183396031920309,3
70,0.00330547057212212,0.00937361409128058,4
70,0.00102019955084589,0.00908533865280885,5
70,0.0229962543377425,0.00134967097363966,6
70,0.000262639991526988,0.00848045915485203,7
70,0.0053490470272249,0.000631824816896514,8
70,0.000235767888233441,0.00238263976610637,9
70,0.00163156560820646,0.00128828241130478,10
70,0.00984253647663521,0.000595862302270577,11
70,0.000387931175951982,0.000361091606817729,12
70,0.000285964664950225,0.000526049586010757,13
70,0.000426874616919154,0.00287874439168926,14
70,0.000421985250821136,0.00111528683776568,15
70,0.000945006094912088,0.00344198771997191,16
70,0.0106322176304989,0.0007678020387699,17
70,0.00403791933228889,0.000424038888226096,18
70,0.00109928268027298,0.00662917776323839,19
70,0.00137044389305442,0.000424458604521869,20
70,0.00683928327750735,0.00860774514561952,21
70,0.00112222963335034,0.000196631795548406,22
70,0.000136454021069452,0.00273699245739831,23
70,0.000273264690866227,0.000127786943989096,24
70,0.00015394872698,0.000964628298745219,25
70,0.000131965046005946,0.00297334826107448,26
70,0.000431443763331298,0.000302492911088381,27
70,0.000452840475568472,0.00458520628079701,28
70,0.0297343689731602,0.00452882897495392,29
70,0.000337083377264008,0.000336626293028884,30
70,0.000378666601868182,0.000622464226839364,31
70,0.000513289994568226,0.000129998679542744,32
70,0.000237134556110193,0.000116228438833068,33
70,9.60682847114713e-05,0.000128465129546813,34
70,0.000110791265612273,0.000133585443636291,35
70,0.000226676704440261,0.000150145453186042,36
70,0.000183951287407906,0.000158985923170887,37
70,9.86704317175399e-05,9.81481939834497e-05,38
70,8.23474615918675e-05,0.000104665181611355,39
70,0.000154076047328137,0.000190156073208964,40
70,0.00954088509071375,0.00423306564024851,41
70,0.000296649439876578,0.000174508783986753,42
70,0.000165572639107419,0.000111811188882903,43
70,0.00011156499168323,0.000149017548607555,44
70,9.7295429261076e-05,0.000155802327501894,45
70,0.000133692861187938,0.000156249392159123,46
70,0.000162307876108182,0.000173974023443496,47
70,8.05586944522572e-05,0.000136057874279199,48
70,0.000124438314344333,0.000125545720933996,49
70,0.000153756741603419,0.000143500326422333,50
70,0.000110388977760234,0.00010887405129013,51
70,0.000114097292112717,0.00012134700897428,52
70,0.000129704055027245,0.000130967253063754,53
70,0.0001073931535325,0.000117195986309462,54
70,0.000126840891828943,0.000130671814513546,55
70,0.000156829854680751,8.8559975465005e-05,56
70,0.000109998025608731,0.000289594553039841,57
70,0.000113384269428523,0.000104633729431484,58
70,9.98776330945599e-05,0.0001159902512999,59
70,0.000125879355869634,0.000114923966206979,60
70,0.000198774141131628,0.000184703987858624,61
70,0.000334286758286799,0.000122328908567329,62
70,0.000144237268422832,0.0001532151085028,63
70,0.0003249430999538,0.000106788967976892,64
70,0.000127051944425221,0.000170704012494479,65
70,9.70022868361486e-05,0.000144566840375697,66
70,0.000158415348277253,0.000150035984851355,67
70,0.000162642024641662,0.000104088227187078,68
70,0.000105206987241018,0.000186903079035319,69
70,0.000106487533665957,0.000106428667254056,70
70,0.000183493711751276,0.000128647533761416,71
70,0.000140408127813578,0.00010467033669332,72
70,0.000146774883331053,0.000104717913868926,73
70,0.000130061475015986,0.000156624671365697,74
70,0.000211174899597618,0.000126101569532334,75
70,0.000190517775026043,0.000184997926331082,76
70,0.000117888640565732,8.75709112231673e-05,77
70,0.000144204932522866,0.000160391537773267,78
70,0.000164166663234899,0.000122005614383307,79
70,0.000115844162552685,0.000144224740573982,80
70,0.00240810772401759,0.00282700066494439,81
70,0.00015784918313964,0.000175608375699004,82
70,6.36290688695385e-05,0.000165638153226514,83
70,0.000158191293166163,0.000116012888137188,84
70,0.000116650619512451,0.000109521577153845,85
70,7.2559127728e-05,0.000143373675627318,86
70,0.000153214061536804,0.000127048569223088,87
70,8.76595209253226e-05,0.000140942987851559,88
70,0.000103639990607651,0.00012879777127673,89
70,0.000159395788438114,0.000150631254369911,90
70,9.52704883037879e-05,0.000118146097100458,91
70,0.000111507099619739,0.000112297058589364,92
70,0.000116972706875412,8.88464928831872e-05,93
70,0.000140266308874582,9.94323460374502e-05,94
70,0.000154214203888889,0.000118320637886634,95
70,0.000161473294089545,0.000137355708572592,96
70,9.79718057727915e-05,0.000107553722839721,97
70,8.00234868808023e-05,0.000134050394755378,98
70,0.000105512111465934,0.000105397878161155,99
70,0.000118597880016944,0.000118854163376514,100
71,0.0300149688126483,0.0109316165667127,1
71,0.00317598766672618,0.00138599000402207,2
71,0.00400866134373514,0.00543214187893227,3
71,0.00176994008354654,0.00186828949619412,4
71,0.000750943334981243,0.00133284598691972,5
71,0.000428636028794096,0.000963929596977888,6
71,0.000902047650381904,0.0048677436633741,7
71,0.000707982060477663,0.000958867481827888,8
71,0.000473216744134484,0.00686532430070954,9
71,0.00145462836231911,0.0031791806630715,10
71,0.00571934958186591,0.000824877012323757,11
71,0.000361530295791897,0.000275640558484095,12
71,0.000508744890272085,0.000391667319913745,13
71,0.000717985787157385,0.00163539458253559,14
71,0.00156767906882056,0.000324925453209163,15
71,0.000276723582826733,0.000412011792541775,16
71,0.000158938867170732,0.000275668376458167,17
71,0.000370503525191459,0.000633538180581872,18
71,0.000316304744677043,0.0160352552012795,19
71,0.00444957463116412,0.000329953836478586,20
71,0.000788648755718903,0.00981979699495233,21
71,0.0077136863395596,0.00606870249901235,22
71,0.000692967230294925,0.000392992585633865,23
71,0.000148551998860741,0.000258514037137835,24
71,0.000197304302194805,0.0055995998193324,25
71,0.000432218022988206,0.00268747603303645,26
71,0.000330263871415228,0.00102334860891797,27
71,0.00156229256678178,0.00826018514212434,28
71,0.0109312907385533,0.000391290113220518,29
71,0.000395542415900912,0.00703741451441296,30
71,0.00223022186001316,0.00109201963703277,31
71,0.000277620477420923,0.00018326462772002,32
71,0.000466580413117806,0.000406884846605561,33
71,0.0001532604372044,0.0178167754068169,34
71,0.00489861656936571,0.00345765305568191,35
71,0.000346762718055431,0.0002950482740833,36
71,0.000171632045591051,0.000304415676787575,37
71,0.000207704344461404,0.000466803246051394,38
71,0.000757244497541287,0.00046544562035239,39
71,0.000187072455006316,0.000210403518006455,40
71,0.000782448853039195,0.00144398967924985,41
71,0.000308114375266923,0.00721508541419123,42
71,0.000499932764880467,0.0011699376155857,43
71,0.0010870726317409,0.00654164342636153,44
71,0.000859085964611684,0.0111272775754193,45
71,0.00144590519886364,0.000695025554337301,46
71,0.000258549509610241,0.00644188559753042,47
71,0.000435886819118041,0.000456649699185501,48
71,0.000224524742079787,0.00122223651780765,49
71,0.000342572687285433,0.000260878371497908,50
71,0.000621655804842783,0.000529711150280815,51
71,0.000201009521652239,0.000622649427298705,52
71,0.00014838929690424,0.00011707141091976,53
71,0.000189863518837611,0.000298160725580538,54
71,0.000153836090540717,0.00272818602870036,55
71,0.000239662846961679,0.000227924326644433,56
71,0.000114915428392523,0.000755043455631275,57
71,0.000529773361934011,0.00690033844029892,58
71,0.00113602267959924,0.000203971645493028,59
71,0.000176695875941451,0.000350391911825518,60
71,0.000817595940525,0.000200758916948361,61
71,0.000143925240866667,0.000421036730667331,62
71,0.000150845317754688,0.000199195173036491,63
71,0.000582617848226747,0.00153885829752989,64
71,0.000179700228968262,0.000170971366805583,65
71,0.00016423432725443,0.000316065673537649,66
71,0.000329907006478424,0.000294908927200795,67
71,0.00010687048194397,0.000146148062564143,68
71,0.00016615118326844,0.000351044895651793,69
71,0.000290216199037569,0.00108578610021663,70
71,0.000245932689125725,0.000330582347063944,71
71,0.000129726389517054,0.000105924110245283,72
71,0.000247747135604603,0.000210216592610351,73
71,0.000184069590035338,0.000278742692240358,74
71,0.00103342531529346,0.000349065508614622,75
71,0.000312190843178236,0.000212194060614542,76
71,0.000132779646098258,0.000123409861424048,77
71,0.000228509964164739,0.000199236075619721,78
71,0.000190350920978681,0.000227122785771215,79
71,0.000199143940686895,0.000220220049316952,80
71,0.000124944481681341,0.000164097025675472,81
71,0.000200604544568627,0.000274307110590319,82
71,0.000375434913445276,0.000114579484263022,83
71,7.18055272298851e-05,0.000143272491978685,84
71,0.000259989659051587,0.000538341643114257,85
71,0.000321477123985158,0.000256117794241235,86
71,0.000166087568325221,0.000172930813603586,87
71,0.000191335275651908,0.000144180148308151,88
71,0.00013731651296778,0.000212798926046813,89
71,0.000172733521193445,0.000190521730237948,90
71,0.000206449890276807,0.000184197289196614,91
71,0.000111752872197794,9.37346045581256e-05,92
71,9.38483870582524e-05,0.000108065767256491,93
71,0.000112463191975089,0.000192027180064008,94
71,0.000179363852497189,0.00016021407159841,95
71,0.000230826425354514,0.000135557907577358,96
71,9.95701552771863e-05,0.000223261459851605,97
71,0.000713458599461969,0.000188063940696713,98
71,0.000192816079308483,0.000343746444550697,99
71,0.000113114509970414,0.00016927154740239,100
171,0.00466272837589835,0.00277000559188679,1
171,0.00187766608786734,0.00270315389792247,2
171,0.000912442401911058,0.000402908813495531,3
171,0.000509191479336942,0.000538485387666999,4
171,0.000218502784244898,0.000416919482091633,5
171,0.000167623385716667,0.000412277641912351,6
171,0.000141531092410926,0.000355808440625621,7
171,0.00150898847986541,0.000430927719701195,8
171,0.000175424910960145,0.000349277491673307,9
171,0.000109416602930801,0.0001197963022333,10
171,0.000221920613486529,0.00155534208194831,11
171,0.000522801174114671,0.00017536375059761,12
171,0.000151251791258993,0.000120110980129096,13
171,0.00010338928360601,0.000128893457176938,14
171,0.000221571136086106,0.000106379752420319,15
171,0.000111361355731895,0.000168570525378486,16
171,0.00023379811864494,0.000282643662021912,17
171,0.000305584574386555,0.000102027318406374,18
171,0.000230671582067138,0.000633435096151545,19
171,0.00514316734245989,0.00130375797592445,20
171,0.000138631434879449,0.000302054290089463,21
171,0.000128535668378378,0.000127075209552684,22
171,0.000133770592157258,0.000163060865864811,23
171,0.000171398711926445,0.000613445957248255,24
171,0.000309981338929889,0.000314205942709163,25
171,0.000165007934354244,0.000236437382041833,26
171,0.000116788544192308,0.000207143466390828,27
171,0.000127098347870662,0.000309020348161034,28
171,0.00011194485374778,0.000185950335976096,29
171,0.000186405990921986,0.00024677988528827,30
171,0.000605836159732143,0.000317904870159363,31
171,0.000158600569472693,0.000563106513436255,32
171,0.000190905291710037,0.00022298892115653,33
171,0.000128964252083333,0.000282013613824701,34
171,0.000166227634805915,0.000157183754204771,35
171,0.00016149811440184,0.000804149049234592,36
171,0.000345623203485401,0.00047856917750996,37
171,0.00034327708500813,0.000162875945577689,38
171,0.000456380533609831,0.000521781340794439,39
171,0.001216948579936,0.00100687062871769,40
171,0.000793499132823529,0.000345963118286853,41
171,0.000245738379478585,0.000455508110737052,42
171,0.00398538768895307,0.00158309980645418,43
171,0.000290037690195759,0.00012087707250996,44
171,0.000179192151889081,0.00133438759963221,45
171,0.000769044360733427,0.000715625960089641,46
171,0.000121140704065041,0.000277970261211519,47
171,0.000415885124454148,0.000234754485447316,48
171,0.000543165593253677,0.000284589595461768,49
171,0.000108516282737226,0.000317153032601788,50
171,0.000691774759003436,0.000892151037097416,51
171,0.000953410818252252,0.000453001938386454,52
171,0.000111134739807692,0.000147391388429423,53
171,0.000216637780336842,0.000950525456015936,54
171,0.000267295947001127,0.000431122257654076,55
171,0.000113819566943005,0.000668084465049801,56
171,0.000892639258279933,0.000350007568360558,57
171,0.00114066870927445,0.000639334708037849,58
171,0.000342334669048811,0.00130052406789264,59
171,0.000570195600914928,0.0035473447758292,60
171,0.00144614468691954,0.000337378871733068,61
171,0.000279334678312611,0.000383582837689243,62
171,0.006074483406238,0.0043112838798506,63
171,0.000281483145943563,0.000795102527098704,64
171,0.000859302045316901,0.00110543620546813,65
171,0.000910031914017544,0.001083609705571,66
171,0.00160936924493601,0.000722637506261216,67
171,0.00016928155466087,0.000492406511588878,68
171,0.000186486102326923,0.00173967299374502,69
171,0.000311321361445783,0.00170683059920556,70
171,0.0170862028090634,0.0232860463759285,71
171,0.00241912443507014,0.00117900217071785,72
171,0.000390437967784431,0.00115262616164343,73
171,0.000232867746915739,0.0207353902022962,74
171,0.0469682456546271,0.00556492120298805,75
171,0.000948464643942134,0.00195413741471116,76
171,0.000491412989309091,0.00130614998219123,77
171,0.000171331200069808,0.0180538461987649,78
171,0.00283382638060498,0.00172113618232604,79
171,0.000473248015141343,0.00796191470810757,80
171,0.000530556811107595,0.0209256560099105,81
171,0.0503479161585542,0.00558938674205765,82
171,0.00106269879639033,0.0246811881476096,83
171,0.00552052748677996,0.00561398372332671,84
171,0.00162922236649819,0.00134547335591451,85
171,0.00176553405712042,0.00111205753605578,86
171,0.000742419951239669,0.000268758888131213,87
171,0.000192924890272232,0.00348680822252988,88
171,0.000656298634602273,0.00228947922801793,89
171,0.027272059533993,0.00227207031017197,90
171,0.00272045943335526,0.00552243712431275,91
171,0.00279770995515151,0.00174792389021912,92
171,0.00225433073226381,0.00218345576468127,93
171,0.000501407435934256,0.012675247127998,94
171,0.00540826337991058,0.00231800728793241,95
171,0.000808223057806841,0.000608233051974078,96
171,0.000630048095143369,0.00251121794319085,97
171,0.000322277889980806,0.000614599335159363,98
171,0.000470431933370577,0.00275781941950199,99
171,0.000542633640584239,0.000895537496095618,100
